case_id,method,safety_recall,violation
V3_AMB_0391,B0_Full_Suite,1.0,False
V3_AMB_0391,B1_Keyword,1.0,False
V3_AMB_0391,B2_Raw_Embedding,1.0,False
V3_AMB_0391,B3_Graph_Only,1.0,False
V3_AMB_0391,B4_Contextual_Embedding,1.0,False
V3_AMB_0391,B5_AURA_Hybrid,1.0,False
V3_AMB_0392,B0_Full_Suite,1.0,False
V3_AMB_0392,B1_Keyword,1.0,False
V3_AMB_0392,B2_Raw_Embedding,1.0,False
V3_AMB_0392,B3_Graph_Only,1.0,False
V3_AMB_0392,B4_Contextual_Embedding,1.0,False
V3_AMB_0392,B5_AURA_Hybrid,1.0,False
V3_AMB_0393,B0_Full_Suite,1.0,False
V3_AMB_0393,B1_Keyword,1.0,False
V3_AMB_0393,B2_Raw_Embedding,1.0,False
V3_AMB_0393,B3_Graph_Only,1.0,False
V3_AMB_0393,B4_Contextual_Embedding,1.0,False
V3_AMB_0393,B5_AURA_Hybrid,1.0,False
V3_AMB_0394,B0_Full_Suite,1.0,False
V3_AMB_0394,B1_Keyword,1.0,False
V3_AMB_0394,B2_Raw_Embedding,1.0,False
V3_AMB_0394,B3_Graph_Only,1.0,False
V3_AMB_0394,B4_Contextual_Embedding,1.0,False
V3_AMB_0394,B5_AURA_Hybrid,1.0,False
V3_AMB_0395,B0_Full_Suite,1.0,False
V3_AMB_0395,B1_Keyword,1.0,False
V3_AMB_0395,B2_Raw_Embedding,1.0,False
V3_AMB_0395,B3_Graph_Only,1.0,False
V3_AMB_0395,B4_Contextual_Embedding,1.0,False
V3_AMB_0395,B5_AURA_Hybrid,1.0,False
V3_AMB_0396,B0_Full_Suite,1.0,False
V3_AMB_0396,B1_Keyword,1.0,False
V3_AMB_0396,B2_Raw_Embedding,1.0,False
V3_AMB_0396,B3_Graph_Only,1.0,False
V3_AMB_0396,B4_Contextual_Embedding,1.0,False
V3_AMB_0396,B5_AURA_Hybrid,1.0,False
V3_AMB_0397,B0_Full_Suite,1.0,False
V3_AMB_0397,B1_Keyword,1.0,False
V3_AMB_0397,B2_Raw_Embedding,1.0,False
V3_AMB_0397,B3_Graph_Only,1.0,False
V3_AMB_0397,B4_Contextual_Embedding,1.0,False
V3_AMB_0397,B5_AURA_Hybrid,1.0,False
V3_AMB_0398,B0_Full_Suite,1.0,False
V3_AMB_0398,B1_Keyword,1.0,False
V3_AMB_0398,B2_Raw_Embedding,1.0,False
V3_AMB_0398,B3_Graph_Only,1.0,False
V3_AMB_0398,B4_Contextual_Embedding,1.0,False
V3_AMB_0398,B5_AURA_Hybrid,1.0,False
V3_AMB_0399,B0_Full_Suite,1.0,False
V3_AMB_0399,B1_Keyword,1.0,False
V3_AMB_0399,B2_Raw_Embedding,1.0,False
V3_AMB_0399,B3_Graph_Only,1.0,False
V3_AMB_0399,B4_Contextual_Embedding,1.0,False
V3_AMB_0399,B5_AURA_Hybrid,1.0,False
V3_AMB_0400,B0_Full_Suite,1.0,False
V3_AMB_0400,B1_Keyword,1.0,False
V3_AMB_0400,B2_Raw_Embedding,1.0,False
V3_AMB_0400,B3_Graph_Only,1.0,False
V3_AMB_0400,B4_Contextual_Embedding,1.0,False
V3_AMB_0400,B5_AURA_Hybrid,1.0,False
V3_AMB_0401,B0_Full_Suite,1.0,False
V3_AMB_0401,B1_Keyword,1.0,False
V3_AMB_0401,B2_Raw_Embedding,1.0,False
V3_AMB_0401,B3_Graph_Only,1.0,False
V3_AMB_0401,B4_Contextual_Embedding,1.0,False
V3_AMB_0401,B5_AURA_Hybrid,1.0,False
V3_AMB_0402,B0_Full_Suite,1.0,False
V3_AMB_0402,B1_Keyword,1.0,False
V3_AMB_0402,B2_Raw_Embedding,1.0,False
V3_AMB_0402,B3_Graph_Only,1.0,False
V3_AMB_0402,B4_Contextual_Embedding,1.0,False
V3_AMB_0402,B5_AURA_Hybrid,1.0,False
V3_AMB_0403,B0_Full_Suite,1.0,False
V3_AMB_0403,B1_Keyword,1.0,False
V3_AMB_0403,B2_Raw_Embedding,1.0,False
V3_AMB_0403,B3_Graph_Only,1.0,False
V3_AMB_0403,B4_Contextual_Embedding,1.0,False
V3_AMB_0403,B5_AURA_Hybrid,1.0,False
V3_AMB_0404,B0_Full_Suite,1.0,False
V3_AMB_0404,B1_Keyword,1.0,False
V3_AMB_0404,B2_Raw_Embedding,1.0,False
V3_AMB_0404,B3_Graph_Only,1.0,False
V3_AMB_0404,B4_Contextual_Embedding,1.0,False
V3_AMB_0404,B5_AURA_Hybrid,1.0,False
V3_AMB_0405,B0_Full_Suite,1.0,False
V3_AMB_0405,B1_Keyword,1.0,False
V3_AMB_0405,B2_Raw_Embedding,1.0,False
V3_AMB_0405,B3_Graph_Only,1.0,False
V3_AMB_0405,B4_Contextual_Embedding,1.0,False
V3_AMB_0405,B5_AURA_Hybrid,1.0,False
V3_AMB_0406,B0_Full_Suite,1.0,False
V3_AMB_0406,B1_Keyword,1.0,False
V3_AMB_0406,B2_Raw_Embedding,1.0,False
V3_AMB_0406,B3_Graph_Only,1.0,False
V3_AMB_0406,B4_Contextual_Embedding,1.0,False
V3_AMB_0406,B5_AURA_Hybrid,1.0,False
V3_AMB_0407,B0_Full_Suite,1.0,False
V3_AMB_0407,B1_Keyword,1.0,False
V3_AMB_0407,B2_Raw_Embedding,1.0,False
V3_AMB_0407,B3_Graph_Only,1.0,False
V3_AMB_0407,B4_Contextual_Embedding,1.0,False
V3_AMB_0407,B5_AURA_Hybrid,1.0,False
V3_AMB_0408,B0_Full_Suite,1.0,False
V3_AMB_0408,B1_Keyword,1.0,False
V3_AMB_0408,B2_Raw_Embedding,1.0,False
V3_AMB_0408,B3_Graph_Only,1.0,False
V3_AMB_0408,B4_Contextual_Embedding,1.0,False
V3_AMB_0408,B5_AURA_Hybrid,1.0,False
V3_AMB_0409,B0_Full_Suite,1.0,False
V3_AMB_0409,B1_Keyword,1.0,False
V3_AMB_0409,B2_Raw_Embedding,1.0,False
V3_AMB_0409,B3_Graph_Only,1.0,False
V3_AMB_0409,B4_Contextual_Embedding,1.0,False
V3_AMB_0409,B5_AURA_Hybrid,1.0,False
V3_AMB_0410,B0_Full_Suite,1.0,False
V3_AMB_0410,B1_Keyword,1.0,False
V3_AMB_0410,B2_Raw_Embedding,1.0,False
V3_AMB_0410,B3_Graph_Only,1.0,False
V3_AMB_0410,B4_Contextual_Embedding,1.0,False
V3_AMB_0410,B5_AURA_Hybrid,1.0,False
V3_AMB_0411,B0_Full_Suite,1.0,False
V3_AMB_0411,B1_Keyword,1.0,False
V3_AMB_0411,B2_Raw_Embedding,1.0,False
V3_AMB_0411,B3_Graph_Only,1.0,False
V3_AMB_0411,B4_Contextual_Embedding,1.0,False
V3_AMB_0411,B5_AURA_Hybrid,1.0,False
V3_AMB_0412,B0_Full_Suite,1.0,False
V3_AMB_0412,B1_Keyword,1.0,False
V3_AMB_0412,B2_Raw_Embedding,1.0,False
V3_AMB_0412,B3_Graph_Only,1.0,False
V3_AMB_0412,B4_Contextual_Embedding,1.0,False
V3_AMB_0412,B5_AURA_Hybrid,1.0,False
V3_AMB_0413,B0_Full_Suite,1.0,False
V3_AMB_0413,B1_Keyword,1.0,False
V3_AMB_0413,B2_Raw_Embedding,1.0,False
V3_AMB_0413,B3_Graph_Only,1.0,False
V3_AMB_0413,B4_Contextual_Embedding,1.0,False
V3_AMB_0413,B5_AURA_Hybrid,1.0,False
V3_AMB_0414,B0_Full_Suite,1.0,False
V3_AMB_0414,B1_Keyword,1.0,False
V3_AMB_0414,B2_Raw_Embedding,1.0,False
V3_AMB_0414,B3_Graph_Only,1.0,False
V3_AMB_0414,B4_Contextual_Embedding,1.0,False
V3_AMB_0414,B5_AURA_Hybrid,1.0,False
V3_AMB_0415,B0_Full_Suite,1.0,False
V3_AMB_0415,B1_Keyword,1.0,False
V3_AMB_0415,B2_Raw_Embedding,1.0,False
V3_AMB_0415,B3_Graph_Only,1.0,False
V3_AMB_0415,B4_Contextual_Embedding,1.0,False
V3_AMB_0415,B5_AURA_Hybrid,1.0,False
V3_AMB_0416,B0_Full_Suite,1.0,False
V3_AMB_0416,B1_Keyword,1.0,False
V3_AMB_0416,B2_Raw_Embedding,1.0,False
V3_AMB_0416,B3_Graph_Only,1.0,False
V3_AMB_0416,B4_Contextual_Embedding,1.0,False
V3_AMB_0416,B5_AURA_Hybrid,1.0,False
V3_AMB_0417,B0_Full_Suite,1.0,False
V3_AMB_0417,B1_Keyword,1.0,False
V3_AMB_0417,B2_Raw_Embedding,1.0,False
V3_AMB_0417,B3_Graph_Only,1.0,False
V3_AMB_0417,B4_Contextual_Embedding,1.0,False
V3_AMB_0417,B5_AURA_Hybrid,1.0,False
V3_AMB_0418,B0_Full_Suite,1.0,False
V3_AMB_0418,B1_Keyword,1.0,False
V3_AMB_0418,B2_Raw_Embedding,1.0,False
V3_AMB_0418,B3_Graph_Only,1.0,False
V3_AMB_0418,B4_Contextual_Embedding,1.0,False
V3_AMB_0418,B5_AURA_Hybrid,1.0,False
V3_AMB_0419,B0_Full_Suite,1.0,False
V3_AMB_0419,B1_Keyword,1.0,False
V3_AMB_0419,B2_Raw_Embedding,1.0,False
V3_AMB_0419,B3_Graph_Only,1.0,False
V3_AMB_0419,B4_Contextual_Embedding,1.0,False
V3_AMB_0419,B5_AURA_Hybrid,1.0,False
V3_AMB_0420,B0_Full_Suite,1.0,False
V3_AMB_0420,B1_Keyword,1.0,False
V3_AMB_0420,B2_Raw_Embedding,1.0,False
V3_AMB_0420,B3_Graph_Only,1.0,False
V3_AMB_0420,B4_Contextual_Embedding,1.0,False
V3_AMB_0420,B5_AURA_Hybrid,1.0,False
V3_AMB_0421,B0_Full_Suite,1.0,False
V3_AMB_0421,B1_Keyword,1.0,False
V3_AMB_0421,B2_Raw_Embedding,1.0,False
V3_AMB_0421,B3_Graph_Only,1.0,False
V3_AMB_0421,B4_Contextual_Embedding,1.0,False
V3_AMB_0421,B5_AURA_Hybrid,1.0,False
V3_AMB_0422,B0_Full_Suite,1.0,False
V3_AMB_0422,B1_Keyword,1.0,False
V3_AMB_0422,B2_Raw_Embedding,1.0,False
V3_AMB_0422,B3_Graph_Only,1.0,False
V3_AMB_0422,B4_Contextual_Embedding,1.0,False
V3_AMB_0422,B5_AURA_Hybrid,1.0,False
V3_AMB_0423,B0_Full_Suite,1.0,False
V3_AMB_0423,B1_Keyword,1.0,False
V3_AMB_0423,B2_Raw_Embedding,1.0,False
V3_AMB_0423,B3_Graph_Only,1.0,False
V3_AMB_0423,B4_Contextual_Embedding,1.0,False
V3_AMB_0423,B5_AURA_Hybrid,1.0,False
V3_AMB_0424,B0_Full_Suite,1.0,False
V3_AMB_0424,B1_Keyword,1.0,False
V3_AMB_0424,B2_Raw_Embedding,1.0,False
V3_AMB_0424,B3_Graph_Only,1.0,False
V3_AMB_0424,B4_Contextual_Embedding,1.0,False
V3_AMB_0424,B5_AURA_Hybrid,1.0,False
V3_AMB_0425,B0_Full_Suite,1.0,False
V3_AMB_0425,B1_Keyword,1.0,False
V3_AMB_0425,B2_Raw_Embedding,1.0,False
V3_AMB_0425,B3_Graph_Only,1.0,False
V3_AMB_0425,B4_Contextual_Embedding,1.0,False
V3_AMB_0425,B5_AURA_Hybrid,1.0,False
V3_AMB_0426,B0_Full_Suite,1.0,False
V3_AMB_0426,B1_Keyword,1.0,False
V3_AMB_0426,B2_Raw_Embedding,1.0,False
V3_AMB_0426,B3_Graph_Only,1.0,False
V3_AMB_0426,B4_Contextual_Embedding,1.0,False
V3_AMB_0426,B5_AURA_Hybrid,1.0,False
V3_AMB_0427,B0_Full_Suite,1.0,False
V3_AMB_0427,B1_Keyword,1.0,False
V3_AMB_0427,B2_Raw_Embedding,1.0,False
V3_AMB_0427,B3_Graph_Only,1.0,False
V3_AMB_0427,B4_Contextual_Embedding,1.0,False
V3_AMB_0427,B5_AURA_Hybrid,1.0,False
V3_AMB_0428,B0_Full_Suite,1.0,False
V3_AMB_0428,B1_Keyword,1.0,False
V3_AMB_0428,B2_Raw_Embedding,1.0,False
V3_AMB_0428,B3_Graph_Only,1.0,False
V3_AMB_0428,B4_Contextual_Embedding,1.0,False
V3_AMB_0428,B5_AURA_Hybrid,1.0,False
V3_AMB_0429,B0_Full_Suite,1.0,False
V3_AMB_0429,B1_Keyword,1.0,False
V3_AMB_0429,B2_Raw_Embedding,1.0,False
V3_AMB_0429,B3_Graph_Only,1.0,False
V3_AMB_0429,B4_Contextual_Embedding,1.0,False
V3_AMB_0429,B5_AURA_Hybrid,1.0,False
V3_AMB_0430,B0_Full_Suite,1.0,False
V3_AMB_0430,B1_Keyword,1.0,False
V3_AMB_0430,B2_Raw_Embedding,1.0,False
V3_AMB_0430,B3_Graph_Only,1.0,False
V3_AMB_0430,B4_Contextual_Embedding,1.0,False
V3_AMB_0430,B5_AURA_Hybrid,1.0,False
V3_AMB_0431,B0_Full_Suite,1.0,False
V3_AMB_0431,B1_Keyword,1.0,False
V3_AMB_0431,B2_Raw_Embedding,1.0,False
V3_AMB_0431,B3_Graph_Only,1.0,False
V3_AMB_0431,B4_Contextual_Embedding,1.0,False
V3_AMB_0431,B5_AURA_Hybrid,1.0,False
V3_AMB_0432,B0_Full_Suite,1.0,False
V3_AMB_0432,B1_Keyword,1.0,False
V3_AMB_0432,B2_Raw_Embedding,1.0,False
V3_AMB_0432,B3_Graph_Only,1.0,False
V3_AMB_0432,B4_Contextual_Embedding,1.0,False
V3_AMB_0432,B5_AURA_Hybrid,1.0,False
V3_AMB_0433,B0_Full_Suite,1.0,False
V3_AMB_0433,B1_Keyword,1.0,False
V3_AMB_0433,B2_Raw_Embedding,1.0,False
V3_AMB_0433,B3_Graph_Only,1.0,False
V3_AMB_0433,B4_Contextual_Embedding,1.0,False
V3_AMB_0433,B5_AURA_Hybrid,1.0,False
V3_AMB_0434,B0_Full_Suite,1.0,False
V3_AMB_0434,B1_Keyword,1.0,False
V3_AMB_0434,B2_Raw_Embedding,1.0,False
V3_AMB_0434,B3_Graph_Only,1.0,False
V3_AMB_0434,B4_Contextual_Embedding,1.0,False
V3_AMB_0434,B5_AURA_Hybrid,1.0,False
V3_AMB_0435,B0_Full_Suite,1.0,False
V3_AMB_0435,B1_Keyword,1.0,False
V3_AMB_0435,B2_Raw_Embedding,1.0,False
V3_AMB_0435,B3_Graph_Only,1.0,False
V3_AMB_0435,B4_Contextual_Embedding,1.0,False
V3_AMB_0435,B5_AURA_Hybrid,1.0,False
V3_AMB_0436,B0_Full_Suite,1.0,False
V3_AMB_0436,B1_Keyword,1.0,False
V3_AMB_0436,B2_Raw_Embedding,1.0,False
V3_AMB_0436,B3_Graph_Only,1.0,False
V3_AMB_0436,B4_Contextual_Embedding,1.0,False
V3_AMB_0436,B5_AURA_Hybrid,1.0,False
V3_AMB_0437,B0_Full_Suite,1.0,False
V3_AMB_0437,B1_Keyword,1.0,False
V3_AMB_0437,B2_Raw_Embedding,1.0,False
V3_AMB_0437,B3_Graph_Only,1.0,False
V3_AMB_0437,B4_Contextual_Embedding,1.0,False
V3_AMB_0437,B5_AURA_Hybrid,1.0,False
V3_AMB_0438,B0_Full_Suite,1.0,False
V3_AMB_0438,B1_Keyword,1.0,False
V3_AMB_0438,B2_Raw_Embedding,1.0,False
V3_AMB_0438,B3_Graph_Only,1.0,False
V3_AMB_0438,B4_Contextual_Embedding,1.0,False
V3_AMB_0438,B5_AURA_Hybrid,1.0,False
V3_AMB_0439,B0_Full_Suite,1.0,False
V3_AMB_0439,B1_Keyword,1.0,False
V3_AMB_0439,B2_Raw_Embedding,1.0,False
V3_AMB_0439,B3_Graph_Only,1.0,False
V3_AMB_0439,B4_Contextual_Embedding,1.0,False
V3_AMB_0439,B5_AURA_Hybrid,1.0,False
V3_AMB_0440,B0_Full_Suite,1.0,False
V3_AMB_0440,B1_Keyword,1.0,False
V3_AMB_0440,B2_Raw_Embedding,1.0,False
V3_AMB_0440,B3_Graph_Only,1.0,False
V3_AMB_0440,B4_Contextual_Embedding,1.0,False
V3_AMB_0440,B5_AURA_Hybrid,1.0,False
V3_AMB_0441,B0_Full_Suite,1.0,False
V3_AMB_0441,B1_Keyword,1.0,False
V3_AMB_0441,B2_Raw_Embedding,1.0,False
V3_AMB_0441,B3_Graph_Only,1.0,False
V3_AMB_0441,B4_Contextual_Embedding,1.0,False
V3_AMB_0441,B5_AURA_Hybrid,1.0,False
V3_AMB_0442,B0_Full_Suite,1.0,False
V3_AMB_0442,B1_Keyword,1.0,False
V3_AMB_0442,B2_Raw_Embedding,1.0,False
V3_AMB_0442,B3_Graph_Only,1.0,False
V3_AMB_0442,B4_Contextual_Embedding,1.0,False
V3_AMB_0442,B5_AURA_Hybrid,1.0,False
V3_AMB_0443,B0_Full_Suite,1.0,False
V3_AMB_0443,B1_Keyword,1.0,False
V3_AMB_0443,B2_Raw_Embedding,1.0,False
V3_AMB_0443,B3_Graph_Only,1.0,False
V3_AMB_0443,B4_Contextual_Embedding,1.0,False
V3_AMB_0443,B5_AURA_Hybrid,1.0,False
V3_AMB_0444,B0_Full_Suite,1.0,False
V3_AMB_0444,B1_Keyword,1.0,False
V3_AMB_0444,B2_Raw_Embedding,1.0,False
V3_AMB_0444,B3_Graph_Only,1.0,False
V3_AMB_0444,B4_Contextual_Embedding,1.0,False
V3_AMB_0444,B5_AURA_Hybrid,1.0,False
V3_AMB_0445,B0_Full_Suite,1.0,False
V3_AMB_0445,B1_Keyword,1.0,False
V3_AMB_0445,B2_Raw_Embedding,1.0,False
V3_AMB_0445,B3_Graph_Only,1.0,False
V3_AMB_0445,B4_Contextual_Embedding,1.0,False
V3_AMB_0445,B5_AURA_Hybrid,1.0,False
V3_AMB_0446,B0_Full_Suite,1.0,False
V3_AMB_0446,B1_Keyword,1.0,False
V3_AMB_0446,B2_Raw_Embedding,1.0,False
V3_AMB_0446,B3_Graph_Only,1.0,False
V3_AMB_0446,B4_Contextual_Embedding,1.0,False
V3_AMB_0446,B5_AURA_Hybrid,1.0,False
V3_AMB_0447,B0_Full_Suite,1.0,False
V3_AMB_0447,B1_Keyword,1.0,False
V3_AMB_0447,B2_Raw_Embedding,1.0,False
V3_AMB_0447,B3_Graph_Only,1.0,False
V3_AMB_0447,B4_Contextual_Embedding,1.0,False
V3_AMB_0447,B5_AURA_Hybrid,1.0,False
V3_AMB_0448,B0_Full_Suite,1.0,False
V3_AMB_0448,B1_Keyword,1.0,False
V3_AMB_0448,B2_Raw_Embedding,1.0,False
V3_AMB_0448,B3_Graph_Only,1.0,False
V3_AMB_0448,B4_Contextual_Embedding,1.0,False
V3_AMB_0448,B5_AURA_Hybrid,1.0,False
V3_AMB_0449,B0_Full_Suite,1.0,False
V3_AMB_0449,B1_Keyword,1.0,False
V3_AMB_0449,B2_Raw_Embedding,1.0,False
V3_AMB_0449,B3_Graph_Only,1.0,False
V3_AMB_0449,B4_Contextual_Embedding,1.0,False
V3_AMB_0449,B5_AURA_Hybrid,1.0,False
V3_AMB_0450,B0_Full_Suite,1.0,False
V3_AMB_0450,B1_Keyword,1.0,False
V3_AMB_0450,B2_Raw_Embedding,1.0,False
V3_AMB_0450,B3_Graph_Only,1.0,False
V3_AMB_0450,B4_Contextual_Embedding,1.0,False
V3_AMB_0450,B5_AURA_Hybrid,1.0,False
V3_DECOY_0271,B0_Full_Suite,1.0,False
V3_DECOY_0271,B1_Keyword,1.0,False
V3_DECOY_0271,B2_Raw_Embedding,1.0,False
V3_DECOY_0271,B3_Graph_Only,1.0,False
V3_DECOY_0271,B4_Contextual_Embedding,1.0,False
V3_DECOY_0271,B5_AURA_Hybrid,1.0,False
V3_DECOY_0272,B0_Full_Suite,1.0,False
V3_DECOY_0272,B1_Keyword,1.0,False
V3_DECOY_0272,B2_Raw_Embedding,1.0,False
V3_DECOY_0272,B3_Graph_Only,1.0,False
V3_DECOY_0272,B4_Contextual_Embedding,1.0,False
V3_DECOY_0272,B5_AURA_Hybrid,1.0,False
V3_DECOY_0273,B0_Full_Suite,1.0,False
V3_DECOY_0273,B1_Keyword,1.0,False
V3_DECOY_0273,B2_Raw_Embedding,1.0,False
V3_DECOY_0273,B3_Graph_Only,1.0,False
V3_DECOY_0273,B4_Contextual_Embedding,1.0,False
V3_DECOY_0273,B5_AURA_Hybrid,1.0,False
V3_DECOY_0274,B0_Full_Suite,1.0,False
V3_DECOY_0274,B1_Keyword,1.0,False
V3_DECOY_0274,B2_Raw_Embedding,1.0,False
V3_DECOY_0274,B3_Graph_Only,1.0,False
V3_DECOY_0274,B4_Contextual_Embedding,1.0,False
V3_DECOY_0274,B5_AURA_Hybrid,1.0,False
V3_DECOY_0275,B0_Full_Suite,1.0,False
V3_DECOY_0275,B1_Keyword,1.0,False
V3_DECOY_0275,B2_Raw_Embedding,1.0,False
V3_DECOY_0275,B3_Graph_Only,1.0,False
V3_DECOY_0275,B4_Contextual_Embedding,1.0,False
V3_DECOY_0275,B5_AURA_Hybrid,1.0,False
V3_DECOY_0276,B0_Full_Suite,1.0,False
V3_DECOY_0276,B1_Keyword,1.0,False
V3_DECOY_0276,B2_Raw_Embedding,1.0,False
V3_DECOY_0276,B3_Graph_Only,1.0,False
V3_DECOY_0276,B4_Contextual_Embedding,1.0,False
V3_DECOY_0276,B5_AURA_Hybrid,1.0,False
V3_DECOY_0277,B0_Full_Suite,1.0,False
V3_DECOY_0277,B1_Keyword,1.0,False
V3_DECOY_0277,B2_Raw_Embedding,1.0,False
V3_DECOY_0277,B3_Graph_Only,1.0,False
V3_DECOY_0277,B4_Contextual_Embedding,1.0,False
V3_DECOY_0277,B5_AURA_Hybrid,1.0,False
V3_DECOY_0278,B0_Full_Suite,1.0,False
V3_DECOY_0278,B1_Keyword,1.0,False
V3_DECOY_0278,B2_Raw_Embedding,1.0,False
V3_DECOY_0278,B3_Graph_Only,1.0,False
V3_DECOY_0278,B4_Contextual_Embedding,1.0,False
V3_DECOY_0278,B5_AURA_Hybrid,1.0,False
V3_DECOY_0279,B0_Full_Suite,1.0,False
V3_DECOY_0279,B1_Keyword,1.0,False
V3_DECOY_0279,B2_Raw_Embedding,1.0,False
V3_DECOY_0279,B3_Graph_Only,1.0,False
V3_DECOY_0279,B4_Contextual_Embedding,1.0,False
V3_DECOY_0279,B5_AURA_Hybrid,1.0,False
V3_DECOY_0280,B0_Full_Suite,1.0,False
V3_DECOY_0280,B1_Keyword,1.0,False
V3_DECOY_0280,B2_Raw_Embedding,1.0,False
V3_DECOY_0280,B3_Graph_Only,1.0,False
V3_DECOY_0280,B4_Contextual_Embedding,1.0,False
V3_DECOY_0280,B5_AURA_Hybrid,1.0,False
V3_DECOY_0281,B0_Full_Suite,1.0,False
V3_DECOY_0281,B1_Keyword,1.0,False
V3_DECOY_0281,B2_Raw_Embedding,1.0,False
V3_DECOY_0281,B3_Graph_Only,1.0,False
V3_DECOY_0281,B4_Contextual_Embedding,1.0,False
V3_DECOY_0281,B5_AURA_Hybrid,1.0,False
V3_DECOY_0282,B0_Full_Suite,1.0,False
V3_DECOY_0282,B1_Keyword,1.0,False
V3_DECOY_0282,B2_Raw_Embedding,1.0,False
V3_DECOY_0282,B3_Graph_Only,1.0,False
V3_DECOY_0282,B4_Contextual_Embedding,1.0,False
V3_DECOY_0282,B5_AURA_Hybrid,1.0,False
V3_DECOY_0283,B0_Full_Suite,1.0,False
V3_DECOY_0283,B1_Keyword,1.0,False
V3_DECOY_0283,B2_Raw_Embedding,1.0,False
V3_DECOY_0283,B3_Graph_Only,1.0,False
V3_DECOY_0283,B4_Contextual_Embedding,1.0,False
V3_DECOY_0283,B5_AURA_Hybrid,1.0,False
V3_DECOY_0284,B0_Full_Suite,1.0,False
V3_DECOY_0284,B1_Keyword,1.0,False
V3_DECOY_0284,B2_Raw_Embedding,1.0,False
V3_DECOY_0284,B3_Graph_Only,1.0,False
V3_DECOY_0284,B4_Contextual_Embedding,1.0,False
V3_DECOY_0284,B5_AURA_Hybrid,1.0,False
V3_DECOY_0285,B0_Full_Suite,1.0,False
V3_DECOY_0285,B1_Keyword,1.0,False
V3_DECOY_0285,B2_Raw_Embedding,1.0,False
V3_DECOY_0285,B3_Graph_Only,1.0,False
V3_DECOY_0285,B4_Contextual_Embedding,1.0,False
V3_DECOY_0285,B5_AURA_Hybrid,1.0,False
V3_DECOY_0286,B0_Full_Suite,1.0,False
V3_DECOY_0286,B1_Keyword,1.0,False
V3_DECOY_0286,B2_Raw_Embedding,1.0,False
V3_DECOY_0286,B3_Graph_Only,1.0,False
V3_DECOY_0286,B4_Contextual_Embedding,1.0,False
V3_DECOY_0286,B5_AURA_Hybrid,1.0,False
V3_DECOY_0287,B0_Full_Suite,1.0,False
V3_DECOY_0287,B1_Keyword,1.0,False
V3_DECOY_0287,B2_Raw_Embedding,1.0,False
V3_DECOY_0287,B3_Graph_Only,1.0,False
V3_DECOY_0287,B4_Contextual_Embedding,1.0,False
V3_DECOY_0287,B5_AURA_Hybrid,1.0,False
V3_DECOY_0288,B0_Full_Suite,1.0,False
V3_DECOY_0288,B1_Keyword,1.0,False
V3_DECOY_0288,B2_Raw_Embedding,1.0,False
V3_DECOY_0288,B3_Graph_Only,1.0,False
V3_DECOY_0288,B4_Contextual_Embedding,1.0,False
V3_DECOY_0288,B5_AURA_Hybrid,1.0,False
V3_DECOY_0289,B0_Full_Suite,1.0,False
V3_DECOY_0289,B1_Keyword,1.0,False
V3_DECOY_0289,B2_Raw_Embedding,1.0,False
V3_DECOY_0289,B3_Graph_Only,1.0,False
V3_DECOY_0289,B4_Contextual_Embedding,1.0,False
V3_DECOY_0289,B5_AURA_Hybrid,1.0,False
V3_DECOY_0290,B0_Full_Suite,1.0,False
V3_DECOY_0290,B1_Keyword,1.0,False
V3_DECOY_0290,B2_Raw_Embedding,1.0,False
V3_DECOY_0290,B3_Graph_Only,1.0,False
V3_DECOY_0290,B4_Contextual_Embedding,1.0,False
V3_DECOY_0290,B5_AURA_Hybrid,1.0,False
V3_DECOY_0291,B0_Full_Suite,1.0,False
V3_DECOY_0291,B1_Keyword,1.0,False
V3_DECOY_0291,B2_Raw_Embedding,1.0,False
V3_DECOY_0291,B3_Graph_Only,1.0,False
V3_DECOY_0291,B4_Contextual_Embedding,1.0,False
V3_DECOY_0291,B5_AURA_Hybrid,1.0,False
V3_DECOY_0292,B0_Full_Suite,1.0,False
V3_DECOY_0292,B1_Keyword,1.0,False
V3_DECOY_0292,B2_Raw_Embedding,1.0,False
V3_DECOY_0292,B3_Graph_Only,1.0,False
V3_DECOY_0292,B4_Contextual_Embedding,1.0,False
V3_DECOY_0292,B5_AURA_Hybrid,1.0,False
V3_DECOY_0293,B0_Full_Suite,1.0,False
V3_DECOY_0293,B1_Keyword,1.0,False
V3_DECOY_0293,B2_Raw_Embedding,1.0,False
V3_DECOY_0293,B3_Graph_Only,1.0,False
V3_DECOY_0293,B4_Contextual_Embedding,1.0,False
V3_DECOY_0293,B5_AURA_Hybrid,1.0,False
V3_DECOY_0294,B0_Full_Suite,1.0,False
V3_DECOY_0294,B1_Keyword,1.0,False
V3_DECOY_0294,B2_Raw_Embedding,1.0,False
V3_DECOY_0294,B3_Graph_Only,1.0,False
V3_DECOY_0294,B4_Contextual_Embedding,1.0,False
V3_DECOY_0294,B5_AURA_Hybrid,1.0,False
V3_DECOY_0295,B0_Full_Suite,1.0,False
V3_DECOY_0295,B1_Keyword,1.0,False
V3_DECOY_0295,B2_Raw_Embedding,1.0,False
V3_DECOY_0295,B3_Graph_Only,1.0,False
V3_DECOY_0295,B4_Contextual_Embedding,1.0,False
V3_DECOY_0295,B5_AURA_Hybrid,1.0,False
V3_DECOY_0296,B0_Full_Suite,1.0,False
V3_DECOY_0296,B1_Keyword,1.0,False
V3_DECOY_0296,B2_Raw_Embedding,1.0,False
V3_DECOY_0296,B3_Graph_Only,1.0,False
V3_DECOY_0296,B4_Contextual_Embedding,1.0,False
V3_DECOY_0296,B5_AURA_Hybrid,1.0,False
V3_DECOY_0297,B0_Full_Suite,1.0,False
V3_DECOY_0297,B1_Keyword,1.0,False
V3_DECOY_0297,B2_Raw_Embedding,1.0,False
V3_DECOY_0297,B3_Graph_Only,1.0,False
V3_DECOY_0297,B4_Contextual_Embedding,1.0,False
V3_DECOY_0297,B5_AURA_Hybrid,1.0,False
V3_DECOY_0298,B0_Full_Suite,1.0,False
V3_DECOY_0298,B1_Keyword,1.0,False
V3_DECOY_0298,B2_Raw_Embedding,1.0,False
V3_DECOY_0298,B3_Graph_Only,1.0,False
V3_DECOY_0298,B4_Contextual_Embedding,1.0,False
V3_DECOY_0298,B5_AURA_Hybrid,1.0,False
V3_DECOY_0299,B0_Full_Suite,1.0,False
V3_DECOY_0299,B1_Keyword,1.0,False
V3_DECOY_0299,B2_Raw_Embedding,1.0,False
V3_DECOY_0299,B3_Graph_Only,1.0,False
V3_DECOY_0299,B4_Contextual_Embedding,1.0,False
V3_DECOY_0299,B5_AURA_Hybrid,1.0,False
V3_DECOY_0300,B0_Full_Suite,1.0,False
V3_DECOY_0300,B1_Keyword,1.0,False
V3_DECOY_0300,B2_Raw_Embedding,1.0,False
V3_DECOY_0300,B3_Graph_Only,1.0,False
V3_DECOY_0300,B4_Contextual_Embedding,1.0,False
V3_DECOY_0300,B5_AURA_Hybrid,1.0,False
V3_DECOY_0301,B0_Full_Suite,1.0,False
V3_DECOY_0301,B1_Keyword,1.0,False
V3_DECOY_0301,B2_Raw_Embedding,1.0,False
V3_DECOY_0301,B3_Graph_Only,1.0,False
V3_DECOY_0301,B4_Contextual_Embedding,1.0,False
V3_DECOY_0301,B5_AURA_Hybrid,1.0,False
V3_DECOY_0302,B0_Full_Suite,1.0,False
V3_DECOY_0302,B1_Keyword,1.0,False
V3_DECOY_0302,B2_Raw_Embedding,1.0,False
V3_DECOY_0302,B3_Graph_Only,1.0,False
V3_DECOY_0302,B4_Contextual_Embedding,1.0,False
V3_DECOY_0302,B5_AURA_Hybrid,1.0,False
V3_DECOY_0303,B0_Full_Suite,1.0,False
V3_DECOY_0303,B1_Keyword,1.0,False
V3_DECOY_0303,B2_Raw_Embedding,1.0,False
V3_DECOY_0303,B3_Graph_Only,1.0,False
V3_DECOY_0303,B4_Contextual_Embedding,1.0,False
V3_DECOY_0303,B5_AURA_Hybrid,1.0,False
V3_DECOY_0304,B0_Full_Suite,1.0,False
V3_DECOY_0304,B1_Keyword,1.0,False
V3_DECOY_0304,B2_Raw_Embedding,1.0,False
V3_DECOY_0304,B3_Graph_Only,1.0,False
V3_DECOY_0304,B4_Contextual_Embedding,1.0,False
V3_DECOY_0304,B5_AURA_Hybrid,1.0,False
V3_DECOY_0305,B0_Full_Suite,1.0,False
V3_DECOY_0305,B1_Keyword,1.0,False
V3_DECOY_0305,B2_Raw_Embedding,1.0,False
V3_DECOY_0305,B3_Graph_Only,1.0,False
V3_DECOY_0305,B4_Contextual_Embedding,1.0,False
V3_DECOY_0305,B5_AURA_Hybrid,1.0,False
V3_DECOY_0306,B0_Full_Suite,1.0,False
V3_DECOY_0306,B1_Keyword,1.0,False
V3_DECOY_0306,B2_Raw_Embedding,1.0,False
V3_DECOY_0306,B3_Graph_Only,1.0,False
V3_DECOY_0306,B4_Contextual_Embedding,1.0,False
V3_DECOY_0306,B5_AURA_Hybrid,1.0,False
V3_DECOY_0307,B0_Full_Suite,1.0,False
V3_DECOY_0307,B1_Keyword,1.0,False
V3_DECOY_0307,B2_Raw_Embedding,1.0,False
V3_DECOY_0307,B3_Graph_Only,1.0,False
V3_DECOY_0307,B4_Contextual_Embedding,1.0,False
V3_DECOY_0307,B5_AURA_Hybrid,1.0,False
V3_DECOY_0308,B0_Full_Suite,1.0,False
V3_DECOY_0308,B1_Keyword,1.0,False
V3_DECOY_0308,B2_Raw_Embedding,1.0,False
V3_DECOY_0308,B3_Graph_Only,1.0,False
V3_DECOY_0308,B4_Contextual_Embedding,1.0,False
V3_DECOY_0308,B5_AURA_Hybrid,1.0,False
V3_DECOY_0309,B0_Full_Suite,1.0,False
V3_DECOY_0309,B1_Keyword,1.0,False
V3_DECOY_0309,B2_Raw_Embedding,1.0,False
V3_DECOY_0309,B3_Graph_Only,1.0,False
V3_DECOY_0309,B4_Contextual_Embedding,1.0,False
V3_DECOY_0309,B5_AURA_Hybrid,1.0,False
V3_DECOY_0310,B0_Full_Suite,1.0,False
V3_DECOY_0310,B1_Keyword,1.0,False
V3_DECOY_0310,B2_Raw_Embedding,1.0,False
V3_DECOY_0310,B3_Graph_Only,1.0,False
V3_DECOY_0310,B4_Contextual_Embedding,1.0,False
V3_DECOY_0310,B5_AURA_Hybrid,1.0,False
V3_DECOY_0311,B0_Full_Suite,1.0,False
V3_DECOY_0311,B1_Keyword,1.0,False
V3_DECOY_0311,B2_Raw_Embedding,1.0,False
V3_DECOY_0311,B3_Graph_Only,1.0,False
V3_DECOY_0311,B4_Contextual_Embedding,1.0,False
V3_DECOY_0311,B5_AURA_Hybrid,1.0,False
V3_DECOY_0312,B0_Full_Suite,1.0,False
V3_DECOY_0312,B1_Keyword,1.0,False
V3_DECOY_0312,B2_Raw_Embedding,1.0,False
V3_DECOY_0312,B3_Graph_Only,1.0,False
V3_DECOY_0312,B4_Contextual_Embedding,1.0,False
V3_DECOY_0312,B5_AURA_Hybrid,1.0,False
V3_DECOY_0313,B0_Full_Suite,1.0,False
V3_DECOY_0313,B1_Keyword,1.0,False
V3_DECOY_0313,B2_Raw_Embedding,1.0,False
V3_DECOY_0313,B3_Graph_Only,1.0,False
V3_DECOY_0313,B4_Contextual_Embedding,1.0,False
V3_DECOY_0313,B5_AURA_Hybrid,1.0,False
V3_DECOY_0314,B0_Full_Suite,1.0,False
V3_DECOY_0314,B1_Keyword,1.0,False
V3_DECOY_0314,B2_Raw_Embedding,1.0,False
V3_DECOY_0314,B3_Graph_Only,1.0,False
V3_DECOY_0314,B4_Contextual_Embedding,1.0,False
V3_DECOY_0314,B5_AURA_Hybrid,1.0,False
V3_DECOY_0315,B0_Full_Suite,1.0,False
V3_DECOY_0315,B1_Keyword,1.0,False
V3_DECOY_0315,B2_Raw_Embedding,1.0,False
V3_DECOY_0315,B3_Graph_Only,1.0,False
V3_DECOY_0315,B4_Contextual_Embedding,1.0,False
V3_DECOY_0315,B5_AURA_Hybrid,1.0,False
V3_DECOY_0316,B0_Full_Suite,1.0,False
V3_DECOY_0316,B1_Keyword,1.0,False
V3_DECOY_0316,B2_Raw_Embedding,1.0,False
V3_DECOY_0316,B3_Graph_Only,1.0,False
V3_DECOY_0316,B4_Contextual_Embedding,1.0,False
V3_DECOY_0316,B5_AURA_Hybrid,1.0,False
V3_DECOY_0317,B0_Full_Suite,1.0,False
V3_DECOY_0317,B1_Keyword,1.0,False
V3_DECOY_0317,B2_Raw_Embedding,1.0,False
V3_DECOY_0317,B3_Graph_Only,1.0,False
V3_DECOY_0317,B4_Contextual_Embedding,1.0,False
V3_DECOY_0317,B5_AURA_Hybrid,1.0,False
V3_DECOY_0318,B0_Full_Suite,1.0,False
V3_DECOY_0318,B1_Keyword,1.0,False
V3_DECOY_0318,B2_Raw_Embedding,1.0,False
V3_DECOY_0318,B3_Graph_Only,1.0,False
V3_DECOY_0318,B4_Contextual_Embedding,1.0,False
V3_DECOY_0318,B5_AURA_Hybrid,1.0,False
V3_DECOY_0319,B0_Full_Suite,1.0,False
V3_DECOY_0319,B1_Keyword,1.0,False
V3_DECOY_0319,B2_Raw_Embedding,1.0,False
V3_DECOY_0319,B3_Graph_Only,1.0,False
V3_DECOY_0319,B4_Contextual_Embedding,1.0,False
V3_DECOY_0319,B5_AURA_Hybrid,1.0,False
V3_DECOY_0320,B0_Full_Suite,1.0,False
V3_DECOY_0320,B1_Keyword,1.0,False
V3_DECOY_0320,B2_Raw_Embedding,1.0,False
V3_DECOY_0320,B3_Graph_Only,1.0,False
V3_DECOY_0320,B4_Contextual_Embedding,1.0,False
V3_DECOY_0320,B5_AURA_Hybrid,1.0,False
V3_DECOY_0321,B0_Full_Suite,1.0,False
V3_DECOY_0321,B1_Keyword,1.0,False
V3_DECOY_0321,B2_Raw_Embedding,1.0,False
V3_DECOY_0321,B3_Graph_Only,1.0,False
V3_DECOY_0321,B4_Contextual_Embedding,1.0,False
V3_DECOY_0321,B5_AURA_Hybrid,1.0,False
V3_DECOY_0322,B0_Full_Suite,1.0,False
V3_DECOY_0322,B1_Keyword,1.0,False
V3_DECOY_0322,B2_Raw_Embedding,1.0,False
V3_DECOY_0322,B3_Graph_Only,1.0,False
V3_DECOY_0322,B4_Contextual_Embedding,1.0,False
V3_DECOY_0322,B5_AURA_Hybrid,1.0,False
V3_DECOY_0323,B0_Full_Suite,1.0,False
V3_DECOY_0323,B1_Keyword,1.0,False
V3_DECOY_0323,B2_Raw_Embedding,1.0,False
V3_DECOY_0323,B3_Graph_Only,1.0,False
V3_DECOY_0323,B4_Contextual_Embedding,1.0,False
V3_DECOY_0323,B5_AURA_Hybrid,1.0,False
V3_DECOY_0324,B0_Full_Suite,1.0,False
V3_DECOY_0324,B1_Keyword,1.0,False
V3_DECOY_0324,B2_Raw_Embedding,1.0,False
V3_DECOY_0324,B3_Graph_Only,1.0,False
V3_DECOY_0324,B4_Contextual_Embedding,1.0,False
V3_DECOY_0324,B5_AURA_Hybrid,1.0,False
V3_DECOY_0325,B0_Full_Suite,1.0,False
V3_DECOY_0325,B1_Keyword,1.0,False
V3_DECOY_0325,B2_Raw_Embedding,1.0,False
V3_DECOY_0325,B3_Graph_Only,1.0,False
V3_DECOY_0325,B4_Contextual_Embedding,1.0,False
V3_DECOY_0325,B5_AURA_Hybrid,1.0,False
V3_DECOY_0326,B0_Full_Suite,1.0,False
V3_DECOY_0326,B1_Keyword,1.0,False
V3_DECOY_0326,B2_Raw_Embedding,1.0,False
V3_DECOY_0326,B3_Graph_Only,1.0,False
V3_DECOY_0326,B4_Contextual_Embedding,1.0,False
V3_DECOY_0326,B5_AURA_Hybrid,1.0,False
V3_DECOY_0327,B0_Full_Suite,1.0,False
V3_DECOY_0327,B1_Keyword,1.0,False
V3_DECOY_0327,B2_Raw_Embedding,1.0,False
V3_DECOY_0327,B3_Graph_Only,1.0,False
V3_DECOY_0327,B4_Contextual_Embedding,1.0,False
V3_DECOY_0327,B5_AURA_Hybrid,1.0,False
V3_DECOY_0328,B0_Full_Suite,1.0,False
V3_DECOY_0328,B1_Keyword,1.0,False
V3_DECOY_0328,B2_Raw_Embedding,1.0,False
V3_DECOY_0328,B3_Graph_Only,1.0,False
V3_DECOY_0328,B4_Contextual_Embedding,1.0,False
V3_DECOY_0328,B5_AURA_Hybrid,1.0,False
V3_DECOY_0329,B0_Full_Suite,1.0,False
V3_DECOY_0329,B1_Keyword,1.0,False
V3_DECOY_0329,B2_Raw_Embedding,1.0,False
V3_DECOY_0329,B3_Graph_Only,1.0,False
V3_DECOY_0329,B4_Contextual_Embedding,1.0,False
V3_DECOY_0329,B5_AURA_Hybrid,1.0,False
V3_DECOY_0330,B0_Full_Suite,1.0,False
V3_DECOY_0330,B1_Keyword,1.0,False
V3_DECOY_0330,B2_Raw_Embedding,1.0,False
V3_DECOY_0330,B3_Graph_Only,1.0,False
V3_DECOY_0330,B4_Contextual_Embedding,1.0,False
V3_DECOY_0330,B5_AURA_Hybrid,1.0,False
V3_DECOY_0331,B0_Full_Suite,1.0,False
V3_DECOY_0331,B1_Keyword,1.0,False
V3_DECOY_0331,B2_Raw_Embedding,1.0,False
V3_DECOY_0331,B3_Graph_Only,1.0,False
V3_DECOY_0331,B4_Contextual_Embedding,1.0,False
V3_DECOY_0331,B5_AURA_Hybrid,1.0,False
V3_DECOY_0332,B0_Full_Suite,1.0,False
V3_DECOY_0332,B1_Keyword,1.0,False
V3_DECOY_0332,B2_Raw_Embedding,1.0,False
V3_DECOY_0332,B3_Graph_Only,1.0,False
V3_DECOY_0332,B4_Contextual_Embedding,1.0,False
V3_DECOY_0332,B5_AURA_Hybrid,1.0,False
V3_DECOY_0333,B0_Full_Suite,1.0,False
V3_DECOY_0333,B1_Keyword,1.0,False
V3_DECOY_0333,B2_Raw_Embedding,1.0,False
V3_DECOY_0333,B3_Graph_Only,1.0,False
V3_DECOY_0333,B4_Contextual_Embedding,1.0,False
V3_DECOY_0333,B5_AURA_Hybrid,1.0,False
V3_DECOY_0334,B0_Full_Suite,1.0,False
V3_DECOY_0334,B1_Keyword,1.0,False
V3_DECOY_0334,B2_Raw_Embedding,1.0,False
V3_DECOY_0334,B3_Graph_Only,1.0,False
V3_DECOY_0334,B4_Contextual_Embedding,1.0,False
V3_DECOY_0334,B5_AURA_Hybrid,1.0,False
V3_DECOY_0335,B0_Full_Suite,1.0,False
V3_DECOY_0335,B1_Keyword,1.0,False
V3_DECOY_0335,B2_Raw_Embedding,1.0,False
V3_DECOY_0335,B3_Graph_Only,1.0,False
V3_DECOY_0335,B4_Contextual_Embedding,1.0,False
V3_DECOY_0335,B5_AURA_Hybrid,1.0,False
V3_DECOY_0336,B0_Full_Suite,1.0,False
V3_DECOY_0336,B1_Keyword,1.0,False
V3_DECOY_0336,B2_Raw_Embedding,1.0,False
V3_DECOY_0336,B3_Graph_Only,1.0,False
V3_DECOY_0336,B4_Contextual_Embedding,1.0,False
V3_DECOY_0336,B5_AURA_Hybrid,1.0,False
V3_DECOY_0337,B0_Full_Suite,1.0,False
V3_DECOY_0337,B1_Keyword,1.0,False
V3_DECOY_0337,B2_Raw_Embedding,1.0,False
V3_DECOY_0337,B3_Graph_Only,1.0,False
V3_DECOY_0337,B4_Contextual_Embedding,1.0,False
V3_DECOY_0337,B5_AURA_Hybrid,1.0,False
V3_DECOY_0338,B0_Full_Suite,1.0,False
V3_DECOY_0338,B1_Keyword,1.0,False
V3_DECOY_0338,B2_Raw_Embedding,1.0,False
V3_DECOY_0338,B3_Graph_Only,1.0,False
V3_DECOY_0338,B4_Contextual_Embedding,1.0,False
V3_DECOY_0338,B5_AURA_Hybrid,1.0,False
V3_DECOY_0339,B0_Full_Suite,1.0,False
V3_DECOY_0339,B1_Keyword,1.0,False
V3_DECOY_0339,B2_Raw_Embedding,1.0,False
V3_DECOY_0339,B3_Graph_Only,1.0,False
V3_DECOY_0339,B4_Contextual_Embedding,1.0,False
V3_DECOY_0339,B5_AURA_Hybrid,1.0,False
V3_DECOY_0340,B0_Full_Suite,1.0,False
V3_DECOY_0340,B1_Keyword,1.0,False
V3_DECOY_0340,B2_Raw_Embedding,1.0,False
V3_DECOY_0340,B3_Graph_Only,1.0,False
V3_DECOY_0340,B4_Contextual_Embedding,1.0,False
V3_DECOY_0340,B5_AURA_Hybrid,1.0,False
V3_DECOY_0341,B0_Full_Suite,1.0,False
V3_DECOY_0341,B1_Keyword,1.0,False
V3_DECOY_0341,B2_Raw_Embedding,1.0,False
V3_DECOY_0341,B3_Graph_Only,1.0,False
V3_DECOY_0341,B4_Contextual_Embedding,1.0,False
V3_DECOY_0341,B5_AURA_Hybrid,1.0,False
V3_DECOY_0342,B0_Full_Suite,1.0,False
V3_DECOY_0342,B1_Keyword,1.0,False
V3_DECOY_0342,B2_Raw_Embedding,1.0,False
V3_DECOY_0342,B3_Graph_Only,1.0,False
V3_DECOY_0342,B4_Contextual_Embedding,1.0,False
V3_DECOY_0342,B5_AURA_Hybrid,1.0,False
V3_DECOY_0343,B0_Full_Suite,1.0,False
V3_DECOY_0343,B1_Keyword,1.0,False
V3_DECOY_0343,B2_Raw_Embedding,1.0,False
V3_DECOY_0343,B3_Graph_Only,1.0,False
V3_DECOY_0343,B4_Contextual_Embedding,1.0,False
V3_DECOY_0343,B5_AURA_Hybrid,1.0,False
V3_DECOY_0344,B0_Full_Suite,1.0,False
V3_DECOY_0344,B1_Keyword,1.0,False
V3_DECOY_0344,B2_Raw_Embedding,1.0,False
V3_DECOY_0344,B3_Graph_Only,1.0,False
V3_DECOY_0344,B4_Contextual_Embedding,1.0,False
V3_DECOY_0344,B5_AURA_Hybrid,1.0,False
V3_DECOY_0345,B0_Full_Suite,1.0,False
V3_DECOY_0345,B1_Keyword,1.0,False
V3_DECOY_0345,B2_Raw_Embedding,1.0,False
V3_DECOY_0345,B3_Graph_Only,1.0,False
V3_DECOY_0345,B4_Contextual_Embedding,1.0,False
V3_DECOY_0345,B5_AURA_Hybrid,1.0,False
V3_DECOY_0346,B0_Full_Suite,1.0,False
V3_DECOY_0346,B1_Keyword,1.0,False
V3_DECOY_0346,B2_Raw_Embedding,1.0,False
V3_DECOY_0346,B3_Graph_Only,1.0,False
V3_DECOY_0346,B4_Contextual_Embedding,1.0,False
V3_DECOY_0346,B5_AURA_Hybrid,1.0,False
V3_DECOY_0347,B0_Full_Suite,1.0,False
V3_DECOY_0347,B1_Keyword,1.0,False
V3_DECOY_0347,B2_Raw_Embedding,1.0,False
V3_DECOY_0347,B3_Graph_Only,1.0,False
V3_DECOY_0347,B4_Contextual_Embedding,1.0,False
V3_DECOY_0347,B5_AURA_Hybrid,1.0,False
V3_DECOY_0348,B0_Full_Suite,1.0,False
V3_DECOY_0348,B1_Keyword,1.0,False
V3_DECOY_0348,B2_Raw_Embedding,1.0,False
V3_DECOY_0348,B3_Graph_Only,1.0,False
V3_DECOY_0348,B4_Contextual_Embedding,1.0,False
V3_DECOY_0348,B5_AURA_Hybrid,1.0,False
V3_DECOY_0349,B0_Full_Suite,1.0,False
V3_DECOY_0349,B1_Keyword,1.0,False
V3_DECOY_0349,B2_Raw_Embedding,1.0,False
V3_DECOY_0349,B3_Graph_Only,1.0,False
V3_DECOY_0349,B4_Contextual_Embedding,1.0,False
V3_DECOY_0349,B5_AURA_Hybrid,1.0,False
V3_DECOY_0350,B0_Full_Suite,1.0,False
V3_DECOY_0350,B1_Keyword,1.0,False
V3_DECOY_0350,B2_Raw_Embedding,1.0,False
V3_DECOY_0350,B3_Graph_Only,1.0,False
V3_DECOY_0350,B4_Contextual_Embedding,1.0,False
V3_DECOY_0350,B5_AURA_Hybrid,1.0,False
V3_DECOY_0351,B0_Full_Suite,1.0,False
V3_DECOY_0351,B1_Keyword,1.0,False
V3_DECOY_0351,B2_Raw_Embedding,1.0,False
V3_DECOY_0351,B3_Graph_Only,1.0,False
V3_DECOY_0351,B4_Contextual_Embedding,1.0,False
V3_DECOY_0351,B5_AURA_Hybrid,1.0,False
V3_DECOY_0352,B0_Full_Suite,1.0,False
V3_DECOY_0352,B1_Keyword,1.0,False
V3_DECOY_0352,B2_Raw_Embedding,1.0,False
V3_DECOY_0352,B3_Graph_Only,1.0,False
V3_DECOY_0352,B4_Contextual_Embedding,1.0,False
V3_DECOY_0352,B5_AURA_Hybrid,1.0,False
V3_DECOY_0353,B0_Full_Suite,1.0,False
V3_DECOY_0353,B1_Keyword,1.0,False
V3_DECOY_0353,B2_Raw_Embedding,1.0,False
V3_DECOY_0353,B3_Graph_Only,1.0,False
V3_DECOY_0353,B4_Contextual_Embedding,1.0,False
V3_DECOY_0353,B5_AURA_Hybrid,1.0,False
V3_DECOY_0354,B0_Full_Suite,1.0,False
V3_DECOY_0354,B1_Keyword,1.0,False
V3_DECOY_0354,B2_Raw_Embedding,1.0,False
V3_DECOY_0354,B3_Graph_Only,1.0,False
V3_DECOY_0354,B4_Contextual_Embedding,1.0,False
V3_DECOY_0354,B5_AURA_Hybrid,1.0,False
V3_DECOY_0355,B0_Full_Suite,1.0,False
V3_DECOY_0355,B1_Keyword,1.0,False
V3_DECOY_0355,B2_Raw_Embedding,1.0,False
V3_DECOY_0355,B3_Graph_Only,1.0,False
V3_DECOY_0355,B4_Contextual_Embedding,1.0,False
V3_DECOY_0355,B5_AURA_Hybrid,1.0,False
V3_DECOY_0356,B0_Full_Suite,1.0,False
V3_DECOY_0356,B1_Keyword,1.0,False
V3_DECOY_0356,B2_Raw_Embedding,1.0,False
V3_DECOY_0356,B3_Graph_Only,1.0,False
V3_DECOY_0356,B4_Contextual_Embedding,1.0,False
V3_DECOY_0356,B5_AURA_Hybrid,1.0,False
V3_DECOY_0357,B0_Full_Suite,1.0,False
V3_DECOY_0357,B1_Keyword,1.0,False
V3_DECOY_0357,B2_Raw_Embedding,1.0,False
V3_DECOY_0357,B3_Graph_Only,1.0,False
V3_DECOY_0357,B4_Contextual_Embedding,1.0,False
V3_DECOY_0357,B5_AURA_Hybrid,1.0,False
V3_DECOY_0358,B0_Full_Suite,1.0,False
V3_DECOY_0358,B1_Keyword,1.0,False
V3_DECOY_0358,B2_Raw_Embedding,1.0,False
V3_DECOY_0358,B3_Graph_Only,1.0,False
V3_DECOY_0358,B4_Contextual_Embedding,1.0,False
V3_DECOY_0358,B5_AURA_Hybrid,1.0,False
V3_DECOY_0359,B0_Full_Suite,1.0,False
V3_DECOY_0359,B1_Keyword,1.0,False
V3_DECOY_0359,B2_Raw_Embedding,1.0,False
V3_DECOY_0359,B3_Graph_Only,1.0,False
V3_DECOY_0359,B4_Contextual_Embedding,1.0,False
V3_DECOY_0359,B5_AURA_Hybrid,1.0,False
V3_DECOY_0360,B0_Full_Suite,1.0,False
V3_DECOY_0360,B1_Keyword,1.0,False
V3_DECOY_0360,B2_Raw_Embedding,1.0,False
V3_DECOY_0360,B3_Graph_Only,1.0,False
V3_DECOY_0360,B4_Contextual_Embedding,1.0,False
V3_DECOY_0360,B5_AURA_Hybrid,1.0,False
V3_DECOY_0361,B0_Full_Suite,1.0,False
V3_DECOY_0361,B1_Keyword,1.0,False
V3_DECOY_0361,B2_Raw_Embedding,1.0,False
V3_DECOY_0361,B3_Graph_Only,1.0,False
V3_DECOY_0361,B4_Contextual_Embedding,1.0,False
V3_DECOY_0361,B5_AURA_Hybrid,1.0,False
V3_DECOY_0362,B0_Full_Suite,1.0,False
V3_DECOY_0362,B1_Keyword,1.0,False
V3_DECOY_0362,B2_Raw_Embedding,1.0,False
V3_DECOY_0362,B3_Graph_Only,1.0,False
V3_DECOY_0362,B4_Contextual_Embedding,1.0,False
V3_DECOY_0362,B5_AURA_Hybrid,1.0,False
V3_DECOY_0363,B0_Full_Suite,1.0,False
V3_DECOY_0363,B1_Keyword,1.0,False
V3_DECOY_0363,B2_Raw_Embedding,1.0,False
V3_DECOY_0363,B3_Graph_Only,1.0,False
V3_DECOY_0363,B4_Contextual_Embedding,1.0,False
V3_DECOY_0363,B5_AURA_Hybrid,1.0,False
V3_DECOY_0364,B0_Full_Suite,1.0,False
V3_DECOY_0364,B1_Keyword,1.0,False
V3_DECOY_0364,B2_Raw_Embedding,1.0,False
V3_DECOY_0364,B3_Graph_Only,1.0,False
V3_DECOY_0364,B4_Contextual_Embedding,1.0,False
V3_DECOY_0364,B5_AURA_Hybrid,1.0,False
V3_DECOY_0365,B0_Full_Suite,1.0,False
V3_DECOY_0365,B1_Keyword,1.0,False
V3_DECOY_0365,B2_Raw_Embedding,1.0,False
V3_DECOY_0365,B3_Graph_Only,1.0,False
V3_DECOY_0365,B4_Contextual_Embedding,1.0,False
V3_DECOY_0365,B5_AURA_Hybrid,1.0,False
V3_DECOY_0366,B0_Full_Suite,1.0,False
V3_DECOY_0366,B1_Keyword,1.0,False
V3_DECOY_0366,B2_Raw_Embedding,1.0,False
V3_DECOY_0366,B3_Graph_Only,1.0,False
V3_DECOY_0366,B4_Contextual_Embedding,1.0,False
V3_DECOY_0366,B5_AURA_Hybrid,1.0,False
V3_DECOY_0367,B0_Full_Suite,1.0,False
V3_DECOY_0367,B1_Keyword,1.0,False
V3_DECOY_0367,B2_Raw_Embedding,1.0,False
V3_DECOY_0367,B3_Graph_Only,1.0,False
V3_DECOY_0367,B4_Contextual_Embedding,1.0,False
V3_DECOY_0367,B5_AURA_Hybrid,1.0,False
V3_DECOY_0368,B0_Full_Suite,1.0,False
V3_DECOY_0368,B1_Keyword,1.0,False
V3_DECOY_0368,B2_Raw_Embedding,1.0,False
V3_DECOY_0368,B3_Graph_Only,1.0,False
V3_DECOY_0368,B4_Contextual_Embedding,1.0,False
V3_DECOY_0368,B5_AURA_Hybrid,1.0,False
V3_DECOY_0369,B0_Full_Suite,1.0,False
V3_DECOY_0369,B1_Keyword,1.0,False
V3_DECOY_0369,B2_Raw_Embedding,1.0,False
V3_DECOY_0369,B3_Graph_Only,1.0,False
V3_DECOY_0369,B4_Contextual_Embedding,1.0,False
V3_DECOY_0369,B5_AURA_Hybrid,1.0,False
V3_DECOY_0370,B0_Full_Suite,1.0,False
V3_DECOY_0370,B1_Keyword,1.0,False
V3_DECOY_0370,B2_Raw_Embedding,1.0,False
V3_DECOY_0370,B3_Graph_Only,1.0,False
V3_DECOY_0370,B4_Contextual_Embedding,1.0,False
V3_DECOY_0370,B5_AURA_Hybrid,1.0,False
V3_DECOY_0371,B0_Full_Suite,1.0,False
V3_DECOY_0371,B1_Keyword,1.0,False
V3_DECOY_0371,B2_Raw_Embedding,1.0,False
V3_DECOY_0371,B3_Graph_Only,1.0,False
V3_DECOY_0371,B4_Contextual_Embedding,1.0,False
V3_DECOY_0371,B5_AURA_Hybrid,1.0,False
V3_DECOY_0372,B0_Full_Suite,1.0,False
V3_DECOY_0372,B1_Keyword,1.0,False
V3_DECOY_0372,B2_Raw_Embedding,1.0,False
V3_DECOY_0372,B3_Graph_Only,1.0,False
V3_DECOY_0372,B4_Contextual_Embedding,1.0,False
V3_DECOY_0372,B5_AURA_Hybrid,1.0,False
V3_DECOY_0373,B0_Full_Suite,1.0,False
V3_DECOY_0373,B1_Keyword,1.0,False
V3_DECOY_0373,B2_Raw_Embedding,1.0,False
V3_DECOY_0373,B3_Graph_Only,1.0,False
V3_DECOY_0373,B4_Contextual_Embedding,1.0,False
V3_DECOY_0373,B5_AURA_Hybrid,1.0,False
V3_DECOY_0374,B0_Full_Suite,1.0,False
V3_DECOY_0374,B1_Keyword,1.0,False
V3_DECOY_0374,B2_Raw_Embedding,1.0,False
V3_DECOY_0374,B3_Graph_Only,1.0,False
V3_DECOY_0374,B4_Contextual_Embedding,1.0,False
V3_DECOY_0374,B5_AURA_Hybrid,1.0,False
V3_DECOY_0375,B0_Full_Suite,1.0,False
V3_DECOY_0375,B1_Keyword,1.0,False
V3_DECOY_0375,B2_Raw_Embedding,1.0,False
V3_DECOY_0375,B3_Graph_Only,1.0,False
V3_DECOY_0375,B4_Contextual_Embedding,1.0,False
V3_DECOY_0375,B5_AURA_Hybrid,1.0,False
V3_DECOY_0376,B0_Full_Suite,1.0,False
V3_DECOY_0376,B1_Keyword,1.0,False
V3_DECOY_0376,B2_Raw_Embedding,1.0,False
V3_DECOY_0376,B3_Graph_Only,1.0,False
V3_DECOY_0376,B4_Contextual_Embedding,1.0,False
V3_DECOY_0376,B5_AURA_Hybrid,1.0,False
V3_DECOY_0377,B0_Full_Suite,1.0,False
V3_DECOY_0377,B1_Keyword,1.0,False
V3_DECOY_0377,B2_Raw_Embedding,1.0,False
V3_DECOY_0377,B3_Graph_Only,1.0,False
V3_DECOY_0377,B4_Contextual_Embedding,1.0,False
V3_DECOY_0377,B5_AURA_Hybrid,1.0,False
V3_DECOY_0378,B0_Full_Suite,1.0,False
V3_DECOY_0378,B1_Keyword,1.0,False
V3_DECOY_0378,B2_Raw_Embedding,1.0,False
V3_DECOY_0378,B3_Graph_Only,1.0,False
V3_DECOY_0378,B4_Contextual_Embedding,1.0,False
V3_DECOY_0378,B5_AURA_Hybrid,1.0,False
V3_DECOY_0379,B0_Full_Suite,1.0,False
V3_DECOY_0379,B1_Keyword,1.0,False
V3_DECOY_0379,B2_Raw_Embedding,1.0,False
V3_DECOY_0379,B3_Graph_Only,1.0,False
V3_DECOY_0379,B4_Contextual_Embedding,1.0,False
V3_DECOY_0379,B5_AURA_Hybrid,1.0,False
V3_DECOY_0380,B0_Full_Suite,1.0,False
V3_DECOY_0380,B1_Keyword,1.0,False
V3_DECOY_0380,B2_Raw_Embedding,1.0,False
V3_DECOY_0380,B3_Graph_Only,1.0,False
V3_DECOY_0380,B4_Contextual_Embedding,1.0,False
V3_DECOY_0380,B5_AURA_Hybrid,1.0,False
V3_DECOY_0381,B0_Full_Suite,1.0,False
V3_DECOY_0381,B1_Keyword,1.0,False
V3_DECOY_0381,B2_Raw_Embedding,1.0,False
V3_DECOY_0381,B3_Graph_Only,1.0,False
V3_DECOY_0381,B4_Contextual_Embedding,1.0,False
V3_DECOY_0381,B5_AURA_Hybrid,1.0,False
V3_DECOY_0382,B0_Full_Suite,1.0,False
V3_DECOY_0382,B1_Keyword,1.0,False
V3_DECOY_0382,B2_Raw_Embedding,1.0,False
V3_DECOY_0382,B3_Graph_Only,1.0,False
V3_DECOY_0382,B4_Contextual_Embedding,1.0,False
V3_DECOY_0382,B5_AURA_Hybrid,1.0,False
V3_DECOY_0383,B0_Full_Suite,1.0,False
V3_DECOY_0383,B1_Keyword,1.0,False
V3_DECOY_0383,B2_Raw_Embedding,1.0,False
V3_DECOY_0383,B3_Graph_Only,1.0,False
V3_DECOY_0383,B4_Contextual_Embedding,1.0,False
V3_DECOY_0383,B5_AURA_Hybrid,1.0,False
V3_DECOY_0384,B0_Full_Suite,1.0,False
V3_DECOY_0384,B1_Keyword,1.0,False
V3_DECOY_0384,B2_Raw_Embedding,1.0,False
V3_DECOY_0384,B3_Graph_Only,1.0,False
V3_DECOY_0384,B4_Contextual_Embedding,1.0,False
V3_DECOY_0384,B5_AURA_Hybrid,1.0,False
V3_DECOY_0385,B0_Full_Suite,1.0,False
V3_DECOY_0385,B1_Keyword,1.0,False
V3_DECOY_0385,B2_Raw_Embedding,1.0,False
V3_DECOY_0385,B3_Graph_Only,1.0,False
V3_DECOY_0385,B4_Contextual_Embedding,1.0,False
V3_DECOY_0385,B5_AURA_Hybrid,1.0,False
V3_DECOY_0386,B0_Full_Suite,1.0,False
V3_DECOY_0386,B1_Keyword,1.0,False
V3_DECOY_0386,B2_Raw_Embedding,1.0,False
V3_DECOY_0386,B3_Graph_Only,1.0,False
V3_DECOY_0386,B4_Contextual_Embedding,1.0,False
V3_DECOY_0386,B5_AURA_Hybrid,1.0,False
V3_DECOY_0387,B0_Full_Suite,1.0,False
V3_DECOY_0387,B1_Keyword,1.0,False
V3_DECOY_0387,B2_Raw_Embedding,1.0,False
V3_DECOY_0387,B3_Graph_Only,1.0,False
V3_DECOY_0387,B4_Contextual_Embedding,1.0,False
V3_DECOY_0387,B5_AURA_Hybrid,1.0,False
V3_DECOY_0388,B0_Full_Suite,1.0,False
V3_DECOY_0388,B1_Keyword,1.0,False
V3_DECOY_0388,B2_Raw_Embedding,1.0,False
V3_DECOY_0388,B3_Graph_Only,1.0,False
V3_DECOY_0388,B4_Contextual_Embedding,1.0,False
V3_DECOY_0388,B5_AURA_Hybrid,1.0,False
V3_DECOY_0389,B0_Full_Suite,1.0,False
V3_DECOY_0389,B1_Keyword,1.0,False
V3_DECOY_0389,B2_Raw_Embedding,1.0,False
V3_DECOY_0389,B3_Graph_Only,1.0,False
V3_DECOY_0389,B4_Contextual_Embedding,1.0,False
V3_DECOY_0389,B5_AURA_Hybrid,1.0,False
V3_DECOY_0390,B0_Full_Suite,1.0,False
V3_DECOY_0390,B1_Keyword,1.0,False
V3_DECOY_0390,B2_Raw_Embedding,1.0,False
V3_DECOY_0390,B3_Graph_Only,1.0,False
V3_DECOY_0390,B4_Contextual_Embedding,1.0,False
V3_DECOY_0390,B5_AURA_Hybrid,1.0,False
V3_EXP_0001,B0_Full_Suite,1.0,False
V3_EXP_0001,B1_Keyword,1.0,False
V3_EXP_0001,B2_Raw_Embedding,1.0,False
V3_EXP_0001,B3_Graph_Only,1.0,False
V3_EXP_0001,B4_Contextual_Embedding,1.0,False
V3_EXP_0001,B5_AURA_Hybrid,1.0,False
V3_EXP_0002,B0_Full_Suite,1.0,False
V3_EXP_0002,B1_Keyword,1.0,False
V3_EXP_0002,B2_Raw_Embedding,1.0,False
V3_EXP_0002,B3_Graph_Only,1.0,False
V3_EXP_0002,B4_Contextual_Embedding,1.0,False
V3_EXP_0002,B5_AURA_Hybrid,1.0,False
V3_EXP_0003,B0_Full_Suite,1.0,False
V3_EXP_0003,B1_Keyword,1.0,False
V3_EXP_0003,B2_Raw_Embedding,1.0,False
V3_EXP_0003,B3_Graph_Only,1.0,False
V3_EXP_0003,B4_Contextual_Embedding,1.0,False
V3_EXP_0003,B5_AURA_Hybrid,1.0,False
V3_EXP_0004,B0_Full_Suite,1.0,False
V3_EXP_0004,B1_Keyword,1.0,False
V3_EXP_0004,B2_Raw_Embedding,1.0,False
V3_EXP_0004,B3_Graph_Only,1.0,False
V3_EXP_0004,B4_Contextual_Embedding,1.0,False
V3_EXP_0004,B5_AURA_Hybrid,1.0,False
V3_EXP_0005,B0_Full_Suite,1.0,False
V3_EXP_0005,B1_Keyword,1.0,False
V3_EXP_0005,B2_Raw_Embedding,1.0,False
V3_EXP_0005,B3_Graph_Only,1.0,False
V3_EXP_0005,B4_Contextual_Embedding,1.0,False
V3_EXP_0005,B5_AURA_Hybrid,1.0,False
V3_EXP_0006,B0_Full_Suite,1.0,False
V3_EXP_0006,B1_Keyword,1.0,False
V3_EXP_0006,B2_Raw_Embedding,1.0,False
V3_EXP_0006,B3_Graph_Only,1.0,False
V3_EXP_0006,B4_Contextual_Embedding,1.0,False
V3_EXP_0006,B5_AURA_Hybrid,1.0,False
V3_EXP_0007,B0_Full_Suite,1.0,False
V3_EXP_0007,B1_Keyword,1.0,False
V3_EXP_0007,B2_Raw_Embedding,1.0,False
V3_EXP_0007,B3_Graph_Only,1.0,False
V3_EXP_0007,B4_Contextual_Embedding,1.0,False
V3_EXP_0007,B5_AURA_Hybrid,1.0,False
V3_EXP_0008,B0_Full_Suite,1.0,False
V3_EXP_0008,B1_Keyword,1.0,False
V3_EXP_0008,B2_Raw_Embedding,1.0,False
V3_EXP_0008,B3_Graph_Only,1.0,False
V3_EXP_0008,B4_Contextual_Embedding,1.0,False
V3_EXP_0008,B5_AURA_Hybrid,1.0,False
V3_EXP_0009,B0_Full_Suite,1.0,False
V3_EXP_0009,B1_Keyword,1.0,False
V3_EXP_0009,B2_Raw_Embedding,1.0,False
V3_EXP_0009,B3_Graph_Only,1.0,False
V3_EXP_0009,B4_Contextual_Embedding,1.0,False
V3_EXP_0009,B5_AURA_Hybrid,1.0,False
V3_EXP_0010,B0_Full_Suite,1.0,False
V3_EXP_0010,B1_Keyword,1.0,False
V3_EXP_0010,B2_Raw_Embedding,1.0,False
V3_EXP_0010,B3_Graph_Only,1.0,False
V3_EXP_0010,B4_Contextual_Embedding,1.0,False
V3_EXP_0010,B5_AURA_Hybrid,1.0,False
V3_EXP_0011,B0_Full_Suite,1.0,False
V3_EXP_0011,B1_Keyword,1.0,False
V3_EXP_0011,B2_Raw_Embedding,1.0,False
V3_EXP_0011,B3_Graph_Only,1.0,False
V3_EXP_0011,B4_Contextual_Embedding,1.0,False
V3_EXP_0011,B5_AURA_Hybrid,1.0,False
V3_EXP_0012,B0_Full_Suite,1.0,False
V3_EXP_0012,B1_Keyword,1.0,False
V3_EXP_0012,B2_Raw_Embedding,1.0,False
V3_EXP_0012,B3_Graph_Only,1.0,False
V3_EXP_0012,B4_Contextual_Embedding,1.0,False
V3_EXP_0012,B5_AURA_Hybrid,1.0,False
V3_EXP_0013,B0_Full_Suite,1.0,False
V3_EXP_0013,B1_Keyword,1.0,False
V3_EXP_0013,B2_Raw_Embedding,1.0,False
V3_EXP_0013,B3_Graph_Only,1.0,False
V3_EXP_0013,B4_Contextual_Embedding,1.0,False
V3_EXP_0013,B5_AURA_Hybrid,1.0,False
V3_EXP_0014,B0_Full_Suite,1.0,False
V3_EXP_0014,B1_Keyword,1.0,False
V3_EXP_0014,B2_Raw_Embedding,1.0,False
V3_EXP_0014,B3_Graph_Only,1.0,False
V3_EXP_0014,B4_Contextual_Embedding,1.0,False
V3_EXP_0014,B5_AURA_Hybrid,1.0,False
V3_EXP_0015,B0_Full_Suite,1.0,False
V3_EXP_0015,B1_Keyword,1.0,False
V3_EXP_0015,B2_Raw_Embedding,1.0,False
V3_EXP_0015,B3_Graph_Only,1.0,False
V3_EXP_0015,B4_Contextual_Embedding,1.0,False
V3_EXP_0015,B5_AURA_Hybrid,1.0,False
V3_EXP_0016,B0_Full_Suite,1.0,False
V3_EXP_0016,B1_Keyword,1.0,False
V3_EXP_0016,B2_Raw_Embedding,1.0,False
V3_EXP_0016,B3_Graph_Only,1.0,False
V3_EXP_0016,B4_Contextual_Embedding,1.0,False
V3_EXP_0016,B5_AURA_Hybrid,1.0,False
V3_EXP_0017,B0_Full_Suite,1.0,False
V3_EXP_0017,B1_Keyword,1.0,False
V3_EXP_0017,B2_Raw_Embedding,1.0,False
V3_EXP_0017,B3_Graph_Only,1.0,False
V3_EXP_0017,B4_Contextual_Embedding,1.0,False
V3_EXP_0017,B5_AURA_Hybrid,1.0,False
V3_EXP_0018,B0_Full_Suite,1.0,False
V3_EXP_0018,B1_Keyword,1.0,False
V3_EXP_0018,B2_Raw_Embedding,1.0,False
V3_EXP_0018,B3_Graph_Only,1.0,False
V3_EXP_0018,B4_Contextual_Embedding,1.0,False
V3_EXP_0018,B5_AURA_Hybrid,1.0,False
V3_EXP_0019,B0_Full_Suite,1.0,False
V3_EXP_0019,B1_Keyword,1.0,False
V3_EXP_0019,B2_Raw_Embedding,1.0,False
V3_EXP_0019,B3_Graph_Only,1.0,False
V3_EXP_0019,B4_Contextual_Embedding,1.0,False
V3_EXP_0019,B5_AURA_Hybrid,1.0,False
V3_EXP_0020,B0_Full_Suite,1.0,False
V3_EXP_0020,B1_Keyword,1.0,False
V3_EXP_0020,B2_Raw_Embedding,1.0,False
V3_EXP_0020,B3_Graph_Only,1.0,False
V3_EXP_0020,B4_Contextual_Embedding,1.0,False
V3_EXP_0020,B5_AURA_Hybrid,1.0,False
V3_EXP_0021,B0_Full_Suite,1.0,False
V3_EXP_0021,B1_Keyword,1.0,False
V3_EXP_0021,B2_Raw_Embedding,1.0,False
V3_EXP_0021,B3_Graph_Only,1.0,False
V3_EXP_0021,B4_Contextual_Embedding,1.0,False
V3_EXP_0021,B5_AURA_Hybrid,1.0,False
V3_EXP_0022,B0_Full_Suite,1.0,False
V3_EXP_0022,B1_Keyword,1.0,False
V3_EXP_0022,B2_Raw_Embedding,1.0,False
V3_EXP_0022,B3_Graph_Only,1.0,False
V3_EXP_0022,B4_Contextual_Embedding,1.0,False
V3_EXP_0022,B5_AURA_Hybrid,1.0,False
V3_EXP_0023,B0_Full_Suite,1.0,False
V3_EXP_0023,B1_Keyword,1.0,False
V3_EXP_0023,B2_Raw_Embedding,1.0,False
V3_EXP_0023,B3_Graph_Only,1.0,False
V3_EXP_0023,B4_Contextual_Embedding,1.0,False
V3_EXP_0023,B5_AURA_Hybrid,1.0,False
V3_EXP_0024,B0_Full_Suite,1.0,False
V3_EXP_0024,B1_Keyword,1.0,False
V3_EXP_0024,B2_Raw_Embedding,1.0,False
V3_EXP_0024,B3_Graph_Only,1.0,False
V3_EXP_0024,B4_Contextual_Embedding,1.0,False
V3_EXP_0024,B5_AURA_Hybrid,1.0,False
V3_EXP_0025,B0_Full_Suite,1.0,False
V3_EXP_0025,B1_Keyword,1.0,False
V3_EXP_0025,B2_Raw_Embedding,1.0,False
V3_EXP_0025,B3_Graph_Only,1.0,False
V3_EXP_0025,B4_Contextual_Embedding,1.0,False
V3_EXP_0025,B5_AURA_Hybrid,1.0,False
V3_EXP_0026,B0_Full_Suite,1.0,False
V3_EXP_0026,B1_Keyword,1.0,False
V3_EXP_0026,B2_Raw_Embedding,1.0,False
V3_EXP_0026,B3_Graph_Only,1.0,False
V3_EXP_0026,B4_Contextual_Embedding,1.0,False
V3_EXP_0026,B5_AURA_Hybrid,1.0,False
V3_EXP_0027,B0_Full_Suite,1.0,False
V3_EXP_0027,B1_Keyword,1.0,False
V3_EXP_0027,B2_Raw_Embedding,1.0,False
V3_EXP_0027,B3_Graph_Only,1.0,False
V3_EXP_0027,B4_Contextual_Embedding,1.0,False
V3_EXP_0027,B5_AURA_Hybrid,1.0,False
V3_EXP_0028,B0_Full_Suite,1.0,False
V3_EXP_0028,B1_Keyword,1.0,False
V3_EXP_0028,B2_Raw_Embedding,1.0,False
V3_EXP_0028,B3_Graph_Only,1.0,False
V3_EXP_0028,B4_Contextual_Embedding,1.0,False
V3_EXP_0028,B5_AURA_Hybrid,1.0,False
V3_EXP_0029,B0_Full_Suite,1.0,False
V3_EXP_0029,B1_Keyword,1.0,False
V3_EXP_0029,B2_Raw_Embedding,1.0,False
V3_EXP_0029,B3_Graph_Only,1.0,False
V3_EXP_0029,B4_Contextual_Embedding,1.0,False
V3_EXP_0029,B5_AURA_Hybrid,1.0,False
V3_EXP_0030,B0_Full_Suite,1.0,False
V3_EXP_0030,B1_Keyword,1.0,False
V3_EXP_0030,B2_Raw_Embedding,1.0,False
V3_EXP_0030,B3_Graph_Only,1.0,False
V3_EXP_0030,B4_Contextual_Embedding,1.0,False
V3_EXP_0030,B5_AURA_Hybrid,1.0,False
V3_EXP_0031,B0_Full_Suite,1.0,False
V3_EXP_0031,B1_Keyword,1.0,False
V3_EXP_0031,B2_Raw_Embedding,1.0,False
V3_EXP_0031,B3_Graph_Only,1.0,False
V3_EXP_0031,B4_Contextual_Embedding,1.0,False
V3_EXP_0031,B5_AURA_Hybrid,1.0,False
V3_EXP_0032,B0_Full_Suite,1.0,False
V3_EXP_0032,B1_Keyword,1.0,False
V3_EXP_0032,B2_Raw_Embedding,1.0,False
V3_EXP_0032,B3_Graph_Only,1.0,False
V3_EXP_0032,B4_Contextual_Embedding,1.0,False
V3_EXP_0032,B5_AURA_Hybrid,1.0,False
V3_EXP_0033,B0_Full_Suite,1.0,False
V3_EXP_0033,B1_Keyword,1.0,False
V3_EXP_0033,B2_Raw_Embedding,1.0,False
V3_EXP_0033,B3_Graph_Only,1.0,False
V3_EXP_0033,B4_Contextual_Embedding,1.0,False
V3_EXP_0033,B5_AURA_Hybrid,1.0,False
V3_EXP_0034,B0_Full_Suite,1.0,False
V3_EXP_0034,B1_Keyword,1.0,False
V3_EXP_0034,B2_Raw_Embedding,1.0,False
V3_EXP_0034,B3_Graph_Only,1.0,False
V3_EXP_0034,B4_Contextual_Embedding,1.0,False
V3_EXP_0034,B5_AURA_Hybrid,1.0,False
V3_EXP_0035,B0_Full_Suite,1.0,False
V3_EXP_0035,B1_Keyword,1.0,False
V3_EXP_0035,B2_Raw_Embedding,1.0,False
V3_EXP_0035,B3_Graph_Only,1.0,False
V3_EXP_0035,B4_Contextual_Embedding,1.0,False
V3_EXP_0035,B5_AURA_Hybrid,1.0,False
V3_EXP_0036,B0_Full_Suite,1.0,False
V3_EXP_0036,B1_Keyword,1.0,False
V3_EXP_0036,B2_Raw_Embedding,1.0,False
V3_EXP_0036,B3_Graph_Only,1.0,False
V3_EXP_0036,B4_Contextual_Embedding,1.0,False
V3_EXP_0036,B5_AURA_Hybrid,1.0,False
V3_EXP_0037,B0_Full_Suite,1.0,False
V3_EXP_0037,B1_Keyword,1.0,False
V3_EXP_0037,B2_Raw_Embedding,1.0,False
V3_EXP_0037,B3_Graph_Only,1.0,False
V3_EXP_0037,B4_Contextual_Embedding,1.0,False
V3_EXP_0037,B5_AURA_Hybrid,1.0,False
V3_EXP_0038,B0_Full_Suite,1.0,False
V3_EXP_0038,B1_Keyword,1.0,False
V3_EXP_0038,B2_Raw_Embedding,1.0,False
V3_EXP_0038,B3_Graph_Only,1.0,False
V3_EXP_0038,B4_Contextual_Embedding,1.0,False
V3_EXP_0038,B5_AURA_Hybrid,1.0,False
V3_EXP_0039,B0_Full_Suite,1.0,False
V3_EXP_0039,B1_Keyword,1.0,False
V3_EXP_0039,B2_Raw_Embedding,1.0,False
V3_EXP_0039,B3_Graph_Only,1.0,False
V3_EXP_0039,B4_Contextual_Embedding,1.0,False
V3_EXP_0039,B5_AURA_Hybrid,1.0,False
V3_EXP_0040,B0_Full_Suite,1.0,False
V3_EXP_0040,B1_Keyword,1.0,False
V3_EXP_0040,B2_Raw_Embedding,1.0,False
V3_EXP_0040,B3_Graph_Only,1.0,False
V3_EXP_0040,B4_Contextual_Embedding,1.0,False
V3_EXP_0040,B5_AURA_Hybrid,1.0,False
V3_EXP_0041,B0_Full_Suite,1.0,False
V3_EXP_0041,B1_Keyword,1.0,False
V3_EXP_0041,B2_Raw_Embedding,1.0,False
V3_EXP_0041,B3_Graph_Only,1.0,False
V3_EXP_0041,B4_Contextual_Embedding,1.0,False
V3_EXP_0041,B5_AURA_Hybrid,1.0,False
V3_EXP_0042,B0_Full_Suite,1.0,False
V3_EXP_0042,B1_Keyword,1.0,False
V3_EXP_0042,B2_Raw_Embedding,1.0,False
V3_EXP_0042,B3_Graph_Only,1.0,False
V3_EXP_0042,B4_Contextual_Embedding,1.0,False
V3_EXP_0042,B5_AURA_Hybrid,1.0,False
V3_EXP_0043,B0_Full_Suite,1.0,False
V3_EXP_0043,B1_Keyword,1.0,False
V3_EXP_0043,B2_Raw_Embedding,1.0,False
V3_EXP_0043,B3_Graph_Only,1.0,False
V3_EXP_0043,B4_Contextual_Embedding,1.0,False
V3_EXP_0043,B5_AURA_Hybrid,1.0,False
V3_EXP_0044,B0_Full_Suite,1.0,False
V3_EXP_0044,B1_Keyword,1.0,False
V3_EXP_0044,B2_Raw_Embedding,1.0,False
V3_EXP_0044,B3_Graph_Only,1.0,False
V3_EXP_0044,B4_Contextual_Embedding,1.0,False
V3_EXP_0044,B5_AURA_Hybrid,1.0,False
V3_EXP_0045,B0_Full_Suite,1.0,False
V3_EXP_0045,B1_Keyword,1.0,False
V3_EXP_0045,B2_Raw_Embedding,1.0,False
V3_EXP_0045,B3_Graph_Only,1.0,False
V3_EXP_0045,B4_Contextual_Embedding,1.0,False
V3_EXP_0045,B5_AURA_Hybrid,1.0,False
V3_EXP_0046,B0_Full_Suite,1.0,False
V3_EXP_0046,B1_Keyword,1.0,False
V3_EXP_0046,B2_Raw_Embedding,1.0,False
V3_EXP_0046,B3_Graph_Only,1.0,False
V3_EXP_0046,B4_Contextual_Embedding,1.0,False
V3_EXP_0046,B5_AURA_Hybrid,1.0,False
V3_EXP_0047,B0_Full_Suite,1.0,False
V3_EXP_0047,B1_Keyword,1.0,False
V3_EXP_0047,B2_Raw_Embedding,1.0,False
V3_EXP_0047,B3_Graph_Only,1.0,False
V3_EXP_0047,B4_Contextual_Embedding,1.0,False
V3_EXP_0047,B5_AURA_Hybrid,1.0,False
V3_EXP_0048,B0_Full_Suite,1.0,False
V3_EXP_0048,B1_Keyword,1.0,False
V3_EXP_0048,B2_Raw_Embedding,1.0,False
V3_EXP_0048,B3_Graph_Only,1.0,False
V3_EXP_0048,B4_Contextual_Embedding,1.0,False
V3_EXP_0048,B5_AURA_Hybrid,1.0,False
V3_EXP_0049,B0_Full_Suite,1.0,False
V3_EXP_0049,B1_Keyword,1.0,False
V3_EXP_0049,B2_Raw_Embedding,1.0,False
V3_EXP_0049,B3_Graph_Only,1.0,False
V3_EXP_0049,B4_Contextual_Embedding,1.0,False
V3_EXP_0049,B5_AURA_Hybrid,1.0,False
V3_EXP_0050,B0_Full_Suite,1.0,False
V3_EXP_0050,B1_Keyword,1.0,False
V3_EXP_0050,B2_Raw_Embedding,1.0,False
V3_EXP_0050,B3_Graph_Only,1.0,False
V3_EXP_0050,B4_Contextual_Embedding,1.0,False
V3_EXP_0050,B5_AURA_Hybrid,1.0,False
V3_EXP_0051,B0_Full_Suite,1.0,False
V3_EXP_0051,B1_Keyword,1.0,False
V3_EXP_0051,B2_Raw_Embedding,1.0,False
V3_EXP_0051,B3_Graph_Only,1.0,False
V3_EXP_0051,B4_Contextual_Embedding,1.0,False
V3_EXP_0051,B5_AURA_Hybrid,1.0,False
V3_EXP_0052,B0_Full_Suite,1.0,False
V3_EXP_0052,B1_Keyword,1.0,False
V3_EXP_0052,B2_Raw_Embedding,1.0,False
V3_EXP_0052,B3_Graph_Only,1.0,False
V3_EXP_0052,B4_Contextual_Embedding,1.0,False
V3_EXP_0052,B5_AURA_Hybrid,1.0,False
V3_EXP_0053,B0_Full_Suite,1.0,False
V3_EXP_0053,B1_Keyword,1.0,False
V3_EXP_0053,B2_Raw_Embedding,1.0,False
V3_EXP_0053,B3_Graph_Only,1.0,False
V3_EXP_0053,B4_Contextual_Embedding,1.0,False
V3_EXP_0053,B5_AURA_Hybrid,1.0,False
V3_EXP_0054,B0_Full_Suite,1.0,False
V3_EXP_0054,B1_Keyword,1.0,False
V3_EXP_0054,B2_Raw_Embedding,1.0,False
V3_EXP_0054,B3_Graph_Only,1.0,False
V3_EXP_0054,B4_Contextual_Embedding,1.0,False
V3_EXP_0054,B5_AURA_Hybrid,1.0,False
V3_EXP_0055,B0_Full_Suite,1.0,False
V3_EXP_0055,B1_Keyword,1.0,False
V3_EXP_0055,B2_Raw_Embedding,1.0,False
V3_EXP_0055,B3_Graph_Only,1.0,False
V3_EXP_0055,B4_Contextual_Embedding,1.0,False
V3_EXP_0055,B5_AURA_Hybrid,1.0,False
V3_EXP_0056,B0_Full_Suite,1.0,False
V3_EXP_0056,B1_Keyword,1.0,False
V3_EXP_0056,B2_Raw_Embedding,1.0,False
V3_EXP_0056,B3_Graph_Only,1.0,False
V3_EXP_0056,B4_Contextual_Embedding,1.0,False
V3_EXP_0056,B5_AURA_Hybrid,1.0,False
V3_EXP_0057,B0_Full_Suite,1.0,False
V3_EXP_0057,B1_Keyword,1.0,False
V3_EXP_0057,B2_Raw_Embedding,1.0,False
V3_EXP_0057,B3_Graph_Only,1.0,False
V3_EXP_0057,B4_Contextual_Embedding,1.0,False
V3_EXP_0057,B5_AURA_Hybrid,1.0,False
V3_EXP_0058,B0_Full_Suite,1.0,False
V3_EXP_0058,B1_Keyword,1.0,False
V3_EXP_0058,B2_Raw_Embedding,1.0,False
V3_EXP_0058,B3_Graph_Only,1.0,False
V3_EXP_0058,B4_Contextual_Embedding,1.0,False
V3_EXP_0058,B5_AURA_Hybrid,1.0,False
V3_EXP_0059,B0_Full_Suite,1.0,False
V3_EXP_0059,B1_Keyword,1.0,False
V3_EXP_0059,B2_Raw_Embedding,1.0,False
V3_EXP_0059,B3_Graph_Only,1.0,False
V3_EXP_0059,B4_Contextual_Embedding,1.0,False
V3_EXP_0059,B5_AURA_Hybrid,1.0,False
V3_EXP_0060,B0_Full_Suite,1.0,False
V3_EXP_0060,B1_Keyword,1.0,False
V3_EXP_0060,B2_Raw_Embedding,1.0,False
V3_EXP_0060,B3_Graph_Only,1.0,False
V3_EXP_0060,B4_Contextual_Embedding,1.0,False
V3_EXP_0060,B5_AURA_Hybrid,1.0,False
V3_EXP_0061,B0_Full_Suite,1.0,False
V3_EXP_0061,B1_Keyword,1.0,False
V3_EXP_0061,B2_Raw_Embedding,1.0,False
V3_EXP_0061,B3_Graph_Only,1.0,False
V3_EXP_0061,B4_Contextual_Embedding,1.0,False
V3_EXP_0061,B5_AURA_Hybrid,1.0,False
V3_EXP_0062,B0_Full_Suite,1.0,False
V3_EXP_0062,B1_Keyword,1.0,False
V3_EXP_0062,B2_Raw_Embedding,1.0,False
V3_EXP_0062,B3_Graph_Only,1.0,False
V3_EXP_0062,B4_Contextual_Embedding,1.0,False
V3_EXP_0062,B5_AURA_Hybrid,1.0,False
V3_EXP_0063,B0_Full_Suite,1.0,False
V3_EXP_0063,B1_Keyword,1.0,False
V3_EXP_0063,B2_Raw_Embedding,1.0,False
V3_EXP_0063,B3_Graph_Only,1.0,False
V3_EXP_0063,B4_Contextual_Embedding,1.0,False
V3_EXP_0063,B5_AURA_Hybrid,1.0,False
V3_EXP_0064,B0_Full_Suite,1.0,False
V3_EXP_0064,B1_Keyword,1.0,False
V3_EXP_0064,B2_Raw_Embedding,1.0,False
V3_EXP_0064,B3_Graph_Only,1.0,False
V3_EXP_0064,B4_Contextual_Embedding,1.0,False
V3_EXP_0064,B5_AURA_Hybrid,1.0,False
V3_EXP_0065,B0_Full_Suite,1.0,False
V3_EXP_0065,B1_Keyword,1.0,False
V3_EXP_0065,B2_Raw_Embedding,1.0,False
V3_EXP_0065,B3_Graph_Only,1.0,False
V3_EXP_0065,B4_Contextual_Embedding,1.0,False
V3_EXP_0065,B5_AURA_Hybrid,1.0,False
V3_EXP_0066,B0_Full_Suite,1.0,False
V3_EXP_0066,B1_Keyword,1.0,False
V3_EXP_0066,B2_Raw_Embedding,1.0,False
V3_EXP_0066,B3_Graph_Only,1.0,False
V3_EXP_0066,B4_Contextual_Embedding,1.0,False
V3_EXP_0066,B5_AURA_Hybrid,1.0,False
V3_EXP_0067,B0_Full_Suite,1.0,False
V3_EXP_0067,B1_Keyword,1.0,False
V3_EXP_0067,B2_Raw_Embedding,1.0,False
V3_EXP_0067,B3_Graph_Only,1.0,False
V3_EXP_0067,B4_Contextual_Embedding,1.0,False
V3_EXP_0067,B5_AURA_Hybrid,1.0,False
V3_EXP_0068,B0_Full_Suite,1.0,False
V3_EXP_0068,B1_Keyword,1.0,False
V3_EXP_0068,B2_Raw_Embedding,1.0,False
V3_EXP_0068,B3_Graph_Only,1.0,False
V3_EXP_0068,B4_Contextual_Embedding,1.0,False
V3_EXP_0068,B5_AURA_Hybrid,1.0,False
V3_EXP_0069,B0_Full_Suite,1.0,False
V3_EXP_0069,B1_Keyword,1.0,False
V3_EXP_0069,B2_Raw_Embedding,1.0,False
V3_EXP_0069,B3_Graph_Only,1.0,False
V3_EXP_0069,B4_Contextual_Embedding,1.0,False
V3_EXP_0069,B5_AURA_Hybrid,1.0,False
V3_EXP_0070,B0_Full_Suite,1.0,False
V3_EXP_0070,B1_Keyword,1.0,False
V3_EXP_0070,B2_Raw_Embedding,1.0,False
V3_EXP_0070,B3_Graph_Only,1.0,False
V3_EXP_0070,B4_Contextual_Embedding,1.0,False
V3_EXP_0070,B5_AURA_Hybrid,1.0,False
V3_EXP_0071,B0_Full_Suite,1.0,False
V3_EXP_0071,B1_Keyword,1.0,False
V3_EXP_0071,B2_Raw_Embedding,1.0,False
V3_EXP_0071,B3_Graph_Only,1.0,False
V3_EXP_0071,B4_Contextual_Embedding,1.0,False
V3_EXP_0071,B5_AURA_Hybrid,1.0,False
V3_EXP_0072,B0_Full_Suite,1.0,False
V3_EXP_0072,B1_Keyword,1.0,False
V3_EXP_0072,B2_Raw_Embedding,1.0,False
V3_EXP_0072,B3_Graph_Only,1.0,False
V3_EXP_0072,B4_Contextual_Embedding,1.0,False
V3_EXP_0072,B5_AURA_Hybrid,1.0,False
V3_EXP_0073,B0_Full_Suite,1.0,False
V3_EXP_0073,B1_Keyword,1.0,False
V3_EXP_0073,B2_Raw_Embedding,1.0,False
V3_EXP_0073,B3_Graph_Only,1.0,False
V3_EXP_0073,B4_Contextual_Embedding,1.0,False
V3_EXP_0073,B5_AURA_Hybrid,1.0,False
V3_EXP_0074,B0_Full_Suite,1.0,False
V3_EXP_0074,B1_Keyword,1.0,False
V3_EXP_0074,B2_Raw_Embedding,1.0,False
V3_EXP_0074,B3_Graph_Only,1.0,False
V3_EXP_0074,B4_Contextual_Embedding,1.0,False
V3_EXP_0074,B5_AURA_Hybrid,1.0,False
V3_EXP_0075,B0_Full_Suite,1.0,False
V3_EXP_0075,B1_Keyword,1.0,False
V3_EXP_0075,B2_Raw_Embedding,1.0,False
V3_EXP_0075,B3_Graph_Only,1.0,False
V3_EXP_0075,B4_Contextual_Embedding,1.0,False
V3_EXP_0075,B5_AURA_Hybrid,1.0,False
V3_EXP_0076,B0_Full_Suite,1.0,False
V3_EXP_0076,B1_Keyword,1.0,False
V3_EXP_0076,B2_Raw_Embedding,1.0,False
V3_EXP_0076,B3_Graph_Only,1.0,False
V3_EXP_0076,B4_Contextual_Embedding,1.0,False
V3_EXP_0076,B5_AURA_Hybrid,1.0,False
V3_EXP_0077,B0_Full_Suite,1.0,False
V3_EXP_0077,B1_Keyword,1.0,False
V3_EXP_0077,B2_Raw_Embedding,1.0,False
V3_EXP_0077,B3_Graph_Only,1.0,False
V3_EXP_0077,B4_Contextual_Embedding,1.0,False
V3_EXP_0077,B5_AURA_Hybrid,1.0,False
V3_EXP_0078,B0_Full_Suite,1.0,False
V3_EXP_0078,B1_Keyword,1.0,False
V3_EXP_0078,B2_Raw_Embedding,1.0,False
V3_EXP_0078,B3_Graph_Only,1.0,False
V3_EXP_0078,B4_Contextual_Embedding,1.0,False
V3_EXP_0078,B5_AURA_Hybrid,1.0,False
V3_EXP_0079,B0_Full_Suite,1.0,False
V3_EXP_0079,B1_Keyword,1.0,False
V3_EXP_0079,B2_Raw_Embedding,1.0,False
V3_EXP_0079,B3_Graph_Only,1.0,False
V3_EXP_0079,B4_Contextual_Embedding,1.0,False
V3_EXP_0079,B5_AURA_Hybrid,1.0,False
V3_EXP_0080,B0_Full_Suite,1.0,False
V3_EXP_0080,B1_Keyword,1.0,False
V3_EXP_0080,B2_Raw_Embedding,1.0,False
V3_EXP_0080,B3_Graph_Only,1.0,False
V3_EXP_0080,B4_Contextual_Embedding,1.0,False
V3_EXP_0080,B5_AURA_Hybrid,1.0,False
V3_EXP_0081,B0_Full_Suite,1.0,False
V3_EXP_0081,B1_Keyword,1.0,False
V3_EXP_0081,B2_Raw_Embedding,1.0,False
V3_EXP_0081,B3_Graph_Only,1.0,False
V3_EXP_0081,B4_Contextual_Embedding,1.0,False
V3_EXP_0081,B5_AURA_Hybrid,1.0,False
V3_EXP_0082,B0_Full_Suite,1.0,False
V3_EXP_0082,B1_Keyword,1.0,False
V3_EXP_0082,B2_Raw_Embedding,1.0,False
V3_EXP_0082,B3_Graph_Only,1.0,False
V3_EXP_0082,B4_Contextual_Embedding,1.0,False
V3_EXP_0082,B5_AURA_Hybrid,1.0,False
V3_EXP_0083,B0_Full_Suite,1.0,False
V3_EXP_0083,B1_Keyword,1.0,False
V3_EXP_0083,B2_Raw_Embedding,1.0,False
V3_EXP_0083,B3_Graph_Only,1.0,False
V3_EXP_0083,B4_Contextual_Embedding,1.0,False
V3_EXP_0083,B5_AURA_Hybrid,1.0,False
V3_EXP_0084,B0_Full_Suite,1.0,False
V3_EXP_0084,B1_Keyword,1.0,False
V3_EXP_0084,B2_Raw_Embedding,1.0,False
V3_EXP_0084,B3_Graph_Only,1.0,False
V3_EXP_0084,B4_Contextual_Embedding,1.0,False
V3_EXP_0084,B5_AURA_Hybrid,1.0,False
V3_EXP_0085,B0_Full_Suite,1.0,False
V3_EXP_0085,B1_Keyword,1.0,False
V3_EXP_0085,B2_Raw_Embedding,1.0,False
V3_EXP_0085,B3_Graph_Only,1.0,False
V3_EXP_0085,B4_Contextual_Embedding,1.0,False
V3_EXP_0085,B5_AURA_Hybrid,1.0,False
V3_EXP_0086,B0_Full_Suite,1.0,False
V3_EXP_0086,B1_Keyword,1.0,False
V3_EXP_0086,B2_Raw_Embedding,1.0,False
V3_EXP_0086,B3_Graph_Only,1.0,False
V3_EXP_0086,B4_Contextual_Embedding,1.0,False
V3_EXP_0086,B5_AURA_Hybrid,1.0,False
V3_EXP_0087,B0_Full_Suite,1.0,False
V3_EXP_0087,B1_Keyword,1.0,False
V3_EXP_0087,B2_Raw_Embedding,1.0,False
V3_EXP_0087,B3_Graph_Only,1.0,False
V3_EXP_0087,B4_Contextual_Embedding,1.0,False
V3_EXP_0087,B5_AURA_Hybrid,1.0,False
V3_EXP_0088,B0_Full_Suite,1.0,False
V3_EXP_0088,B1_Keyword,1.0,False
V3_EXP_0088,B2_Raw_Embedding,1.0,False
V3_EXP_0088,B3_Graph_Only,1.0,False
V3_EXP_0088,B4_Contextual_Embedding,1.0,False
V3_EXP_0088,B5_AURA_Hybrid,1.0,False
V3_EXP_0089,B0_Full_Suite,1.0,False
V3_EXP_0089,B1_Keyword,1.0,False
V3_EXP_0089,B2_Raw_Embedding,1.0,False
V3_EXP_0089,B3_Graph_Only,1.0,False
V3_EXP_0089,B4_Contextual_Embedding,1.0,False
V3_EXP_0089,B5_AURA_Hybrid,1.0,False
V3_EXP_0090,B0_Full_Suite,1.0,False
V3_EXP_0090,B1_Keyword,1.0,False
V3_EXP_0090,B2_Raw_Embedding,1.0,False
V3_EXP_0090,B3_Graph_Only,1.0,False
V3_EXP_0090,B4_Contextual_Embedding,1.0,False
V3_EXP_0090,B5_AURA_Hybrid,1.0,False
V3_EXP_0091,B0_Full_Suite,1.0,False
V3_EXP_0091,B1_Keyword,1.0,False
V3_EXP_0091,B2_Raw_Embedding,1.0,False
V3_EXP_0091,B3_Graph_Only,1.0,False
V3_EXP_0091,B4_Contextual_Embedding,1.0,False
V3_EXP_0091,B5_AURA_Hybrid,1.0,False
V3_EXP_0092,B0_Full_Suite,1.0,False
V3_EXP_0092,B1_Keyword,1.0,False
V3_EXP_0092,B2_Raw_Embedding,1.0,False
V3_EXP_0092,B3_Graph_Only,1.0,False
V3_EXP_0092,B4_Contextual_Embedding,1.0,False
V3_EXP_0092,B5_AURA_Hybrid,1.0,False
V3_EXP_0093,B0_Full_Suite,1.0,False
V3_EXP_0093,B1_Keyword,1.0,False
V3_EXP_0093,B2_Raw_Embedding,1.0,False
V3_EXP_0093,B3_Graph_Only,1.0,False
V3_EXP_0093,B4_Contextual_Embedding,1.0,False
V3_EXP_0093,B5_AURA_Hybrid,1.0,False
V3_EXP_0094,B0_Full_Suite,1.0,False
V3_EXP_0094,B1_Keyword,1.0,False
V3_EXP_0094,B2_Raw_Embedding,1.0,False
V3_EXP_0094,B3_Graph_Only,1.0,False
V3_EXP_0094,B4_Contextual_Embedding,1.0,False
V3_EXP_0094,B5_AURA_Hybrid,1.0,False
V3_EXP_0095,B0_Full_Suite,1.0,False
V3_EXP_0095,B1_Keyword,1.0,False
V3_EXP_0095,B2_Raw_Embedding,1.0,False
V3_EXP_0095,B3_Graph_Only,1.0,False
V3_EXP_0095,B4_Contextual_Embedding,1.0,False
V3_EXP_0095,B5_AURA_Hybrid,1.0,False
V3_EXP_0096,B0_Full_Suite,1.0,False
V3_EXP_0096,B1_Keyword,1.0,False
V3_EXP_0096,B2_Raw_Embedding,1.0,False
V3_EXP_0096,B3_Graph_Only,1.0,False
V3_EXP_0096,B4_Contextual_Embedding,1.0,False
V3_EXP_0096,B5_AURA_Hybrid,1.0,False
V3_EXP_0097,B0_Full_Suite,1.0,False
V3_EXP_0097,B1_Keyword,1.0,False
V3_EXP_0097,B2_Raw_Embedding,1.0,False
V3_EXP_0097,B3_Graph_Only,1.0,False
V3_EXP_0097,B4_Contextual_Embedding,1.0,False
V3_EXP_0097,B5_AURA_Hybrid,1.0,False
V3_EXP_0098,B0_Full_Suite,1.0,False
V3_EXP_0098,B1_Keyword,1.0,False
V3_EXP_0098,B2_Raw_Embedding,1.0,False
V3_EXP_0098,B3_Graph_Only,1.0,False
V3_EXP_0098,B4_Contextual_Embedding,1.0,False
V3_EXP_0098,B5_AURA_Hybrid,1.0,False
V3_EXP_0099,B0_Full_Suite,1.0,False
V3_EXP_0099,B1_Keyword,1.0,False
V3_EXP_0099,B2_Raw_Embedding,1.0,False
V3_EXP_0099,B3_Graph_Only,1.0,False
V3_EXP_0099,B4_Contextual_Embedding,1.0,False
V3_EXP_0099,B5_AURA_Hybrid,1.0,False
V3_EXP_0100,B0_Full_Suite,1.0,False
V3_EXP_0100,B1_Keyword,1.0,False
V3_EXP_0100,B2_Raw_Embedding,1.0,False
V3_EXP_0100,B3_Graph_Only,1.0,False
V3_EXP_0100,B4_Contextual_Embedding,1.0,False
V3_EXP_0100,B5_AURA_Hybrid,1.0,False
V3_EXP_0101,B0_Full_Suite,1.0,False
V3_EXP_0101,B1_Keyword,1.0,False
V3_EXP_0101,B2_Raw_Embedding,1.0,False
V3_EXP_0101,B3_Graph_Only,1.0,False
V3_EXP_0101,B4_Contextual_Embedding,1.0,False
V3_EXP_0101,B5_AURA_Hybrid,1.0,False
V3_EXP_0102,B0_Full_Suite,1.0,False
V3_EXP_0102,B1_Keyword,1.0,False
V3_EXP_0102,B2_Raw_Embedding,1.0,False
V3_EXP_0102,B3_Graph_Only,1.0,False
V3_EXP_0102,B4_Contextual_Embedding,1.0,False
V3_EXP_0102,B5_AURA_Hybrid,1.0,False
V3_EXP_0103,B0_Full_Suite,1.0,False
V3_EXP_0103,B1_Keyword,1.0,False
V3_EXP_0103,B2_Raw_Embedding,1.0,False
V3_EXP_0103,B3_Graph_Only,1.0,False
V3_EXP_0103,B4_Contextual_Embedding,1.0,False
V3_EXP_0103,B5_AURA_Hybrid,1.0,False
V3_EXP_0104,B0_Full_Suite,1.0,False
V3_EXP_0104,B1_Keyword,1.0,False
V3_EXP_0104,B2_Raw_Embedding,1.0,False
V3_EXP_0104,B3_Graph_Only,1.0,False
V3_EXP_0104,B4_Contextual_Embedding,1.0,False
V3_EXP_0104,B5_AURA_Hybrid,1.0,False
V3_EXP_0105,B0_Full_Suite,1.0,False
V3_EXP_0105,B1_Keyword,1.0,False
V3_EXP_0105,B2_Raw_Embedding,1.0,False
V3_EXP_0105,B3_Graph_Only,1.0,False
V3_EXP_0105,B4_Contextual_Embedding,1.0,False
V3_EXP_0105,B5_AURA_Hybrid,1.0,False
V3_EXP_0106,B0_Full_Suite,1.0,False
V3_EXP_0106,B1_Keyword,1.0,False
V3_EXP_0106,B2_Raw_Embedding,1.0,False
V3_EXP_0106,B3_Graph_Only,1.0,False
V3_EXP_0106,B4_Contextual_Embedding,1.0,False
V3_EXP_0106,B5_AURA_Hybrid,1.0,False
V3_EXP_0107,B0_Full_Suite,1.0,False
V3_EXP_0107,B1_Keyword,1.0,False
V3_EXP_0107,B2_Raw_Embedding,1.0,False
V3_EXP_0107,B3_Graph_Only,1.0,False
V3_EXP_0107,B4_Contextual_Embedding,1.0,False
V3_EXP_0107,B5_AURA_Hybrid,1.0,False
V3_EXP_0108,B0_Full_Suite,1.0,False
V3_EXP_0108,B1_Keyword,1.0,False
V3_EXP_0108,B2_Raw_Embedding,1.0,False
V3_EXP_0108,B3_Graph_Only,1.0,False
V3_EXP_0108,B4_Contextual_Embedding,1.0,False
V3_EXP_0108,B5_AURA_Hybrid,1.0,False
V3_EXP_0109,B0_Full_Suite,1.0,False
V3_EXP_0109,B1_Keyword,1.0,False
V3_EXP_0109,B2_Raw_Embedding,1.0,False
V3_EXP_0109,B3_Graph_Only,1.0,False
V3_EXP_0109,B4_Contextual_Embedding,1.0,False
V3_EXP_0109,B5_AURA_Hybrid,1.0,False
V3_EXP_0110,B0_Full_Suite,1.0,False
V3_EXP_0110,B1_Keyword,1.0,False
V3_EXP_0110,B2_Raw_Embedding,1.0,False
V3_EXP_0110,B3_Graph_Only,1.0,False
V3_EXP_0110,B4_Contextual_Embedding,1.0,False
V3_EXP_0110,B5_AURA_Hybrid,1.0,False
V3_EXP_0111,B0_Full_Suite,1.0,False
V3_EXP_0111,B1_Keyword,1.0,False
V3_EXP_0111,B2_Raw_Embedding,1.0,False
V3_EXP_0111,B3_Graph_Only,1.0,False
V3_EXP_0111,B4_Contextual_Embedding,1.0,False
V3_EXP_0111,B5_AURA_Hybrid,1.0,False
V3_EXP_0112,B0_Full_Suite,1.0,False
V3_EXP_0112,B1_Keyword,1.0,False
V3_EXP_0112,B2_Raw_Embedding,1.0,False
V3_EXP_0112,B3_Graph_Only,1.0,False
V3_EXP_0112,B4_Contextual_Embedding,1.0,False
V3_EXP_0112,B5_AURA_Hybrid,1.0,False
V3_EXP_0113,B0_Full_Suite,1.0,False
V3_EXP_0113,B1_Keyword,1.0,False
V3_EXP_0113,B2_Raw_Embedding,1.0,False
V3_EXP_0113,B3_Graph_Only,1.0,False
V3_EXP_0113,B4_Contextual_Embedding,1.0,False
V3_EXP_0113,B5_AURA_Hybrid,1.0,False
V3_EXP_0114,B0_Full_Suite,1.0,False
V3_EXP_0114,B1_Keyword,1.0,False
V3_EXP_0114,B2_Raw_Embedding,1.0,False
V3_EXP_0114,B3_Graph_Only,1.0,False
V3_EXP_0114,B4_Contextual_Embedding,1.0,False
V3_EXP_0114,B5_AURA_Hybrid,1.0,False
V3_EXP_0115,B0_Full_Suite,1.0,False
V3_EXP_0115,B1_Keyword,1.0,False
V3_EXP_0115,B2_Raw_Embedding,1.0,False
V3_EXP_0115,B3_Graph_Only,1.0,False
V3_EXP_0115,B4_Contextual_Embedding,1.0,False
V3_EXP_0115,B5_AURA_Hybrid,1.0,False
V3_EXP_0116,B0_Full_Suite,1.0,False
V3_EXP_0116,B1_Keyword,1.0,False
V3_EXP_0116,B2_Raw_Embedding,1.0,False
V3_EXP_0116,B3_Graph_Only,1.0,False
V3_EXP_0116,B4_Contextual_Embedding,1.0,False
V3_EXP_0116,B5_AURA_Hybrid,1.0,False
V3_EXP_0117,B0_Full_Suite,1.0,False
V3_EXP_0117,B1_Keyword,1.0,False
V3_EXP_0117,B2_Raw_Embedding,1.0,False
V3_EXP_0117,B3_Graph_Only,1.0,False
V3_EXP_0117,B4_Contextual_Embedding,1.0,False
V3_EXP_0117,B5_AURA_Hybrid,1.0,False
V3_EXP_0118,B0_Full_Suite,1.0,False
V3_EXP_0118,B1_Keyword,1.0,False
V3_EXP_0118,B2_Raw_Embedding,1.0,False
V3_EXP_0118,B3_Graph_Only,1.0,False
V3_EXP_0118,B4_Contextual_Embedding,1.0,False
V3_EXP_0118,B5_AURA_Hybrid,1.0,False
V3_EXP_0119,B0_Full_Suite,1.0,False
V3_EXP_0119,B1_Keyword,1.0,False
V3_EXP_0119,B2_Raw_Embedding,1.0,False
V3_EXP_0119,B3_Graph_Only,1.0,False
V3_EXP_0119,B4_Contextual_Embedding,1.0,False
V3_EXP_0119,B5_AURA_Hybrid,1.0,False
V3_EXP_0120,B0_Full_Suite,1.0,False
V3_EXP_0120,B1_Keyword,1.0,False
V3_EXP_0120,B2_Raw_Embedding,1.0,False
V3_EXP_0120,B3_Graph_Only,1.0,False
V3_EXP_0120,B4_Contextual_Embedding,1.0,False
V3_EXP_0120,B5_AURA_Hybrid,1.0,False
V3_HIDDEN_0121,B0_Full_Suite,1.0,False
V3_HIDDEN_0121,B1_Keyword,1.0,False
V3_HIDDEN_0121,B2_Raw_Embedding,1.0,False
V3_HIDDEN_0121,B3_Graph_Only,1.0,False
V3_HIDDEN_0121,B4_Contextual_Embedding,1.0,False
V3_HIDDEN_0121,B5_AURA_Hybrid,1.0,False
V3_HIDDEN_0122,B0_Full_Suite,1.0,False
V3_HIDDEN_0122,B1_Keyword,1.0,False
V3_HIDDEN_0122,B2_Raw_Embedding,1.0,False
V3_HIDDEN_0122,B3_Graph_Only,1.0,False
V3_HIDDEN_0122,B4_Contextual_Embedding,1.0,False
V3_HIDDEN_0122,B5_AURA_Hybrid,1.0,False
V3_HIDDEN_0123,B0_Full_Suite,1.0,False
V3_HIDDEN_0123,B1_Keyword,1.0,False
V3_HIDDEN_0123,B2_Raw_Embedding,1.0,False
V3_HIDDEN_0123,B3_Graph_Only,1.0,False
V3_HIDDEN_0123,B4_Contextual_Embedding,1.0,False
V3_HIDDEN_0123,B5_AURA_Hybrid,1.0,False
V3_HIDDEN_0124,B0_Full_Suite,1.0,False
V3_HIDDEN_0124,B1_Keyword,1.0,False
V3_HIDDEN_0124,B2_Raw_Embedding,1.0,False
V3_HIDDEN_0124,B3_Graph_Only,1.0,False
V3_HIDDEN_0124,B4_Contextual_Embedding,1.0,False
V3_HIDDEN_0124,B5_AURA_Hybrid,1.0,False
V3_HIDDEN_0125,B0_Full_Suite,1.0,False
V3_HIDDEN_0125,B1_Keyword,1.0,False
V3_HIDDEN_0125,B2_Raw_Embedding,1.0,False
V3_HIDDEN_0125,B3_Graph_Only,1.0,False
V3_HIDDEN_0125,B4_Contextual_Embedding,1.0,False
V3_HIDDEN_0125,B5_AURA_Hybrid,1.0,False
V3_HIDDEN_0126,B0_Full_Suite,1.0,False
V3_HIDDEN_0126,B1_Keyword,1.0,False
V3_HIDDEN_0126,B2_Raw_Embedding,1.0,False
V3_HIDDEN_0126,B3_Graph_Only,1.0,False
V3_HIDDEN_0126,B4_Contextual_Embedding,1.0,False
V3_HIDDEN_0126,B5_AURA_Hybrid,1.0,False
V3_HIDDEN_0127,B0_Full_Suite,1.0,False
V3_HIDDEN_0127,B1_Keyword,1.0,False
V3_HIDDEN_0127,B2_Raw_Embedding,1.0,False
V3_HIDDEN_0127,B3_Graph_Only,1.0,False
V3_HIDDEN_0127,B4_Contextual_Embedding,1.0,False
V3_HIDDEN_0127,B5_AURA_Hybrid,1.0,False
V3_HIDDEN_0128,B0_Full_Suite,1.0,False
V3_HIDDEN_0128,B1_Keyword,1.0,False
V3_HIDDEN_0128,B2_Raw_Embedding,1.0,False
V3_HIDDEN_0128,B3_Graph_Only,1.0,False
V3_HIDDEN_0128,B4_Contextual_Embedding,1.0,False
V3_HIDDEN_0128,B5_AURA_Hybrid,1.0,False
V3_HIDDEN_0129,B0_Full_Suite,1.0,False
V3_HIDDEN_0129,B1_Keyword,1.0,False
V3_HIDDEN_0129,B2_Raw_Embedding,1.0,False
V3_HIDDEN_0129,B3_Graph_Only,1.0,False
V3_HIDDEN_0129,B4_Contextual_Embedding,1.0,False
V3_HIDDEN_0129,B5_AURA_Hybrid,1.0,False
V3_HIDDEN_0130,B0_Full_Suite,1.0,False
V3_HIDDEN_0130,B1_Keyword,1.0,False
V3_HIDDEN_0130,B2_Raw_Embedding,1.0,False
V3_HIDDEN_0130,B3_Graph_Only,1.0,False
V3_HIDDEN_0130,B4_Contextual_Embedding,1.0,False
V3_HIDDEN_0130,B5_AURA_Hybrid,1.0,False
V3_HIDDEN_0131,B0_Full_Suite,1.0,False
V3_HIDDEN_0131,B1_Keyword,1.0,False
V3_HIDDEN_0131,B2_Raw_Embedding,1.0,False
V3_HIDDEN_0131,B3_Graph_Only,1.0,False
V3_HIDDEN_0131,B4_Contextual_Embedding,1.0,False
V3_HIDDEN_0131,B5_AURA_Hybrid,1.0,False
V3_HIDDEN_0132,B0_Full_Suite,1.0,False
V3_HIDDEN_0132,B1_Keyword,1.0,False
V3_HIDDEN_0132,B2_Raw_Embedding,1.0,False
V3_HIDDEN_0132,B3_Graph_Only,1.0,False
V3_HIDDEN_0132,B4_Contextual_Embedding,1.0,False
V3_HIDDEN_0132,B5_AURA_Hybrid,1.0,False
V3_HIDDEN_0133,B0_Full_Suite,1.0,False
V3_HIDDEN_0133,B1_Keyword,1.0,False
V3_HIDDEN_0133,B2_Raw_Embedding,1.0,False
V3_HIDDEN_0133,B3_Graph_Only,1.0,False
V3_HIDDEN_0133,B4_Contextual_Embedding,1.0,False
V3_HIDDEN_0133,B5_AURA_Hybrid,1.0,False
V3_HIDDEN_0134,B0_Full_Suite,1.0,False
V3_HIDDEN_0134,B1_Keyword,1.0,False
V3_HIDDEN_0134,B2_Raw_Embedding,1.0,False
V3_HIDDEN_0134,B3_Graph_Only,1.0,False
V3_HIDDEN_0134,B4_Contextual_Embedding,1.0,False
V3_HIDDEN_0134,B5_AURA_Hybrid,1.0,False
V3_HIDDEN_0135,B0_Full_Suite,1.0,False
V3_HIDDEN_0135,B1_Keyword,1.0,False
V3_HIDDEN_0135,B2_Raw_Embedding,1.0,False
V3_HIDDEN_0135,B3_Graph_Only,1.0,False
V3_HIDDEN_0135,B4_Contextual_Embedding,1.0,False
V3_HIDDEN_0135,B5_AURA_Hybrid,1.0,False
V3_HIDDEN_0136,B0_Full_Suite,1.0,False
V3_HIDDEN_0136,B1_Keyword,1.0,False
V3_HIDDEN_0136,B2_Raw_Embedding,1.0,False
V3_HIDDEN_0136,B3_Graph_Only,1.0,False
V3_HIDDEN_0136,B4_Contextual_Embedding,1.0,False
V3_HIDDEN_0136,B5_AURA_Hybrid,1.0,False
V3_HIDDEN_0137,B0_Full_Suite,1.0,False
V3_HIDDEN_0137,B1_Keyword,1.0,False
V3_HIDDEN_0137,B2_Raw_Embedding,1.0,False
V3_HIDDEN_0137,B3_Graph_Only,1.0,False
V3_HIDDEN_0137,B4_Contextual_Embedding,1.0,False
V3_HIDDEN_0137,B5_AURA_Hybrid,1.0,False
V3_HIDDEN_0138,B0_Full_Suite,1.0,False
V3_HIDDEN_0138,B1_Keyword,1.0,False
V3_HIDDEN_0138,B2_Raw_Embedding,1.0,False
V3_HIDDEN_0138,B3_Graph_Only,1.0,False
V3_HIDDEN_0138,B4_Contextual_Embedding,1.0,False
V3_HIDDEN_0138,B5_AURA_Hybrid,1.0,False
V3_HIDDEN_0139,B0_Full_Suite,1.0,False
V3_HIDDEN_0139,B1_Keyword,1.0,False
V3_HIDDEN_0139,B2_Raw_Embedding,1.0,False
V3_HIDDEN_0139,B3_Graph_Only,1.0,False
V3_HIDDEN_0139,B4_Contextual_Embedding,1.0,False
V3_HIDDEN_0139,B5_AURA_Hybrid,1.0,False
V3_HIDDEN_0140,B0_Full_Suite,1.0,False
V3_HIDDEN_0140,B1_Keyword,1.0,False
V3_HIDDEN_0140,B2_Raw_Embedding,1.0,False
V3_HIDDEN_0140,B3_Graph_Only,1.0,False
V3_HIDDEN_0140,B4_Contextual_Embedding,1.0,False
V3_HIDDEN_0140,B5_AURA_Hybrid,1.0,False
V3_HIDDEN_0141,B0_Full_Suite,1.0,False
V3_HIDDEN_0141,B1_Keyword,1.0,False
V3_HIDDEN_0141,B2_Raw_Embedding,1.0,False
V3_HIDDEN_0141,B3_Graph_Only,1.0,False
V3_HIDDEN_0141,B4_Contextual_Embedding,1.0,False
V3_HIDDEN_0141,B5_AURA_Hybrid,1.0,False
V3_HIDDEN_0142,B0_Full_Suite,1.0,False
V3_HIDDEN_0142,B1_Keyword,1.0,False
V3_HIDDEN_0142,B2_Raw_Embedding,1.0,False
V3_HIDDEN_0142,B3_Graph_Only,1.0,False
V3_HIDDEN_0142,B4_Contextual_Embedding,1.0,False
V3_HIDDEN_0142,B5_AURA_Hybrid,1.0,False
V3_HIDDEN_0143,B0_Full_Suite,1.0,False
V3_HIDDEN_0143,B1_Keyword,1.0,False
V3_HIDDEN_0143,B2_Raw_Embedding,1.0,False
V3_HIDDEN_0143,B3_Graph_Only,1.0,False
V3_HIDDEN_0143,B4_Contextual_Embedding,1.0,False
V3_HIDDEN_0143,B5_AURA_Hybrid,1.0,False
V3_HIDDEN_0144,B0_Full_Suite,1.0,False
V3_HIDDEN_0144,B1_Keyword,1.0,False
V3_HIDDEN_0144,B2_Raw_Embedding,1.0,False
V3_HIDDEN_0144,B3_Graph_Only,1.0,False
V3_HIDDEN_0144,B4_Contextual_Embedding,1.0,False
V3_HIDDEN_0144,B5_AURA_Hybrid,1.0,False
V3_HIDDEN_0145,B0_Full_Suite,1.0,False
V3_HIDDEN_0145,B1_Keyword,1.0,False
V3_HIDDEN_0145,B2_Raw_Embedding,1.0,False
V3_HIDDEN_0145,B3_Graph_Only,1.0,False
V3_HIDDEN_0145,B4_Contextual_Embedding,1.0,False
V3_HIDDEN_0145,B5_AURA_Hybrid,1.0,False
V3_HIDDEN_0146,B0_Full_Suite,1.0,False
V3_HIDDEN_0146,B1_Keyword,1.0,False
V3_HIDDEN_0146,B2_Raw_Embedding,1.0,False
V3_HIDDEN_0146,B3_Graph_Only,1.0,False
V3_HIDDEN_0146,B4_Contextual_Embedding,1.0,False
V3_HIDDEN_0146,B5_AURA_Hybrid,1.0,False
V3_HIDDEN_0147,B0_Full_Suite,1.0,False
V3_HIDDEN_0147,B1_Keyword,1.0,False
V3_HIDDEN_0147,B2_Raw_Embedding,1.0,False
V3_HIDDEN_0147,B3_Graph_Only,1.0,False
V3_HIDDEN_0147,B4_Contextual_Embedding,1.0,False
V3_HIDDEN_0147,B5_AURA_Hybrid,1.0,False
V3_HIDDEN_0148,B0_Full_Suite,1.0,False
V3_HIDDEN_0148,B1_Keyword,1.0,False
V3_HIDDEN_0148,B2_Raw_Embedding,1.0,False
V3_HIDDEN_0148,B3_Graph_Only,1.0,False
V3_HIDDEN_0148,B4_Contextual_Embedding,1.0,False
V3_HIDDEN_0148,B5_AURA_Hybrid,1.0,False
V3_HIDDEN_0149,B0_Full_Suite,1.0,False
V3_HIDDEN_0149,B1_Keyword,1.0,False
V3_HIDDEN_0149,B2_Raw_Embedding,1.0,False
V3_HIDDEN_0149,B3_Graph_Only,1.0,False
V3_HIDDEN_0149,B4_Contextual_Embedding,1.0,False
V3_HIDDEN_0149,B5_AURA_Hybrid,1.0,False
V3_HIDDEN_0150,B0_Full_Suite,1.0,False
V3_HIDDEN_0150,B1_Keyword,1.0,False
V3_HIDDEN_0150,B2_Raw_Embedding,1.0,False
V3_HIDDEN_0150,B3_Graph_Only,1.0,False
V3_HIDDEN_0150,B4_Contextual_Embedding,1.0,False
V3_HIDDEN_0150,B5_AURA_Hybrid,1.0,False
V3_HIDDEN_0151,B0_Full_Suite,1.0,False
V3_HIDDEN_0151,B1_Keyword,1.0,False
V3_HIDDEN_0151,B2_Raw_Embedding,1.0,False
V3_HIDDEN_0151,B3_Graph_Only,1.0,False
V3_HIDDEN_0151,B4_Contextual_Embedding,1.0,False
V3_HIDDEN_0151,B5_AURA_Hybrid,1.0,False
V3_HIDDEN_0152,B0_Full_Suite,1.0,False
V3_HIDDEN_0152,B1_Keyword,1.0,False
V3_HIDDEN_0152,B2_Raw_Embedding,1.0,False
V3_HIDDEN_0152,B3_Graph_Only,1.0,False
V3_HIDDEN_0152,B4_Contextual_Embedding,1.0,False
V3_HIDDEN_0152,B5_AURA_Hybrid,1.0,False
V3_HIDDEN_0153,B0_Full_Suite,1.0,False
V3_HIDDEN_0153,B1_Keyword,1.0,False
V3_HIDDEN_0153,B2_Raw_Embedding,1.0,False
V3_HIDDEN_0153,B3_Graph_Only,1.0,False
V3_HIDDEN_0153,B4_Contextual_Embedding,1.0,False
V3_HIDDEN_0153,B5_AURA_Hybrid,1.0,False
V3_HIDDEN_0154,B0_Full_Suite,1.0,False
V3_HIDDEN_0154,B1_Keyword,1.0,False
V3_HIDDEN_0154,B2_Raw_Embedding,1.0,False
V3_HIDDEN_0154,B3_Graph_Only,1.0,False
V3_HIDDEN_0154,B4_Contextual_Embedding,1.0,False
V3_HIDDEN_0154,B5_AURA_Hybrid,1.0,False
V3_HIDDEN_0155,B0_Full_Suite,1.0,False
V3_HIDDEN_0155,B1_Keyword,1.0,False
V3_HIDDEN_0155,B2_Raw_Embedding,1.0,False
V3_HIDDEN_0155,B3_Graph_Only,1.0,False
V3_HIDDEN_0155,B4_Contextual_Embedding,1.0,False
V3_HIDDEN_0155,B5_AURA_Hybrid,1.0,False
V3_HIDDEN_0156,B0_Full_Suite,1.0,False
V3_HIDDEN_0156,B1_Keyword,1.0,False
V3_HIDDEN_0156,B2_Raw_Embedding,1.0,False
V3_HIDDEN_0156,B3_Graph_Only,1.0,False
V3_HIDDEN_0156,B4_Contextual_Embedding,1.0,False
V3_HIDDEN_0156,B5_AURA_Hybrid,1.0,False
V3_HIDDEN_0157,B0_Full_Suite,1.0,False
V3_HIDDEN_0157,B1_Keyword,1.0,False
V3_HIDDEN_0157,B2_Raw_Embedding,1.0,False
V3_HIDDEN_0157,B3_Graph_Only,1.0,False
V3_HIDDEN_0157,B4_Contextual_Embedding,1.0,False
V3_HIDDEN_0157,B5_AURA_Hybrid,1.0,False
V3_HIDDEN_0158,B0_Full_Suite,1.0,False
V3_HIDDEN_0158,B1_Keyword,1.0,False
V3_HIDDEN_0158,B2_Raw_Embedding,1.0,False
V3_HIDDEN_0158,B3_Graph_Only,1.0,False
V3_HIDDEN_0158,B4_Contextual_Embedding,1.0,False
V3_HIDDEN_0158,B5_AURA_Hybrid,1.0,False
V3_HIDDEN_0159,B0_Full_Suite,1.0,False
V3_HIDDEN_0159,B1_Keyword,1.0,False
V3_HIDDEN_0159,B2_Raw_Embedding,1.0,False
V3_HIDDEN_0159,B3_Graph_Only,1.0,False
V3_HIDDEN_0159,B4_Contextual_Embedding,1.0,False
V3_HIDDEN_0159,B5_AURA_Hybrid,1.0,False
V3_HIDDEN_0160,B0_Full_Suite,1.0,False
V3_HIDDEN_0160,B1_Keyword,1.0,False
V3_HIDDEN_0160,B2_Raw_Embedding,1.0,False
V3_HIDDEN_0160,B3_Graph_Only,1.0,False
V3_HIDDEN_0160,B4_Contextual_Embedding,1.0,False
V3_HIDDEN_0160,B5_AURA_Hybrid,1.0,False
V3_HIDDEN_0161,B0_Full_Suite,1.0,False
V3_HIDDEN_0161,B1_Keyword,1.0,False
V3_HIDDEN_0161,B2_Raw_Embedding,1.0,False
V3_HIDDEN_0161,B3_Graph_Only,1.0,False
V3_HIDDEN_0161,B4_Contextual_Embedding,1.0,False
V3_HIDDEN_0161,B5_AURA_Hybrid,1.0,False
V3_HIDDEN_0162,B0_Full_Suite,1.0,False
V3_HIDDEN_0162,B1_Keyword,1.0,False
V3_HIDDEN_0162,B2_Raw_Embedding,1.0,False
V3_HIDDEN_0162,B3_Graph_Only,1.0,False
V3_HIDDEN_0162,B4_Contextual_Embedding,1.0,False
V3_HIDDEN_0162,B5_AURA_Hybrid,1.0,False
V3_HIDDEN_0163,B0_Full_Suite,1.0,False
V3_HIDDEN_0163,B1_Keyword,1.0,False
V3_HIDDEN_0163,B2_Raw_Embedding,1.0,False
V3_HIDDEN_0163,B3_Graph_Only,1.0,False
V3_HIDDEN_0163,B4_Contextual_Embedding,1.0,False
V3_HIDDEN_0163,B5_AURA_Hybrid,1.0,False
V3_HIDDEN_0164,B0_Full_Suite,1.0,False
V3_HIDDEN_0164,B1_Keyword,1.0,False
V3_HIDDEN_0164,B2_Raw_Embedding,1.0,False
V3_HIDDEN_0164,B3_Graph_Only,1.0,False
V3_HIDDEN_0164,B4_Contextual_Embedding,1.0,False
V3_HIDDEN_0164,B5_AURA_Hybrid,1.0,False
V3_HIDDEN_0165,B0_Full_Suite,1.0,False
V3_HIDDEN_0165,B1_Keyword,1.0,False
V3_HIDDEN_0165,B2_Raw_Embedding,1.0,False
V3_HIDDEN_0165,B3_Graph_Only,1.0,False
V3_HIDDEN_0165,B4_Contextual_Embedding,1.0,False
V3_HIDDEN_0165,B5_AURA_Hybrid,1.0,False
V3_HIDDEN_0166,B0_Full_Suite,1.0,False
V3_HIDDEN_0166,B1_Keyword,1.0,False
V3_HIDDEN_0166,B2_Raw_Embedding,1.0,False
V3_HIDDEN_0166,B3_Graph_Only,1.0,False
V3_HIDDEN_0166,B4_Contextual_Embedding,1.0,False
V3_HIDDEN_0166,B5_AURA_Hybrid,1.0,False
V3_HIDDEN_0167,B0_Full_Suite,1.0,False
V3_HIDDEN_0167,B1_Keyword,1.0,False
V3_HIDDEN_0167,B2_Raw_Embedding,1.0,False
V3_HIDDEN_0167,B3_Graph_Only,1.0,False
V3_HIDDEN_0167,B4_Contextual_Embedding,1.0,False
V3_HIDDEN_0167,B5_AURA_Hybrid,1.0,False
V3_HIDDEN_0168,B0_Full_Suite,1.0,False
V3_HIDDEN_0168,B1_Keyword,1.0,False
V3_HIDDEN_0168,B2_Raw_Embedding,1.0,False
V3_HIDDEN_0168,B3_Graph_Only,1.0,False
V3_HIDDEN_0168,B4_Contextual_Embedding,1.0,False
V3_HIDDEN_0168,B5_AURA_Hybrid,1.0,False
V3_HIDDEN_0169,B0_Full_Suite,1.0,False
V3_HIDDEN_0169,B1_Keyword,1.0,False
V3_HIDDEN_0169,B2_Raw_Embedding,1.0,False
V3_HIDDEN_0169,B3_Graph_Only,1.0,False
V3_HIDDEN_0169,B4_Contextual_Embedding,1.0,False
V3_HIDDEN_0169,B5_AURA_Hybrid,1.0,False
V3_HIDDEN_0170,B0_Full_Suite,1.0,False
V3_HIDDEN_0170,B1_Keyword,1.0,False
V3_HIDDEN_0170,B2_Raw_Embedding,1.0,False
V3_HIDDEN_0170,B3_Graph_Only,1.0,False
V3_HIDDEN_0170,B4_Contextual_Embedding,1.0,False
V3_HIDDEN_0170,B5_AURA_Hybrid,1.0,False
V3_HIDDEN_0171,B0_Full_Suite,1.0,False
V3_HIDDEN_0171,B1_Keyword,1.0,False
V3_HIDDEN_0171,B2_Raw_Embedding,1.0,False
V3_HIDDEN_0171,B3_Graph_Only,1.0,False
V3_HIDDEN_0171,B4_Contextual_Embedding,1.0,False
V3_HIDDEN_0171,B5_AURA_Hybrid,1.0,False
V3_HIDDEN_0172,B0_Full_Suite,1.0,False
V3_HIDDEN_0172,B1_Keyword,1.0,False
V3_HIDDEN_0172,B2_Raw_Embedding,1.0,False
V3_HIDDEN_0172,B3_Graph_Only,1.0,False
V3_HIDDEN_0172,B4_Contextual_Embedding,1.0,False
V3_HIDDEN_0172,B5_AURA_Hybrid,1.0,False
V3_HIDDEN_0173,B0_Full_Suite,1.0,False
V3_HIDDEN_0173,B1_Keyword,1.0,False
V3_HIDDEN_0173,B2_Raw_Embedding,1.0,False
V3_HIDDEN_0173,B3_Graph_Only,1.0,False
V3_HIDDEN_0173,B4_Contextual_Embedding,1.0,False
V3_HIDDEN_0173,B5_AURA_Hybrid,1.0,False
V3_HIDDEN_0174,B0_Full_Suite,1.0,False
V3_HIDDEN_0174,B1_Keyword,1.0,False
V3_HIDDEN_0174,B2_Raw_Embedding,1.0,False
V3_HIDDEN_0174,B3_Graph_Only,1.0,False
V3_HIDDEN_0174,B4_Contextual_Embedding,1.0,False
V3_HIDDEN_0174,B5_AURA_Hybrid,1.0,False
V3_HIDDEN_0175,B0_Full_Suite,1.0,False
V3_HIDDEN_0175,B1_Keyword,1.0,False
V3_HIDDEN_0175,B2_Raw_Embedding,1.0,False
V3_HIDDEN_0175,B3_Graph_Only,1.0,False
V3_HIDDEN_0175,B4_Contextual_Embedding,1.0,False
V3_HIDDEN_0175,B5_AURA_Hybrid,1.0,False
V3_HIDDEN_0176,B0_Full_Suite,1.0,False
V3_HIDDEN_0176,B1_Keyword,1.0,False
V3_HIDDEN_0176,B2_Raw_Embedding,1.0,False
V3_HIDDEN_0176,B3_Graph_Only,1.0,False
V3_HIDDEN_0176,B4_Contextual_Embedding,1.0,False
V3_HIDDEN_0176,B5_AURA_Hybrid,1.0,False
V3_HIDDEN_0177,B0_Full_Suite,1.0,False
V3_HIDDEN_0177,B1_Keyword,1.0,False
V3_HIDDEN_0177,B2_Raw_Embedding,1.0,False
V3_HIDDEN_0177,B3_Graph_Only,1.0,False
V3_HIDDEN_0177,B4_Contextual_Embedding,1.0,False
V3_HIDDEN_0177,B5_AURA_Hybrid,1.0,False
V3_HIDDEN_0178,B0_Full_Suite,1.0,False
V3_HIDDEN_0178,B1_Keyword,1.0,False
V3_HIDDEN_0178,B2_Raw_Embedding,1.0,False
V3_HIDDEN_0178,B3_Graph_Only,1.0,False
V3_HIDDEN_0178,B4_Contextual_Embedding,1.0,False
V3_HIDDEN_0178,B5_AURA_Hybrid,1.0,False
V3_HIDDEN_0179,B0_Full_Suite,1.0,False
V3_HIDDEN_0179,B1_Keyword,1.0,False
V3_HIDDEN_0179,B2_Raw_Embedding,1.0,False
V3_HIDDEN_0179,B3_Graph_Only,1.0,False
V3_HIDDEN_0179,B4_Contextual_Embedding,1.0,False
V3_HIDDEN_0179,B5_AURA_Hybrid,1.0,False
V3_HIDDEN_0180,B0_Full_Suite,1.0,False
V3_HIDDEN_0180,B1_Keyword,1.0,False
V3_HIDDEN_0180,B2_Raw_Embedding,1.0,False
V3_HIDDEN_0180,B3_Graph_Only,1.0,False
V3_HIDDEN_0180,B4_Contextual_Embedding,1.0,False
V3_HIDDEN_0180,B5_AURA_Hybrid,1.0,False
V3_HIDDEN_0181,B0_Full_Suite,1.0,False
V3_HIDDEN_0181,B1_Keyword,1.0,False
V3_HIDDEN_0181,B2_Raw_Embedding,1.0,False
V3_HIDDEN_0181,B3_Graph_Only,1.0,False
V3_HIDDEN_0181,B4_Contextual_Embedding,1.0,False
V3_HIDDEN_0181,B5_AURA_Hybrid,1.0,False
V3_HIDDEN_0182,B0_Full_Suite,1.0,False
V3_HIDDEN_0182,B1_Keyword,1.0,False
V3_HIDDEN_0182,B2_Raw_Embedding,1.0,False
V3_HIDDEN_0182,B3_Graph_Only,1.0,False
V3_HIDDEN_0182,B4_Contextual_Embedding,1.0,False
V3_HIDDEN_0182,B5_AURA_Hybrid,1.0,False
V3_HIDDEN_0183,B0_Full_Suite,1.0,False
V3_HIDDEN_0183,B1_Keyword,1.0,False
V3_HIDDEN_0183,B2_Raw_Embedding,1.0,False
V3_HIDDEN_0183,B3_Graph_Only,1.0,False
V3_HIDDEN_0183,B4_Contextual_Embedding,1.0,False
V3_HIDDEN_0183,B5_AURA_Hybrid,1.0,False
V3_HIDDEN_0184,B0_Full_Suite,1.0,False
V3_HIDDEN_0184,B1_Keyword,1.0,False
V3_HIDDEN_0184,B2_Raw_Embedding,1.0,False
V3_HIDDEN_0184,B3_Graph_Only,1.0,False
V3_HIDDEN_0184,B4_Contextual_Embedding,1.0,False
V3_HIDDEN_0184,B5_AURA_Hybrid,1.0,False
V3_HIDDEN_0185,B0_Full_Suite,1.0,False
V3_HIDDEN_0185,B1_Keyword,1.0,False
V3_HIDDEN_0185,B2_Raw_Embedding,1.0,False
V3_HIDDEN_0185,B3_Graph_Only,1.0,False
V3_HIDDEN_0185,B4_Contextual_Embedding,1.0,False
V3_HIDDEN_0185,B5_AURA_Hybrid,1.0,False
V3_HIDDEN_0186,B0_Full_Suite,1.0,False
V3_HIDDEN_0186,B1_Keyword,1.0,False
V3_HIDDEN_0186,B2_Raw_Embedding,1.0,False
V3_HIDDEN_0186,B3_Graph_Only,1.0,False
V3_HIDDEN_0186,B4_Contextual_Embedding,1.0,False
V3_HIDDEN_0186,B5_AURA_Hybrid,1.0,False
V3_HIDDEN_0187,B0_Full_Suite,1.0,False
V3_HIDDEN_0187,B1_Keyword,1.0,False
V3_HIDDEN_0187,B2_Raw_Embedding,1.0,False
V3_HIDDEN_0187,B3_Graph_Only,1.0,False
V3_HIDDEN_0187,B4_Contextual_Embedding,1.0,False
V3_HIDDEN_0187,B5_AURA_Hybrid,1.0,False
V3_HIDDEN_0188,B0_Full_Suite,1.0,False
V3_HIDDEN_0188,B1_Keyword,1.0,False
V3_HIDDEN_0188,B2_Raw_Embedding,1.0,False
V3_HIDDEN_0188,B3_Graph_Only,1.0,False
V3_HIDDEN_0188,B4_Contextual_Embedding,1.0,False
V3_HIDDEN_0188,B5_AURA_Hybrid,1.0,False
V3_HIDDEN_0189,B0_Full_Suite,1.0,False
V3_HIDDEN_0189,B1_Keyword,1.0,False
V3_HIDDEN_0189,B2_Raw_Embedding,1.0,False
V3_HIDDEN_0189,B3_Graph_Only,1.0,False
V3_HIDDEN_0189,B4_Contextual_Embedding,1.0,False
V3_HIDDEN_0189,B5_AURA_Hybrid,1.0,False
V3_HIDDEN_0190,B0_Full_Suite,1.0,False
V3_HIDDEN_0190,B1_Keyword,1.0,False
V3_HIDDEN_0190,B2_Raw_Embedding,1.0,False
V3_HIDDEN_0190,B3_Graph_Only,1.0,False
V3_HIDDEN_0190,B4_Contextual_Embedding,1.0,False
V3_HIDDEN_0190,B5_AURA_Hybrid,1.0,False
V3_HIDDEN_0191,B0_Full_Suite,1.0,False
V3_HIDDEN_0191,B1_Keyword,1.0,False
V3_HIDDEN_0191,B2_Raw_Embedding,1.0,False
V3_HIDDEN_0191,B3_Graph_Only,1.0,False
V3_HIDDEN_0191,B4_Contextual_Embedding,1.0,False
V3_HIDDEN_0191,B5_AURA_Hybrid,1.0,False
V3_HIDDEN_0192,B0_Full_Suite,1.0,False
V3_HIDDEN_0192,B1_Keyword,1.0,False
V3_HIDDEN_0192,B2_Raw_Embedding,1.0,False
V3_HIDDEN_0192,B3_Graph_Only,1.0,False
V3_HIDDEN_0192,B4_Contextual_Embedding,1.0,False
V3_HIDDEN_0192,B5_AURA_Hybrid,1.0,False
V3_HIDDEN_0193,B0_Full_Suite,1.0,False
V3_HIDDEN_0193,B1_Keyword,1.0,False
V3_HIDDEN_0193,B2_Raw_Embedding,1.0,False
V3_HIDDEN_0193,B3_Graph_Only,1.0,False
V3_HIDDEN_0193,B4_Contextual_Embedding,1.0,False
V3_HIDDEN_0193,B5_AURA_Hybrid,1.0,False
V3_HIDDEN_0194,B0_Full_Suite,1.0,False
V3_HIDDEN_0194,B1_Keyword,1.0,False
V3_HIDDEN_0194,B2_Raw_Embedding,1.0,False
V3_HIDDEN_0194,B3_Graph_Only,1.0,False
V3_HIDDEN_0194,B4_Contextual_Embedding,1.0,False
V3_HIDDEN_0194,B5_AURA_Hybrid,1.0,False
V3_HIDDEN_0195,B0_Full_Suite,1.0,False
V3_HIDDEN_0195,B1_Keyword,1.0,False
V3_HIDDEN_0195,B2_Raw_Embedding,1.0,False
V3_HIDDEN_0195,B3_Graph_Only,1.0,False
V3_HIDDEN_0195,B4_Contextual_Embedding,1.0,False
V3_HIDDEN_0195,B5_AURA_Hybrid,1.0,False
V3_HIDDEN_0196,B0_Full_Suite,1.0,False
V3_HIDDEN_0196,B1_Keyword,1.0,False
V3_HIDDEN_0196,B2_Raw_Embedding,1.0,False
V3_HIDDEN_0196,B3_Graph_Only,1.0,False
V3_HIDDEN_0196,B4_Contextual_Embedding,1.0,False
V3_HIDDEN_0196,B5_AURA_Hybrid,1.0,False
V3_HIDDEN_0197,B0_Full_Suite,1.0,False
V3_HIDDEN_0197,B1_Keyword,1.0,False
V3_HIDDEN_0197,B2_Raw_Embedding,1.0,False
V3_HIDDEN_0197,B3_Graph_Only,1.0,False
V3_HIDDEN_0197,B4_Contextual_Embedding,1.0,False
V3_HIDDEN_0197,B5_AURA_Hybrid,1.0,False
V3_HIDDEN_0198,B0_Full_Suite,1.0,False
V3_HIDDEN_0198,B1_Keyword,1.0,False
V3_HIDDEN_0198,B2_Raw_Embedding,1.0,False
V3_HIDDEN_0198,B3_Graph_Only,1.0,False
V3_HIDDEN_0198,B4_Contextual_Embedding,1.0,False
V3_HIDDEN_0198,B5_AURA_Hybrid,1.0,False
V3_HIDDEN_0199,B0_Full_Suite,1.0,False
V3_HIDDEN_0199,B1_Keyword,1.0,False
V3_HIDDEN_0199,B2_Raw_Embedding,1.0,False
V3_HIDDEN_0199,B3_Graph_Only,1.0,False
V3_HIDDEN_0199,B4_Contextual_Embedding,1.0,False
V3_HIDDEN_0199,B5_AURA_Hybrid,1.0,False
V3_HIDDEN_0200,B0_Full_Suite,1.0,False
V3_HIDDEN_0200,B1_Keyword,1.0,False
V3_HIDDEN_0200,B2_Raw_Embedding,1.0,False
V3_HIDDEN_0200,B3_Graph_Only,1.0,False
V3_HIDDEN_0200,B4_Contextual_Embedding,1.0,False
V3_HIDDEN_0200,B5_AURA_Hybrid,1.0,False
V3_HIDDEN_0201,B0_Full_Suite,1.0,False
V3_HIDDEN_0201,B1_Keyword,1.0,False
V3_HIDDEN_0201,B2_Raw_Embedding,1.0,False
V3_HIDDEN_0201,B3_Graph_Only,1.0,False
V3_HIDDEN_0201,B4_Contextual_Embedding,1.0,False
V3_HIDDEN_0201,B5_AURA_Hybrid,1.0,False
V3_HIDDEN_0202,B0_Full_Suite,1.0,False
V3_HIDDEN_0202,B1_Keyword,1.0,False
V3_HIDDEN_0202,B2_Raw_Embedding,1.0,False
V3_HIDDEN_0202,B3_Graph_Only,1.0,False
V3_HIDDEN_0202,B4_Contextual_Embedding,1.0,False
V3_HIDDEN_0202,B5_AURA_Hybrid,1.0,False
V3_HIDDEN_0203,B0_Full_Suite,1.0,False
V3_HIDDEN_0203,B1_Keyword,1.0,False
V3_HIDDEN_0203,B2_Raw_Embedding,1.0,False
V3_HIDDEN_0203,B3_Graph_Only,1.0,False
V3_HIDDEN_0203,B4_Contextual_Embedding,1.0,False
V3_HIDDEN_0203,B5_AURA_Hybrid,1.0,False
V3_HIDDEN_0204,B0_Full_Suite,1.0,False
V3_HIDDEN_0204,B1_Keyword,1.0,False
V3_HIDDEN_0204,B2_Raw_Embedding,1.0,False
V3_HIDDEN_0204,B3_Graph_Only,1.0,False
V3_HIDDEN_0204,B4_Contextual_Embedding,1.0,False
V3_HIDDEN_0204,B5_AURA_Hybrid,1.0,False
V3_HIDDEN_0205,B0_Full_Suite,1.0,False
V3_HIDDEN_0205,B1_Keyword,1.0,False
V3_HIDDEN_0205,B2_Raw_Embedding,1.0,False
V3_HIDDEN_0205,B3_Graph_Only,1.0,False
V3_HIDDEN_0205,B4_Contextual_Embedding,1.0,False
V3_HIDDEN_0205,B5_AURA_Hybrid,1.0,False
V3_HIDDEN_0206,B0_Full_Suite,1.0,False
V3_HIDDEN_0206,B1_Keyword,1.0,False
V3_HIDDEN_0206,B2_Raw_Embedding,1.0,False
V3_HIDDEN_0206,B3_Graph_Only,1.0,False
V3_HIDDEN_0206,B4_Contextual_Embedding,1.0,False
V3_HIDDEN_0206,B5_AURA_Hybrid,1.0,False
V3_HIDDEN_0207,B0_Full_Suite,1.0,False
V3_HIDDEN_0207,B1_Keyword,1.0,False
V3_HIDDEN_0207,B2_Raw_Embedding,1.0,False
V3_HIDDEN_0207,B3_Graph_Only,1.0,False
V3_HIDDEN_0207,B4_Contextual_Embedding,1.0,False
V3_HIDDEN_0207,B5_AURA_Hybrid,1.0,False
V3_HIDDEN_0208,B0_Full_Suite,1.0,False
V3_HIDDEN_0208,B1_Keyword,1.0,False
V3_HIDDEN_0208,B2_Raw_Embedding,1.0,False
V3_HIDDEN_0208,B3_Graph_Only,1.0,False
V3_HIDDEN_0208,B4_Contextual_Embedding,1.0,False
V3_HIDDEN_0208,B5_AURA_Hybrid,1.0,False
V3_HIDDEN_0209,B0_Full_Suite,1.0,False
V3_HIDDEN_0209,B1_Keyword,1.0,False
V3_HIDDEN_0209,B2_Raw_Embedding,1.0,False
V3_HIDDEN_0209,B3_Graph_Only,1.0,False
V3_HIDDEN_0209,B4_Contextual_Embedding,1.0,False
V3_HIDDEN_0209,B5_AURA_Hybrid,1.0,False
V3_HIDDEN_0210,B0_Full_Suite,1.0,False
V3_HIDDEN_0210,B1_Keyword,1.0,False
V3_HIDDEN_0210,B2_Raw_Embedding,1.0,False
V3_HIDDEN_0210,B3_Graph_Only,1.0,False
V3_HIDDEN_0210,B4_Contextual_Embedding,1.0,False
V3_HIDDEN_0210,B5_AURA_Hybrid,1.0,False
V3_HIDDEN_0211,B0_Full_Suite,1.0,False
V3_HIDDEN_0211,B1_Keyword,1.0,False
V3_HIDDEN_0211,B2_Raw_Embedding,1.0,False
V3_HIDDEN_0211,B3_Graph_Only,1.0,False
V3_HIDDEN_0211,B4_Contextual_Embedding,1.0,False
V3_HIDDEN_0211,B5_AURA_Hybrid,1.0,False
V3_HIDDEN_0212,B0_Full_Suite,1.0,False
V3_HIDDEN_0212,B1_Keyword,1.0,False
V3_HIDDEN_0212,B2_Raw_Embedding,1.0,False
V3_HIDDEN_0212,B3_Graph_Only,1.0,False
V3_HIDDEN_0212,B4_Contextual_Embedding,1.0,False
V3_HIDDEN_0212,B5_AURA_Hybrid,1.0,False
V3_HIDDEN_0213,B0_Full_Suite,1.0,False
V3_HIDDEN_0213,B1_Keyword,1.0,False
V3_HIDDEN_0213,B2_Raw_Embedding,1.0,False
V3_HIDDEN_0213,B3_Graph_Only,1.0,False
V3_HIDDEN_0213,B4_Contextual_Embedding,1.0,False
V3_HIDDEN_0213,B5_AURA_Hybrid,1.0,False
V3_HIDDEN_0214,B0_Full_Suite,1.0,False
V3_HIDDEN_0214,B1_Keyword,1.0,False
V3_HIDDEN_0214,B2_Raw_Embedding,1.0,False
V3_HIDDEN_0214,B3_Graph_Only,1.0,False
V3_HIDDEN_0214,B4_Contextual_Embedding,1.0,False
V3_HIDDEN_0214,B5_AURA_Hybrid,1.0,False
V3_HIDDEN_0215,B0_Full_Suite,1.0,False
V3_HIDDEN_0215,B1_Keyword,1.0,False
V3_HIDDEN_0215,B2_Raw_Embedding,1.0,False
V3_HIDDEN_0215,B3_Graph_Only,1.0,False
V3_HIDDEN_0215,B4_Contextual_Embedding,1.0,False
V3_HIDDEN_0215,B5_AURA_Hybrid,1.0,False
V3_HIDDEN_0216,B0_Full_Suite,1.0,False
V3_HIDDEN_0216,B1_Keyword,1.0,False
V3_HIDDEN_0216,B2_Raw_Embedding,1.0,False
V3_HIDDEN_0216,B3_Graph_Only,1.0,False
V3_HIDDEN_0216,B4_Contextual_Embedding,1.0,False
V3_HIDDEN_0216,B5_AURA_Hybrid,1.0,False
V3_HIDDEN_0217,B0_Full_Suite,1.0,False
V3_HIDDEN_0217,B1_Keyword,1.0,False
V3_HIDDEN_0217,B2_Raw_Embedding,1.0,False
V3_HIDDEN_0217,B3_Graph_Only,1.0,False
V3_HIDDEN_0217,B4_Contextual_Embedding,1.0,False
V3_HIDDEN_0217,B5_AURA_Hybrid,1.0,False
V3_HIDDEN_0218,B0_Full_Suite,1.0,False
V3_HIDDEN_0218,B1_Keyword,1.0,False
V3_HIDDEN_0218,B2_Raw_Embedding,1.0,False
V3_HIDDEN_0218,B3_Graph_Only,1.0,False
V3_HIDDEN_0218,B4_Contextual_Embedding,1.0,False
V3_HIDDEN_0218,B5_AURA_Hybrid,1.0,False
V3_HIDDEN_0219,B0_Full_Suite,1.0,False
V3_HIDDEN_0219,B1_Keyword,1.0,False
V3_HIDDEN_0219,B2_Raw_Embedding,1.0,False
V3_HIDDEN_0219,B3_Graph_Only,1.0,False
V3_HIDDEN_0219,B4_Contextual_Embedding,1.0,False
V3_HIDDEN_0219,B5_AURA_Hybrid,1.0,False
V3_HIDDEN_0220,B0_Full_Suite,1.0,False
V3_HIDDEN_0220,B1_Keyword,1.0,False
V3_HIDDEN_0220,B2_Raw_Embedding,1.0,False
V3_HIDDEN_0220,B3_Graph_Only,1.0,False
V3_HIDDEN_0220,B4_Contextual_Embedding,1.0,False
V3_HIDDEN_0220,B5_AURA_Hybrid,1.0,False
V3_HIDDEN_0221,B0_Full_Suite,1.0,False
V3_HIDDEN_0221,B1_Keyword,1.0,False
V3_HIDDEN_0221,B2_Raw_Embedding,1.0,False
V3_HIDDEN_0221,B3_Graph_Only,1.0,False
V3_HIDDEN_0221,B4_Contextual_Embedding,1.0,False
V3_HIDDEN_0221,B5_AURA_Hybrid,1.0,False
V3_HIDDEN_0222,B0_Full_Suite,1.0,False
V3_HIDDEN_0222,B1_Keyword,1.0,False
V3_HIDDEN_0222,B2_Raw_Embedding,1.0,False
V3_HIDDEN_0222,B3_Graph_Only,1.0,False
V3_HIDDEN_0222,B4_Contextual_Embedding,1.0,False
V3_HIDDEN_0222,B5_AURA_Hybrid,1.0,False
V3_HIDDEN_0223,B0_Full_Suite,1.0,False
V3_HIDDEN_0223,B1_Keyword,1.0,False
V3_HIDDEN_0223,B2_Raw_Embedding,1.0,False
V3_HIDDEN_0223,B3_Graph_Only,1.0,False
V3_HIDDEN_0223,B4_Contextual_Embedding,1.0,False
V3_HIDDEN_0223,B5_AURA_Hybrid,1.0,False
V3_HIDDEN_0224,B0_Full_Suite,1.0,False
V3_HIDDEN_0224,B1_Keyword,1.0,False
V3_HIDDEN_0224,B2_Raw_Embedding,1.0,False
V3_HIDDEN_0224,B3_Graph_Only,1.0,False
V3_HIDDEN_0224,B4_Contextual_Embedding,1.0,False
V3_HIDDEN_0224,B5_AURA_Hybrid,1.0,False
V3_HIDDEN_0225,B0_Full_Suite,1.0,False
V3_HIDDEN_0225,B1_Keyword,1.0,False
V3_HIDDEN_0225,B2_Raw_Embedding,1.0,False
V3_HIDDEN_0225,B3_Graph_Only,1.0,False
V3_HIDDEN_0225,B4_Contextual_Embedding,1.0,False
V3_HIDDEN_0225,B5_AURA_Hybrid,1.0,False
V3_HIDDEN_0226,B0_Full_Suite,1.0,False
V3_HIDDEN_0226,B1_Keyword,1.0,False
V3_HIDDEN_0226,B2_Raw_Embedding,1.0,False
V3_HIDDEN_0226,B3_Graph_Only,1.0,False
V3_HIDDEN_0226,B4_Contextual_Embedding,1.0,False
V3_HIDDEN_0226,B5_AURA_Hybrid,1.0,False
V3_HIDDEN_0227,B0_Full_Suite,1.0,False
V3_HIDDEN_0227,B1_Keyword,1.0,False
V3_HIDDEN_0227,B2_Raw_Embedding,1.0,False
V3_HIDDEN_0227,B3_Graph_Only,1.0,False
V3_HIDDEN_0227,B4_Contextual_Embedding,1.0,False
V3_HIDDEN_0227,B5_AURA_Hybrid,1.0,False
V3_HIDDEN_0228,B0_Full_Suite,1.0,False
V3_HIDDEN_0228,B1_Keyword,1.0,False
V3_HIDDEN_0228,B2_Raw_Embedding,1.0,False
V3_HIDDEN_0228,B3_Graph_Only,1.0,False
V3_HIDDEN_0228,B4_Contextual_Embedding,1.0,False
V3_HIDDEN_0228,B5_AURA_Hybrid,1.0,False
V3_HIDDEN_0229,B0_Full_Suite,1.0,False
V3_HIDDEN_0229,B1_Keyword,1.0,False
V3_HIDDEN_0229,B2_Raw_Embedding,1.0,False
V3_HIDDEN_0229,B3_Graph_Only,1.0,False
V3_HIDDEN_0229,B4_Contextual_Embedding,1.0,False
V3_HIDDEN_0229,B5_AURA_Hybrid,1.0,False
V3_HIDDEN_0230,B0_Full_Suite,1.0,False
V3_HIDDEN_0230,B1_Keyword,1.0,False
V3_HIDDEN_0230,B2_Raw_Embedding,1.0,False
V3_HIDDEN_0230,B3_Graph_Only,1.0,False
V3_HIDDEN_0230,B4_Contextual_Embedding,1.0,False
V3_HIDDEN_0230,B5_AURA_Hybrid,1.0,False
V3_HIDDEN_0231,B0_Full_Suite,1.0,False
V3_HIDDEN_0231,B1_Keyword,1.0,False
V3_HIDDEN_0231,B2_Raw_Embedding,1.0,False
V3_HIDDEN_0231,B3_Graph_Only,1.0,False
V3_HIDDEN_0231,B4_Contextual_Embedding,1.0,False
V3_HIDDEN_0231,B5_AURA_Hybrid,1.0,False
V3_HIDDEN_0232,B0_Full_Suite,1.0,False
V3_HIDDEN_0232,B1_Keyword,1.0,False
V3_HIDDEN_0232,B2_Raw_Embedding,1.0,False
V3_HIDDEN_0232,B3_Graph_Only,1.0,False
V3_HIDDEN_0232,B4_Contextual_Embedding,1.0,False
V3_HIDDEN_0232,B5_AURA_Hybrid,1.0,False
V3_HIDDEN_0233,B0_Full_Suite,1.0,False
V3_HIDDEN_0233,B1_Keyword,1.0,False
V3_HIDDEN_0233,B2_Raw_Embedding,1.0,False
V3_HIDDEN_0233,B3_Graph_Only,1.0,False
V3_HIDDEN_0233,B4_Contextual_Embedding,1.0,False
V3_HIDDEN_0233,B5_AURA_Hybrid,1.0,False
V3_HIDDEN_0234,B0_Full_Suite,1.0,False
V3_HIDDEN_0234,B1_Keyword,1.0,False
V3_HIDDEN_0234,B2_Raw_Embedding,1.0,False
V3_HIDDEN_0234,B3_Graph_Only,1.0,False
V3_HIDDEN_0234,B4_Contextual_Embedding,1.0,False
V3_HIDDEN_0234,B5_AURA_Hybrid,1.0,False
V3_HIDDEN_0235,B0_Full_Suite,1.0,False
V3_HIDDEN_0235,B1_Keyword,1.0,False
V3_HIDDEN_0235,B2_Raw_Embedding,1.0,False
V3_HIDDEN_0235,B3_Graph_Only,1.0,False
V3_HIDDEN_0235,B4_Contextual_Embedding,1.0,False
V3_HIDDEN_0235,B5_AURA_Hybrid,1.0,False
V3_HIDDEN_0236,B0_Full_Suite,1.0,False
V3_HIDDEN_0236,B1_Keyword,1.0,False
V3_HIDDEN_0236,B2_Raw_Embedding,1.0,False
V3_HIDDEN_0236,B3_Graph_Only,1.0,False
V3_HIDDEN_0236,B4_Contextual_Embedding,1.0,False
V3_HIDDEN_0236,B5_AURA_Hybrid,1.0,False
V3_HIDDEN_0237,B0_Full_Suite,1.0,False
V3_HIDDEN_0237,B1_Keyword,1.0,False
V3_HIDDEN_0237,B2_Raw_Embedding,1.0,False
V3_HIDDEN_0237,B3_Graph_Only,1.0,False
V3_HIDDEN_0237,B4_Contextual_Embedding,1.0,False
V3_HIDDEN_0237,B5_AURA_Hybrid,1.0,False
V3_HIDDEN_0238,B0_Full_Suite,1.0,False
V3_HIDDEN_0238,B1_Keyword,1.0,False
V3_HIDDEN_0238,B2_Raw_Embedding,1.0,False
V3_HIDDEN_0238,B3_Graph_Only,1.0,False
V3_HIDDEN_0238,B4_Contextual_Embedding,1.0,False
V3_HIDDEN_0238,B5_AURA_Hybrid,1.0,False
V3_HIDDEN_0239,B0_Full_Suite,1.0,False
V3_HIDDEN_0239,B1_Keyword,1.0,False
V3_HIDDEN_0239,B2_Raw_Embedding,1.0,False
V3_HIDDEN_0239,B3_Graph_Only,1.0,False
V3_HIDDEN_0239,B4_Contextual_Embedding,1.0,False
V3_HIDDEN_0239,B5_AURA_Hybrid,1.0,False
V3_HIDDEN_0240,B0_Full_Suite,1.0,False
V3_HIDDEN_0240,B1_Keyword,1.0,False
V3_HIDDEN_0240,B2_Raw_Embedding,1.0,False
V3_HIDDEN_0240,B3_Graph_Only,1.0,False
V3_HIDDEN_0240,B4_Contextual_Embedding,1.0,False
V3_HIDDEN_0240,B5_AURA_Hybrid,1.0,False
V3_HIDDEN_0241,B0_Full_Suite,1.0,False
V3_HIDDEN_0241,B1_Keyword,1.0,False
V3_HIDDEN_0241,B2_Raw_Embedding,1.0,False
V3_HIDDEN_0241,B3_Graph_Only,1.0,False
V3_HIDDEN_0241,B4_Contextual_Embedding,1.0,False
V3_HIDDEN_0241,B5_AURA_Hybrid,1.0,False
V3_HIDDEN_0242,B0_Full_Suite,1.0,False
V3_HIDDEN_0242,B1_Keyword,1.0,False
V3_HIDDEN_0242,B2_Raw_Embedding,1.0,False
V3_HIDDEN_0242,B3_Graph_Only,1.0,False
V3_HIDDEN_0242,B4_Contextual_Embedding,1.0,False
V3_HIDDEN_0242,B5_AURA_Hybrid,1.0,False
V3_HIDDEN_0243,B0_Full_Suite,1.0,False
V3_HIDDEN_0243,B1_Keyword,1.0,False
V3_HIDDEN_0243,B2_Raw_Embedding,1.0,False
V3_HIDDEN_0243,B3_Graph_Only,1.0,False
V3_HIDDEN_0243,B4_Contextual_Embedding,1.0,False
V3_HIDDEN_0243,B5_AURA_Hybrid,1.0,False
V3_HIDDEN_0244,B0_Full_Suite,1.0,False
V3_HIDDEN_0244,B1_Keyword,1.0,False
V3_HIDDEN_0244,B2_Raw_Embedding,1.0,False
V3_HIDDEN_0244,B3_Graph_Only,1.0,False
V3_HIDDEN_0244,B4_Contextual_Embedding,1.0,False
V3_HIDDEN_0244,B5_AURA_Hybrid,1.0,False
V3_HIDDEN_0245,B0_Full_Suite,1.0,False
V3_HIDDEN_0245,B1_Keyword,1.0,False
V3_HIDDEN_0245,B2_Raw_Embedding,1.0,False
V3_HIDDEN_0245,B3_Graph_Only,1.0,False
V3_HIDDEN_0245,B4_Contextual_Embedding,1.0,False
V3_HIDDEN_0245,B5_AURA_Hybrid,1.0,False
V3_HIDDEN_0246,B0_Full_Suite,1.0,False
V3_HIDDEN_0246,B1_Keyword,1.0,False
V3_HIDDEN_0246,B2_Raw_Embedding,1.0,False
V3_HIDDEN_0246,B3_Graph_Only,1.0,False
V3_HIDDEN_0246,B4_Contextual_Embedding,1.0,False
V3_HIDDEN_0246,B5_AURA_Hybrid,1.0,False
V3_HIDDEN_0247,B0_Full_Suite,1.0,False
V3_HIDDEN_0247,B1_Keyword,1.0,False
V3_HIDDEN_0247,B2_Raw_Embedding,1.0,False
V3_HIDDEN_0247,B3_Graph_Only,1.0,False
V3_HIDDEN_0247,B4_Contextual_Embedding,1.0,False
V3_HIDDEN_0247,B5_AURA_Hybrid,1.0,False
V3_HIDDEN_0248,B0_Full_Suite,1.0,False
V3_HIDDEN_0248,B1_Keyword,1.0,False
V3_HIDDEN_0248,B2_Raw_Embedding,1.0,False
V3_HIDDEN_0248,B3_Graph_Only,1.0,False
V3_HIDDEN_0248,B4_Contextual_Embedding,1.0,False
V3_HIDDEN_0248,B5_AURA_Hybrid,1.0,False
V3_HIDDEN_0249,B0_Full_Suite,1.0,False
V3_HIDDEN_0249,B1_Keyword,1.0,False
V3_HIDDEN_0249,B2_Raw_Embedding,1.0,False
V3_HIDDEN_0249,B3_Graph_Only,1.0,False
V3_HIDDEN_0249,B4_Contextual_Embedding,1.0,False
V3_HIDDEN_0249,B5_AURA_Hybrid,1.0,False
V3_HIDDEN_0250,B0_Full_Suite,1.0,False
V3_HIDDEN_0250,B1_Keyword,1.0,False
V3_HIDDEN_0250,B2_Raw_Embedding,1.0,False
V3_HIDDEN_0250,B3_Graph_Only,1.0,False
V3_HIDDEN_0250,B4_Contextual_Embedding,1.0,False
V3_HIDDEN_0250,B5_AURA_Hybrid,1.0,False
V3_HIDDEN_0251,B0_Full_Suite,1.0,False
V3_HIDDEN_0251,B1_Keyword,1.0,False
V3_HIDDEN_0251,B2_Raw_Embedding,1.0,False
V3_HIDDEN_0251,B3_Graph_Only,1.0,False
V3_HIDDEN_0251,B4_Contextual_Embedding,1.0,False
V3_HIDDEN_0251,B5_AURA_Hybrid,1.0,False
V3_HIDDEN_0252,B0_Full_Suite,1.0,False
V3_HIDDEN_0252,B1_Keyword,1.0,False
V3_HIDDEN_0252,B2_Raw_Embedding,1.0,False
V3_HIDDEN_0252,B3_Graph_Only,1.0,False
V3_HIDDEN_0252,B4_Contextual_Embedding,1.0,False
V3_HIDDEN_0252,B5_AURA_Hybrid,1.0,False
V3_HIDDEN_0253,B0_Full_Suite,1.0,False
V3_HIDDEN_0253,B1_Keyword,1.0,False
V3_HIDDEN_0253,B2_Raw_Embedding,1.0,False
V3_HIDDEN_0253,B3_Graph_Only,1.0,False
V3_HIDDEN_0253,B4_Contextual_Embedding,1.0,False
V3_HIDDEN_0253,B5_AURA_Hybrid,1.0,False
V3_HIDDEN_0254,B0_Full_Suite,1.0,False
V3_HIDDEN_0254,B1_Keyword,1.0,False
V3_HIDDEN_0254,B2_Raw_Embedding,1.0,False
V3_HIDDEN_0254,B3_Graph_Only,1.0,False
V3_HIDDEN_0254,B4_Contextual_Embedding,1.0,False
V3_HIDDEN_0254,B5_AURA_Hybrid,1.0,False
V3_HIDDEN_0255,B0_Full_Suite,1.0,False
V3_HIDDEN_0255,B1_Keyword,1.0,False
V3_HIDDEN_0255,B2_Raw_Embedding,1.0,False
V3_HIDDEN_0255,B3_Graph_Only,1.0,False
V3_HIDDEN_0255,B4_Contextual_Embedding,1.0,False
V3_HIDDEN_0255,B5_AURA_Hybrid,1.0,False
V3_HIDDEN_0256,B0_Full_Suite,1.0,False
V3_HIDDEN_0256,B1_Keyword,1.0,False
V3_HIDDEN_0256,B2_Raw_Embedding,1.0,False
V3_HIDDEN_0256,B3_Graph_Only,1.0,False
V3_HIDDEN_0256,B4_Contextual_Embedding,1.0,False
V3_HIDDEN_0256,B5_AURA_Hybrid,1.0,False
V3_HIDDEN_0257,B0_Full_Suite,1.0,False
V3_HIDDEN_0257,B1_Keyword,1.0,False
V3_HIDDEN_0257,B2_Raw_Embedding,1.0,False
V3_HIDDEN_0257,B3_Graph_Only,1.0,False
V3_HIDDEN_0257,B4_Contextual_Embedding,1.0,False
V3_HIDDEN_0257,B5_AURA_Hybrid,1.0,False
V3_HIDDEN_0258,B0_Full_Suite,1.0,False
V3_HIDDEN_0258,B1_Keyword,1.0,False
V3_HIDDEN_0258,B2_Raw_Embedding,1.0,False
V3_HIDDEN_0258,B3_Graph_Only,1.0,False
V3_HIDDEN_0258,B4_Contextual_Embedding,1.0,False
V3_HIDDEN_0258,B5_AURA_Hybrid,1.0,False
V3_HIDDEN_0259,B0_Full_Suite,1.0,False
V3_HIDDEN_0259,B1_Keyword,1.0,False
V3_HIDDEN_0259,B2_Raw_Embedding,1.0,False
V3_HIDDEN_0259,B3_Graph_Only,1.0,False
V3_HIDDEN_0259,B4_Contextual_Embedding,1.0,False
V3_HIDDEN_0259,B5_AURA_Hybrid,1.0,False
V3_HIDDEN_0260,B0_Full_Suite,1.0,False
V3_HIDDEN_0260,B1_Keyword,1.0,False
V3_HIDDEN_0260,B2_Raw_Embedding,1.0,False
V3_HIDDEN_0260,B3_Graph_Only,1.0,False
V3_HIDDEN_0260,B4_Contextual_Embedding,1.0,False
V3_HIDDEN_0260,B5_AURA_Hybrid,1.0,False
V3_HIDDEN_0261,B0_Full_Suite,1.0,False
V3_HIDDEN_0261,B1_Keyword,1.0,False
V3_HIDDEN_0261,B2_Raw_Embedding,1.0,False
V3_HIDDEN_0261,B3_Graph_Only,1.0,False
V3_HIDDEN_0261,B4_Contextual_Embedding,1.0,False
V3_HIDDEN_0261,B5_AURA_Hybrid,1.0,False
V3_HIDDEN_0262,B0_Full_Suite,1.0,False
V3_HIDDEN_0262,B1_Keyword,1.0,False
V3_HIDDEN_0262,B2_Raw_Embedding,1.0,False
V3_HIDDEN_0262,B3_Graph_Only,1.0,False
V3_HIDDEN_0262,B4_Contextual_Embedding,1.0,False
V3_HIDDEN_0262,B5_AURA_Hybrid,1.0,False
V3_HIDDEN_0263,B0_Full_Suite,1.0,False
V3_HIDDEN_0263,B1_Keyword,1.0,False
V3_HIDDEN_0263,B2_Raw_Embedding,1.0,False
V3_HIDDEN_0263,B3_Graph_Only,1.0,False
V3_HIDDEN_0263,B4_Contextual_Embedding,1.0,False
V3_HIDDEN_0263,B5_AURA_Hybrid,1.0,False
V3_HIDDEN_0264,B0_Full_Suite,1.0,False
V3_HIDDEN_0264,B1_Keyword,1.0,False
V3_HIDDEN_0264,B2_Raw_Embedding,1.0,False
V3_HIDDEN_0264,B3_Graph_Only,1.0,False
V3_HIDDEN_0264,B4_Contextual_Embedding,1.0,False
V3_HIDDEN_0264,B5_AURA_Hybrid,1.0,False
V3_HIDDEN_0265,B0_Full_Suite,1.0,False
V3_HIDDEN_0265,B1_Keyword,1.0,False
V3_HIDDEN_0265,B2_Raw_Embedding,1.0,False
V3_HIDDEN_0265,B3_Graph_Only,1.0,False
V3_HIDDEN_0265,B4_Contextual_Embedding,1.0,False
V3_HIDDEN_0265,B5_AURA_Hybrid,1.0,False
V3_HIDDEN_0266,B0_Full_Suite,1.0,False
V3_HIDDEN_0266,B1_Keyword,1.0,False
V3_HIDDEN_0266,B2_Raw_Embedding,1.0,False
V3_HIDDEN_0266,B3_Graph_Only,1.0,False
V3_HIDDEN_0266,B4_Contextual_Embedding,1.0,False
V3_HIDDEN_0266,B5_AURA_Hybrid,1.0,False
V3_HIDDEN_0267,B0_Full_Suite,1.0,False
V3_HIDDEN_0267,B1_Keyword,1.0,False
V3_HIDDEN_0267,B2_Raw_Embedding,1.0,False
V3_HIDDEN_0267,B3_Graph_Only,1.0,False
V3_HIDDEN_0267,B4_Contextual_Embedding,1.0,False
V3_HIDDEN_0267,B5_AURA_Hybrid,1.0,False
V3_HIDDEN_0268,B0_Full_Suite,1.0,False
V3_HIDDEN_0268,B1_Keyword,1.0,False
V3_HIDDEN_0268,B2_Raw_Embedding,1.0,False
V3_HIDDEN_0268,B3_Graph_Only,1.0,False
V3_HIDDEN_0268,B4_Contextual_Embedding,1.0,False
V3_HIDDEN_0268,B5_AURA_Hybrid,1.0,False
V3_HIDDEN_0269,B0_Full_Suite,1.0,False
V3_HIDDEN_0269,B1_Keyword,1.0,False
V3_HIDDEN_0269,B2_Raw_Embedding,1.0,False
V3_HIDDEN_0269,B3_Graph_Only,1.0,False
V3_HIDDEN_0269,B4_Contextual_Embedding,1.0,False
V3_HIDDEN_0269,B5_AURA_Hybrid,1.0,False
V3_HIDDEN_0270,B0_Full_Suite,1.0,False
V3_HIDDEN_0270,B1_Keyword,1.0,False
V3_HIDDEN_0270,B2_Raw_Embedding,1.0,False
V3_HIDDEN_0270,B3_Graph_Only,1.0,False
V3_HIDDEN_0270,B4_Contextual_Embedding,1.0,False
V3_HIDDEN_0270,B5_AURA_Hybrid,1.0,False
