case_id,benchmark_class,sub_category,project_id,method,lexical_overlap_category,token_overlap_score,recall,precision,f1,false_positive_rate,test_reduction,safety_recall,latency_ms
V3_EXP_0001,EXPLICIT_STRUCTURAL,S_DIRECT_PATH,ADAS,B0_Full_Suite,MEDIUM,0.25,1.0,0.0023,0.0045,1.0,0.0,1.0,0.1
V3_EXP_0001,EXPLICIT_STRUCTURAL,S_DIRECT_PATH,ADAS,B1_Keyword,MEDIUM,0.25,1.0,0.0435,0.0833,1.0,0.7529,1.0,0.689
V3_EXP_0001,EXPLICIT_STRUCTURAL,S_DIRECT_PATH,ADAS,B2_Raw_Embedding,MEDIUM,0.25,0.0,0.0,0.0,1.0,0.8824,1.0,0.867
V3_EXP_0001,EXPLICIT_STRUCTURAL,S_DIRECT_PATH,ADAS,B3_Graph_Only,MEDIUM,0.25,1.0,0.0556,0.1053,1.0,0.8588,1.0,0.106
V3_EXP_0001,EXPLICIT_STRUCTURAL,S_DIRECT_PATH,ADAS,B4_Contextual_Embedding,MEDIUM,0.25,0.0,0.0,0.0,1.0,0.8824,1.0,235.312
V3_EXP_0001,EXPLICIT_STRUCTURAL,S_DIRECT_PATH,ADAS,B5_AURA_Hybrid,MEDIUM,0.25,1.0,0.0556,0.1053,1.0,0.8588,1.0,0.16
V3_EXP_0002,EXPLICIT_STRUCTURAL,S_DIRECT_PATH,ADAS,B0_Full_Suite,LOW,0.0435,1.0,0.0023,0.0045,1.0,0.0,1.0,0.1
V3_EXP_0002,EXPLICIT_STRUCTURAL,S_DIRECT_PATH,ADAS,B1_Keyword,LOW,0.0435,0.0,0.0,0.0,1.0,0.7412,1.0,0.721
V3_EXP_0002,EXPLICIT_STRUCTURAL,S_DIRECT_PATH,ADAS,B2_Raw_Embedding,LOW,0.0435,0.0,0.0,0.0,1.0,0.8824,1.0,0.684
V3_EXP_0002,EXPLICIT_STRUCTURAL,S_DIRECT_PATH,ADAS,B3_Graph_Only,LOW,0.0435,1.0,0.0556,0.1053,1.0,0.8588,1.0,0.055
V3_EXP_0002,EXPLICIT_STRUCTURAL,S_DIRECT_PATH,ADAS,B4_Contextual_Embedding,LOW,0.0435,0.0,0.0,0.0,1.0,0.8824,1.0,212.315
V3_EXP_0002,EXPLICIT_STRUCTURAL,S_DIRECT_PATH,ADAS,B5_AURA_Hybrid,LOW,0.0435,1.0,0.0556,0.1053,1.0,0.8588,1.0,0.127
V3_EXP_0003,EXPLICIT_STRUCTURAL,S_DIRECT_PATH,ADAS,B0_Full_Suite,LOW,0.0435,1.0,0.0023,0.0045,1.0,0.0,1.0,0.1
V3_EXP_0003,EXPLICIT_STRUCTURAL,S_DIRECT_PATH,ADAS,B1_Keyword,LOW,0.0435,0.0,0.0,0.0,1.0,0.7647,1.0,0.804
V3_EXP_0003,EXPLICIT_STRUCTURAL,S_DIRECT_PATH,ADAS,B2_Raw_Embedding,LOW,0.0435,0.0,0.0,0.0,1.0,0.8824,1.0,0.668
V3_EXP_0003,EXPLICIT_STRUCTURAL,S_DIRECT_PATH,ADAS,B3_Graph_Only,LOW,0.0435,1.0,0.0556,0.1053,1.0,0.8588,1.0,0.04
V3_EXP_0003,EXPLICIT_STRUCTURAL,S_DIRECT_PATH,ADAS,B4_Contextual_Embedding,LOW,0.0435,0.0,0.0,0.0,1.0,0.8824,1.0,234.074
V3_EXP_0003,EXPLICIT_STRUCTURAL,S_DIRECT_PATH,ADAS,B5_AURA_Hybrid,LOW,0.0435,1.0,0.0556,0.1053,1.0,0.8588,1.0,0.147
V3_EXP_0004,EXPLICIT_STRUCTURAL,S_DIRECT_PATH,ADAS,B0_Full_Suite,LOW,0.0909,1.0,0.0023,0.0045,1.0,0.0,1.0,0.1
V3_EXP_0004,EXPLICIT_STRUCTURAL,S_DIRECT_PATH,ADAS,B1_Keyword,LOW,0.0909,0.0,0.0,0.0,1.0,0.7412,1.0,0.852
V3_EXP_0004,EXPLICIT_STRUCTURAL,S_DIRECT_PATH,ADAS,B2_Raw_Embedding,LOW,0.0909,0.0,0.0,0.0,1.0,0.8824,1.0,0.741
V3_EXP_0004,EXPLICIT_STRUCTURAL,S_DIRECT_PATH,ADAS,B3_Graph_Only,LOW,0.0909,1.0,0.0455,0.087,1.0,0.8588,1.0,0.072
V3_EXP_0004,EXPLICIT_STRUCTURAL,S_DIRECT_PATH,ADAS,B4_Contextual_Embedding,LOW,0.0909,0.0,0.0,0.0,1.0,0.8824,1.0,267.813
V3_EXP_0004,EXPLICIT_STRUCTURAL,S_DIRECT_PATH,ADAS,B5_AURA_Hybrid,LOW,0.0909,1.0,0.0455,0.087,1.0,0.8588,1.0,0.148
V3_EXP_0005,EXPLICIT_STRUCTURAL,S_DIRECT_PATH,ADAS,B0_Full_Suite,LOW,0.0435,1.0,0.0023,0.0045,1.0,0.0,1.0,0.1
V3_EXP_0005,EXPLICIT_STRUCTURAL,S_DIRECT_PATH,ADAS,B1_Keyword,LOW,0.0435,0.0,0.0,0.0,1.0,0.7529,1.0,0.827
V3_EXP_0005,EXPLICIT_STRUCTURAL,S_DIRECT_PATH,ADAS,B2_Raw_Embedding,LOW,0.0435,0.0,0.0,0.0,1.0,0.8824,1.0,0.72
V3_EXP_0005,EXPLICIT_STRUCTURAL,S_DIRECT_PATH,ADAS,B3_Graph_Only,LOW,0.0435,1.0,0.0455,0.087,1.0,0.8588,1.0,0.052
V3_EXP_0005,EXPLICIT_STRUCTURAL,S_DIRECT_PATH,ADAS,B4_Contextual_Embedding,LOW,0.0435,0.0,0.0,0.0,1.0,0.8824,1.0,232.808
V3_EXP_0005,EXPLICIT_STRUCTURAL,S_DIRECT_PATH,ADAS,B5_AURA_Hybrid,LOW,0.0435,1.0,0.0455,0.087,1.0,0.8588,1.0,0.131
V3_EXP_0006,EXPLICIT_STRUCTURAL,S_DIRECT_PATH,ADAS,B0_Full_Suite,LOW,0.0909,1.0,0.0023,0.0045,1.0,0.0,1.0,0.1
V3_EXP_0006,EXPLICIT_STRUCTURAL,S_DIRECT_PATH,ADAS,B1_Keyword,LOW,0.0909,0.0,0.0,0.0,1.0,0.7412,1.0,0.646
V3_EXP_0006,EXPLICIT_STRUCTURAL,S_DIRECT_PATH,ADAS,B2_Raw_Embedding,LOW,0.0909,0.0,0.0,0.0,1.0,0.8824,1.0,0.642
V3_EXP_0006,EXPLICIT_STRUCTURAL,S_DIRECT_PATH,ADAS,B3_Graph_Only,LOW,0.0909,1.0,0.0455,0.087,1.0,0.8706,1.0,0.052
V3_EXP_0006,EXPLICIT_STRUCTURAL,S_DIRECT_PATH,ADAS,B4_Contextual_Embedding,LOW,0.0909,0.0,0.0,0.0,1.0,0.8824,1.0,229.693
V3_EXP_0006,EXPLICIT_STRUCTURAL,S_DIRECT_PATH,ADAS,B5_AURA_Hybrid,LOW,0.0909,1.0,0.0455,0.087,1.0,0.8706,1.0,0.154
V3_EXP_0007,EXPLICIT_STRUCTURAL,S_DIRECT_PATH,ADAS,B0_Full_Suite,LOW,0.0909,1.0,0.0023,0.0045,1.0,0.0,1.0,0.1
V3_EXP_0007,EXPLICIT_STRUCTURAL,S_DIRECT_PATH,ADAS,B1_Keyword,LOW,0.0909,0.0,0.0,0.0,1.0,0.7529,1.0,0.673
V3_EXP_0007,EXPLICIT_STRUCTURAL,S_DIRECT_PATH,ADAS,B2_Raw_Embedding,LOW,0.0909,0.0,0.0,0.0,1.0,0.8824,1.0,0.723
V3_EXP_0007,EXPLICIT_STRUCTURAL,S_DIRECT_PATH,ADAS,B3_Graph_Only,LOW,0.0909,1.0,0.0455,0.087,1.0,0.8706,1.0,0.058
V3_EXP_0007,EXPLICIT_STRUCTURAL,S_DIRECT_PATH,ADAS,B4_Contextual_Embedding,LOW,0.0909,0.0,0.0,0.0,1.0,0.8824,1.0,242.526
V3_EXP_0007,EXPLICIT_STRUCTURAL,S_DIRECT_PATH,ADAS,B5_AURA_Hybrid,LOW,0.0909,1.0,0.0455,0.087,1.0,0.8706,1.0,0.133
V3_EXP_0008,EXPLICIT_STRUCTURAL,S_DIRECT_PATH,ADAS,B0_Full_Suite,LOW,0.0417,1.0,0.0023,0.0045,1.0,0.0,1.0,0.1
V3_EXP_0008,EXPLICIT_STRUCTURAL,S_DIRECT_PATH,ADAS,B1_Keyword,LOW,0.0417,0.0,0.0,0.0,1.0,0.7412,1.0,0.641
V3_EXP_0008,EXPLICIT_STRUCTURAL,S_DIRECT_PATH,ADAS,B2_Raw_Embedding,LOW,0.0417,0.0,0.0,0.0,1.0,0.8824,1.0,0.7
V3_EXP_0008,EXPLICIT_STRUCTURAL,S_DIRECT_PATH,ADAS,B3_Graph_Only,LOW,0.0417,1.0,0.0455,0.087,1.0,0.8706,1.0,0.049
V3_EXP_0008,EXPLICIT_STRUCTURAL,S_DIRECT_PATH,ADAS,B4_Contextual_Embedding,LOW,0.0417,0.0,0.0,0.0,1.0,0.8824,1.0,254.024
V3_EXP_0008,EXPLICIT_STRUCTURAL,S_DIRECT_PATH,ADAS,B5_AURA_Hybrid,LOW,0.0417,1.0,0.0455,0.087,1.0,0.8706,1.0,0.15
V3_EXP_0009,EXPLICIT_STRUCTURAL,S_DIRECT_PATH,ADAS,B0_Full_Suite,LOW,0.0455,1.0,0.0023,0.0045,1.0,0.0,1.0,0.1
V3_EXP_0009,EXPLICIT_STRUCTURAL,S_DIRECT_PATH,ADAS,B1_Keyword,LOW,0.0455,0.0,0.0,0.0,1.0,0.6706,1.0,0.754
V3_EXP_0009,EXPLICIT_STRUCTURAL,S_DIRECT_PATH,ADAS,B2_Raw_Embedding,LOW,0.0455,0.0,0.0,0.0,1.0,0.8824,1.0,0.81
V3_EXP_0009,EXPLICIT_STRUCTURAL,S_DIRECT_PATH,ADAS,B3_Graph_Only,LOW,0.0455,1.0,0.0455,0.087,1.0,0.8706,1.0,0.066
V3_EXP_0009,EXPLICIT_STRUCTURAL,S_DIRECT_PATH,ADAS,B4_Contextual_Embedding,LOW,0.0455,0.0,0.0,0.0,1.0,0.8824,1.0,239.553
V3_EXP_0009,EXPLICIT_STRUCTURAL,S_DIRECT_PATH,ADAS,B5_AURA_Hybrid,LOW,0.0455,1.0,0.0455,0.087,1.0,0.8706,1.0,0.197
V3_EXP_0010,EXPLICIT_STRUCTURAL,S_DIRECT_PATH,ADAS,B0_Full_Suite,LOW,0.0952,1.0,0.0023,0.0045,1.0,0.0,1.0,0.1
V3_EXP_0010,EXPLICIT_STRUCTURAL,S_DIRECT_PATH,ADAS,B1_Keyword,LOW,0.0952,0.0,0.0,0.0,1.0,0.6941,1.0,0.924
V3_EXP_0010,EXPLICIT_STRUCTURAL,S_DIRECT_PATH,ADAS,B2_Raw_Embedding,LOW,0.0952,0.0,0.0,0.0,1.0,0.8824,1.0,0.738
V3_EXP_0010,EXPLICIT_STRUCTURAL,S_DIRECT_PATH,ADAS,B3_Graph_Only,LOW,0.0952,1.0,0.0455,0.087,1.0,0.8706,1.0,0.049
V3_EXP_0010,EXPLICIT_STRUCTURAL,S_DIRECT_PATH,ADAS,B4_Contextual_Embedding,LOW,0.0952,0.0,0.0,0.0,1.0,0.8824,1.0,238.455
V3_EXP_0010,EXPLICIT_STRUCTURAL,S_DIRECT_PATH,ADAS,B5_AURA_Hybrid,LOW,0.0952,1.0,0.0455,0.087,1.0,0.8706,1.0,0.144
V3_EXP_0011,EXPLICIT_STRUCTURAL,S_DIRECT_PATH,ADAS,B0_Full_Suite,LOW,0.0435,1.0,0.0023,0.0045,1.0,0.0,1.0,0.1
V3_EXP_0011,EXPLICIT_STRUCTURAL,S_DIRECT_PATH,ADAS,B1_Keyword,LOW,0.0435,0.0,0.0,0.0,1.0,0.6706,1.0,0.68
V3_EXP_0011,EXPLICIT_STRUCTURAL,S_DIRECT_PATH,ADAS,B2_Raw_Embedding,LOW,0.0435,0.0,0.0,0.0,1.0,0.8824,1.0,0.7
V3_EXP_0011,EXPLICIT_STRUCTURAL,S_DIRECT_PATH,ADAS,B3_Graph_Only,LOW,0.0435,1.0,0.0556,0.1053,1.0,0.8588,1.0,0.046
V3_EXP_0011,EXPLICIT_STRUCTURAL,S_DIRECT_PATH,ADAS,B4_Contextual_Embedding,LOW,0.0435,0.0,0.0,0.0,1.0,0.8824,1.0,417.021
V3_EXP_0011,EXPLICIT_STRUCTURAL,S_DIRECT_PATH,ADAS,B5_AURA_Hybrid,LOW,0.0435,1.0,0.0556,0.1053,1.0,0.8588,1.0,0.488
V3_EXP_0012,EXPLICIT_STRUCTURAL,S_DIRECT_PATH,ADAS,B0_Full_Suite,MEDIUM,0.3529,1.0,0.0023,0.0045,1.0,0.0,1.0,0.1
V3_EXP_0012,EXPLICIT_STRUCTURAL,S_DIRECT_PATH,ADAS,B1_Keyword,MEDIUM,0.3529,1.0,0.0333,0.0645,1.0,0.6824,1.0,1.578
V3_EXP_0012,EXPLICIT_STRUCTURAL,S_DIRECT_PATH,ADAS,B2_Raw_Embedding,MEDIUM,0.3529,0.0,0.0,0.0,1.0,0.8824,1.0,2.083
V3_EXP_0012,EXPLICIT_STRUCTURAL,S_DIRECT_PATH,ADAS,B3_Graph_Only,MEDIUM,0.3529,1.0,0.0556,0.1053,1.0,0.8588,1.0,0.133
V3_EXP_0012,EXPLICIT_STRUCTURAL,S_DIRECT_PATH,ADAS,B4_Contextual_Embedding,MEDIUM,0.3529,1.0,0.1,0.1818,0.9,0.8941,1.0,1022.92
V3_EXP_0012,EXPLICIT_STRUCTURAL,S_DIRECT_PATH,ADAS,B5_AURA_Hybrid,MEDIUM,0.3529,1.0,0.0556,0.1053,1.0,0.8588,1.0,0.331
V3_EXP_0013,EXPLICIT_STRUCTURAL,S_DIRECT_PATH,ADAS,B0_Full_Suite,LOW,0.0952,1.0,0.0023,0.0045,1.0,0.0,1.0,0.1
V3_EXP_0013,EXPLICIT_STRUCTURAL,S_DIRECT_PATH,ADAS,B1_Keyword,LOW,0.0952,0.0,0.0,0.0,1.0,0.6706,1.0,1.48
V3_EXP_0013,EXPLICIT_STRUCTURAL,S_DIRECT_PATH,ADAS,B2_Raw_Embedding,LOW,0.0952,0.0,0.0,0.0,1.0,0.8824,1.0,1.829
V3_EXP_0013,EXPLICIT_STRUCTURAL,S_DIRECT_PATH,ADAS,B3_Graph_Only,LOW,0.0952,1.0,0.0556,0.1053,1.0,0.8588,1.0,0.125
V3_EXP_0013,EXPLICIT_STRUCTURAL,S_DIRECT_PATH,ADAS,B4_Contextual_Embedding,LOW,0.0952,0.0,0.0,0.0,1.0,0.8824,1.0,592.56
V3_EXP_0013,EXPLICIT_STRUCTURAL,S_DIRECT_PATH,ADAS,B5_AURA_Hybrid,LOW,0.0952,1.0,0.0556,0.1053,1.0,0.8588,1.0,0.344
V3_EXP_0014,EXPLICIT_STRUCTURAL,S_DIRECT_PATH,ADAS,B0_Full_Suite,LOW,0.0952,1.0,0.0023,0.0045,1.0,0.0,1.0,0.1
V3_EXP_0014,EXPLICIT_STRUCTURAL,S_DIRECT_PATH,ADAS,B1_Keyword,LOW,0.0952,0.0,0.0,0.0,1.0,0.6824,1.0,1.691
V3_EXP_0014,EXPLICIT_STRUCTURAL,S_DIRECT_PATH,ADAS,B2_Raw_Embedding,LOW,0.0952,0.0,0.0,0.0,1.0,0.8824,1.0,1.955
V3_EXP_0014,EXPLICIT_STRUCTURAL,S_DIRECT_PATH,ADAS,B3_Graph_Only,LOW,0.0952,1.0,0.0455,0.087,1.0,0.8588,1.0,0.182
V3_EXP_0014,EXPLICIT_STRUCTURAL,S_DIRECT_PATH,ADAS,B4_Contextual_Embedding,LOW,0.0952,1.0,0.1,0.1818,0.9,0.8941,1.0,847.744
V3_EXP_0014,EXPLICIT_STRUCTURAL,S_DIRECT_PATH,ADAS,B5_AURA_Hybrid,LOW,0.0952,1.0,0.0455,0.087,1.0,0.8588,1.0,0.397
V3_EXP_0015,EXPLICIT_STRUCTURAL,S_DIRECT_PATH,ADAS,B0_Full_Suite,LOW,0.0455,1.0,0.0023,0.0045,1.0,0.0,1.0,0.1
V3_EXP_0015,EXPLICIT_STRUCTURAL,S_DIRECT_PATH,ADAS,B1_Keyword,LOW,0.0455,0.0,0.0,0.0,1.0,0.6706,1.0,1.658
V3_EXP_0015,EXPLICIT_STRUCTURAL,S_DIRECT_PATH,ADAS,B2_Raw_Embedding,LOW,0.0455,0.0,0.0,0.0,1.0,0.8824,1.0,1.999
V3_EXP_0015,EXPLICIT_STRUCTURAL,S_DIRECT_PATH,ADAS,B3_Graph_Only,LOW,0.0455,1.0,0.0455,0.087,1.0,0.8588,1.0,0.185
V3_EXP_0015,EXPLICIT_STRUCTURAL,S_DIRECT_PATH,ADAS,B4_Contextual_Embedding,LOW,0.0455,0.0,0.0,0.0,1.0,0.8824,1.0,1378.352
V3_EXP_0015,EXPLICIT_STRUCTURAL,S_DIRECT_PATH,ADAS,B5_AURA_Hybrid,LOW,0.0455,1.0,0.0455,0.087,1.0,0.8588,1.0,1.76
V3_EXP_0016,EXPLICIT_STRUCTURAL,S_DIRECT_PATH,ADAS,B0_Full_Suite,LOW,0.0455,1.0,0.0023,0.0045,1.0,0.0,1.0,0.1
V3_EXP_0016,EXPLICIT_STRUCTURAL,S_DIRECT_PATH,ADAS,B1_Keyword,LOW,0.0455,0.0,0.0,0.0,1.0,0.6706,1.0,1.634
V3_EXP_0016,EXPLICIT_STRUCTURAL,S_DIRECT_PATH,ADAS,B2_Raw_Embedding,LOW,0.0455,0.0,0.0,0.0,1.0,0.8824,1.0,2.279
V3_EXP_0016,EXPLICIT_STRUCTURAL,S_DIRECT_PATH,ADAS,B3_Graph_Only,LOW,0.0455,1.0,0.0455,0.087,1.0,0.8706,1.0,0.076
V3_EXP_0016,EXPLICIT_STRUCTURAL,S_DIRECT_PATH,ADAS,B4_Contextual_Embedding,LOW,0.0455,0.0,0.0,0.0,1.0,0.8824,1.0,682.934
V3_EXP_0016,EXPLICIT_STRUCTURAL,S_DIRECT_PATH,ADAS,B5_AURA_Hybrid,LOW,0.0455,1.0,0.0455,0.087,1.0,0.8706,1.0,0.424
V3_EXP_0017,EXPLICIT_STRUCTURAL,S_DIRECT_PATH,ADAS,B0_Full_Suite,LOW,0.0455,1.0,0.0023,0.0045,1.0,0.0,1.0,0.1
V3_EXP_0017,EXPLICIT_STRUCTURAL,S_DIRECT_PATH,ADAS,B1_Keyword,LOW,0.0455,0.0,0.0,0.0,1.0,0.7529,1.0,1.554
V3_EXP_0017,EXPLICIT_STRUCTURAL,S_DIRECT_PATH,ADAS,B2_Raw_Embedding,LOW,0.0455,0.0,0.0,0.0,1.0,0.8941,1.0,1.933
V3_EXP_0017,EXPLICIT_STRUCTURAL,S_DIRECT_PATH,ADAS,B3_Graph_Only,LOW,0.0455,1.0,0.0455,0.087,1.0,0.8706,1.0,0.154
V3_EXP_0017,EXPLICIT_STRUCTURAL,S_DIRECT_PATH,ADAS,B4_Contextual_Embedding,LOW,0.0455,0.0,0.0,0.0,1.0,0.8824,1.0,647.811
V3_EXP_0017,EXPLICIT_STRUCTURAL,S_DIRECT_PATH,ADAS,B5_AURA_Hybrid,LOW,0.0455,1.0,0.0455,0.087,1.0,0.8706,1.0,0.415
V3_EXP_0018,EXPLICIT_STRUCTURAL,S_DIRECT_PATH,ADAS,B0_Full_Suite,LOW,0.0435,1.0,0.0023,0.0045,1.0,0.0,1.0,0.1
V3_EXP_0018,EXPLICIT_STRUCTURAL,S_DIRECT_PATH,ADAS,B1_Keyword,LOW,0.0435,0.0,0.0,0.0,1.0,0.7412,1.0,1.656
V3_EXP_0018,EXPLICIT_STRUCTURAL,S_DIRECT_PATH,ADAS,B2_Raw_Embedding,LOW,0.0435,0.0,0.0,0.0,1.0,0.8941,1.0,1.991
V3_EXP_0018,EXPLICIT_STRUCTURAL,S_DIRECT_PATH,ADAS,B3_Graph_Only,LOW,0.0435,1.0,0.0455,0.087,1.0,0.8706,1.0,0.147
V3_EXP_0018,EXPLICIT_STRUCTURAL,S_DIRECT_PATH,ADAS,B4_Contextual_Embedding,LOW,0.0435,0.0,0.0,0.0,1.0,0.8824,1.0,661.428
V3_EXP_0018,EXPLICIT_STRUCTURAL,S_DIRECT_PATH,ADAS,B5_AURA_Hybrid,LOW,0.0435,1.0,0.0455,0.087,1.0,0.8706,1.0,0.395
V3_EXP_0019,EXPLICIT_STRUCTURAL,S_DIRECT_PATH,ADAS,B0_Full_Suite,LOW,0.0952,1.0,0.0023,0.0045,1.0,0.0,1.0,0.1
V3_EXP_0019,EXPLICIT_STRUCTURAL,S_DIRECT_PATH,ADAS,B1_Keyword,LOW,0.0952,0.0,0.0,0.0,1.0,0.7647,1.0,1.602
V3_EXP_0019,EXPLICIT_STRUCTURAL,S_DIRECT_PATH,ADAS,B2_Raw_Embedding,LOW,0.0952,0.0,0.0,0.0,1.0,0.8941,1.0,1.89
V3_EXP_0019,EXPLICIT_STRUCTURAL,S_DIRECT_PATH,ADAS,B3_Graph_Only,LOW,0.0952,1.0,0.0455,0.087,1.0,0.8706,1.0,0.145
V3_EXP_0019,EXPLICIT_STRUCTURAL,S_DIRECT_PATH,ADAS,B4_Contextual_Embedding,LOW,0.0952,1.0,0.1,0.1818,0.9,0.8941,1.0,858.454
V3_EXP_0019,EXPLICIT_STRUCTURAL,S_DIRECT_PATH,ADAS,B5_AURA_Hybrid,LOW,0.0952,1.0,0.0455,0.087,1.0,0.8706,1.0,0.475
V3_EXP_0020,EXPLICIT_STRUCTURAL,S_DIRECT_PATH,ADAS,B0_Full_Suite,LOW,0.0455,1.0,0.0023,0.0045,1.0,0.0,1.0,0.1
V3_EXP_0020,EXPLICIT_STRUCTURAL,S_DIRECT_PATH,ADAS,B1_Keyword,LOW,0.0455,0.0,0.0,0.0,1.0,0.7412,1.0,1.995
V3_EXP_0020,EXPLICIT_STRUCTURAL,S_DIRECT_PATH,ADAS,B2_Raw_Embedding,LOW,0.0455,0.0,0.0,0.0,1.0,0.8941,1.0,2.126
V3_EXP_0020,EXPLICIT_STRUCTURAL,S_DIRECT_PATH,ADAS,B3_Graph_Only,LOW,0.0455,1.0,0.0455,0.087,1.0,0.8706,1.0,0.169
V3_EXP_0020,EXPLICIT_STRUCTURAL,S_DIRECT_PATH,ADAS,B4_Contextual_Embedding,LOW,0.0455,0.0,0.0,0.0,1.0,0.8824,1.0,1421.241
V3_EXP_0020,EXPLICIT_STRUCTURAL,S_DIRECT_PATH,ADAS,B5_AURA_Hybrid,LOW,0.0455,1.0,0.0455,0.087,1.0,0.8706,1.0,0.407
V3_EXP_0021,EXPLICIT_STRUCTURAL,S_DIRECT_PATH,ADAS,B0_Full_Suite,LOW,0.0909,1.0,0.0023,0.0045,1.0,0.0,1.0,0.1
V3_EXP_0021,EXPLICIT_STRUCTURAL,S_DIRECT_PATH,ADAS,B1_Keyword,LOW,0.0909,0.0,0.0,0.0,1.0,0.7647,1.0,5.901
V3_EXP_0021,EXPLICIT_STRUCTURAL,S_DIRECT_PATH,ADAS,B2_Raw_Embedding,LOW,0.0909,0.0,0.0,0.0,1.0,0.8941,1.0,4.083
V3_EXP_0021,EXPLICIT_STRUCTURAL,S_DIRECT_PATH,ADAS,B3_Graph_Only,LOW,0.0909,1.0,0.0556,0.1053,1.0,0.8588,1.0,0.138
V3_EXP_0021,EXPLICIT_STRUCTURAL,S_DIRECT_PATH,ADAS,B4_Contextual_Embedding,LOW,0.0909,0.0,0.0,0.0,1.0,0.8824,1.0,1155.714
V3_EXP_0021,EXPLICIT_STRUCTURAL,S_DIRECT_PATH,ADAS,B5_AURA_Hybrid,LOW,0.0909,1.0,0.0556,0.1053,1.0,0.8588,1.0,0.342
V3_EXP_0022,EXPLICIT_STRUCTURAL,S_DIRECT_PATH,ADAS,B0_Full_Suite,LOW,0.0952,1.0,0.0023,0.0045,1.0,0.0,1.0,0.1
V3_EXP_0022,EXPLICIT_STRUCTURAL,S_DIRECT_PATH,ADAS,B1_Keyword,LOW,0.0952,0.0,0.0,0.0,1.0,0.7412,1.0,1.827
V3_EXP_0022,EXPLICIT_STRUCTURAL,S_DIRECT_PATH,ADAS,B2_Raw_Embedding,LOW,0.0952,0.0,0.0,0.0,1.0,0.8941,1.0,2.052
V3_EXP_0022,EXPLICIT_STRUCTURAL,S_DIRECT_PATH,ADAS,B3_Graph_Only,LOW,0.0952,1.0,0.0556,0.1053,1.0,0.8588,1.0,0.136
V3_EXP_0022,EXPLICIT_STRUCTURAL,S_DIRECT_PATH,ADAS,B4_Contextual_Embedding,LOW,0.0952,0.0,0.0,0.0,1.0,0.8824,1.0,801.434
V3_EXP_0022,EXPLICIT_STRUCTURAL,S_DIRECT_PATH,ADAS,B5_AURA_Hybrid,LOW,0.0952,1.0,0.0556,0.1053,1.0,0.8588,1.0,0.354
V3_EXP_0023,EXPLICIT_STRUCTURAL,S_DIRECT_PATH,ADAS,B0_Full_Suite,HIGH,0.4375,1.0,0.0023,0.0045,1.0,0.0,1.0,0.1
V3_EXP_0023,EXPLICIT_STRUCTURAL,S_DIRECT_PATH,ADAS,B1_Keyword,HIGH,0.4375,1.0,0.0435,0.0833,1.0,0.7412,1.0,1.626
V3_EXP_0023,EXPLICIT_STRUCTURAL,S_DIRECT_PATH,ADAS,B2_Raw_Embedding,HIGH,0.4375,1.0,0.1,0.1818,0.9,0.8941,1.0,1.923
V3_EXP_0023,EXPLICIT_STRUCTURAL,S_DIRECT_PATH,ADAS,B3_Graph_Only,HIGH,0.4375,1.0,0.0556,0.1053,1.0,0.8588,1.0,0.137
V3_EXP_0023,EXPLICIT_STRUCTURAL,S_DIRECT_PATH,ADAS,B4_Contextual_Embedding,HIGH,0.4375,1.0,0.1,0.1818,0.9,0.8941,1.0,650.241
V3_EXP_0023,EXPLICIT_STRUCTURAL,S_DIRECT_PATH,ADAS,B5_AURA_Hybrid,HIGH,0.4375,1.0,0.0556,0.1053,1.0,0.8588,1.0,0.345
V3_EXP_0024,EXPLICIT_STRUCTURAL,S_DIRECT_PATH,ADAS,B0_Full_Suite,LOW,0.0455,1.0,0.0023,0.0045,1.0,0.0,1.0,0.1
V3_EXP_0024,EXPLICIT_STRUCTURAL,S_DIRECT_PATH,ADAS,B1_Keyword,LOW,0.0455,0.0,0.0,0.0,1.0,0.7412,1.0,1.859
V3_EXP_0024,EXPLICIT_STRUCTURAL,S_DIRECT_PATH,ADAS,B2_Raw_Embedding,LOW,0.0455,0.0,0.0,0.0,1.0,0.8941,1.0,2.074
V3_EXP_0024,EXPLICIT_STRUCTURAL,S_DIRECT_PATH,ADAS,B3_Graph_Only,LOW,0.0455,1.0,0.0455,0.087,1.0,0.8588,1.0,0.149
V3_EXP_0024,EXPLICIT_STRUCTURAL,S_DIRECT_PATH,ADAS,B4_Contextual_Embedding,LOW,0.0455,0.0,0.0,0.0,1.0,0.8824,1.0,1932.866
V3_EXP_0024,EXPLICIT_STRUCTURAL,S_DIRECT_PATH,ADAS,B5_AURA_Hybrid,LOW,0.0455,1.0,0.0455,0.087,1.0,0.8588,1.0,0.424
V3_EXP_0025,EXPLICIT_STRUCTURAL,S_DIRECT_PATH,ADAS,B0_Full_Suite,LOW,0.0909,1.0,0.0023,0.0045,1.0,0.0,1.0,0.1
V3_EXP_0025,EXPLICIT_STRUCTURAL,S_DIRECT_PATH,ADAS,B1_Keyword,LOW,0.0909,0.0,0.0,0.0,1.0,0.7529,1.0,1.603
V3_EXP_0025,EXPLICIT_STRUCTURAL,S_DIRECT_PATH,ADAS,B2_Raw_Embedding,LOW,0.0909,0.0,0.0,0.0,1.0,0.8824,1.0,1.843
V3_EXP_0025,EXPLICIT_STRUCTURAL,S_DIRECT_PATH,ADAS,B3_Graph_Only,LOW,0.0909,1.0,0.0455,0.087,1.0,0.8588,1.0,0.157
V3_EXP_0025,EXPLICIT_STRUCTURAL,S_DIRECT_PATH,ADAS,B4_Contextual_Embedding,LOW,0.0909,0.0,0.0,0.0,1.0,0.8824,1.0,1172.388
V3_EXP_0025,EXPLICIT_STRUCTURAL,S_DIRECT_PATH,ADAS,B5_AURA_Hybrid,LOW,0.0909,1.0,0.0455,0.087,1.0,0.8588,1.0,0.404
V3_EXP_0026,EXPLICIT_STRUCTURAL,S_DIRECT_PATH,ADAS,B0_Full_Suite,LOW,0.0435,1.0,0.0023,0.0045,1.0,0.0,1.0,0.1
V3_EXP_0026,EXPLICIT_STRUCTURAL,S_DIRECT_PATH,ADAS,B1_Keyword,LOW,0.0435,0.0,0.0,0.0,1.0,0.7529,1.0,1.625
V3_EXP_0026,EXPLICIT_STRUCTURAL,S_DIRECT_PATH,ADAS,B2_Raw_Embedding,LOW,0.0435,0.0,0.0,0.0,1.0,0.8824,1.0,2.06
V3_EXP_0026,EXPLICIT_STRUCTURAL,S_DIRECT_PATH,ADAS,B3_Graph_Only,LOW,0.0435,1.0,0.0455,0.087,1.0,0.8706,1.0,0.192
V3_EXP_0026,EXPLICIT_STRUCTURAL,S_DIRECT_PATH,ADAS,B4_Contextual_Embedding,LOW,0.0435,0.0,0.0,0.0,1.0,0.8824,1.0,643.76
V3_EXP_0026,EXPLICIT_STRUCTURAL,S_DIRECT_PATH,ADAS,B5_AURA_Hybrid,LOW,0.0435,1.0,0.0455,0.087,1.0,0.8706,1.0,0.206
V3_EXP_0027,EXPLICIT_STRUCTURAL,S_DIRECT_PATH,ADAS,B0_Full_Suite,LOW,0.0435,1.0,0.0023,0.0045,1.0,0.0,1.0,0.1
V3_EXP_0027,EXPLICIT_STRUCTURAL,S_DIRECT_PATH,ADAS,B1_Keyword,LOW,0.0435,0.0,0.0,0.0,1.0,0.7529,1.0,1.703
V3_EXP_0027,EXPLICIT_STRUCTURAL,S_DIRECT_PATH,ADAS,B2_Raw_Embedding,LOW,0.0435,0.0,0.0,0.0,1.0,0.8824,1.0,1.958
V3_EXP_0027,EXPLICIT_STRUCTURAL,S_DIRECT_PATH,ADAS,B3_Graph_Only,LOW,0.0435,1.0,0.0455,0.087,1.0,0.8706,1.0,0.168
V3_EXP_0027,EXPLICIT_STRUCTURAL,S_DIRECT_PATH,ADAS,B4_Contextual_Embedding,LOW,0.0435,0.0,0.0,0.0,1.0,0.8824,1.0,885.667
V3_EXP_0027,EXPLICIT_STRUCTURAL,S_DIRECT_PATH,ADAS,B5_AURA_Hybrid,LOW,0.0435,1.0,0.0455,0.087,1.0,0.8706,1.0,0.393
V3_EXP_0028,EXPLICIT_STRUCTURAL,S_DIRECT_PATH,ADAS,B0_Full_Suite,LOW,0.0417,1.0,0.0023,0.0045,1.0,0.0,1.0,0.1
V3_EXP_0028,EXPLICIT_STRUCTURAL,S_DIRECT_PATH,ADAS,B1_Keyword,LOW,0.0417,0.0,0.0,0.0,1.0,0.7529,1.0,1.694
V3_EXP_0028,EXPLICIT_STRUCTURAL,S_DIRECT_PATH,ADAS,B2_Raw_Embedding,LOW,0.0417,0.0,0.0,0.0,1.0,0.8824,1.0,1.093
V3_EXP_0028,EXPLICIT_STRUCTURAL,S_DIRECT_PATH,ADAS,B3_Graph_Only,LOW,0.0417,1.0,0.0455,0.087,1.0,0.8706,1.0,0.054
V3_EXP_0028,EXPLICIT_STRUCTURAL,S_DIRECT_PATH,ADAS,B4_Contextual_Embedding,LOW,0.0417,0.0,0.0,0.0,1.0,0.8824,1.0,645.836
V3_EXP_0028,EXPLICIT_STRUCTURAL,S_DIRECT_PATH,ADAS,B5_AURA_Hybrid,LOW,0.0417,1.0,0.0455,0.087,1.0,0.8706,1.0,0.398
V3_EXP_0029,EXPLICIT_STRUCTURAL,S_DIRECT_PATH,ADAS,B0_Full_Suite,LOW,0.0435,1.0,0.0023,0.0045,1.0,0.0,1.0,0.1
V3_EXP_0029,EXPLICIT_STRUCTURAL,S_DIRECT_PATH,ADAS,B1_Keyword,LOW,0.0435,0.0,0.0,0.0,1.0,0.7529,1.0,1.596
V3_EXP_0029,EXPLICIT_STRUCTURAL,S_DIRECT_PATH,ADAS,B2_Raw_Embedding,LOW,0.0435,0.0,0.0,0.0,1.0,0.8824,1.0,2.334
V3_EXP_0029,EXPLICIT_STRUCTURAL,S_DIRECT_PATH,ADAS,B3_Graph_Only,LOW,0.0435,1.0,0.0455,0.087,1.0,0.8706,1.0,0.158
V3_EXP_0029,EXPLICIT_STRUCTURAL,S_DIRECT_PATH,ADAS,B4_Contextual_Embedding,LOW,0.0435,0.0,0.0,0.0,1.0,0.8824,1.0,1348.441
V3_EXP_0029,EXPLICIT_STRUCTURAL,S_DIRECT_PATH,ADAS,B5_AURA_Hybrid,LOW,0.0435,1.0,0.0455,0.087,1.0,0.8706,1.0,0.722
V3_EXP_0030,EXPLICIT_STRUCTURAL,S_DIRECT_PATH,ADAS,B0_Full_Suite,LOW,0.0435,1.0,0.0023,0.0045,1.0,0.0,1.0,0.1
V3_EXP_0030,EXPLICIT_STRUCTURAL,S_DIRECT_PATH,ADAS,B1_Keyword,LOW,0.0435,0.0,0.0,0.0,1.0,0.7529,1.0,6.9
V3_EXP_0030,EXPLICIT_STRUCTURAL,S_DIRECT_PATH,ADAS,B2_Raw_Embedding,LOW,0.0435,0.0,0.0,0.0,1.0,0.8824,1.0,9.205
V3_EXP_0030,EXPLICIT_STRUCTURAL,S_DIRECT_PATH,ADAS,B3_Graph_Only,LOW,0.0435,1.0,0.0455,0.087,1.0,0.8706,1.0,0.271
V3_EXP_0030,EXPLICIT_STRUCTURAL,S_DIRECT_PATH,ADAS,B4_Contextual_Embedding,LOW,0.0435,0.0,0.0,0.0,1.0,0.8824,1.0,1280.852
V3_EXP_0030,EXPLICIT_STRUCTURAL,S_DIRECT_PATH,ADAS,B5_AURA_Hybrid,LOW,0.0435,1.0,0.0455,0.087,1.0,0.8706,1.0,0.391
V3_EXP_0031,EXPLICIT_STRUCTURAL,S_DIRECT_PATH,POWERTRAIN,B0_Full_Suite,LOW,0.0455,1.0,0.0031,0.0062,1.0,0.0,1.0,0.1
V3_EXP_0031,EXPLICIT_STRUCTURAL,S_DIRECT_PATH,POWERTRAIN,B1_Keyword,LOW,0.0455,0.0,0.0,0.0,1.0,0.0,1.0,1.903
V3_EXP_0031,EXPLICIT_STRUCTURAL,S_DIRECT_PATH,POWERTRAIN,B2_Raw_Embedding,LOW,0.0455,0.0,0.0,0.0,1.0,0.5125,1.0,1.722
V3_EXP_0031,EXPLICIT_STRUCTURAL,S_DIRECT_PATH,POWERTRAIN,B3_Graph_Only,LOW,0.0455,1.0,0.0714,0.1333,1.0,0.8625,1.0,0.149
V3_EXP_0031,EXPLICIT_STRUCTURAL,S_DIRECT_PATH,POWERTRAIN,B4_Contextual_Embedding,LOW,0.0455,0.0,0.0,0.0,1.0,0.525,1.0,556.478
V3_EXP_0031,EXPLICIT_STRUCTURAL,S_DIRECT_PATH,POWERTRAIN,B5_AURA_Hybrid,LOW,0.0455,1.0,0.0714,0.1333,1.0,0.8625,1.0,0.309
V3_EXP_0032,EXPLICIT_STRUCTURAL,S_DIRECT_PATH,POWERTRAIN,B0_Full_Suite,LOW,0.05,1.0,0.0031,0.0062,1.0,0.0,1.0,0.1
V3_EXP_0032,EXPLICIT_STRUCTURAL,S_DIRECT_PATH,POWERTRAIN,B1_Keyword,LOW,0.05,0.0,0.0,0.0,1.0,0.0,1.0,1.756
V3_EXP_0032,EXPLICIT_STRUCTURAL,S_DIRECT_PATH,POWERTRAIN,B2_Raw_Embedding,LOW,0.05,0.0,0.0,0.0,1.0,0.5125,1.0,1.851
V3_EXP_0032,EXPLICIT_STRUCTURAL,S_DIRECT_PATH,POWERTRAIN,B3_Graph_Only,LOW,0.05,1.0,0.0714,0.1333,1.0,0.8625,1.0,0.128
V3_EXP_0032,EXPLICIT_STRUCTURAL,S_DIRECT_PATH,POWERTRAIN,B4_Contextual_Embedding,LOW,0.05,0.0,0.0,0.0,1.0,0.525,1.0,597.563
V3_EXP_0032,EXPLICIT_STRUCTURAL,S_DIRECT_PATH,POWERTRAIN,B5_AURA_Hybrid,LOW,0.05,1.0,0.0714,0.1333,1.0,0.8625,1.0,0.389
V3_EXP_0033,EXPLICIT_STRUCTURAL,S_DIRECT_PATH,POWERTRAIN,B0_Full_Suite,LOW,0.0,1.0,0.0031,0.0062,1.0,0.0,1.0,0.1
V3_EXP_0033,EXPLICIT_STRUCTURAL,S_DIRECT_PATH,POWERTRAIN,B1_Keyword,LOW,0.0,0.0,0.0,0.0,1.0,0.0,1.0,3.23
V3_EXP_0033,EXPLICIT_STRUCTURAL,S_DIRECT_PATH,POWERTRAIN,B2_Raw_Embedding,LOW,0.0,0.0,0.0,0.0,1.0,0.5125,1.0,1.834
V3_EXP_0033,EXPLICIT_STRUCTURAL,S_DIRECT_PATH,POWERTRAIN,B3_Graph_Only,LOW,0.0,1.0,0.0714,0.1333,1.0,0.8625,1.0,0.128
V3_EXP_0033,EXPLICIT_STRUCTURAL,S_DIRECT_PATH,POWERTRAIN,B4_Contextual_Embedding,LOW,0.0,0.0,0.0,0.0,1.0,0.525,1.0,615.517
V3_EXP_0033,EXPLICIT_STRUCTURAL,S_DIRECT_PATH,POWERTRAIN,B5_AURA_Hybrid,LOW,0.0,1.0,0.0714,0.1333,1.0,0.8625,1.0,0.299
V3_EXP_0034,EXPLICIT_STRUCTURAL,S_DIRECT_PATH,POWERTRAIN,B0_Full_Suite,LOW,0.0,1.0,0.0031,0.0062,1.0,0.0,1.0,0.1
V3_EXP_0034,EXPLICIT_STRUCTURAL,S_DIRECT_PATH,POWERTRAIN,B1_Keyword,LOW,0.0,0.0,0.0,0.0,1.0,0.0,1.0,1.831
V3_EXP_0034,EXPLICIT_STRUCTURAL,S_DIRECT_PATH,POWERTRAIN,B2_Raw_Embedding,LOW,0.0,0.0,0.0,0.0,1.0,0.5125,1.0,1.723
V3_EXP_0034,EXPLICIT_STRUCTURAL,S_DIRECT_PATH,POWERTRAIN,B3_Graph_Only,LOW,0.0,1.0,0.0714,0.1333,1.0,0.8625,1.0,0.126
V3_EXP_0034,EXPLICIT_STRUCTURAL,S_DIRECT_PATH,POWERTRAIN,B4_Contextual_Embedding,LOW,0.0,0.0,0.0,0.0,1.0,0.525,1.0,736.513
V3_EXP_0034,EXPLICIT_STRUCTURAL,S_DIRECT_PATH,POWERTRAIN,B5_AURA_Hybrid,LOW,0.0,1.0,0.0714,0.1333,1.0,0.8625,1.0,0.296
V3_EXP_0035,EXPLICIT_STRUCTURAL,S_DIRECT_PATH,POWERTRAIN,B0_Full_Suite,LOW,0.0,1.0,0.0031,0.0062,1.0,0.0,1.0,0.1
V3_EXP_0035,EXPLICIT_STRUCTURAL,S_DIRECT_PATH,POWERTRAIN,B1_Keyword,LOW,0.0,0.0,0.0,0.0,1.0,0.0,1.0,1.831
V3_EXP_0035,EXPLICIT_STRUCTURAL,S_DIRECT_PATH,POWERTRAIN,B2_Raw_Embedding,LOW,0.0,0.0,0.0,0.0,1.0,0.5125,1.0,1.85
V3_EXP_0035,EXPLICIT_STRUCTURAL,S_DIRECT_PATH,POWERTRAIN,B3_Graph_Only,LOW,0.0,1.0,0.0714,0.1333,1.0,0.8625,1.0,0.13
V3_EXP_0035,EXPLICIT_STRUCTURAL,S_DIRECT_PATH,POWERTRAIN,B4_Contextual_Embedding,LOW,0.0,0.0,0.0,0.0,1.0,0.525,1.0,589.146
V3_EXP_0035,EXPLICIT_STRUCTURAL,S_DIRECT_PATH,POWERTRAIN,B5_AURA_Hybrid,LOW,0.0,1.0,0.0714,0.1333,1.0,0.8625,1.0,0.312
V3_EXP_0036,EXPLICIT_STRUCTURAL,S_DIRECT_PATH,POWERTRAIN,B0_Full_Suite,LOW,0.0476,1.0,0.0031,0.0062,1.0,0.0,1.0,0.1
V3_EXP_0036,EXPLICIT_STRUCTURAL,S_DIRECT_PATH,POWERTRAIN,B1_Keyword,LOW,0.0476,0.0,0.0,0.0,1.0,0.0,1.0,1.663
V3_EXP_0036,EXPLICIT_STRUCTURAL,S_DIRECT_PATH,POWERTRAIN,B2_Raw_Embedding,LOW,0.0476,0.0,0.0,0.0,1.0,0.5125,1.0,1.699
V3_EXP_0036,EXPLICIT_STRUCTURAL,S_DIRECT_PATH,POWERTRAIN,B3_Graph_Only,LOW,0.0476,1.0,0.0714,0.1333,1.0,0.8625,1.0,0.125
V3_EXP_0036,EXPLICIT_STRUCTURAL,S_DIRECT_PATH,POWERTRAIN,B4_Contextual_Embedding,LOW,0.0476,0.0,0.0,0.0,1.0,0.525,1.0,612.137
V3_EXP_0036,EXPLICIT_STRUCTURAL,S_DIRECT_PATH,POWERTRAIN,B5_AURA_Hybrid,LOW,0.0476,1.0,0.0714,0.1333,1.0,0.8625,1.0,0.294
V3_EXP_0037,EXPLICIT_STRUCTURAL,S_DIRECT_PATH,POWERTRAIN,B0_Full_Suite,LOW,0.0,1.0,0.0031,0.0062,1.0,0.0,1.0,0.1
V3_EXP_0037,EXPLICIT_STRUCTURAL,S_DIRECT_PATH,POWERTRAIN,B1_Keyword,LOW,0.0,0.0,0.0,0.0,1.0,0.0,1.0,1.655
V3_EXP_0037,EXPLICIT_STRUCTURAL,S_DIRECT_PATH,POWERTRAIN,B2_Raw_Embedding,LOW,0.0,0.0,0.0,0.0,1.0,0.5125,1.0,1.768
V3_EXP_0037,EXPLICIT_STRUCTURAL,S_DIRECT_PATH,POWERTRAIN,B3_Graph_Only,LOW,0.0,1.0,0.0714,0.1333,1.0,0.8625,1.0,0.128
V3_EXP_0037,EXPLICIT_STRUCTURAL,S_DIRECT_PATH,POWERTRAIN,B4_Contextual_Embedding,LOW,0.0,0.0,0.0,0.0,1.0,0.525,1.0,611.187
V3_EXP_0037,EXPLICIT_STRUCTURAL,S_DIRECT_PATH,POWERTRAIN,B5_AURA_Hybrid,LOW,0.0,1.0,0.0714,0.1333,1.0,0.8625,1.0,0.301
V3_EXP_0038,EXPLICIT_STRUCTURAL,S_DIRECT_PATH,POWERTRAIN,B0_Full_Suite,LOW,0.0455,1.0,0.0031,0.0062,1.0,0.0,1.0,0.1
V3_EXP_0038,EXPLICIT_STRUCTURAL,S_DIRECT_PATH,POWERTRAIN,B1_Keyword,LOW,0.0455,0.0,0.0,0.0,1.0,0.0,1.0,1.99
V3_EXP_0038,EXPLICIT_STRUCTURAL,S_DIRECT_PATH,POWERTRAIN,B2_Raw_Embedding,LOW,0.0455,0.0,0.0,0.0,1.0,0.5125,1.0,1.749
V3_EXP_0038,EXPLICIT_STRUCTURAL,S_DIRECT_PATH,POWERTRAIN,B3_Graph_Only,LOW,0.0455,1.0,0.0714,0.1333,1.0,0.8625,1.0,0.126
V3_EXP_0038,EXPLICIT_STRUCTURAL,S_DIRECT_PATH,POWERTRAIN,B4_Contextual_Embedding,LOW,0.0455,0.0,0.0,0.0,1.0,0.525,1.0,570.07
V3_EXP_0038,EXPLICIT_STRUCTURAL,S_DIRECT_PATH,POWERTRAIN,B5_AURA_Hybrid,LOW,0.0455,1.0,0.0714,0.1333,1.0,0.8625,1.0,0.302
V3_EXP_0039,EXPLICIT_STRUCTURAL,S_DIRECT_PATH,POWERTRAIN,B0_Full_Suite,LOW,0.05,1.0,0.0031,0.0062,1.0,0.0,1.0,0.1
V3_EXP_0039,EXPLICIT_STRUCTURAL,S_DIRECT_PATH,POWERTRAIN,B1_Keyword,LOW,0.05,0.0,0.0,0.0,1.0,0.0,1.0,1.664
V3_EXP_0039,EXPLICIT_STRUCTURAL,S_DIRECT_PATH,POWERTRAIN,B2_Raw_Embedding,LOW,0.05,0.0,0.0,0.0,1.0,0.5125,1.0,1.668
V3_EXP_0039,EXPLICIT_STRUCTURAL,S_DIRECT_PATH,POWERTRAIN,B3_Graph_Only,LOW,0.05,1.0,0.0714,0.1333,1.0,0.8625,1.0,0.125
V3_EXP_0039,EXPLICIT_STRUCTURAL,S_DIRECT_PATH,POWERTRAIN,B4_Contextual_Embedding,LOW,0.05,0.0,0.0,0.0,1.0,0.525,1.0,810.556
V3_EXP_0039,EXPLICIT_STRUCTURAL,S_DIRECT_PATH,POWERTRAIN,B5_AURA_Hybrid,LOW,0.05,1.0,0.0714,0.1333,1.0,0.8625,1.0,0.31
V3_EXP_0040,EXPLICIT_STRUCTURAL,S_DIRECT_PATH,POWERTRAIN,B0_Full_Suite,LOW,0.0,1.0,0.0031,0.0062,1.0,0.0,1.0,0.1
V3_EXP_0040,EXPLICIT_STRUCTURAL,S_DIRECT_PATH,POWERTRAIN,B1_Keyword,LOW,0.0,0.0,0.0,0.0,1.0,0.0,1.0,1.623
V3_EXP_0040,EXPLICIT_STRUCTURAL,S_DIRECT_PATH,POWERTRAIN,B2_Raw_Embedding,LOW,0.0,0.0,0.0,0.0,1.0,0.5125,1.0,1.599
V3_EXP_0040,EXPLICIT_STRUCTURAL,S_DIRECT_PATH,POWERTRAIN,B3_Graph_Only,LOW,0.0,1.0,0.0714,0.1333,1.0,0.8625,1.0,0.128
V3_EXP_0040,EXPLICIT_STRUCTURAL,S_DIRECT_PATH,POWERTRAIN,B4_Contextual_Embedding,LOW,0.0,0.0,0.0,0.0,1.0,0.525,1.0,589.657
V3_EXP_0040,EXPLICIT_STRUCTURAL,S_DIRECT_PATH,POWERTRAIN,B5_AURA_Hybrid,LOW,0.0,1.0,0.0714,0.1333,1.0,0.8625,1.0,0.291
V3_EXP_0041,EXPLICIT_STRUCTURAL,S_DIRECT_PATH,POWERTRAIN,B0_Full_Suite,LOW,0.0,1.0,0.0031,0.0062,1.0,0.0,1.0,0.1
V3_EXP_0041,EXPLICIT_STRUCTURAL,S_DIRECT_PATH,POWERTRAIN,B1_Keyword,LOW,0.0,0.0,0.0,0.0,1.0,0.0,1.0,1.607
V3_EXP_0041,EXPLICIT_STRUCTURAL,S_DIRECT_PATH,POWERTRAIN,B2_Raw_Embedding,LOW,0.0,0.0,0.0,0.0,1.0,0.5125,1.0,1.744
V3_EXP_0041,EXPLICIT_STRUCTURAL,S_DIRECT_PATH,POWERTRAIN,B3_Graph_Only,LOW,0.0,1.0,0.0714,0.1333,1.0,0.8625,1.0,0.124
V3_EXP_0041,EXPLICIT_STRUCTURAL,S_DIRECT_PATH,POWERTRAIN,B4_Contextual_Embedding,LOW,0.0,0.0,0.0,0.0,1.0,0.525,1.0,602.795
V3_EXP_0041,EXPLICIT_STRUCTURAL,S_DIRECT_PATH,POWERTRAIN,B5_AURA_Hybrid,LOW,0.0,1.0,0.0714,0.1333,1.0,0.8625,1.0,0.291
V3_EXP_0042,EXPLICIT_STRUCTURAL,S_DIRECT_PATH,POWERTRAIN,B0_Full_Suite,LOW,0.0,1.0,0.0031,0.0062,1.0,0.0,1.0,0.1
V3_EXP_0042,EXPLICIT_STRUCTURAL,S_DIRECT_PATH,POWERTRAIN,B1_Keyword,LOW,0.0,0.0,0.0,0.0,1.0,0.0,1.0,1.648
V3_EXP_0042,EXPLICIT_STRUCTURAL,S_DIRECT_PATH,POWERTRAIN,B2_Raw_Embedding,LOW,0.0,0.0,0.0,0.0,1.0,0.5125,1.0,2.183
V3_EXP_0042,EXPLICIT_STRUCTURAL,S_DIRECT_PATH,POWERTRAIN,B3_Graph_Only,LOW,0.0,1.0,0.0714,0.1333,1.0,0.8625,1.0,0.126
V3_EXP_0042,EXPLICIT_STRUCTURAL,S_DIRECT_PATH,POWERTRAIN,B4_Contextual_Embedding,LOW,0.0,0.0,0.0,0.0,1.0,0.525,1.0,555.366
V3_EXP_0042,EXPLICIT_STRUCTURAL,S_DIRECT_PATH,POWERTRAIN,B5_AURA_Hybrid,LOW,0.0,1.0,0.0714,0.1333,1.0,0.8625,1.0,0.334
V3_EXP_0043,EXPLICIT_STRUCTURAL,S_DIRECT_PATH,POWERTRAIN,B0_Full_Suite,LOW,0.0476,1.0,0.0031,0.0062,1.0,0.0,1.0,0.1
V3_EXP_0043,EXPLICIT_STRUCTURAL,S_DIRECT_PATH,POWERTRAIN,B1_Keyword,LOW,0.0476,0.0,0.0,0.0,1.0,0.0,1.0,1.696
V3_EXP_0043,EXPLICIT_STRUCTURAL,S_DIRECT_PATH,POWERTRAIN,B2_Raw_Embedding,LOW,0.0476,0.0,0.0,0.0,1.0,0.5125,1.0,1.822
V3_EXP_0043,EXPLICIT_STRUCTURAL,S_DIRECT_PATH,POWERTRAIN,B3_Graph_Only,LOW,0.0476,1.0,0.0714,0.1333,1.0,0.8625,1.0,0.134
V3_EXP_0043,EXPLICIT_STRUCTURAL,S_DIRECT_PATH,POWERTRAIN,B4_Contextual_Embedding,LOW,0.0476,0.0,0.0,0.0,1.0,0.525,1.0,612.258
V3_EXP_0043,EXPLICIT_STRUCTURAL,S_DIRECT_PATH,POWERTRAIN,B5_AURA_Hybrid,LOW,0.0476,1.0,0.0714,0.1333,1.0,0.8625,1.0,0.29
V3_EXP_0044,EXPLICIT_STRUCTURAL,S_DIRECT_PATH,POWERTRAIN,B0_Full_Suite,LOW,0.0,1.0,0.0031,0.0062,1.0,0.0,1.0,0.1
V3_EXP_0044,EXPLICIT_STRUCTURAL,S_DIRECT_PATH,POWERTRAIN,B1_Keyword,LOW,0.0,0.0,0.0,0.0,1.0,0.0,1.0,1.739
V3_EXP_0044,EXPLICIT_STRUCTURAL,S_DIRECT_PATH,POWERTRAIN,B2_Raw_Embedding,LOW,0.0,0.0,0.0,0.0,1.0,0.5125,1.0,2.183
V3_EXP_0044,EXPLICIT_STRUCTURAL,S_DIRECT_PATH,POWERTRAIN,B3_Graph_Only,LOW,0.0,1.0,0.0714,0.1333,1.0,0.8625,1.0,0.128
V3_EXP_0044,EXPLICIT_STRUCTURAL,S_DIRECT_PATH,POWERTRAIN,B4_Contextual_Embedding,LOW,0.0,0.0,0.0,0.0,1.0,0.525,1.0,606.084
V3_EXP_0044,EXPLICIT_STRUCTURAL,S_DIRECT_PATH,POWERTRAIN,B5_AURA_Hybrid,LOW,0.0,1.0,0.0714,0.1333,1.0,0.8625,1.0,0.668
V3_EXP_0045,EXPLICIT_STRUCTURAL,S_DIRECT_PATH,POWERTRAIN,B0_Full_Suite,LOW,0.0455,1.0,0.0031,0.0062,1.0,0.0,1.0,0.1
V3_EXP_0045,EXPLICIT_STRUCTURAL,S_DIRECT_PATH,POWERTRAIN,B1_Keyword,LOW,0.0455,0.0,0.0,0.0,1.0,0.0,1.0,1.686
V3_EXP_0045,EXPLICIT_STRUCTURAL,S_DIRECT_PATH,POWERTRAIN,B2_Raw_Embedding,LOW,0.0455,0.0,0.0,0.0,1.0,0.5125,1.0,1.669
V3_EXP_0045,EXPLICIT_STRUCTURAL,S_DIRECT_PATH,POWERTRAIN,B3_Graph_Only,LOW,0.0455,1.0,0.0714,0.1333,1.0,0.8625,1.0,0.13
V3_EXP_0045,EXPLICIT_STRUCTURAL,S_DIRECT_PATH,POWERTRAIN,B4_Contextual_Embedding,LOW,0.0455,0.0,0.0,0.0,1.0,0.525,1.0,574.853
V3_EXP_0045,EXPLICIT_STRUCTURAL,S_DIRECT_PATH,POWERTRAIN,B5_AURA_Hybrid,LOW,0.0455,1.0,0.0714,0.1333,1.0,0.8625,1.0,0.305
V3_EXP_0046,EXPLICIT_STRUCTURAL,S_DIRECT_PATH,POWERTRAIN,B0_Full_Suite,LOW,0.05,1.0,0.0031,0.0062,1.0,0.0,1.0,0.1
V3_EXP_0046,EXPLICIT_STRUCTURAL,S_DIRECT_PATH,POWERTRAIN,B1_Keyword,LOW,0.05,0.0,0.0,0.0,1.0,0.0,1.0,1.771
V3_EXP_0046,EXPLICIT_STRUCTURAL,S_DIRECT_PATH,POWERTRAIN,B2_Raw_Embedding,LOW,0.05,0.0,0.0,0.0,1.0,0.5125,1.0,1.807
V3_EXP_0046,EXPLICIT_STRUCTURAL,S_DIRECT_PATH,POWERTRAIN,B3_Graph_Only,LOW,0.05,1.0,0.0714,0.1333,1.0,0.8625,1.0,0.087
V3_EXP_0046,EXPLICIT_STRUCTURAL,S_DIRECT_PATH,POWERTRAIN,B4_Contextual_Embedding,LOW,0.05,0.0,0.0,0.0,1.0,0.525,1.0,1525.113
V3_EXP_0046,EXPLICIT_STRUCTURAL,S_DIRECT_PATH,POWERTRAIN,B5_AURA_Hybrid,LOW,0.05,1.0,0.0714,0.1333,1.0,0.8625,1.0,0.484
V3_EXP_0047,EXPLICIT_STRUCTURAL,S_DIRECT_PATH,POWERTRAIN,B0_Full_Suite,LOW,0.0,1.0,0.0031,0.0062,1.0,0.0,1.0,0.1
V3_EXP_0047,EXPLICIT_STRUCTURAL,S_DIRECT_PATH,POWERTRAIN,B1_Keyword,LOW,0.0,0.0,0.0,0.0,1.0,0.0,1.0,23.191
V3_EXP_0047,EXPLICIT_STRUCTURAL,S_DIRECT_PATH,POWERTRAIN,B2_Raw_Embedding,LOW,0.0,0.0,0.0,0.0,1.0,0.5125,1.0,15.757
V3_EXP_0047,EXPLICIT_STRUCTURAL,S_DIRECT_PATH,POWERTRAIN,B3_Graph_Only,LOW,0.0,1.0,0.0714,0.1333,1.0,0.8625,1.0,0.117
V3_EXP_0047,EXPLICIT_STRUCTURAL,S_DIRECT_PATH,POWERTRAIN,B4_Contextual_Embedding,LOW,0.0,0.0,0.0,0.0,1.0,0.525,1.0,620.946
V3_EXP_0047,EXPLICIT_STRUCTURAL,S_DIRECT_PATH,POWERTRAIN,B5_AURA_Hybrid,LOW,0.0,1.0,0.0714,0.1333,1.0,0.8625,1.0,1.428
V3_EXP_0048,EXPLICIT_STRUCTURAL,S_DIRECT_PATH,POWERTRAIN,B0_Full_Suite,LOW,0.0,1.0,0.0031,0.0062,1.0,0.0,1.0,0.1
V3_EXP_0048,EXPLICIT_STRUCTURAL,S_DIRECT_PATH,POWERTRAIN,B1_Keyword,LOW,0.0,0.0,0.0,0.0,1.0,0.0,1.0,1.7
V3_EXP_0048,EXPLICIT_STRUCTURAL,S_DIRECT_PATH,POWERTRAIN,B2_Raw_Embedding,LOW,0.0,0.0,0.0,0.0,1.0,0.5125,1.0,1.854
V3_EXP_0048,EXPLICIT_STRUCTURAL,S_DIRECT_PATH,POWERTRAIN,B3_Graph_Only,LOW,0.0,1.0,0.0714,0.1333,1.0,0.8625,1.0,0.13
V3_EXP_0048,EXPLICIT_STRUCTURAL,S_DIRECT_PATH,POWERTRAIN,B4_Contextual_Embedding,LOW,0.0,0.0,0.0,0.0,1.0,0.525,1.0,620.977
V3_EXP_0048,EXPLICIT_STRUCTURAL,S_DIRECT_PATH,POWERTRAIN,B5_AURA_Hybrid,LOW,0.0,1.0,0.0714,0.1333,1.0,0.8625,1.0,0.319
V3_EXP_0049,EXPLICIT_STRUCTURAL,S_DIRECT_PATH,POWERTRAIN,B0_Full_Suite,LOW,0.0,1.0,0.0031,0.0062,1.0,0.0,1.0,0.1
V3_EXP_0049,EXPLICIT_STRUCTURAL,S_DIRECT_PATH,POWERTRAIN,B1_Keyword,LOW,0.0,0.0,0.0,0.0,1.0,0.0,1.0,2.168
V3_EXP_0049,EXPLICIT_STRUCTURAL,S_DIRECT_PATH,POWERTRAIN,B2_Raw_Embedding,LOW,0.0,0.0,0.0,0.0,1.0,0.5125,1.0,1.647
V3_EXP_0049,EXPLICIT_STRUCTURAL,S_DIRECT_PATH,POWERTRAIN,B3_Graph_Only,LOW,0.0,1.0,0.0714,0.1333,1.0,0.8625,1.0,0.121
V3_EXP_0049,EXPLICIT_STRUCTURAL,S_DIRECT_PATH,POWERTRAIN,B4_Contextual_Embedding,LOW,0.0,0.0,0.0,0.0,1.0,0.525,1.0,600.52
V3_EXP_0049,EXPLICIT_STRUCTURAL,S_DIRECT_PATH,POWERTRAIN,B5_AURA_Hybrid,LOW,0.0,1.0,0.0714,0.1333,1.0,0.8625,1.0,0.299
V3_EXP_0050,EXPLICIT_STRUCTURAL,S_DIRECT_PATH,POWERTRAIN,B0_Full_Suite,LOW,0.0476,1.0,0.0031,0.0062,1.0,0.0,1.0,0.1
V3_EXP_0050,EXPLICIT_STRUCTURAL,S_DIRECT_PATH,POWERTRAIN,B1_Keyword,LOW,0.0476,0.0,0.0,0.0,1.0,0.0,1.0,1.925
V3_EXP_0050,EXPLICIT_STRUCTURAL,S_DIRECT_PATH,POWERTRAIN,B2_Raw_Embedding,LOW,0.0476,0.0,0.0,0.0,1.0,0.5125,1.0,1.73
V3_EXP_0050,EXPLICIT_STRUCTURAL,S_DIRECT_PATH,POWERTRAIN,B3_Graph_Only,LOW,0.0476,1.0,0.0714,0.1333,1.0,0.8625,1.0,0.136
V3_EXP_0050,EXPLICIT_STRUCTURAL,S_DIRECT_PATH,POWERTRAIN,B4_Contextual_Embedding,LOW,0.0476,0.0,0.0,0.0,1.0,0.525,1.0,585.755
V3_EXP_0050,EXPLICIT_STRUCTURAL,S_DIRECT_PATH,POWERTRAIN,B5_AURA_Hybrid,LOW,0.0476,1.0,0.0714,0.1333,1.0,0.8625,1.0,0.297
V3_EXP_0051,EXPLICIT_STRUCTURAL,S_DIRECT_PATH,POWERTRAIN,B0_Full_Suite,LOW,0.0,1.0,0.0031,0.0062,1.0,0.0,1.0,0.1
V3_EXP_0051,EXPLICIT_STRUCTURAL,S_DIRECT_PATH,POWERTRAIN,B1_Keyword,LOW,0.0,0.0,0.0,0.0,1.0,0.0,1.0,1.605
V3_EXP_0051,EXPLICIT_STRUCTURAL,S_DIRECT_PATH,POWERTRAIN,B2_Raw_Embedding,LOW,0.0,0.0,0.0,0.0,1.0,0.5125,1.0,1.693
V3_EXP_0051,EXPLICIT_STRUCTURAL,S_DIRECT_PATH,POWERTRAIN,B3_Graph_Only,LOW,0.0,1.0,0.0714,0.1333,1.0,0.8625,1.0,0.116
V3_EXP_0051,EXPLICIT_STRUCTURAL,S_DIRECT_PATH,POWERTRAIN,B4_Contextual_Embedding,LOW,0.0,0.0,0.0,0.0,1.0,0.525,1.0,691.074
V3_EXP_0051,EXPLICIT_STRUCTURAL,S_DIRECT_PATH,POWERTRAIN,B5_AURA_Hybrid,LOW,0.0,1.0,0.0714,0.1333,1.0,0.8625,1.0,0.297
V3_EXP_0052,EXPLICIT_STRUCTURAL,S_DIRECT_PATH,POWERTRAIN,B0_Full_Suite,LOW,0.0455,1.0,0.0031,0.0062,1.0,0.0,1.0,0.1
V3_EXP_0052,EXPLICIT_STRUCTURAL,S_DIRECT_PATH,POWERTRAIN,B1_Keyword,LOW,0.0455,0.0,0.0,0.0,1.0,0.0,1.0,1.619
V3_EXP_0052,EXPLICIT_STRUCTURAL,S_DIRECT_PATH,POWERTRAIN,B2_Raw_Embedding,LOW,0.0455,0.0,0.0,0.0,1.0,0.5125,1.0,1.686
V3_EXP_0052,EXPLICIT_STRUCTURAL,S_DIRECT_PATH,POWERTRAIN,B3_Graph_Only,LOW,0.0455,1.0,0.0714,0.1333,1.0,0.8625,1.0,0.123
V3_EXP_0052,EXPLICIT_STRUCTURAL,S_DIRECT_PATH,POWERTRAIN,B4_Contextual_Embedding,LOW,0.0455,0.0,0.0,0.0,1.0,0.525,1.0,580.999
V3_EXP_0052,EXPLICIT_STRUCTURAL,S_DIRECT_PATH,POWERTRAIN,B5_AURA_Hybrid,LOW,0.0455,1.0,0.0714,0.1333,1.0,0.8625,1.0,0.288
V3_EXP_0053,EXPLICIT_STRUCTURAL,S_DIRECT_PATH,POWERTRAIN,B0_Full_Suite,LOW,0.05,1.0,0.0031,0.0062,1.0,0.0,1.0,0.1
V3_EXP_0053,EXPLICIT_STRUCTURAL,S_DIRECT_PATH,POWERTRAIN,B1_Keyword,LOW,0.05,0.0,0.0,0.0,1.0,0.0,1.0,1.738
V3_EXP_0053,EXPLICIT_STRUCTURAL,S_DIRECT_PATH,POWERTRAIN,B2_Raw_Embedding,LOW,0.05,0.0,0.0,0.0,1.0,0.5125,1.0,1.78
V3_EXP_0053,EXPLICIT_STRUCTURAL,S_DIRECT_PATH,POWERTRAIN,B3_Graph_Only,LOW,0.05,1.0,0.0714,0.1333,1.0,0.8625,1.0,0.125
V3_EXP_0053,EXPLICIT_STRUCTURAL,S_DIRECT_PATH,POWERTRAIN,B4_Contextual_Embedding,LOW,0.05,0.0,0.0,0.0,1.0,0.525,1.0,547.753
V3_EXP_0053,EXPLICIT_STRUCTURAL,S_DIRECT_PATH,POWERTRAIN,B5_AURA_Hybrid,LOW,0.05,1.0,0.0714,0.1333,1.0,0.8625,1.0,0.274
V3_EXP_0054,EXPLICIT_STRUCTURAL,S_DIRECT_PATH,POWERTRAIN,B0_Full_Suite,LOW,0.0,1.0,0.0031,0.0062,1.0,0.0,1.0,0.1
V3_EXP_0054,EXPLICIT_STRUCTURAL,S_DIRECT_PATH,POWERTRAIN,B1_Keyword,LOW,0.0,0.0,0.0,0.0,1.0,0.0,1.0,1.459
V3_EXP_0054,EXPLICIT_STRUCTURAL,S_DIRECT_PATH,POWERTRAIN,B2_Raw_Embedding,LOW,0.0,0.0,0.0,0.0,1.0,0.5125,1.0,1.56
V3_EXP_0054,EXPLICIT_STRUCTURAL,S_DIRECT_PATH,POWERTRAIN,B3_Graph_Only,LOW,0.0,1.0,0.0714,0.1333,1.0,0.8625,1.0,0.119
V3_EXP_0054,EXPLICIT_STRUCTURAL,S_DIRECT_PATH,POWERTRAIN,B4_Contextual_Embedding,LOW,0.0,0.0,0.0,0.0,1.0,0.525,1.0,621.5
V3_EXP_0054,EXPLICIT_STRUCTURAL,S_DIRECT_PATH,POWERTRAIN,B5_AURA_Hybrid,LOW,0.0,1.0,0.0714,0.1333,1.0,0.8625,1.0,0.295
V3_EXP_0055,EXPLICIT_STRUCTURAL,S_DIRECT_PATH,POWERTRAIN,B0_Full_Suite,LOW,0.0,1.0,0.0031,0.0062,1.0,0.0,1.0,0.1
V3_EXP_0055,EXPLICIT_STRUCTURAL,S_DIRECT_PATH,POWERTRAIN,B1_Keyword,LOW,0.0,0.0,0.0,0.0,1.0,0.0,1.0,1.753
V3_EXP_0055,EXPLICIT_STRUCTURAL,S_DIRECT_PATH,POWERTRAIN,B2_Raw_Embedding,LOW,0.0,0.0,0.0,0.0,1.0,0.5125,1.0,1.806
V3_EXP_0055,EXPLICIT_STRUCTURAL,S_DIRECT_PATH,POWERTRAIN,B3_Graph_Only,LOW,0.0,1.0,0.0714,0.1333,1.0,0.8625,1.0,0.157
V3_EXP_0055,EXPLICIT_STRUCTURAL,S_DIRECT_PATH,POWERTRAIN,B4_Contextual_Embedding,LOW,0.0,0.0,0.0,0.0,1.0,0.525,1.0,628.186
V3_EXP_0055,EXPLICIT_STRUCTURAL,S_DIRECT_PATH,POWERTRAIN,B5_AURA_Hybrid,LOW,0.0,1.0,0.0714,0.1333,1.0,0.8625,1.0,0.116
V3_EXP_0056,EXPLICIT_STRUCTURAL,S_DIRECT_PATH,POWERTRAIN,B0_Full_Suite,LOW,0.0,1.0,0.0031,0.0062,1.0,0.0,1.0,0.1
V3_EXP_0056,EXPLICIT_STRUCTURAL,S_DIRECT_PATH,POWERTRAIN,B1_Keyword,LOW,0.0,0.0,0.0,0.0,1.0,0.0,1.0,6.516
V3_EXP_0056,EXPLICIT_STRUCTURAL,S_DIRECT_PATH,POWERTRAIN,B2_Raw_Embedding,LOW,0.0,0.0,0.0,0.0,1.0,0.5125,1.0,0.909
V3_EXP_0056,EXPLICIT_STRUCTURAL,S_DIRECT_PATH,POWERTRAIN,B3_Graph_Only,LOW,0.0,1.0,0.0714,0.1333,1.0,0.8625,1.0,0.062
V3_EXP_0056,EXPLICIT_STRUCTURAL,S_DIRECT_PATH,POWERTRAIN,B4_Contextual_Embedding,LOW,0.0,0.0,0.0,0.0,1.0,0.525,1.0,193.998
V3_EXP_0056,EXPLICIT_STRUCTURAL,S_DIRECT_PATH,POWERTRAIN,B5_AURA_Hybrid,LOW,0.0,1.0,0.0714,0.1333,1.0,0.8625,1.0,0.092
V3_EXP_0057,EXPLICIT_STRUCTURAL,S_DIRECT_PATH,POWERTRAIN,B0_Full_Suite,LOW,0.0476,1.0,0.0031,0.0062,1.0,0.0,1.0,0.1
V3_EXP_0057,EXPLICIT_STRUCTURAL,S_DIRECT_PATH,POWERTRAIN,B1_Keyword,LOW,0.0476,0.0,0.0,0.0,1.0,0.0,1.0,1.428
V3_EXP_0057,EXPLICIT_STRUCTURAL,S_DIRECT_PATH,POWERTRAIN,B2_Raw_Embedding,LOW,0.0476,0.0,0.0,0.0,1.0,0.5125,1.0,1.039
V3_EXP_0057,EXPLICIT_STRUCTURAL,S_DIRECT_PATH,POWERTRAIN,B3_Graph_Only,LOW,0.0476,1.0,0.0714,0.1333,1.0,0.8625,1.0,0.065
V3_EXP_0057,EXPLICIT_STRUCTURAL,S_DIRECT_PATH,POWERTRAIN,B4_Contextual_Embedding,LOW,0.0476,0.0,0.0,0.0,1.0,0.525,1.0,199.478
V3_EXP_0057,EXPLICIT_STRUCTURAL,S_DIRECT_PATH,POWERTRAIN,B5_AURA_Hybrid,LOW,0.0476,1.0,0.0714,0.1333,1.0,0.8625,1.0,0.124
V3_EXP_0058,EXPLICIT_STRUCTURAL,S_DIRECT_PATH,POWERTRAIN,B0_Full_Suite,LOW,0.0,1.0,0.0031,0.0062,1.0,0.0,1.0,0.1
V3_EXP_0058,EXPLICIT_STRUCTURAL,S_DIRECT_PATH,POWERTRAIN,B1_Keyword,LOW,0.0,0.0,0.0,0.0,1.0,0.0,1.0,0.588
V3_EXP_0058,EXPLICIT_STRUCTURAL,S_DIRECT_PATH,POWERTRAIN,B2_Raw_Embedding,LOW,0.0,0.0,0.0,0.0,1.0,0.5125,1.0,0.529
V3_EXP_0058,EXPLICIT_STRUCTURAL,S_DIRECT_PATH,POWERTRAIN,B3_Graph_Only,LOW,0.0,1.0,0.0714,0.1333,1.0,0.8625,1.0,0.036
V3_EXP_0058,EXPLICIT_STRUCTURAL,S_DIRECT_PATH,POWERTRAIN,B4_Contextual_Embedding,LOW,0.0,0.0,0.0,0.0,1.0,0.525,1.0,194.815
V3_EXP_0058,EXPLICIT_STRUCTURAL,S_DIRECT_PATH,POWERTRAIN,B5_AURA_Hybrid,LOW,0.0,1.0,0.0714,0.1333,1.0,0.8625,1.0,0.11
V3_EXP_0059,EXPLICIT_STRUCTURAL,S_DIRECT_PATH,POWERTRAIN,B0_Full_Suite,LOW,0.0455,1.0,0.0031,0.0062,1.0,0.0,1.0,0.1
V3_EXP_0059,EXPLICIT_STRUCTURAL,S_DIRECT_PATH,POWERTRAIN,B1_Keyword,LOW,0.0455,0.0,0.0,0.0,1.0,0.0,1.0,0.639
V3_EXP_0059,EXPLICIT_STRUCTURAL,S_DIRECT_PATH,POWERTRAIN,B2_Raw_Embedding,LOW,0.0455,0.0,0.0,0.0,1.0,0.525,1.0,0.603
V3_EXP_0059,EXPLICIT_STRUCTURAL,S_DIRECT_PATH,POWERTRAIN,B3_Graph_Only,LOW,0.0455,1.0,0.0714,0.1333,1.0,0.8625,1.0,0.043
V3_EXP_0059,EXPLICIT_STRUCTURAL,S_DIRECT_PATH,POWERTRAIN,B4_Contextual_Embedding,LOW,0.0455,0.0,0.0,0.0,1.0,0.525,1.0,211.739
V3_EXP_0059,EXPLICIT_STRUCTURAL,S_DIRECT_PATH,POWERTRAIN,B5_AURA_Hybrid,LOW,0.0455,1.0,0.0714,0.1333,1.0,0.8625,1.0,0.135
V3_EXP_0060,EXPLICIT_STRUCTURAL,S_DIRECT_PATH,POWERTRAIN,B0_Full_Suite,LOW,0.05,1.0,0.0031,0.0062,1.0,0.0,1.0,0.1
V3_EXP_0060,EXPLICIT_STRUCTURAL,S_DIRECT_PATH,POWERTRAIN,B1_Keyword,LOW,0.05,0.0,0.0,0.0,1.0,0.0,1.0,0.699
V3_EXP_0060,EXPLICIT_STRUCTURAL,S_DIRECT_PATH,POWERTRAIN,B2_Raw_Embedding,LOW,0.05,0.0,0.0,0.0,1.0,0.5125,1.0,0.636
V3_EXP_0060,EXPLICIT_STRUCTURAL,S_DIRECT_PATH,POWERTRAIN,B3_Graph_Only,LOW,0.05,1.0,0.0714,0.1333,1.0,0.8625,1.0,0.043
V3_EXP_0060,EXPLICIT_STRUCTURAL,S_DIRECT_PATH,POWERTRAIN,B4_Contextual_Embedding,LOW,0.05,0.0,0.0,0.0,1.0,0.525,1.0,183.833
V3_EXP_0060,EXPLICIT_STRUCTURAL,S_DIRECT_PATH,POWERTRAIN,B5_AURA_Hybrid,LOW,0.05,1.0,0.0714,0.1333,1.0,0.8625,1.0,0.106
V3_EXP_0061,EXPLICIT_STRUCTURAL,S_DIRECT_PATH,BATTERY_EV,B0_Full_Suite,LOW,0.0909,1.0,0.0031,0.0062,1.0,0.0,1.0,0.1
V3_EXP_0061,EXPLICIT_STRUCTURAL,S_DIRECT_PATH,BATTERY_EV,B1_Keyword,LOW,0.0909,0.0,0.0,0.0,1.0,0.0,1.0,0.703
V3_EXP_0061,EXPLICIT_STRUCTURAL,S_DIRECT_PATH,BATTERY_EV,B2_Raw_Embedding,LOW,0.0909,0.0,0.0,0.0,1.0,0.4875,1.0,0.585
V3_EXP_0061,EXPLICIT_STRUCTURAL,S_DIRECT_PATH,BATTERY_EV,B3_Graph_Only,LOW,0.0909,1.0,0.0714,0.1333,1.0,0.8625,1.0,0.05
V3_EXP_0061,EXPLICIT_STRUCTURAL,S_DIRECT_PATH,BATTERY_EV,B4_Contextual_Embedding,LOW,0.0909,0.0,0.0,0.0,1.0,0.5,1.0,223.672
V3_EXP_0061,EXPLICIT_STRUCTURAL,S_DIRECT_PATH,BATTERY_EV,B5_AURA_Hybrid,LOW,0.0909,1.0,0.0714,0.1333,1.0,0.8625,1.0,0.124
V3_EXP_0062,EXPLICIT_STRUCTURAL,S_DIRECT_PATH,BATTERY_EV,B0_Full_Suite,LOW,0.1053,1.0,0.0031,0.0062,1.0,0.0,1.0,0.1
V3_EXP_0062,EXPLICIT_STRUCTURAL,S_DIRECT_PATH,BATTERY_EV,B1_Keyword,LOW,0.1053,0.0,0.0,0.0,1.0,0.0,1.0,0.628
V3_EXP_0062,EXPLICIT_STRUCTURAL,S_DIRECT_PATH,BATTERY_EV,B2_Raw_Embedding,LOW,0.1053,0.0,0.0,0.0,1.0,0.4875,1.0,0.613
V3_EXP_0062,EXPLICIT_STRUCTURAL,S_DIRECT_PATH,BATTERY_EV,B3_Graph_Only,LOW,0.1053,1.0,0.0714,0.1333,1.0,0.8625,1.0,0.039
V3_EXP_0062,EXPLICIT_STRUCTURAL,S_DIRECT_PATH,BATTERY_EV,B4_Contextual_Embedding,LOW,0.1053,0.0,0.0,0.0,1.0,0.5,1.0,216.028
V3_EXP_0062,EXPLICIT_STRUCTURAL,S_DIRECT_PATH,BATTERY_EV,B5_AURA_Hybrid,LOW,0.1053,1.0,0.0714,0.1333,1.0,0.8625,1.0,0.107
V3_EXP_0063,EXPLICIT_STRUCTURAL,S_DIRECT_PATH,BATTERY_EV,B0_Full_Suite,LOW,0.0476,1.0,0.0031,0.0062,1.0,0.0,1.0,0.1
V3_EXP_0063,EXPLICIT_STRUCTURAL,S_DIRECT_PATH,BATTERY_EV,B1_Keyword,LOW,0.0476,0.0,0.0,0.0,1.0,0.0,1.0,0.643
V3_EXP_0063,EXPLICIT_STRUCTURAL,S_DIRECT_PATH,BATTERY_EV,B2_Raw_Embedding,LOW,0.0476,0.0,0.0,0.0,1.0,0.4875,1.0,0.592
V3_EXP_0063,EXPLICIT_STRUCTURAL,S_DIRECT_PATH,BATTERY_EV,B3_Graph_Only,LOW,0.0476,1.0,0.0714,0.1333,1.0,0.8625,1.0,0.047
V3_EXP_0063,EXPLICIT_STRUCTURAL,S_DIRECT_PATH,BATTERY_EV,B4_Contextual_Embedding,LOW,0.0476,0.0,0.0,0.0,1.0,0.5,1.0,198.469
V3_EXP_0063,EXPLICIT_STRUCTURAL,S_DIRECT_PATH,BATTERY_EV,B5_AURA_Hybrid,LOW,0.0476,1.0,0.0714,0.1333,1.0,0.8625,1.0,0.113
V3_EXP_0064,EXPLICIT_STRUCTURAL,S_DIRECT_PATH,BATTERY_EV,B0_Full_Suite,LOW,0.0476,1.0,0.0031,0.0062,1.0,0.0,1.0,0.1
V3_EXP_0064,EXPLICIT_STRUCTURAL,S_DIRECT_PATH,BATTERY_EV,B1_Keyword,LOW,0.0476,0.0,0.0,0.0,1.0,0.0,1.0,0.68
V3_EXP_0064,EXPLICIT_STRUCTURAL,S_DIRECT_PATH,BATTERY_EV,B2_Raw_Embedding,LOW,0.0476,0.0,0.0,0.0,1.0,0.4875,1.0,0.653
V3_EXP_0064,EXPLICIT_STRUCTURAL,S_DIRECT_PATH,BATTERY_EV,B3_Graph_Only,LOW,0.0476,1.0,0.0714,0.1333,1.0,0.8625,1.0,0.049
V3_EXP_0064,EXPLICIT_STRUCTURAL,S_DIRECT_PATH,BATTERY_EV,B4_Contextual_Embedding,LOW,0.0476,0.0,0.0,0.0,1.0,0.5,1.0,222.154
V3_EXP_0064,EXPLICIT_STRUCTURAL,S_DIRECT_PATH,BATTERY_EV,B5_AURA_Hybrid,LOW,0.0476,1.0,0.0714,0.1333,1.0,0.8625,1.0,0.108
V3_EXP_0065,EXPLICIT_STRUCTURAL,S_DIRECT_PATH,BATTERY_EV,B0_Full_Suite,MEDIUM,0.1579,1.0,0.0031,0.0062,1.0,0.0,1.0,0.1
V3_EXP_0065,EXPLICIT_STRUCTURAL,S_DIRECT_PATH,BATTERY_EV,B1_Keyword,MEDIUM,0.1579,0.0,0.0,0.0,1.0,0.0,1.0,0.689
V3_EXP_0065,EXPLICIT_STRUCTURAL,S_DIRECT_PATH,BATTERY_EV,B2_Raw_Embedding,MEDIUM,0.1579,0.0,0.0,0.0,1.0,0.4875,1.0,0.611
V3_EXP_0065,EXPLICIT_STRUCTURAL,S_DIRECT_PATH,BATTERY_EV,B3_Graph_Only,MEDIUM,0.1579,1.0,0.0714,0.1333,1.0,0.8625,1.0,0.042
V3_EXP_0065,EXPLICIT_STRUCTURAL,S_DIRECT_PATH,BATTERY_EV,B4_Contextual_Embedding,MEDIUM,0.1579,0.0,0.0,0.0,1.0,0.5,1.0,209.9
V3_EXP_0065,EXPLICIT_STRUCTURAL,S_DIRECT_PATH,BATTERY_EV,B5_AURA_Hybrid,MEDIUM,0.1579,1.0,0.0714,0.1333,1.0,0.8625,1.0,0.111
V3_EXP_0066,EXPLICIT_STRUCTURAL,S_DIRECT_PATH,BATTERY_EV,B0_Full_Suite,LOW,0.0,1.0,0.0031,0.0062,1.0,0.0,1.0,0.1
V3_EXP_0066,EXPLICIT_STRUCTURAL,S_DIRECT_PATH,BATTERY_EV,B1_Keyword,LOW,0.0,0.0,0.0,0.0,1.0,0.0,1.0,0.693
V3_EXP_0066,EXPLICIT_STRUCTURAL,S_DIRECT_PATH,BATTERY_EV,B2_Raw_Embedding,LOW,0.0,0.0,0.0,0.0,1.0,0.4875,1.0,0.698
V3_EXP_0066,EXPLICIT_STRUCTURAL,S_DIRECT_PATH,BATTERY_EV,B3_Graph_Only,LOW,0.0,1.0,0.0714,0.1333,1.0,0.8625,1.0,0.045
V3_EXP_0066,EXPLICIT_STRUCTURAL,S_DIRECT_PATH,BATTERY_EV,B4_Contextual_Embedding,LOW,0.0,0.0,0.0,0.0,1.0,0.5,1.0,207.787
V3_EXP_0066,EXPLICIT_STRUCTURAL,S_DIRECT_PATH,BATTERY_EV,B5_AURA_Hybrid,LOW,0.0,1.0,0.0714,0.1333,1.0,0.8625,1.0,0.113
V3_EXP_0067,EXPLICIT_STRUCTURAL,S_DIRECT_PATH,BATTERY_EV,B0_Full_Suite,LOW,0.0909,1.0,0.0031,0.0062,1.0,0.0,1.0,0.1
V3_EXP_0067,EXPLICIT_STRUCTURAL,S_DIRECT_PATH,BATTERY_EV,B1_Keyword,LOW,0.0909,0.0,0.0,0.0,1.0,0.0,1.0,1.217
V3_EXP_0067,EXPLICIT_STRUCTURAL,S_DIRECT_PATH,BATTERY_EV,B2_Raw_Embedding,LOW,0.0909,0.0,0.0,0.0,1.0,0.4875,1.0,0.702
V3_EXP_0067,EXPLICIT_STRUCTURAL,S_DIRECT_PATH,BATTERY_EV,B3_Graph_Only,LOW,0.0909,1.0,0.0714,0.1333,1.0,0.8625,1.0,0.054
V3_EXP_0067,EXPLICIT_STRUCTURAL,S_DIRECT_PATH,BATTERY_EV,B4_Contextual_Embedding,LOW,0.0909,0.0,0.0,0.0,1.0,0.5,1.0,200.213
V3_EXP_0067,EXPLICIT_STRUCTURAL,S_DIRECT_PATH,BATTERY_EV,B5_AURA_Hybrid,LOW,0.0909,1.0,0.0714,0.1333,1.0,0.8625,1.0,0.092
V3_EXP_0068,EXPLICIT_STRUCTURAL,S_DIRECT_PATH,BATTERY_EV,B0_Full_Suite,LOW,0.1053,1.0,0.0031,0.0062,1.0,0.0,1.0,0.1
V3_EXP_0068,EXPLICIT_STRUCTURAL,S_DIRECT_PATH,BATTERY_EV,B1_Keyword,LOW,0.1053,0.0,0.0,0.0,1.0,0.0,1.0,0.602
V3_EXP_0068,EXPLICIT_STRUCTURAL,S_DIRECT_PATH,BATTERY_EV,B2_Raw_Embedding,LOW,0.1053,0.0,0.0,0.0,1.0,0.4875,1.0,0.514
V3_EXP_0068,EXPLICIT_STRUCTURAL,S_DIRECT_PATH,BATTERY_EV,B3_Graph_Only,LOW,0.1053,1.0,0.0714,0.1333,1.0,0.8625,1.0,0.038
V3_EXP_0068,EXPLICIT_STRUCTURAL,S_DIRECT_PATH,BATTERY_EV,B4_Contextual_Embedding,LOW,0.1053,0.0,0.0,0.0,1.0,0.5,1.0,214.905
V3_EXP_0068,EXPLICIT_STRUCTURAL,S_DIRECT_PATH,BATTERY_EV,B5_AURA_Hybrid,LOW,0.1053,1.0,0.0714,0.1333,1.0,0.8625,1.0,0.121
V3_EXP_0069,EXPLICIT_STRUCTURAL,S_DIRECT_PATH,BATTERY_EV,B0_Full_Suite,LOW,0.0476,1.0,0.0031,0.0062,1.0,0.0,1.0,0.1
V3_EXP_0069,EXPLICIT_STRUCTURAL,S_DIRECT_PATH,BATTERY_EV,B1_Keyword,LOW,0.0476,0.0,0.0,0.0,1.0,0.0,1.0,0.736
V3_EXP_0069,EXPLICIT_STRUCTURAL,S_DIRECT_PATH,BATTERY_EV,B2_Raw_Embedding,LOW,0.0476,0.0,0.0,0.0,1.0,0.4875,1.0,0.676
V3_EXP_0069,EXPLICIT_STRUCTURAL,S_DIRECT_PATH,BATTERY_EV,B3_Graph_Only,LOW,0.0476,1.0,0.0714,0.1333,1.0,0.8625,1.0,0.053
V3_EXP_0069,EXPLICIT_STRUCTURAL,S_DIRECT_PATH,BATTERY_EV,B4_Contextual_Embedding,LOW,0.0476,0.0,0.0,0.0,1.0,0.5,1.0,212.914
V3_EXP_0069,EXPLICIT_STRUCTURAL,S_DIRECT_PATH,BATTERY_EV,B5_AURA_Hybrid,LOW,0.0476,1.0,0.0714,0.1333,1.0,0.8625,1.0,0.121
V3_EXP_0070,EXPLICIT_STRUCTURAL,S_DIRECT_PATH,BATTERY_EV,B0_Full_Suite,LOW,0.0476,1.0,0.0031,0.0062,1.0,0.0,1.0,0.1
V3_EXP_0070,EXPLICIT_STRUCTURAL,S_DIRECT_PATH,BATTERY_EV,B1_Keyword,LOW,0.0476,0.0,0.0,0.0,1.0,0.0,1.0,0.676
V3_EXP_0070,EXPLICIT_STRUCTURAL,S_DIRECT_PATH,BATTERY_EV,B2_Raw_Embedding,LOW,0.0476,0.0,0.0,0.0,1.0,0.4875,1.0,0.617
V3_EXP_0070,EXPLICIT_STRUCTURAL,S_DIRECT_PATH,BATTERY_EV,B3_Graph_Only,LOW,0.0476,1.0,0.0714,0.1333,1.0,0.8625,1.0,0.045
V3_EXP_0070,EXPLICIT_STRUCTURAL,S_DIRECT_PATH,BATTERY_EV,B4_Contextual_Embedding,LOW,0.0476,0.0,0.0,0.0,1.0,0.5,1.0,216.525
V3_EXP_0070,EXPLICIT_STRUCTURAL,S_DIRECT_PATH,BATTERY_EV,B5_AURA_Hybrid,LOW,0.0476,1.0,0.0714,0.1333,1.0,0.8625,1.0,0.129
V3_EXP_0071,EXPLICIT_STRUCTURAL,S_DIRECT_PATH,BATTERY_EV,B0_Full_Suite,MEDIUM,0.1579,1.0,0.0031,0.0062,1.0,0.0,1.0,0.1
V3_EXP_0071,EXPLICIT_STRUCTURAL,S_DIRECT_PATH,BATTERY_EV,B1_Keyword,MEDIUM,0.1579,0.0,0.0,0.0,1.0,0.0,1.0,0.73
V3_EXP_0071,EXPLICIT_STRUCTURAL,S_DIRECT_PATH,BATTERY_EV,B2_Raw_Embedding,MEDIUM,0.1579,0.0,0.0,0.0,1.0,0.4875,1.0,0.61
V3_EXP_0071,EXPLICIT_STRUCTURAL,S_DIRECT_PATH,BATTERY_EV,B3_Graph_Only,MEDIUM,0.1579,1.0,0.0714,0.1333,1.0,0.8625,1.0,0.047
V3_EXP_0071,EXPLICIT_STRUCTURAL,S_DIRECT_PATH,BATTERY_EV,B4_Contextual_Embedding,MEDIUM,0.1579,0.0,0.0,0.0,1.0,0.5,1.0,199.574
V3_EXP_0071,EXPLICIT_STRUCTURAL,S_DIRECT_PATH,BATTERY_EV,B5_AURA_Hybrid,MEDIUM,0.1579,1.0,0.0714,0.1333,1.0,0.8625,1.0,0.106
V3_EXP_0072,EXPLICIT_STRUCTURAL,S_DIRECT_PATH,BATTERY_EV,B0_Full_Suite,LOW,0.0,1.0,0.0031,0.0062,1.0,0.0,1.0,0.1
V3_EXP_0072,EXPLICIT_STRUCTURAL,S_DIRECT_PATH,BATTERY_EV,B1_Keyword,LOW,0.0,0.0,0.0,0.0,1.0,0.0,1.0,0.664
V3_EXP_0072,EXPLICIT_STRUCTURAL,S_DIRECT_PATH,BATTERY_EV,B2_Raw_Embedding,LOW,0.0,0.0,0.0,0.0,1.0,0.4875,1.0,0.584
V3_EXP_0072,EXPLICIT_STRUCTURAL,S_DIRECT_PATH,BATTERY_EV,B3_Graph_Only,LOW,0.0,1.0,0.0714,0.1333,1.0,0.8625,1.0,0.042
V3_EXP_0072,EXPLICIT_STRUCTURAL,S_DIRECT_PATH,BATTERY_EV,B4_Contextual_Embedding,LOW,0.0,0.0,0.0,0.0,1.0,0.5,1.0,214.316
V3_EXP_0072,EXPLICIT_STRUCTURAL,S_DIRECT_PATH,BATTERY_EV,B5_AURA_Hybrid,LOW,0.0,1.0,0.0714,0.1333,1.0,0.8625,1.0,0.115
V3_EXP_0073,EXPLICIT_STRUCTURAL,S_DIRECT_PATH,BATTERY_EV,B0_Full_Suite,LOW,0.0909,1.0,0.0031,0.0062,1.0,0.0,1.0,0.1
V3_EXP_0073,EXPLICIT_STRUCTURAL,S_DIRECT_PATH,BATTERY_EV,B1_Keyword,LOW,0.0909,0.0,0.0,0.0,1.0,0.0,1.0,0.676
V3_EXP_0073,EXPLICIT_STRUCTURAL,S_DIRECT_PATH,BATTERY_EV,B2_Raw_Embedding,LOW,0.0909,0.0,0.0,0.0,1.0,0.4875,1.0,0.604
V3_EXP_0073,EXPLICIT_STRUCTURAL,S_DIRECT_PATH,BATTERY_EV,B3_Graph_Only,LOW,0.0909,1.0,0.0714,0.1333,1.0,0.8625,1.0,0.047
V3_EXP_0073,EXPLICIT_STRUCTURAL,S_DIRECT_PATH,BATTERY_EV,B4_Contextual_Embedding,LOW,0.0909,0.0,0.0,0.0,1.0,0.5,1.0,214.459
V3_EXP_0073,EXPLICIT_STRUCTURAL,S_DIRECT_PATH,BATTERY_EV,B5_AURA_Hybrid,LOW,0.0909,1.0,0.0714,0.1333,1.0,0.8625,1.0,0.113
V3_EXP_0074,EXPLICIT_STRUCTURAL,S_DIRECT_PATH,BATTERY_EV,B0_Full_Suite,LOW,0.1053,1.0,0.0031,0.0062,1.0,0.0,1.0,0.1
V3_EXP_0074,EXPLICIT_STRUCTURAL,S_DIRECT_PATH,BATTERY_EV,B1_Keyword,LOW,0.1053,0.0,0.0,0.0,1.0,0.0,1.0,0.705
V3_EXP_0074,EXPLICIT_STRUCTURAL,S_DIRECT_PATH,BATTERY_EV,B2_Raw_Embedding,LOW,0.1053,0.0,0.0,0.0,1.0,0.4875,1.0,0.638
V3_EXP_0074,EXPLICIT_STRUCTURAL,S_DIRECT_PATH,BATTERY_EV,B3_Graph_Only,LOW,0.1053,1.0,0.0714,0.1333,1.0,0.8625,1.0,0.047
V3_EXP_0074,EXPLICIT_STRUCTURAL,S_DIRECT_PATH,BATTERY_EV,B4_Contextual_Embedding,LOW,0.1053,0.0,0.0,0.0,1.0,0.5,1.0,193.734
V3_EXP_0074,EXPLICIT_STRUCTURAL,S_DIRECT_PATH,BATTERY_EV,B5_AURA_Hybrid,LOW,0.1053,1.0,0.0714,0.1333,1.0,0.8625,1.0,0.11
V3_EXP_0075,EXPLICIT_STRUCTURAL,S_DIRECT_PATH,BATTERY_EV,B0_Full_Suite,LOW,0.0476,1.0,0.0031,0.0062,1.0,0.0,1.0,0.1
V3_EXP_0075,EXPLICIT_STRUCTURAL,S_DIRECT_PATH,BATTERY_EV,B1_Keyword,LOW,0.0476,0.0,0.0,0.0,1.0,0.0,1.0,0.677
V3_EXP_0075,EXPLICIT_STRUCTURAL,S_DIRECT_PATH,BATTERY_EV,B2_Raw_Embedding,LOW,0.0476,0.0,0.0,0.0,1.0,0.4875,1.0,0.837
V3_EXP_0075,EXPLICIT_STRUCTURAL,S_DIRECT_PATH,BATTERY_EV,B3_Graph_Only,LOW,0.0476,1.0,0.0714,0.1333,1.0,0.8625,1.0,0.063
V3_EXP_0075,EXPLICIT_STRUCTURAL,S_DIRECT_PATH,BATTERY_EV,B4_Contextual_Embedding,LOW,0.0476,0.0,0.0,0.0,1.0,0.5,1.0,411.667
V3_EXP_0075,EXPLICIT_STRUCTURAL,S_DIRECT_PATH,BATTERY_EV,B5_AURA_Hybrid,LOW,0.0476,1.0,0.0714,0.1333,1.0,0.8625,1.0,0.285
V3_EXP_0076,EXPLICIT_STRUCTURAL,S_DIRECT_PATH,BATTERY_EV,B0_Full_Suite,LOW,0.0476,1.0,0.0031,0.0062,1.0,0.0,1.0,0.1
V3_EXP_0076,EXPLICIT_STRUCTURAL,S_DIRECT_PATH,BATTERY_EV,B1_Keyword,LOW,0.0476,0.0,0.0,0.0,1.0,0.0,1.0,0.974
V3_EXP_0076,EXPLICIT_STRUCTURAL,S_DIRECT_PATH,BATTERY_EV,B2_Raw_Embedding,LOW,0.0476,0.0,0.0,0.0,1.0,0.4875,1.0,1.483
V3_EXP_0076,EXPLICIT_STRUCTURAL,S_DIRECT_PATH,BATTERY_EV,B3_Graph_Only,LOW,0.0476,1.0,0.0714,0.1333,1.0,0.8625,1.0,0.12
V3_EXP_0076,EXPLICIT_STRUCTURAL,S_DIRECT_PATH,BATTERY_EV,B4_Contextual_Embedding,LOW,0.0476,0.0,0.0,0.0,1.0,0.5,1.0,594.534
V3_EXP_0076,EXPLICIT_STRUCTURAL,S_DIRECT_PATH,BATTERY_EV,B5_AURA_Hybrid,LOW,0.0476,1.0,0.0714,0.1333,1.0,0.8625,1.0,0.301
V3_EXP_0077,EXPLICIT_STRUCTURAL,S_DIRECT_PATH,BATTERY_EV,B0_Full_Suite,MEDIUM,0.1579,1.0,0.0031,0.0062,1.0,0.0,1.0,0.1
V3_EXP_0077,EXPLICIT_STRUCTURAL,S_DIRECT_PATH,BATTERY_EV,B1_Keyword,MEDIUM,0.1579,0.0,0.0,0.0,1.0,0.0,1.0,1.666
V3_EXP_0077,EXPLICIT_STRUCTURAL,S_DIRECT_PATH,BATTERY_EV,B2_Raw_Embedding,MEDIUM,0.1579,0.0,0.0,0.0,1.0,0.4875,1.0,1.658
V3_EXP_0077,EXPLICIT_STRUCTURAL,S_DIRECT_PATH,BATTERY_EV,B3_Graph_Only,MEDIUM,0.1579,1.0,0.0714,0.1333,1.0,0.8625,1.0,0.122
V3_EXP_0077,EXPLICIT_STRUCTURAL,S_DIRECT_PATH,BATTERY_EV,B4_Contextual_Embedding,MEDIUM,0.1579,0.0,0.0,0.0,1.0,0.5,1.0,1100.555
V3_EXP_0077,EXPLICIT_STRUCTURAL,S_DIRECT_PATH,BATTERY_EV,B5_AURA_Hybrid,MEDIUM,0.1579,1.0,0.0714,0.1333,1.0,0.8625,1.0,0.303
V3_EXP_0078,EXPLICIT_STRUCTURAL,S_DIRECT_PATH,BATTERY_EV,B0_Full_Suite,LOW,0.0,1.0,0.0031,0.0062,1.0,0.0,1.0,0.1
V3_EXP_0078,EXPLICIT_STRUCTURAL,S_DIRECT_PATH,BATTERY_EV,B1_Keyword,LOW,0.0,0.0,0.0,0.0,1.0,0.0,1.0,1.738
V3_EXP_0078,EXPLICIT_STRUCTURAL,S_DIRECT_PATH,BATTERY_EV,B2_Raw_Embedding,LOW,0.0,0.0,0.0,0.0,1.0,0.4875,1.0,2.247
V3_EXP_0078,EXPLICIT_STRUCTURAL,S_DIRECT_PATH,BATTERY_EV,B3_Graph_Only,LOW,0.0,1.0,0.0714,0.1333,1.0,0.8625,1.0,0.13
V3_EXP_0078,EXPLICIT_STRUCTURAL,S_DIRECT_PATH,BATTERY_EV,B4_Contextual_Embedding,LOW,0.0,0.0,0.0,0.0,1.0,0.5,1.0,1322.873
V3_EXP_0078,EXPLICIT_STRUCTURAL,S_DIRECT_PATH,BATTERY_EV,B5_AURA_Hybrid,LOW,0.0,1.0,0.0714,0.1333,1.0,0.8625,1.0,0.307
V3_EXP_0079,EXPLICIT_STRUCTURAL,S_DIRECT_PATH,BATTERY_EV,B0_Full_Suite,LOW,0.0909,1.0,0.0031,0.0062,1.0,0.0,1.0,0.1
V3_EXP_0079,EXPLICIT_STRUCTURAL,S_DIRECT_PATH,BATTERY_EV,B1_Keyword,LOW,0.0909,0.0,0.0,0.0,1.0,0.0,1.0,1.729
V3_EXP_0079,EXPLICIT_STRUCTURAL,S_DIRECT_PATH,BATTERY_EV,B2_Raw_Embedding,LOW,0.0909,0.0,0.0,0.0,1.0,0.8625,1.0,1.613
V3_EXP_0079,EXPLICIT_STRUCTURAL,S_DIRECT_PATH,BATTERY_EV,B3_Graph_Only,LOW,0.0909,1.0,0.0714,0.1333,1.0,0.8625,1.0,0.074
V3_EXP_0079,EXPLICIT_STRUCTURAL,S_DIRECT_PATH,BATTERY_EV,B4_Contextual_Embedding,LOW,0.0909,0.0,0.0,0.0,1.0,0.5,1.0,1309.192
V3_EXP_0079,EXPLICIT_STRUCTURAL,S_DIRECT_PATH,BATTERY_EV,B5_AURA_Hybrid,LOW,0.0909,1.0,0.0714,0.1333,1.0,0.8625,1.0,0.327
V3_EXP_0080,EXPLICIT_STRUCTURAL,S_DIRECT_PATH,BATTERY_EV,B0_Full_Suite,LOW,0.1053,1.0,0.0031,0.0062,1.0,0.0,1.0,0.1
V3_EXP_0080,EXPLICIT_STRUCTURAL,S_DIRECT_PATH,BATTERY_EV,B1_Keyword,LOW,0.1053,0.0,0.0,0.0,1.0,0.0,1.0,1.564
V3_EXP_0080,EXPLICIT_STRUCTURAL,S_DIRECT_PATH,BATTERY_EV,B2_Raw_Embedding,LOW,0.1053,0.0,0.0,0.0,1.0,0.4875,1.0,1.655
V3_EXP_0080,EXPLICIT_STRUCTURAL,S_DIRECT_PATH,BATTERY_EV,B3_Graph_Only,LOW,0.1053,1.0,0.0714,0.1333,1.0,0.8625,1.0,0.131
V3_EXP_0080,EXPLICIT_STRUCTURAL,S_DIRECT_PATH,BATTERY_EV,B4_Contextual_Embedding,LOW,0.1053,0.0,0.0,0.0,1.0,0.5,1.0,1288.205
V3_EXP_0080,EXPLICIT_STRUCTURAL,S_DIRECT_PATH,BATTERY_EV,B5_AURA_Hybrid,LOW,0.1053,1.0,0.0714,0.1333,1.0,0.8625,1.0,0.304
V3_EXP_0081,EXPLICIT_STRUCTURAL,S_DIRECT_PATH,BATTERY_EV,B0_Full_Suite,LOW,0.0476,1.0,0.0031,0.0062,1.0,0.0,1.0,0.1
V3_EXP_0081,EXPLICIT_STRUCTURAL,S_DIRECT_PATH,BATTERY_EV,B1_Keyword,LOW,0.0476,0.0,0.0,0.0,1.0,0.0,1.0,1.755
V3_EXP_0081,EXPLICIT_STRUCTURAL,S_DIRECT_PATH,BATTERY_EV,B2_Raw_Embedding,LOW,0.0476,0.0,0.0,0.0,1.0,0.4875,1.0,2.574
V3_EXP_0081,EXPLICIT_STRUCTURAL,S_DIRECT_PATH,BATTERY_EV,B3_Graph_Only,LOW,0.0476,1.0,0.0714,0.1333,1.0,0.8625,1.0,0.151
V3_EXP_0081,EXPLICIT_STRUCTURAL,S_DIRECT_PATH,BATTERY_EV,B4_Contextual_Embedding,LOW,0.0476,0.0,0.0,0.0,1.0,0.5,1.0,949.975
V3_EXP_0081,EXPLICIT_STRUCTURAL,S_DIRECT_PATH,BATTERY_EV,B5_AURA_Hybrid,LOW,0.0476,1.0,0.0714,0.1333,1.0,0.8625,1.0,0.3
V3_EXP_0082,EXPLICIT_STRUCTURAL,S_DIRECT_PATH,BATTERY_EV,B0_Full_Suite,LOW,0.0476,1.0,0.0031,0.0062,1.0,0.0,1.0,0.1
V3_EXP_0082,EXPLICIT_STRUCTURAL,S_DIRECT_PATH,BATTERY_EV,B1_Keyword,LOW,0.0476,0.0,0.0,0.0,1.0,0.0,1.0,1.718
V3_EXP_0082,EXPLICIT_STRUCTURAL,S_DIRECT_PATH,BATTERY_EV,B2_Raw_Embedding,LOW,0.0476,0.0,0.0,0.0,1.0,0.4875,1.0,2.051
V3_EXP_0082,EXPLICIT_STRUCTURAL,S_DIRECT_PATH,BATTERY_EV,B3_Graph_Only,LOW,0.0476,1.0,0.0714,0.1333,1.0,0.8625,1.0,0.185
V3_EXP_0082,EXPLICIT_STRUCTURAL,S_DIRECT_PATH,BATTERY_EV,B4_Contextual_Embedding,LOW,0.0476,0.0,0.0,0.0,1.0,0.5,1.0,849.924
V3_EXP_0082,EXPLICIT_STRUCTURAL,S_DIRECT_PATH,BATTERY_EV,B5_AURA_Hybrid,LOW,0.0476,1.0,0.0714,0.1333,1.0,0.8625,1.0,0.512
V3_EXP_0083,EXPLICIT_STRUCTURAL,S_DIRECT_PATH,BATTERY_EV,B0_Full_Suite,MEDIUM,0.1579,1.0,0.0031,0.0062,1.0,0.0,1.0,0.1
V3_EXP_0083,EXPLICIT_STRUCTURAL,S_DIRECT_PATH,BATTERY_EV,B1_Keyword,MEDIUM,0.1579,0.0,0.0,0.0,1.0,0.0,1.0,1.631
V3_EXP_0083,EXPLICIT_STRUCTURAL,S_DIRECT_PATH,BATTERY_EV,B2_Raw_Embedding,MEDIUM,0.1579,0.0,0.0,0.0,1.0,0.4875,1.0,1.74
V3_EXP_0083,EXPLICIT_STRUCTURAL,S_DIRECT_PATH,BATTERY_EV,B3_Graph_Only,MEDIUM,0.1579,1.0,0.0714,0.1333,1.0,0.8625,1.0,0.123
V3_EXP_0083,EXPLICIT_STRUCTURAL,S_DIRECT_PATH,BATTERY_EV,B4_Contextual_Embedding,MEDIUM,0.1579,0.0,0.0,0.0,1.0,0.5,1.0,713.331
V3_EXP_0083,EXPLICIT_STRUCTURAL,S_DIRECT_PATH,BATTERY_EV,B5_AURA_Hybrid,MEDIUM,0.1579,1.0,0.0714,0.1333,1.0,0.8625,1.0,0.293
V3_EXP_0084,EXPLICIT_STRUCTURAL,S_DIRECT_PATH,BATTERY_EV,B0_Full_Suite,LOW,0.0,1.0,0.0031,0.0062,1.0,0.0,1.0,0.1
V3_EXP_0084,EXPLICIT_STRUCTURAL,S_DIRECT_PATH,BATTERY_EV,B1_Keyword,LOW,0.0,0.0,0.0,0.0,1.0,0.0,1.0,1.619
V3_EXP_0084,EXPLICIT_STRUCTURAL,S_DIRECT_PATH,BATTERY_EV,B2_Raw_Embedding,LOW,0.0,0.0,0.0,0.0,1.0,0.4875,1.0,1.671
V3_EXP_0084,EXPLICIT_STRUCTURAL,S_DIRECT_PATH,BATTERY_EV,B3_Graph_Only,LOW,0.0,1.0,0.0714,0.1333,1.0,0.8625,1.0,0.134
V3_EXP_0084,EXPLICIT_STRUCTURAL,S_DIRECT_PATH,BATTERY_EV,B4_Contextual_Embedding,LOW,0.0,0.0,0.0,0.0,1.0,0.5,1.0,914.873
V3_EXP_0084,EXPLICIT_STRUCTURAL,S_DIRECT_PATH,BATTERY_EV,B5_AURA_Hybrid,LOW,0.0,1.0,0.0714,0.1333,1.0,0.8625,1.0,0.317
V3_EXP_0085,EXPLICIT_STRUCTURAL,S_DIRECT_PATH,BATTERY_EV,B0_Full_Suite,LOW,0.0909,1.0,0.0031,0.0062,1.0,0.0,1.0,0.1
V3_EXP_0085,EXPLICIT_STRUCTURAL,S_DIRECT_PATH,BATTERY_EV,B1_Keyword,LOW,0.0909,0.0,0.0,0.0,1.0,0.0,1.0,1.983
V3_EXP_0085,EXPLICIT_STRUCTURAL,S_DIRECT_PATH,BATTERY_EV,B2_Raw_Embedding,LOW,0.0909,0.0,0.0,0.0,1.0,0.4875,1.0,4.211
V3_EXP_0085,EXPLICIT_STRUCTURAL,S_DIRECT_PATH,BATTERY_EV,B3_Graph_Only,LOW,0.0909,1.0,0.0714,0.1333,1.0,0.8625,1.0,0.24
V3_EXP_0085,EXPLICIT_STRUCTURAL,S_DIRECT_PATH,BATTERY_EV,B4_Contextual_Embedding,LOW,0.0909,0.0,0.0,0.0,1.0,0.5,1.0,781.178
V3_EXP_0085,EXPLICIT_STRUCTURAL,S_DIRECT_PATH,BATTERY_EV,B5_AURA_Hybrid,LOW,0.0909,1.0,0.0714,0.1333,1.0,0.8625,1.0,0.343
V3_EXP_0086,EXPLICIT_STRUCTURAL,S_DIRECT_PATH,BATTERY_EV,B0_Full_Suite,LOW,0.1053,1.0,0.0031,0.0062,1.0,0.0,1.0,0.1
V3_EXP_0086,EXPLICIT_STRUCTURAL,S_DIRECT_PATH,BATTERY_EV,B1_Keyword,LOW,0.1053,0.0,0.0,0.0,1.0,0.0,1.0,1.889
V3_EXP_0086,EXPLICIT_STRUCTURAL,S_DIRECT_PATH,BATTERY_EV,B2_Raw_Embedding,LOW,0.1053,0.0,0.0,0.0,1.0,0.4875,1.0,1.99
V3_EXP_0086,EXPLICIT_STRUCTURAL,S_DIRECT_PATH,BATTERY_EV,B3_Graph_Only,LOW,0.1053,1.0,0.0714,0.1333,1.0,0.8625,1.0,0.138
V3_EXP_0086,EXPLICIT_STRUCTURAL,S_DIRECT_PATH,BATTERY_EV,B4_Contextual_Embedding,LOW,0.1053,0.0,0.0,0.0,1.0,0.5,1.0,809.943
V3_EXP_0086,EXPLICIT_STRUCTURAL,S_DIRECT_PATH,BATTERY_EV,B5_AURA_Hybrid,LOW,0.1053,1.0,0.0714,0.1333,1.0,0.8625,1.0,0.28
V3_EXP_0087,EXPLICIT_STRUCTURAL,S_DIRECT_PATH,BATTERY_EV,B0_Full_Suite,LOW,0.0476,1.0,0.0031,0.0062,1.0,0.0,1.0,0.1
V3_EXP_0087,EXPLICIT_STRUCTURAL,S_DIRECT_PATH,BATTERY_EV,B1_Keyword,LOW,0.0476,0.0,0.0,0.0,1.0,0.0,1.0,1.521
V3_EXP_0087,EXPLICIT_STRUCTURAL,S_DIRECT_PATH,BATTERY_EV,B2_Raw_Embedding,LOW,0.0476,0.0,0.0,0.0,1.0,0.4875,1.0,1.97
V3_EXP_0087,EXPLICIT_STRUCTURAL,S_DIRECT_PATH,BATTERY_EV,B3_Graph_Only,LOW,0.0476,1.0,0.0714,0.1333,1.0,0.8625,1.0,0.131
V3_EXP_0087,EXPLICIT_STRUCTURAL,S_DIRECT_PATH,BATTERY_EV,B4_Contextual_Embedding,LOW,0.0476,0.0,0.0,0.0,1.0,0.5,1.0,625.026
V3_EXP_0087,EXPLICIT_STRUCTURAL,S_DIRECT_PATH,BATTERY_EV,B5_AURA_Hybrid,LOW,0.0476,1.0,0.0714,0.1333,1.0,0.8625,1.0,0.293
V3_EXP_0088,EXPLICIT_STRUCTURAL,S_DIRECT_PATH,BATTERY_EV,B0_Full_Suite,LOW,0.0476,1.0,0.0031,0.0062,1.0,0.0,1.0,0.1
V3_EXP_0088,EXPLICIT_STRUCTURAL,S_DIRECT_PATH,BATTERY_EV,B1_Keyword,LOW,0.0476,0.0,0.0,0.0,1.0,0.0,1.0,2.614
V3_EXP_0088,EXPLICIT_STRUCTURAL,S_DIRECT_PATH,BATTERY_EV,B2_Raw_Embedding,LOW,0.0476,0.0,0.0,0.0,1.0,0.4875,1.0,2.003
V3_EXP_0088,EXPLICIT_STRUCTURAL,S_DIRECT_PATH,BATTERY_EV,B3_Graph_Only,LOW,0.0476,1.0,0.0714,0.1333,1.0,0.8625,1.0,0.197
V3_EXP_0088,EXPLICIT_STRUCTURAL,S_DIRECT_PATH,BATTERY_EV,B4_Contextual_Embedding,LOW,0.0476,0.0,0.0,0.0,1.0,0.5,1.0,635.893
V3_EXP_0088,EXPLICIT_STRUCTURAL,S_DIRECT_PATH,BATTERY_EV,B5_AURA_Hybrid,LOW,0.0476,1.0,0.0714,0.1333,1.0,0.8625,1.0,0.302
V3_EXP_0089,EXPLICIT_STRUCTURAL,S_DIRECT_PATH,BATTERY_EV,B0_Full_Suite,MEDIUM,0.1579,1.0,0.0031,0.0062,1.0,0.0,1.0,0.1
V3_EXP_0089,EXPLICIT_STRUCTURAL,S_DIRECT_PATH,BATTERY_EV,B1_Keyword,MEDIUM,0.1579,0.0,0.0,0.0,1.0,0.0,1.0,1.658
V3_EXP_0089,EXPLICIT_STRUCTURAL,S_DIRECT_PATH,BATTERY_EV,B2_Raw_Embedding,MEDIUM,0.1579,0.0,0.0,0.0,1.0,0.4875,1.0,1.768
V3_EXP_0089,EXPLICIT_STRUCTURAL,S_DIRECT_PATH,BATTERY_EV,B3_Graph_Only,MEDIUM,0.1579,1.0,0.0714,0.1333,1.0,0.8625,1.0,0.125
V3_EXP_0089,EXPLICIT_STRUCTURAL,S_DIRECT_PATH,BATTERY_EV,B4_Contextual_Embedding,MEDIUM,0.1579,0.0,0.0,0.0,1.0,0.5,1.0,578.65
V3_EXP_0089,EXPLICIT_STRUCTURAL,S_DIRECT_PATH,BATTERY_EV,B5_AURA_Hybrid,MEDIUM,0.1579,1.0,0.0714,0.1333,1.0,0.8625,1.0,0.293
V3_EXP_0090,EXPLICIT_STRUCTURAL,S_DIRECT_PATH,BATTERY_EV,B0_Full_Suite,LOW,0.0,1.0,0.0031,0.0062,1.0,0.0,1.0,0.1
V3_EXP_0090,EXPLICIT_STRUCTURAL,S_DIRECT_PATH,BATTERY_EV,B1_Keyword,LOW,0.0,0.0,0.0,0.0,1.0,0.0,1.0,1.522
V3_EXP_0090,EXPLICIT_STRUCTURAL,S_DIRECT_PATH,BATTERY_EV,B2_Raw_Embedding,LOW,0.0,0.0,0.0,0.0,1.0,0.4875,1.0,1.607
V3_EXP_0090,EXPLICIT_STRUCTURAL,S_DIRECT_PATH,BATTERY_EV,B3_Graph_Only,LOW,0.0,1.0,0.0714,0.1333,1.0,0.8625,1.0,0.117
V3_EXP_0090,EXPLICIT_STRUCTURAL,S_DIRECT_PATH,BATTERY_EV,B4_Contextual_Embedding,LOW,0.0,0.0,0.0,0.0,1.0,0.5,1.0,1224.512
V3_EXP_0090,EXPLICIT_STRUCTURAL,S_DIRECT_PATH,BATTERY_EV,B5_AURA_Hybrid,LOW,0.0,1.0,0.0714,0.1333,1.0,0.8625,1.0,0.281
V3_EXP_0091,EXPLICIT_STRUCTURAL,S_DIRECT_PATH,BODY_ELECTRONICS,B0_Full_Suite,LOW,0.0,1.0,0.0063,0.0126,1.0,0.0,1.0,0.1
V3_EXP_0091,EXPLICIT_STRUCTURAL,S_DIRECT_PATH,BODY_ELECTRONICS,B1_Keyword,LOW,0.0,0.0,0.0,0.0,1.0,0.7917,1.0,1.501
V3_EXP_0091,EXPLICIT_STRUCTURAL,S_DIRECT_PATH,BODY_ELECTRONICS,B2_Raw_Embedding,LOW,0.0,0.0,0.0,0.0,1.0,0.7917,1.0,1.673
V3_EXP_0091,EXPLICIT_STRUCTURAL,S_DIRECT_PATH,BODY_ELECTRONICS,B3_Graph_Only,LOW,0.0,0.0,0.0,0.0,0.19999999999999996,0.9792,1.0,0.044
V3_EXP_0091,EXPLICIT_STRUCTURAL,S_DIRECT_PATH,BODY_ELECTRONICS,B4_Contextual_Embedding,LOW,0.0,0.0,0.0,0.0,1.0,0.7917,1.0,206.219
V3_EXP_0091,EXPLICIT_STRUCTURAL,S_DIRECT_PATH,BODY_ELECTRONICS,B5_AURA_Hybrid,LOW,0.0,0.0,0.0,0.0,0.19999999999999996,0.9792,1.0,0.075
V3_EXP_0092,EXPLICIT_STRUCTURAL,S_DIRECT_PATH,BODY_ELECTRONICS,B0_Full_Suite,LOW,0.0,1.0,0.0063,0.0126,1.0,0.0,1.0,0.1
V3_EXP_0092,EXPLICIT_STRUCTURAL,S_DIRECT_PATH,BODY_ELECTRONICS,B1_Keyword,LOW,0.0,0.0,0.0,0.0,1.0,0.7917,1.0,1.668
V3_EXP_0092,EXPLICIT_STRUCTURAL,S_DIRECT_PATH,BODY_ELECTRONICS,B2_Raw_Embedding,LOW,0.0,0.0,0.0,0.0,1.0,0.7917,1.0,1.495
V3_EXP_0092,EXPLICIT_STRUCTURAL,S_DIRECT_PATH,BODY_ELECTRONICS,B3_Graph_Only,LOW,0.0,0.0,0.0,0.0,0.19999999999999996,0.9792,1.0,0.031
V3_EXP_0092,EXPLICIT_STRUCTURAL,S_DIRECT_PATH,BODY_ELECTRONICS,B4_Contextual_Embedding,LOW,0.0,0.0,0.0,0.0,1.0,0.7917,1.0,211.611
V3_EXP_0092,EXPLICIT_STRUCTURAL,S_DIRECT_PATH,BODY_ELECTRONICS,B5_AURA_Hybrid,LOW,0.0,0.0,0.0,0.0,0.19999999999999996,0.9792,1.0,0.093
V3_EXP_0093,EXPLICIT_STRUCTURAL,S_DIRECT_PATH,BODY_ELECTRONICS,B0_Full_Suite,LOW,0.0,1.0,0.0063,0.0126,1.0,0.0,1.0,0.1
V3_EXP_0093,EXPLICIT_STRUCTURAL,S_DIRECT_PATH,BODY_ELECTRONICS,B1_Keyword,LOW,0.0,0.0,0.0,0.0,1.0,0.7917,1.0,1.504
V3_EXP_0093,EXPLICIT_STRUCTURAL,S_DIRECT_PATH,BODY_ELECTRONICS,B2_Raw_Embedding,LOW,0.0,0.0,0.0,0.0,1.0,0.7917,1.0,1.466
V3_EXP_0093,EXPLICIT_STRUCTURAL,S_DIRECT_PATH,BODY_ELECTRONICS,B3_Graph_Only,LOW,0.0,0.0,0.0,0.0,0.19999999999999996,0.9792,1.0,0.034
V3_EXP_0093,EXPLICIT_STRUCTURAL,S_DIRECT_PATH,BODY_ELECTRONICS,B4_Contextual_Embedding,LOW,0.0,0.0,0.0,0.0,1.0,0.7917,1.0,210.712
V3_EXP_0093,EXPLICIT_STRUCTURAL,S_DIRECT_PATH,BODY_ELECTRONICS,B5_AURA_Hybrid,LOW,0.0,0.0,0.0,0.0,0.19999999999999996,0.9792,1.0,0.093
V3_EXP_0094,EXPLICIT_STRUCTURAL,S_DIRECT_PATH,BODY_ELECTRONICS,B0_Full_Suite,LOW,0.0,1.0,0.0063,0.0126,1.0,0.0,1.0,0.1
V3_EXP_0094,EXPLICIT_STRUCTURAL,S_DIRECT_PATH,BODY_ELECTRONICS,B1_Keyword,LOW,0.0,0.0,0.0,0.0,1.0,0.7917,1.0,1.527
V3_EXP_0094,EXPLICIT_STRUCTURAL,S_DIRECT_PATH,BODY_ELECTRONICS,B2_Raw_Embedding,LOW,0.0,0.0,0.0,0.0,1.0,0.7917,1.0,1.568
V3_EXP_0094,EXPLICIT_STRUCTURAL,S_DIRECT_PATH,BODY_ELECTRONICS,B3_Graph_Only,LOW,0.0,0.0,0.0,0.0,0.19999999999999996,0.9792,1.0,0.028
V3_EXP_0094,EXPLICIT_STRUCTURAL,S_DIRECT_PATH,BODY_ELECTRONICS,B4_Contextual_Embedding,LOW,0.0,0.0,0.0,0.0,1.0,0.7917,1.0,206.695
V3_EXP_0094,EXPLICIT_STRUCTURAL,S_DIRECT_PATH,BODY_ELECTRONICS,B5_AURA_Hybrid,LOW,0.0,0.0,0.0,0.0,0.19999999999999996,0.9792,1.0,0.091
V3_EXP_0095,EXPLICIT_STRUCTURAL,S_DIRECT_PATH,BODY_ELECTRONICS,B0_Full_Suite,LOW,0.0,1.0,0.0063,0.0126,1.0,0.0,1.0,0.1
V3_EXP_0095,EXPLICIT_STRUCTURAL,S_DIRECT_PATH,BODY_ELECTRONICS,B1_Keyword,LOW,0.0,0.0,0.0,0.0,1.0,0.7917,1.0,1.468
V3_EXP_0095,EXPLICIT_STRUCTURAL,S_DIRECT_PATH,BODY_ELECTRONICS,B2_Raw_Embedding,LOW,0.0,0.0,0.0,0.0,1.0,0.7917,1.0,1.381
V3_EXP_0095,EXPLICIT_STRUCTURAL,S_DIRECT_PATH,BODY_ELECTRONICS,B3_Graph_Only,LOW,0.0,0.0,0.0,0.0,0.19999999999999996,0.9792,1.0,0.034
V3_EXP_0095,EXPLICIT_STRUCTURAL,S_DIRECT_PATH,BODY_ELECTRONICS,B4_Contextual_Embedding,LOW,0.0,0.0,0.0,0.0,1.0,0.7917,1.0,207.04
V3_EXP_0095,EXPLICIT_STRUCTURAL,S_DIRECT_PATH,BODY_ELECTRONICS,B5_AURA_Hybrid,LOW,0.0,0.0,0.0,0.0,0.19999999999999996,0.9792,1.0,0.094
V3_EXP_0096,EXPLICIT_STRUCTURAL,S_DIRECT_PATH,BODY_ELECTRONICS,B0_Full_Suite,LOW,0.0,1.0,0.0063,0.0126,1.0,0.0,1.0,0.1
V3_EXP_0096,EXPLICIT_STRUCTURAL,S_DIRECT_PATH,BODY_ELECTRONICS,B1_Keyword,LOW,0.0,0.0,0.0,0.0,1.0,0.7917,1.0,1.585
V3_EXP_0096,EXPLICIT_STRUCTURAL,S_DIRECT_PATH,BODY_ELECTRONICS,B2_Raw_Embedding,LOW,0.0,0.0,0.0,0.0,1.0,0.7917,1.0,1.21
V3_EXP_0096,EXPLICIT_STRUCTURAL,S_DIRECT_PATH,BODY_ELECTRONICS,B3_Graph_Only,LOW,0.0,0.0,0.0,0.0,0.19999999999999996,0.9792,1.0,0.013
V3_EXP_0096,EXPLICIT_STRUCTURAL,S_DIRECT_PATH,BODY_ELECTRONICS,B4_Contextual_Embedding,LOW,0.0,0.0,0.0,0.0,1.0,0.7917,1.0,211.085
V3_EXP_0096,EXPLICIT_STRUCTURAL,S_DIRECT_PATH,BODY_ELECTRONICS,B5_AURA_Hybrid,LOW,0.0,0.0,0.0,0.0,0.19999999999999996,0.9792,1.0,0.093
V3_EXP_0097,EXPLICIT_STRUCTURAL,S_DIRECT_PATH,BODY_ELECTRONICS,B0_Full_Suite,LOW,0.0,1.0,0.0063,0.0126,1.0,0.0,1.0,0.1
V3_EXP_0097,EXPLICIT_STRUCTURAL,S_DIRECT_PATH,BODY_ELECTRONICS,B1_Keyword,LOW,0.0,0.0,0.0,0.0,1.0,0.7917,1.0,1.559
V3_EXP_0097,EXPLICIT_STRUCTURAL,S_DIRECT_PATH,BODY_ELECTRONICS,B2_Raw_Embedding,LOW,0.0,0.0,0.0,0.0,1.0,0.7917,1.0,1.456
V3_EXP_0097,EXPLICIT_STRUCTURAL,S_DIRECT_PATH,BODY_ELECTRONICS,B3_Graph_Only,LOW,0.0,0.0,0.0,0.0,0.19999999999999996,0.9792,1.0,0.033
V3_EXP_0097,EXPLICIT_STRUCTURAL,S_DIRECT_PATH,BODY_ELECTRONICS,B4_Contextual_Embedding,LOW,0.0,0.0,0.0,0.0,1.0,0.7917,1.0,212.038
V3_EXP_0097,EXPLICIT_STRUCTURAL,S_DIRECT_PATH,BODY_ELECTRONICS,B5_AURA_Hybrid,LOW,0.0,0.0,0.0,0.0,0.19999999999999996,0.9792,1.0,0.093
V3_EXP_0098,EXPLICIT_STRUCTURAL,S_DIRECT_PATH,BODY_ELECTRONICS,B0_Full_Suite,LOW,0.0,1.0,0.0063,0.0126,1.0,0.0,1.0,0.1
V3_EXP_0098,EXPLICIT_STRUCTURAL,S_DIRECT_PATH,BODY_ELECTRONICS,B1_Keyword,LOW,0.0,0.0,0.0,0.0,0.9,0.8125,1.0,1.479
V3_EXP_0098,EXPLICIT_STRUCTURAL,S_DIRECT_PATH,BODY_ELECTRONICS,B2_Raw_Embedding,LOW,0.0,0.0,0.0,0.0,1.0,0.7917,1.0,1.669
V3_EXP_0098,EXPLICIT_STRUCTURAL,S_DIRECT_PATH,BODY_ELECTRONICS,B3_Graph_Only,LOW,0.0,0.0,0.0,0.0,0.19999999999999996,0.9792,1.0,0.036
V3_EXP_0098,EXPLICIT_STRUCTURAL,S_DIRECT_PATH,BODY_ELECTRONICS,B4_Contextual_Embedding,LOW,0.0,0.0,0.0,0.0,1.0,0.7917,1.0,216.614
V3_EXP_0098,EXPLICIT_STRUCTURAL,S_DIRECT_PATH,BODY_ELECTRONICS,B5_AURA_Hybrid,LOW,0.0,0.0,0.0,0.0,0.19999999999999996,0.9792,1.0,0.097
V3_EXP_0099,EXPLICIT_STRUCTURAL,S_DIRECT_PATH,BODY_ELECTRONICS,B0_Full_Suite,LOW,0.0,1.0,0.0063,0.0126,1.0,0.0,1.0,0.1
V3_EXP_0099,EXPLICIT_STRUCTURAL,S_DIRECT_PATH,BODY_ELECTRONICS,B1_Keyword,LOW,0.0,0.0,0.0,0.0,0.9,0.8125,1.0,1.896
V3_EXP_0099,EXPLICIT_STRUCTURAL,S_DIRECT_PATH,BODY_ELECTRONICS,B2_Raw_Embedding,LOW,0.0,0.0,0.0,0.0,1.0,0.7917,1.0,1.532
V3_EXP_0099,EXPLICIT_STRUCTURAL,S_DIRECT_PATH,BODY_ELECTRONICS,B3_Graph_Only,LOW,0.0,0.0,0.0,0.0,0.19999999999999996,0.9792,1.0,0.034
V3_EXP_0099,EXPLICIT_STRUCTURAL,S_DIRECT_PATH,BODY_ELECTRONICS,B4_Contextual_Embedding,LOW,0.0,0.0,0.0,0.0,1.0,0.8125,1.0,204.124
V3_EXP_0099,EXPLICIT_STRUCTURAL,S_DIRECT_PATH,BODY_ELECTRONICS,B5_AURA_Hybrid,LOW,0.0,0.0,0.0,0.0,0.19999999999999996,0.9792,1.0,0.097
V3_EXP_0100,EXPLICIT_STRUCTURAL,S_DIRECT_PATH,BODY_ELECTRONICS,B0_Full_Suite,LOW,0.0,1.0,0.0063,0.0126,1.0,0.0,1.0,0.1
V3_EXP_0100,EXPLICIT_STRUCTURAL,S_DIRECT_PATH,BODY_ELECTRONICS,B1_Keyword,LOW,0.0,0.0,0.0,0.0,0.9,0.8125,1.0,1.544
V3_EXP_0100,EXPLICIT_STRUCTURAL,S_DIRECT_PATH,BODY_ELECTRONICS,B2_Raw_Embedding,LOW,0.0,0.0,0.0,0.0,1.0,0.7917,1.0,1.476
V3_EXP_0100,EXPLICIT_STRUCTURAL,S_DIRECT_PATH,BODY_ELECTRONICS,B3_Graph_Only,LOW,0.0,0.0,0.0,0.0,0.19999999999999996,0.9792,1.0,0.034
V3_EXP_0100,EXPLICIT_STRUCTURAL,S_DIRECT_PATH,BODY_ELECTRONICS,B4_Contextual_Embedding,LOW,0.0,0.0,0.0,0.0,1.0,0.8125,1.0,205.055
V3_EXP_0100,EXPLICIT_STRUCTURAL,S_DIRECT_PATH,BODY_ELECTRONICS,B5_AURA_Hybrid,LOW,0.0,0.0,0.0,0.0,0.19999999999999996,0.9792,1.0,0.086
V3_EXP_0101,EXPLICIT_STRUCTURAL,S_DIRECT_PATH,BODY_ELECTRONICS,B0_Full_Suite,LOW,0.0,1.0,0.0063,0.0126,1.0,0.0,1.0,0.1
V3_EXP_0101,EXPLICIT_STRUCTURAL,S_DIRECT_PATH,BODY_ELECTRONICS,B1_Keyword,LOW,0.0,0.0,0.0,0.0,0.9,0.8125,1.0,1.655
V3_EXP_0101,EXPLICIT_STRUCTURAL,S_DIRECT_PATH,BODY_ELECTRONICS,B2_Raw_Embedding,LOW,0.0,0.0,0.0,0.0,1.0,0.7917,1.0,1.641
V3_EXP_0101,EXPLICIT_STRUCTURAL,S_DIRECT_PATH,BODY_ELECTRONICS,B3_Graph_Only,LOW,0.0,0.0,0.0,0.0,0.19999999999999996,0.9792,1.0,0.034
V3_EXP_0101,EXPLICIT_STRUCTURAL,S_DIRECT_PATH,BODY_ELECTRONICS,B4_Contextual_Embedding,LOW,0.0,0.0,0.0,0.0,1.0,0.8125,1.0,210.326
V3_EXP_0101,EXPLICIT_STRUCTURAL,S_DIRECT_PATH,BODY_ELECTRONICS,B5_AURA_Hybrid,LOW,0.0,0.0,0.0,0.0,0.19999999999999996,0.9792,1.0,0.096
V3_EXP_0102,EXPLICIT_STRUCTURAL,S_DIRECT_PATH,BODY_ELECTRONICS,B0_Full_Suite,LOW,0.0,1.0,0.0063,0.0126,1.0,0.0,1.0,0.1
V3_EXP_0102,EXPLICIT_STRUCTURAL,S_DIRECT_PATH,BODY_ELECTRONICS,B1_Keyword,LOW,0.0,0.0,0.0,0.0,0.9,0.8125,1.0,1.378
V3_EXP_0102,EXPLICIT_STRUCTURAL,S_DIRECT_PATH,BODY_ELECTRONICS,B2_Raw_Embedding,LOW,0.0,0.0,0.0,0.0,1.0,0.7917,1.0,1.351
V3_EXP_0102,EXPLICIT_STRUCTURAL,S_DIRECT_PATH,BODY_ELECTRONICS,B3_Graph_Only,LOW,0.0,0.0,0.0,0.0,0.19999999999999996,0.9792,1.0,0.032
V3_EXP_0102,EXPLICIT_STRUCTURAL,S_DIRECT_PATH,BODY_ELECTRONICS,B4_Contextual_Embedding,LOW,0.0,0.0,0.0,0.0,1.0,0.8125,1.0,212.508
V3_EXP_0102,EXPLICIT_STRUCTURAL,S_DIRECT_PATH,BODY_ELECTRONICS,B5_AURA_Hybrid,LOW,0.0,0.0,0.0,0.0,0.19999999999999996,0.9792,1.0,0.097
V3_EXP_0103,EXPLICIT_STRUCTURAL,S_DIRECT_PATH,BODY_ELECTRONICS,B0_Full_Suite,LOW,0.0,1.0,0.0063,0.0126,1.0,0.0,1.0,0.1
V3_EXP_0103,EXPLICIT_STRUCTURAL,S_DIRECT_PATH,BODY_ELECTRONICS,B1_Keyword,LOW,0.0,0.0,0.0,0.0,0.9,0.8125,1.0,1.547
V3_EXP_0103,EXPLICIT_STRUCTURAL,S_DIRECT_PATH,BODY_ELECTRONICS,B2_Raw_Embedding,LOW,0.0,0.0,0.0,0.0,1.0,0.7917,1.0,1.364
V3_EXP_0103,EXPLICIT_STRUCTURAL,S_DIRECT_PATH,BODY_ELECTRONICS,B3_Graph_Only,LOW,0.0,0.0,0.0,0.0,0.19999999999999996,0.9792,1.0,0.035
V3_EXP_0103,EXPLICIT_STRUCTURAL,S_DIRECT_PATH,BODY_ELECTRONICS,B4_Contextual_Embedding,LOW,0.0,0.0,0.0,0.0,1.0,0.8125,1.0,526.035
V3_EXP_0103,EXPLICIT_STRUCTURAL,S_DIRECT_PATH,BODY_ELECTRONICS,B5_AURA_Hybrid,LOW,0.0,0.0,0.0,0.0,0.19999999999999996,0.9792,1.0,0.1
V3_EXP_0104,EXPLICIT_STRUCTURAL,S_DIRECT_PATH,BODY_ELECTRONICS,B0_Full_Suite,LOW,0.0,1.0,0.0063,0.0126,1.0,0.0,1.0,0.1
V3_EXP_0104,EXPLICIT_STRUCTURAL,S_DIRECT_PATH,BODY_ELECTRONICS,B1_Keyword,LOW,0.0,0.0,0.0,0.0,0.9,0.8125,1.0,1.597
V3_EXP_0104,EXPLICIT_STRUCTURAL,S_DIRECT_PATH,BODY_ELECTRONICS,B2_Raw_Embedding,LOW,0.0,0.0,0.0,0.0,1.0,0.7917,1.0,1.417
V3_EXP_0104,EXPLICIT_STRUCTURAL,S_DIRECT_PATH,BODY_ELECTRONICS,B3_Graph_Only,LOW,0.0,0.0,0.0,0.0,0.19999999999999996,0.9792,1.0,0.036
V3_EXP_0104,EXPLICIT_STRUCTURAL,S_DIRECT_PATH,BODY_ELECTRONICS,B4_Contextual_Embedding,LOW,0.0,0.0,0.0,0.0,1.0,0.8125,1.0,305.974
V3_EXP_0104,EXPLICIT_STRUCTURAL,S_DIRECT_PATH,BODY_ELECTRONICS,B5_AURA_Hybrid,LOW,0.0,0.0,0.0,0.0,0.19999999999999996,0.9792,1.0,0.116
V3_EXP_0105,EXPLICIT_STRUCTURAL,S_DIRECT_PATH,BODY_ELECTRONICS,B0_Full_Suite,LOW,0.0,1.0,0.0063,0.0126,1.0,0.0,1.0,0.1
V3_EXP_0105,EXPLICIT_STRUCTURAL,S_DIRECT_PATH,BODY_ELECTRONICS,B1_Keyword,LOW,0.0,0.0,0.0,0.0,0.9,0.8125,1.0,0.97
V3_EXP_0105,EXPLICIT_STRUCTURAL,S_DIRECT_PATH,BODY_ELECTRONICS,B2_Raw_Embedding,LOW,0.0,0.0,0.0,0.0,1.0,0.7917,1.0,1.378
V3_EXP_0105,EXPLICIT_STRUCTURAL,S_DIRECT_PATH,BODY_ELECTRONICS,B3_Graph_Only,LOW,0.0,0.0,0.0,0.0,0.19999999999999996,0.9792,1.0,0.033
V3_EXP_0105,EXPLICIT_STRUCTURAL,S_DIRECT_PATH,BODY_ELECTRONICS,B4_Contextual_Embedding,LOW,0.0,0.0,0.0,0.0,1.0,0.8125,1.0,304.268
V3_EXP_0105,EXPLICIT_STRUCTURAL,S_DIRECT_PATH,BODY_ELECTRONICS,B5_AURA_Hybrid,LOW,0.0,0.0,0.0,0.0,0.19999999999999996,0.9792,1.0,0.085
V3_EXP_0106,EXPLICIT_STRUCTURAL,S_DIRECT_PATH,BODY_ELECTRONICS,B0_Full_Suite,LOW,0.0,1.0,0.0063,0.0126,1.0,0.0,1.0,0.1
V3_EXP_0106,EXPLICIT_STRUCTURAL,S_DIRECT_PATH,BODY_ELECTRONICS,B1_Keyword,LOW,0.0,0.0,0.0,0.0,0.9,0.8125,1.0,1.453
V3_EXP_0106,EXPLICIT_STRUCTURAL,S_DIRECT_PATH,BODY_ELECTRONICS,B2_Raw_Embedding,LOW,0.0,0.0,0.0,0.0,1.0,0.7917,1.0,1.324
V3_EXP_0106,EXPLICIT_STRUCTURAL,S_DIRECT_PATH,BODY_ELECTRONICS,B3_Graph_Only,LOW,0.0,0.0,0.0,0.0,0.19999999999999996,0.9792,1.0,0.029
V3_EXP_0106,EXPLICIT_STRUCTURAL,S_DIRECT_PATH,BODY_ELECTRONICS,B4_Contextual_Embedding,LOW,0.0,0.0,0.0,0.0,1.0,0.8125,1.0,196.214
V3_EXP_0106,EXPLICIT_STRUCTURAL,S_DIRECT_PATH,BODY_ELECTRONICS,B5_AURA_Hybrid,LOW,0.0,0.0,0.0,0.0,0.19999999999999996,0.9792,1.0,0.085
V3_EXP_0107,EXPLICIT_STRUCTURAL,S_DIRECT_PATH,BODY_ELECTRONICS,B0_Full_Suite,LOW,0.0,1.0,0.0063,0.0126,1.0,0.0,1.0,0.1
V3_EXP_0107,EXPLICIT_STRUCTURAL,S_DIRECT_PATH,BODY_ELECTRONICS,B1_Keyword,LOW,0.0,0.0,0.0,0.0,1.0,0.7917,1.0,1.375
V3_EXP_0107,EXPLICIT_STRUCTURAL,S_DIRECT_PATH,BODY_ELECTRONICS,B2_Raw_Embedding,LOW,0.0,0.0,0.0,0.0,1.0,0.7917,1.0,1.297
V3_EXP_0107,EXPLICIT_STRUCTURAL,S_DIRECT_PATH,BODY_ELECTRONICS,B3_Graph_Only,LOW,0.0,0.0,0.0,0.0,0.19999999999999996,0.9792,1.0,0.03
V3_EXP_0107,EXPLICIT_STRUCTURAL,S_DIRECT_PATH,BODY_ELECTRONICS,B4_Contextual_Embedding,LOW,0.0,0.0,0.0,0.0,1.0,0.7917,1.0,303.659
V3_EXP_0107,EXPLICIT_STRUCTURAL,S_DIRECT_PATH,BODY_ELECTRONICS,B5_AURA_Hybrid,LOW,0.0,0.0,0.0,0.0,0.19999999999999996,0.9792,1.0,0.094
V3_EXP_0108,EXPLICIT_STRUCTURAL,S_DIRECT_PATH,BODY_ELECTRONICS,B0_Full_Suite,LOW,0.0,1.0,0.0063,0.0126,1.0,0.0,1.0,0.1
V3_EXP_0108,EXPLICIT_STRUCTURAL,S_DIRECT_PATH,BODY_ELECTRONICS,B1_Keyword,LOW,0.0,0.0,0.0,0.0,1.0,0.7917,1.0,1.567
V3_EXP_0108,EXPLICIT_STRUCTURAL,S_DIRECT_PATH,BODY_ELECTRONICS,B2_Raw_Embedding,LOW,0.0,0.0,0.0,0.0,1.0,0.7917,1.0,1.326
V3_EXP_0108,EXPLICIT_STRUCTURAL,S_DIRECT_PATH,BODY_ELECTRONICS,B3_Graph_Only,LOW,0.0,0.0,0.0,0.0,0.19999999999999996,0.9792,1.0,0.031
V3_EXP_0108,EXPLICIT_STRUCTURAL,S_DIRECT_PATH,BODY_ELECTRONICS,B4_Contextual_Embedding,LOW,0.0,0.0,0.0,0.0,1.0,0.7917,1.0,209.483
V3_EXP_0108,EXPLICIT_STRUCTURAL,S_DIRECT_PATH,BODY_ELECTRONICS,B5_AURA_Hybrid,LOW,0.0,0.0,0.0,0.0,0.19999999999999996,0.9792,1.0,0.103
V3_EXP_0109,EXPLICIT_STRUCTURAL,S_DIRECT_PATH,BODY_ELECTRONICS,B0_Full_Suite,LOW,0.0,1.0,0.0063,0.0126,1.0,0.0,1.0,0.1
V3_EXP_0109,EXPLICIT_STRUCTURAL,S_DIRECT_PATH,BODY_ELECTRONICS,B1_Keyword,LOW,0.0,0.0,0.0,0.0,1.0,0.7917,1.0,1.519
V3_EXP_0109,EXPLICIT_STRUCTURAL,S_DIRECT_PATH,BODY_ELECTRONICS,B2_Raw_Embedding,LOW,0.0,0.0,0.0,0.0,1.0,0.7917,1.0,1.364
V3_EXP_0109,EXPLICIT_STRUCTURAL,S_DIRECT_PATH,BODY_ELECTRONICS,B3_Graph_Only,LOW,0.0,0.0,0.0,0.0,0.19999999999999996,0.9792,1.0,0.033
V3_EXP_0109,EXPLICIT_STRUCTURAL,S_DIRECT_PATH,BODY_ELECTRONICS,B4_Contextual_Embedding,LOW,0.0,0.0,0.0,0.0,1.0,0.7917,1.0,208.599
V3_EXP_0109,EXPLICIT_STRUCTURAL,S_DIRECT_PATH,BODY_ELECTRONICS,B5_AURA_Hybrid,LOW,0.0,0.0,0.0,0.0,0.19999999999999996,0.9792,1.0,0.093
V3_EXP_0110,EXPLICIT_STRUCTURAL,S_DIRECT_PATH,BODY_ELECTRONICS,B0_Full_Suite,LOW,0.0,1.0,0.0063,0.0126,1.0,0.0,1.0,0.1
V3_EXP_0110,EXPLICIT_STRUCTURAL,S_DIRECT_PATH,BODY_ELECTRONICS,B1_Keyword,LOW,0.0,0.0,0.0,0.0,1.0,0.7917,1.0,1.71
V3_EXP_0110,EXPLICIT_STRUCTURAL,S_DIRECT_PATH,BODY_ELECTRONICS,B2_Raw_Embedding,LOW,0.0,0.0,0.0,0.0,1.0,0.7917,1.0,1.441
V3_EXP_0110,EXPLICIT_STRUCTURAL,S_DIRECT_PATH,BODY_ELECTRONICS,B3_Graph_Only,LOW,0.0,0.0,0.0,0.0,0.19999999999999996,0.9792,1.0,0.033
V3_EXP_0110,EXPLICIT_STRUCTURAL,S_DIRECT_PATH,BODY_ELECTRONICS,B4_Contextual_Embedding,LOW,0.0,0.0,0.0,0.0,1.0,0.7917,1.0,211.396
V3_EXP_0110,EXPLICIT_STRUCTURAL,S_DIRECT_PATH,BODY_ELECTRONICS,B5_AURA_Hybrid,LOW,0.0,0.0,0.0,0.0,0.19999999999999996,0.9792,1.0,0.09
V3_EXP_0111,EXPLICIT_STRUCTURAL,S_DIRECT_PATH,BODY_ELECTRONICS,B0_Full_Suite,LOW,0.0,1.0,0.0063,0.0126,1.0,0.0,1.0,0.1
V3_EXP_0111,EXPLICIT_STRUCTURAL,S_DIRECT_PATH,BODY_ELECTRONICS,B1_Keyword,LOW,0.0,0.0,0.0,0.0,1.0,0.7917,1.0,1.423
V3_EXP_0111,EXPLICIT_STRUCTURAL,S_DIRECT_PATH,BODY_ELECTRONICS,B2_Raw_Embedding,LOW,0.0,0.0,0.0,0.0,1.0,0.7917,1.0,1.398
V3_EXP_0111,EXPLICIT_STRUCTURAL,S_DIRECT_PATH,BODY_ELECTRONICS,B3_Graph_Only,LOW,0.0,0.0,0.0,0.0,0.19999999999999996,0.9792,1.0,0.034
V3_EXP_0111,EXPLICIT_STRUCTURAL,S_DIRECT_PATH,BODY_ELECTRONICS,B4_Contextual_Embedding,LOW,0.0,0.0,0.0,0.0,1.0,0.7917,1.0,230.408
V3_EXP_0111,EXPLICIT_STRUCTURAL,S_DIRECT_PATH,BODY_ELECTRONICS,B5_AURA_Hybrid,LOW,0.0,0.0,0.0,0.0,0.19999999999999996,0.9792,1.0,0.095
V3_EXP_0112,EXPLICIT_STRUCTURAL,S_DIRECT_PATH,BODY_ELECTRONICS,B0_Full_Suite,LOW,0.0,1.0,0.0063,0.0126,1.0,0.0,1.0,0.1
V3_EXP_0112,EXPLICIT_STRUCTURAL,S_DIRECT_PATH,BODY_ELECTRONICS,B1_Keyword,LOW,0.0,0.0,0.0,0.0,1.0,0.7917,1.0,1.425
V3_EXP_0112,EXPLICIT_STRUCTURAL,S_DIRECT_PATH,BODY_ELECTRONICS,B2_Raw_Embedding,LOW,0.0,0.0,0.0,0.0,1.0,0.7917,1.0,1.362
V3_EXP_0112,EXPLICIT_STRUCTURAL,S_DIRECT_PATH,BODY_ELECTRONICS,B3_Graph_Only,LOW,0.0,0.0,0.0,0.0,0.19999999999999996,0.9792,1.0,0.033
V3_EXP_0112,EXPLICIT_STRUCTURAL,S_DIRECT_PATH,BODY_ELECTRONICS,B4_Contextual_Embedding,LOW,0.0,0.0,0.0,0.0,1.0,0.7917,1.0,228.608
V3_EXP_0112,EXPLICIT_STRUCTURAL,S_DIRECT_PATH,BODY_ELECTRONICS,B5_AURA_Hybrid,LOW,0.0,0.0,0.0,0.0,0.19999999999999996,0.9792,1.0,0.092
V3_EXP_0113,EXPLICIT_STRUCTURAL,S_DIRECT_PATH,BODY_ELECTRONICS,B0_Full_Suite,LOW,0.0,1.0,0.0063,0.0126,1.0,0.0,1.0,0.1
V3_EXP_0113,EXPLICIT_STRUCTURAL,S_DIRECT_PATH,BODY_ELECTRONICS,B1_Keyword,LOW,0.0,0.0,0.0,0.0,1.0,0.7917,1.0,1.49
V3_EXP_0113,EXPLICIT_STRUCTURAL,S_DIRECT_PATH,BODY_ELECTRONICS,B2_Raw_Embedding,LOW,0.0,0.0,0.0,0.0,1.0,0.7917,1.0,1.567
V3_EXP_0113,EXPLICIT_STRUCTURAL,S_DIRECT_PATH,BODY_ELECTRONICS,B3_Graph_Only,LOW,0.0,0.0,0.0,0.0,0.19999999999999996,0.9792,1.0,0.036
V3_EXP_0113,EXPLICIT_STRUCTURAL,S_DIRECT_PATH,BODY_ELECTRONICS,B4_Contextual_Embedding,LOW,0.0,0.0,0.0,0.0,1.0,0.7917,1.0,204.978
V3_EXP_0113,EXPLICIT_STRUCTURAL,S_DIRECT_PATH,BODY_ELECTRONICS,B5_AURA_Hybrid,LOW,0.0,0.0,0.0,0.0,0.19999999999999996,0.9792,1.0,0.09
V3_EXP_0114,EXPLICIT_STRUCTURAL,S_DIRECT_PATH,BODY_ELECTRONICS,B0_Full_Suite,LOW,0.0,1.0,0.0063,0.0126,1.0,0.0,1.0,0.1
V3_EXP_0114,EXPLICIT_STRUCTURAL,S_DIRECT_PATH,BODY_ELECTRONICS,B1_Keyword,LOW,0.0,0.0,0.0,0.0,0.9,0.8125,1.0,1.513
V3_EXP_0114,EXPLICIT_STRUCTURAL,S_DIRECT_PATH,BODY_ELECTRONICS,B2_Raw_Embedding,LOW,0.0,0.0,0.0,0.0,1.0,0.7917,1.0,1.649
V3_EXP_0114,EXPLICIT_STRUCTURAL,S_DIRECT_PATH,BODY_ELECTRONICS,B3_Graph_Only,LOW,0.0,0.0,0.0,0.0,0.19999999999999996,0.9792,1.0,0.035
V3_EXP_0114,EXPLICIT_STRUCTURAL,S_DIRECT_PATH,BODY_ELECTRONICS,B4_Contextual_Embedding,LOW,0.0,0.0,0.0,0.0,1.0,0.7917,1.0,208.335
V3_EXP_0114,EXPLICIT_STRUCTURAL,S_DIRECT_PATH,BODY_ELECTRONICS,B5_AURA_Hybrid,LOW,0.0,0.0,0.0,0.0,0.19999999999999996,0.9792,1.0,0.09
V3_EXP_0115,EXPLICIT_STRUCTURAL,S_DIRECT_PATH,BODY_ELECTRONICS,B0_Full_Suite,LOW,0.0,1.0,0.0063,0.0126,1.0,0.0,1.0,0.1
V3_EXP_0115,EXPLICIT_STRUCTURAL,S_DIRECT_PATH,BODY_ELECTRONICS,B1_Keyword,LOW,0.0,0.0,0.0,0.0,1.0,0.7708,1.0,1.463
V3_EXP_0115,EXPLICIT_STRUCTURAL,S_DIRECT_PATH,BODY_ELECTRONICS,B2_Raw_Embedding,LOW,0.0,0.0,0.0,0.0,1.0,0.7917,1.0,1.348
V3_EXP_0115,EXPLICIT_STRUCTURAL,S_DIRECT_PATH,BODY_ELECTRONICS,B3_Graph_Only,LOW,0.0,0.0,0.0,0.0,0.19999999999999996,0.9792,1.0,0.035
V3_EXP_0115,EXPLICIT_STRUCTURAL,S_DIRECT_PATH,BODY_ELECTRONICS,B4_Contextual_Embedding,LOW,0.0,0.0,0.0,0.0,1.0,0.8125,1.0,224.284
V3_EXP_0115,EXPLICIT_STRUCTURAL,S_DIRECT_PATH,BODY_ELECTRONICS,B5_AURA_Hybrid,LOW,0.0,0.0,0.0,0.0,0.19999999999999996,0.9792,1.0,0.044
V3_EXP_0116,EXPLICIT_STRUCTURAL,S_DIRECT_PATH,BODY_ELECTRONICS,B0_Full_Suite,LOW,0.0,1.0,0.0063,0.0126,1.0,0.0,1.0,0.1
V3_EXP_0116,EXPLICIT_STRUCTURAL,S_DIRECT_PATH,BODY_ELECTRONICS,B1_Keyword,LOW,0.0,0.0,0.0,0.0,1.0,0.7708,1.0,1.299
V3_EXP_0116,EXPLICIT_STRUCTURAL,S_DIRECT_PATH,BODY_ELECTRONICS,B2_Raw_Embedding,LOW,0.0,0.0,0.0,0.0,1.0,0.7917,1.0,1.479
V3_EXP_0116,EXPLICIT_STRUCTURAL,S_DIRECT_PATH,BODY_ELECTRONICS,B3_Graph_Only,LOW,0.0,0.0,0.0,0.0,0.19999999999999996,0.9792,1.0,0.034
V3_EXP_0116,EXPLICIT_STRUCTURAL,S_DIRECT_PATH,BODY_ELECTRONICS,B4_Contextual_Embedding,LOW,0.0,0.0,0.0,0.0,1.0,0.8125,1.0,208.597
V3_EXP_0116,EXPLICIT_STRUCTURAL,S_DIRECT_PATH,BODY_ELECTRONICS,B5_AURA_Hybrid,LOW,0.0,0.0,0.0,0.0,0.19999999999999996,0.9792,1.0,0.093
V3_EXP_0117,EXPLICIT_STRUCTURAL,S_DIRECT_PATH,BODY_ELECTRONICS,B0_Full_Suite,LOW,0.0,1.0,0.0063,0.0126,1.0,0.0,1.0,0.1
V3_EXP_0117,EXPLICIT_STRUCTURAL,S_DIRECT_PATH,BODY_ELECTRONICS,B1_Keyword,LOW,0.0,0.0,0.0,0.0,1.0,0.7708,1.0,1.713
V3_EXP_0117,EXPLICIT_STRUCTURAL,S_DIRECT_PATH,BODY_ELECTRONICS,B2_Raw_Embedding,LOW,0.0,0.0,0.0,0.0,1.0,0.7917,1.0,2.628
V3_EXP_0117,EXPLICIT_STRUCTURAL,S_DIRECT_PATH,BODY_ELECTRONICS,B3_Graph_Only,LOW,0.0,0.0,0.0,0.0,0.19999999999999996,0.9792,1.0,0.033
V3_EXP_0117,EXPLICIT_STRUCTURAL,S_DIRECT_PATH,BODY_ELECTRONICS,B4_Contextual_Embedding,LOW,0.0,0.0,0.0,0.0,1.0,0.8125,1.0,227.656
V3_EXP_0117,EXPLICIT_STRUCTURAL,S_DIRECT_PATH,BODY_ELECTRONICS,B5_AURA_Hybrid,LOW,0.0,0.0,0.0,0.0,0.19999999999999996,0.9792,1.0,0.097
V3_EXP_0118,EXPLICIT_STRUCTURAL,S_DIRECT_PATH,BODY_ELECTRONICS,B0_Full_Suite,LOW,0.0,1.0,0.0063,0.0126,1.0,0.0,1.0,0.1
V3_EXP_0118,EXPLICIT_STRUCTURAL,S_DIRECT_PATH,BODY_ELECTRONICS,B1_Keyword,LOW,0.0,0.0,0.0,0.0,1.0,0.7708,1.0,9.546
V3_EXP_0118,EXPLICIT_STRUCTURAL,S_DIRECT_PATH,BODY_ELECTRONICS,B2_Raw_Embedding,LOW,0.0,0.0,0.0,0.0,1.0,0.7917,1.0,16.626
V3_EXP_0118,EXPLICIT_STRUCTURAL,S_DIRECT_PATH,BODY_ELECTRONICS,B3_Graph_Only,LOW,0.0,0.0,0.0,0.0,0.19999999999999996,0.9792,1.0,0.056
V3_EXP_0118,EXPLICIT_STRUCTURAL,S_DIRECT_PATH,BODY_ELECTRONICS,B4_Contextual_Embedding,LOW,0.0,0.0,0.0,0.0,1.0,0.8125,1.0,405.676
V3_EXP_0118,EXPLICIT_STRUCTURAL,S_DIRECT_PATH,BODY_ELECTRONICS,B5_AURA_Hybrid,LOW,0.0,0.0,0.0,0.0,0.19999999999999996,0.9792,1.0,0.091
V3_EXP_0119,EXPLICIT_STRUCTURAL,S_DIRECT_PATH,BODY_ELECTRONICS,B0_Full_Suite,LOW,0.0,1.0,0.0063,0.0126,1.0,0.0,1.0,0.1
V3_EXP_0119,EXPLICIT_STRUCTURAL,S_DIRECT_PATH,BODY_ELECTRONICS,B1_Keyword,LOW,0.0,0.0,0.0,0.0,1.0,0.7708,1.0,1.398
V3_EXP_0119,EXPLICIT_STRUCTURAL,S_DIRECT_PATH,BODY_ELECTRONICS,B2_Raw_Embedding,LOW,0.0,0.0,0.0,0.0,1.0,0.7917,1.0,1.372
V3_EXP_0119,EXPLICIT_STRUCTURAL,S_DIRECT_PATH,BODY_ELECTRONICS,B3_Graph_Only,LOW,0.0,0.0,0.0,0.0,0.19999999999999996,0.9792,1.0,0.033
V3_EXP_0119,EXPLICIT_STRUCTURAL,S_DIRECT_PATH,BODY_ELECTRONICS,B4_Contextual_Embedding,LOW,0.0,0.0,0.0,0.0,1.0,0.8125,1.0,203.625
V3_EXP_0119,EXPLICIT_STRUCTURAL,S_DIRECT_PATH,BODY_ELECTRONICS,B5_AURA_Hybrid,LOW,0.0,0.0,0.0,0.0,0.19999999999999996,0.9792,1.0,0.095
V3_EXP_0120,EXPLICIT_STRUCTURAL,S_DIRECT_PATH,BODY_ELECTRONICS,B0_Full_Suite,LOW,0.0,1.0,0.0063,0.0126,1.0,0.0,1.0,0.1
V3_EXP_0120,EXPLICIT_STRUCTURAL,S_DIRECT_PATH,BODY_ELECTRONICS,B1_Keyword,LOW,0.0,0.0,0.0,0.0,1.0,0.7708,1.0,0.934
V3_EXP_0120,EXPLICIT_STRUCTURAL,S_DIRECT_PATH,BODY_ELECTRONICS,B2_Raw_Embedding,LOW,0.0,0.0,0.0,0.0,1.0,0.7917,1.0,1.613
V3_EXP_0120,EXPLICIT_STRUCTURAL,S_DIRECT_PATH,BODY_ELECTRONICS,B3_Graph_Only,LOW,0.0,0.0,0.0,0.0,0.19999999999999996,0.9792,1.0,0.036
V3_EXP_0120,EXPLICIT_STRUCTURAL,S_DIRECT_PATH,BODY_ELECTRONICS,B4_Contextual_Embedding,LOW,0.0,0.0,0.0,0.0,1.0,0.8125,1.0,203.214
V3_EXP_0120,EXPLICIT_STRUCTURAL,S_DIRECT_PATH,BODY_ELECTRONICS,B5_AURA_Hybrid,LOW,0.0,0.0,0.0,0.0,0.19999999999999996,0.9792,1.0,0.098
V3_HIDDEN_0121,HIDDEN_SEMANTIC,H1,ADAS,B0_Full_Suite,LOW,0.0,1.0,0.0023,0.0045,1.0,0.0,1.0,0.1
V3_HIDDEN_0121,HIDDEN_SEMANTIC,H1,ADAS,B1_Keyword,LOW,0.0,0.0,0.0,0.0,0.0,0.9882,1.0,1.551
V3_HIDDEN_0121,HIDDEN_SEMANTIC,H1,ADAS,B2_Raw_Embedding,LOW,0.0,0.0,0.0,0.0,1.0,0.8706,1.0,3.542
V3_HIDDEN_0121,HIDDEN_SEMANTIC,H1,ADAS,B3_Graph_Only,LOW,0.0,0.0,0.0,0.0,0.0,0.9882,1.0,0.009
V3_HIDDEN_0121,HIDDEN_SEMANTIC,H1,ADAS,B4_Contextual_Embedding,LOW,0.0,0.0,0.0,0.0,1.0,0.8706,1.0,2.976
V3_HIDDEN_0121,HIDDEN_SEMANTIC,H1,ADAS,B5_AURA_Hybrid,LOW,0.0,0.0,0.0,0.0,1.0,0.8706,1.0,2.854
V3_HIDDEN_0122,HIDDEN_SEMANTIC,H2,POWERTRAIN,B0_Full_Suite,LOW,0.0909,1.0,0.0031,0.0062,1.0,0.0,1.0,0.1
V3_HIDDEN_0122,HIDDEN_SEMANTIC,H2,POWERTRAIN,B1_Keyword,LOW,0.0909,1.0,0.05,0.0952,1.0,0.8375,1.0,1.582
V3_HIDDEN_0122,HIDDEN_SEMANTIC,H2,POWERTRAIN,B2_Raw_Embedding,LOW,0.0909,1.0,0.1,0.1818,0.9,0.875,1.0,2.222
V3_HIDDEN_0122,HIDDEN_SEMANTIC,H2,POWERTRAIN,B3_Graph_Only,LOW,0.0909,0.0,0.0,0.0,0.0,0.9875,1.0,0.009
V3_HIDDEN_0122,HIDDEN_SEMANTIC,H2,POWERTRAIN,B4_Contextual_Embedding,LOW,0.0909,1.0,0.1,0.1818,0.9,0.875,1.0,2.458
V3_HIDDEN_0122,HIDDEN_SEMANTIC,H2,POWERTRAIN,B5_AURA_Hybrid,LOW,0.0909,1.0,0.1,0.1818,0.9,0.875,1.0,2.608
V3_HIDDEN_0123,HIDDEN_SEMANTIC,H3,ADAS,B0_Full_Suite,LOW,0.0476,1.0,0.0023,0.0045,1.0,0.0,1.0,0.1
V3_HIDDEN_0123,HIDDEN_SEMANTIC,H3,ADAS,B1_Keyword,LOW,0.0476,0.0,0.0,0.0,0.09999999999999998,0.9765,1.0,1.222
V3_HIDDEN_0123,HIDDEN_SEMANTIC,H3,ADAS,B2_Raw_Embedding,LOW,0.0476,1.0,0.1,0.1818,0.9,0.8824,1.0,1.783
V3_HIDDEN_0123,HIDDEN_SEMANTIC,H3,ADAS,B3_Graph_Only,LOW,0.0476,0.0,0.0,0.0,0.0,0.9882,1.0,0.007
V3_HIDDEN_0123,HIDDEN_SEMANTIC,H3,ADAS,B4_Contextual_Embedding,LOW,0.0476,1.0,0.1,0.1818,0.9,0.8824,1.0,2.421
V3_HIDDEN_0123,HIDDEN_SEMANTIC,H3,ADAS,B5_AURA_Hybrid,LOW,0.0476,1.0,0.1,0.1818,0.9,0.8824,1.0,2.882
V3_HIDDEN_0124,HIDDEN_SEMANTIC,H4,ADAS,B0_Full_Suite,LOW,0.1,1.0,0.0023,0.0045,1.0,0.0,1.0,0.1
V3_HIDDEN_0124,HIDDEN_SEMANTIC,H4,ADAS,B1_Keyword,LOW,0.1,0.0,0.0,0.0,0.0,0.9882,1.0,1.363
V3_HIDDEN_0124,HIDDEN_SEMANTIC,H4,ADAS,B2_Raw_Embedding,LOW,0.1,0.0,0.0,0.0,1.0,0.8706,1.0,8.964
V3_HIDDEN_0124,HIDDEN_SEMANTIC,H4,ADAS,B3_Graph_Only,LOW,0.1,0.0,0.0,0.0,0.0,0.9882,1.0,0.009
V3_HIDDEN_0124,HIDDEN_SEMANTIC,H4,ADAS,B4_Contextual_Embedding,LOW,0.1,1.0,0.1,0.1818,0.9,0.8824,1.0,2.719
V3_HIDDEN_0124,HIDDEN_SEMANTIC,H4,ADAS,B5_AURA_Hybrid,LOW,0.1,1.0,0.1,0.1818,0.9,0.8824,1.0,2.572
V3_HIDDEN_0125,HIDDEN_SEMANTIC,H5,BATTERY_EV,B0_Full_Suite,LOW,0.1429,1.0,0.0031,0.0062,1.0,0.0,1.0,0.1
V3_HIDDEN_0125,HIDDEN_SEMANTIC,H5,BATTERY_EV,B1_Keyword,LOW,0.1429,0.0,0.0,0.0,1.0,0.825,1.0,1.234
V3_HIDDEN_0125,HIDDEN_SEMANTIC,H5,BATTERY_EV,B2_Raw_Embedding,LOW,0.1429,0.0,0.0,0.0,1.0,0.9,1.0,1.697
V3_HIDDEN_0125,HIDDEN_SEMANTIC,H5,BATTERY_EV,B3_Graph_Only,LOW,0.1429,0.0,0.0,0.0,0.0,0.9875,1.0,0.007
V3_HIDDEN_0125,HIDDEN_SEMANTIC,H5,BATTERY_EV,B4_Contextual_Embedding,LOW,0.1429,0.0,0.0,0.0,1.0,0.8625,1.0,2.137
V3_HIDDEN_0125,HIDDEN_SEMANTIC,H5,BATTERY_EV,B5_AURA_Hybrid,LOW,0.1429,0.0,0.0,0.0,1.0,0.8625,1.0,2.211
V3_HIDDEN_0126,HIDDEN_SEMANTIC,H6,BODY_ELECTRONICS,B0_Full_Suite,LOW,0.0588,1.0,0.0063,0.0126,1.0,0.0,1.0,0.1
V3_HIDDEN_0126,HIDDEN_SEMANTIC,H6,BODY_ELECTRONICS,B1_Keyword,LOW,0.0588,0.0,0.0,0.0,0.8,0.8125,1.0,1.543
V3_HIDDEN_0126,HIDDEN_SEMANTIC,H6,BODY_ELECTRONICS,B2_Raw_Embedding,LOW,0.0588,0.0,0.0,0.0,1.0,0.7708,1.0,0.551
V3_HIDDEN_0126,HIDDEN_SEMANTIC,H6,BODY_ELECTRONICS,B3_Graph_Only,LOW,0.0588,0.0,0.0,0.0,0.0,0.9792,1.0,0.003
V3_HIDDEN_0126,HIDDEN_SEMANTIC,H6,BODY_ELECTRONICS,B4_Contextual_Embedding,LOW,0.0588,0.0,0.0,0.0,1.0,0.7917,1.0,2.396
V3_HIDDEN_0126,HIDDEN_SEMANTIC,H6,BODY_ELECTRONICS,B5_AURA_Hybrid,LOW,0.0588,0.0,0.0,0.0,1.0,0.7917,1.0,2.152
V3_HIDDEN_0127,HIDDEN_SEMANTIC,H7,BATTERY_EV,B0_Full_Suite,MEDIUM,0.25,1.0,0.0031,0.0062,1.0,0.0,1.0,0.1
V3_HIDDEN_0127,HIDDEN_SEMANTIC,H7,BATTERY_EV,B1_Keyword,MEDIUM,0.25,1.0,0.0435,0.0833,1.0,0.825,1.0,1.509
V3_HIDDEN_0127,HIDDEN_SEMANTIC,H7,BATTERY_EV,B2_Raw_Embedding,MEDIUM,0.25,0.0,0.0,0.0,1.0,0.8875,1.0,1.848
V3_HIDDEN_0127,HIDDEN_SEMANTIC,H7,BATTERY_EV,B3_Graph_Only,MEDIUM,0.25,0.0,0.0,0.0,0.0,0.9875,1.0,0.011
V3_HIDDEN_0127,HIDDEN_SEMANTIC,H7,BATTERY_EV,B4_Contextual_Embedding,MEDIUM,0.25,1.0,0.1,0.1818,0.9,0.875,1.0,2.103
V3_HIDDEN_0127,HIDDEN_SEMANTIC,H7,BATTERY_EV,B5_AURA_Hybrid,MEDIUM,0.25,1.0,0.1,0.1818,0.9,0.875,1.0,2.149
V3_HIDDEN_0128,HIDDEN_SEMANTIC,H8,POWERTRAIN,B0_Full_Suite,LOW,0.1429,1.0,0.0031,0.0062,1.0,0.0,1.0,0.1
V3_HIDDEN_0128,HIDDEN_SEMANTIC,H8,POWERTRAIN,B1_Keyword,LOW,0.1429,1.0,0.0256,0.05,1.0,0.7,1.0,1.259
V3_HIDDEN_0128,HIDDEN_SEMANTIC,H8,POWERTRAIN,B2_Raw_Embedding,LOW,0.1429,0.0,0.0,0.0,1.0,0.8875,1.0,1.641
V3_HIDDEN_0128,HIDDEN_SEMANTIC,H8,POWERTRAIN,B3_Graph_Only,LOW,0.1429,0.0,0.0,0.0,0.0,0.9875,1.0,0.007
V3_HIDDEN_0128,HIDDEN_SEMANTIC,H8,POWERTRAIN,B4_Contextual_Embedding,LOW,0.1429,0.0,0.0,0.0,1.0,0.8625,1.0,2.089
V3_HIDDEN_0128,HIDDEN_SEMANTIC,H8,POWERTRAIN,B5_AURA_Hybrid,LOW,0.1429,0.0,0.0,0.0,1.0,0.8625,1.0,3.198
V3_HIDDEN_0129,HIDDEN_SEMANTIC,H9,ADAS,B0_Full_Suite,LOW,0.0952,1.0,0.0023,0.0045,1.0,0.0,1.0,0.1
V3_HIDDEN_0129,HIDDEN_SEMANTIC,H9,ADAS,B1_Keyword,LOW,0.0952,0.0,0.0,0.0,0.19999999999999996,0.9647,1.0,1.334
V3_HIDDEN_0129,HIDDEN_SEMANTIC,H9,ADAS,B2_Raw_Embedding,LOW,0.0952,0.0,0.0,0.0,1.0,0.8824,1.0,1.728
V3_HIDDEN_0129,HIDDEN_SEMANTIC,H9,ADAS,B3_Graph_Only,LOW,0.0952,0.0,0.0,0.0,0.0,0.9882,1.0,0.011
V3_HIDDEN_0129,HIDDEN_SEMANTIC,H9,ADAS,B4_Contextual_Embedding,LOW,0.0952,0.0,0.0,0.0,1.0,0.8706,1.0,2.592
V3_HIDDEN_0129,HIDDEN_SEMANTIC,H9,ADAS,B5_AURA_Hybrid,LOW,0.0952,0.0,0.0,0.0,1.0,0.8706,1.0,2.402
V3_HIDDEN_0130,HIDDEN_SEMANTIC,H10,ADAS,B0_Full_Suite,LOW,0.0,1.0,0.0023,0.0045,1.0,0.0,1.0,0.1
V3_HIDDEN_0130,HIDDEN_SEMANTIC,H10,ADAS,B1_Keyword,LOW,0.0,0.0,0.0,0.0,0.09999999999999998,0.9765,1.0,1.151
V3_HIDDEN_0130,HIDDEN_SEMANTIC,H10,ADAS,B2_Raw_Embedding,LOW,0.0,0.0,0.0,0.0,1.0,0.8824,1.0,1.764
V3_HIDDEN_0130,HIDDEN_SEMANTIC,H10,ADAS,B3_Graph_Only,LOW,0.0,0.0,0.0,0.0,0.0,0.9882,1.0,0.005
V3_HIDDEN_0130,HIDDEN_SEMANTIC,H10,ADAS,B4_Contextual_Embedding,LOW,0.0,0.0,0.0,0.0,1.0,0.8706,1.0,1.967
V3_HIDDEN_0130,HIDDEN_SEMANTIC,H10,ADAS,B5_AURA_Hybrid,LOW,0.0,0.0,0.0,0.0,1.0,0.8706,1.0,3.203
V3_HIDDEN_0131,HIDDEN_SEMANTIC,H1,ADAS,B0_Full_Suite,LOW,0.0,1.0,0.0023,0.0045,1.0,0.0,1.0,0.1
V3_HIDDEN_0131,HIDDEN_SEMANTIC,H1,ADAS,B1_Keyword,LOW,0.0,0.0,0.0,0.0,0.0,0.9882,1.0,1.711
V3_HIDDEN_0131,HIDDEN_SEMANTIC,H1,ADAS,B2_Raw_Embedding,LOW,0.0,0.0,0.0,0.0,1.0,0.8706,1.0,2.107
V3_HIDDEN_0131,HIDDEN_SEMANTIC,H1,ADAS,B3_Graph_Only,LOW,0.0,0.0,0.0,0.0,0.0,0.9882,1.0,0.008
V3_HIDDEN_0131,HIDDEN_SEMANTIC,H1,ADAS,B4_Contextual_Embedding,LOW,0.0,0.0,0.0,0.0,1.0,0.8706,1.0,2.499
V3_HIDDEN_0131,HIDDEN_SEMANTIC,H1,ADAS,B5_AURA_Hybrid,LOW,0.0,0.0,0.0,0.0,1.0,0.8706,1.0,3.728
V3_HIDDEN_0132,HIDDEN_SEMANTIC,H2,POWERTRAIN,B0_Full_Suite,LOW,0.0909,1.0,0.0031,0.0062,1.0,0.0,1.0,0.1
V3_HIDDEN_0132,HIDDEN_SEMANTIC,H2,POWERTRAIN,B1_Keyword,LOW,0.0909,1.0,0.0526,0.1,1.0,0.85,1.0,1.084
V3_HIDDEN_0132,HIDDEN_SEMANTIC,H2,POWERTRAIN,B2_Raw_Embedding,LOW,0.0909,1.0,0.1,0.1818,0.9,0.875,1.0,12.79
V3_HIDDEN_0132,HIDDEN_SEMANTIC,H2,POWERTRAIN,B3_Graph_Only,LOW,0.0909,0.0,0.0,0.0,0.0,0.9875,1.0,0.004
V3_HIDDEN_0132,HIDDEN_SEMANTIC,H2,POWERTRAIN,B4_Contextual_Embedding,LOW,0.0909,1.0,0.1,0.1818,0.9,0.875,1.0,2.673
V3_HIDDEN_0132,HIDDEN_SEMANTIC,H2,POWERTRAIN,B5_AURA_Hybrid,LOW,0.0909,1.0,0.1,0.1818,0.9,0.875,1.0,3.005
V3_HIDDEN_0133,HIDDEN_SEMANTIC,H3,ADAS,B0_Full_Suite,LOW,0.0476,1.0,0.0023,0.0045,1.0,0.0,1.0,0.1
V3_HIDDEN_0133,HIDDEN_SEMANTIC,H3,ADAS,B1_Keyword,LOW,0.0476,0.0,0.0,0.0,0.09999999999999998,0.9765,1.0,1.943
V3_HIDDEN_0133,HIDDEN_SEMANTIC,H3,ADAS,B2_Raw_Embedding,LOW,0.0476,1.0,0.1,0.1818,0.9,0.8824,1.0,2.132
V3_HIDDEN_0133,HIDDEN_SEMANTIC,H3,ADAS,B3_Graph_Only,LOW,0.0476,0.0,0.0,0.0,0.0,0.9882,1.0,0.007
V3_HIDDEN_0133,HIDDEN_SEMANTIC,H3,ADAS,B4_Contextual_Embedding,LOW,0.0476,1.0,0.1,0.1818,0.9,0.8824,1.0,2.433
V3_HIDDEN_0133,HIDDEN_SEMANTIC,H3,ADAS,B5_AURA_Hybrid,LOW,0.0476,1.0,0.1,0.1818,0.9,0.8824,1.0,2.575
V3_HIDDEN_0134,HIDDEN_SEMANTIC,H4,ADAS,B0_Full_Suite,LOW,0.1,1.0,0.0023,0.0045,1.0,0.0,1.0,0.1
V3_HIDDEN_0134,HIDDEN_SEMANTIC,H4,ADAS,B1_Keyword,LOW,0.1,0.0,0.0,0.0,0.0,0.9882,1.0,1.223
V3_HIDDEN_0134,HIDDEN_SEMANTIC,H4,ADAS,B2_Raw_Embedding,LOW,0.1,0.0,0.0,0.0,1.0,0.8706,1.0,2.096
V3_HIDDEN_0134,HIDDEN_SEMANTIC,H4,ADAS,B3_Graph_Only,LOW,0.1,0.0,0.0,0.0,0.0,0.9882,1.0,0.007
V3_HIDDEN_0134,HIDDEN_SEMANTIC,H4,ADAS,B4_Contextual_Embedding,LOW,0.1,1.0,0.1,0.1818,0.9,0.8824,1.0,2.916
V3_HIDDEN_0134,HIDDEN_SEMANTIC,H4,ADAS,B5_AURA_Hybrid,LOW,0.1,1.0,0.1,0.1818,0.9,0.8824,1.0,2.841
V3_HIDDEN_0135,HIDDEN_SEMANTIC,H5,BATTERY_EV,B0_Full_Suite,LOW,0.1429,1.0,0.0031,0.0062,1.0,0.0,1.0,0.1
V3_HIDDEN_0135,HIDDEN_SEMANTIC,H5,BATTERY_EV,B1_Keyword,LOW,0.1429,0.0,0.0,0.0,1.0,0.825,1.0,1.504
V3_HIDDEN_0135,HIDDEN_SEMANTIC,H5,BATTERY_EV,B2_Raw_Embedding,LOW,0.1429,0.0,0.0,0.0,1.0,0.9,1.0,2.037
V3_HIDDEN_0135,HIDDEN_SEMANTIC,H5,BATTERY_EV,B3_Graph_Only,LOW,0.1429,0.0,0.0,0.0,0.0,0.9875,1.0,0.007
V3_HIDDEN_0135,HIDDEN_SEMANTIC,H5,BATTERY_EV,B4_Contextual_Embedding,LOW,0.1429,0.0,0.0,0.0,1.0,0.8625,1.0,2.322
V3_HIDDEN_0135,HIDDEN_SEMANTIC,H5,BATTERY_EV,B5_AURA_Hybrid,LOW,0.1429,0.0,0.0,0.0,1.0,0.8625,1.0,2.467
V3_HIDDEN_0136,HIDDEN_SEMANTIC,H6,BODY_ELECTRONICS,B0_Full_Suite,LOW,0.0588,1.0,0.0063,0.0126,1.0,0.0,1.0,0.1
V3_HIDDEN_0136,HIDDEN_SEMANTIC,H6,BODY_ELECTRONICS,B1_Keyword,LOW,0.0588,0.0,0.0,0.0,0.8,0.8125,1.0,1.331
V3_HIDDEN_0136,HIDDEN_SEMANTIC,H6,BODY_ELECTRONICS,B2_Raw_Embedding,LOW,0.0588,0.0,0.0,0.0,1.0,0.7708,1.0,1.761
V3_HIDDEN_0136,HIDDEN_SEMANTIC,H6,BODY_ELECTRONICS,B3_Graph_Only,LOW,0.0588,0.0,0.0,0.0,0.0,0.9792,1.0,0.008
V3_HIDDEN_0136,HIDDEN_SEMANTIC,H6,BODY_ELECTRONICS,B4_Contextual_Embedding,LOW,0.0588,0.0,0.0,0.0,1.0,0.7917,1.0,1.92
V3_HIDDEN_0136,HIDDEN_SEMANTIC,H6,BODY_ELECTRONICS,B5_AURA_Hybrid,LOW,0.0588,0.0,0.0,0.0,1.0,0.7917,1.0,1.921
V3_HIDDEN_0137,HIDDEN_SEMANTIC,H7,BATTERY_EV,B0_Full_Suite,MEDIUM,0.25,1.0,0.0031,0.0062,1.0,0.0,1.0,0.1
V3_HIDDEN_0137,HIDDEN_SEMANTIC,H7,BATTERY_EV,B1_Keyword,MEDIUM,0.25,1.0,0.0435,0.0833,1.0,0.825,1.0,1.231
V3_HIDDEN_0137,HIDDEN_SEMANTIC,H7,BATTERY_EV,B2_Raw_Embedding,MEDIUM,0.25,0.0,0.0,0.0,1.0,0.8875,1.0,1.831
V3_HIDDEN_0137,HIDDEN_SEMANTIC,H7,BATTERY_EV,B3_Graph_Only,MEDIUM,0.25,0.0,0.0,0.0,0.0,0.9875,1.0,0.008
V3_HIDDEN_0137,HIDDEN_SEMANTIC,H7,BATTERY_EV,B4_Contextual_Embedding,MEDIUM,0.25,1.0,0.1,0.1818,0.9,0.875,1.0,2.197
V3_HIDDEN_0137,HIDDEN_SEMANTIC,H7,BATTERY_EV,B5_AURA_Hybrid,MEDIUM,0.25,1.0,0.1,0.1818,0.9,0.875,1.0,2.329
V3_HIDDEN_0138,HIDDEN_SEMANTIC,H8,POWERTRAIN,B0_Full_Suite,LOW,0.1429,1.0,0.0031,0.0062,1.0,0.0,1.0,0.1
V3_HIDDEN_0138,HIDDEN_SEMANTIC,H8,POWERTRAIN,B1_Keyword,LOW,0.1429,1.0,0.0256,0.05,1.0,0.7,1.0,1.283
V3_HIDDEN_0138,HIDDEN_SEMANTIC,H8,POWERTRAIN,B2_Raw_Embedding,LOW,0.1429,0.0,0.0,0.0,1.0,0.8875,1.0,1.73
V3_HIDDEN_0138,HIDDEN_SEMANTIC,H8,POWERTRAIN,B3_Graph_Only,LOW,0.1429,0.0,0.0,0.0,0.0,0.9875,1.0,0.007
V3_HIDDEN_0138,HIDDEN_SEMANTIC,H8,POWERTRAIN,B4_Contextual_Embedding,LOW,0.1429,0.0,0.0,0.0,1.0,0.8625,1.0,2.614
V3_HIDDEN_0138,HIDDEN_SEMANTIC,H8,POWERTRAIN,B5_AURA_Hybrid,LOW,0.1429,0.0,0.0,0.0,1.0,0.8625,1.0,2.516
V3_HIDDEN_0139,HIDDEN_SEMANTIC,H9,ADAS,B0_Full_Suite,LOW,0.0952,1.0,0.0023,0.0045,1.0,0.0,1.0,0.1
V3_HIDDEN_0139,HIDDEN_SEMANTIC,H9,ADAS,B1_Keyword,LOW,0.0952,0.0,0.0,0.0,0.19999999999999996,0.9647,1.0,1.376
V3_HIDDEN_0139,HIDDEN_SEMANTIC,H9,ADAS,B2_Raw_Embedding,LOW,0.0952,0.0,0.0,0.0,1.0,0.8824,1.0,1.939
V3_HIDDEN_0139,HIDDEN_SEMANTIC,H9,ADAS,B3_Graph_Only,LOW,0.0952,0.0,0.0,0.0,0.0,0.9882,1.0,0.008
V3_HIDDEN_0139,HIDDEN_SEMANTIC,H9,ADAS,B4_Contextual_Embedding,LOW,0.0952,0.0,0.0,0.0,1.0,0.8706,1.0,2.698
V3_HIDDEN_0139,HIDDEN_SEMANTIC,H9,ADAS,B5_AURA_Hybrid,LOW,0.0952,0.0,0.0,0.0,1.0,0.8706,1.0,2.71
V3_HIDDEN_0140,HIDDEN_SEMANTIC,H10,ADAS,B0_Full_Suite,LOW,0.0,1.0,0.0023,0.0045,1.0,0.0,1.0,0.1
V3_HIDDEN_0140,HIDDEN_SEMANTIC,H10,ADAS,B1_Keyword,LOW,0.0,0.0,0.0,0.0,0.09999999999999998,0.9765,1.0,1.204
V3_HIDDEN_0140,HIDDEN_SEMANTIC,H10,ADAS,B2_Raw_Embedding,LOW,0.0,0.0,0.0,0.0,1.0,0.8824,1.0,2.064
V3_HIDDEN_0140,HIDDEN_SEMANTIC,H10,ADAS,B3_Graph_Only,LOW,0.0,0.0,0.0,0.0,0.0,0.9882,1.0,0.008
V3_HIDDEN_0140,HIDDEN_SEMANTIC,H10,ADAS,B4_Contextual_Embedding,LOW,0.0,0.0,0.0,0.0,1.0,0.8706,1.0,3.345
V3_HIDDEN_0140,HIDDEN_SEMANTIC,H10,ADAS,B5_AURA_Hybrid,LOW,0.0,0.0,0.0,0.0,1.0,0.8706,1.0,2.899
V3_HIDDEN_0141,HIDDEN_SEMANTIC,H1,ADAS,B0_Full_Suite,LOW,0.0,1.0,0.0023,0.0045,1.0,0.0,1.0,0.1
V3_HIDDEN_0141,HIDDEN_SEMANTIC,H1,ADAS,B1_Keyword,LOW,0.0,0.0,0.0,0.0,0.0,0.9882,1.0,1.371
V3_HIDDEN_0141,HIDDEN_SEMANTIC,H1,ADAS,B2_Raw_Embedding,LOW,0.0,0.0,0.0,0.0,1.0,0.8706,1.0,2.084
V3_HIDDEN_0141,HIDDEN_SEMANTIC,H1,ADAS,B3_Graph_Only,LOW,0.0,0.0,0.0,0.0,0.0,0.9882,1.0,0.007
V3_HIDDEN_0141,HIDDEN_SEMANTIC,H1,ADAS,B4_Contextual_Embedding,LOW,0.0,0.0,0.0,0.0,1.0,0.8706,1.0,2.523
V3_HIDDEN_0141,HIDDEN_SEMANTIC,H1,ADAS,B5_AURA_Hybrid,LOW,0.0,0.0,0.0,0.0,1.0,0.8706,1.0,2.754
V3_HIDDEN_0142,HIDDEN_SEMANTIC,H2,POWERTRAIN,B0_Full_Suite,LOW,0.0909,1.0,0.0031,0.0062,1.0,0.0,1.0,0.1
V3_HIDDEN_0142,HIDDEN_SEMANTIC,H2,POWERTRAIN,B1_Keyword,LOW,0.0909,1.0,0.0526,0.1,1.0,0.85,1.0,1.532
V3_HIDDEN_0142,HIDDEN_SEMANTIC,H2,POWERTRAIN,B2_Raw_Embedding,LOW,0.0909,1.0,0.1,0.1818,0.9,0.875,1.0,1.91
V3_HIDDEN_0142,HIDDEN_SEMANTIC,H2,POWERTRAIN,B3_Graph_Only,LOW,0.0909,0.0,0.0,0.0,0.0,0.9875,1.0,0.008
V3_HIDDEN_0142,HIDDEN_SEMANTIC,H2,POWERTRAIN,B4_Contextual_Embedding,LOW,0.0909,1.0,0.1,0.1818,0.9,0.875,1.0,2.7
V3_HIDDEN_0142,HIDDEN_SEMANTIC,H2,POWERTRAIN,B5_AURA_Hybrid,LOW,0.0909,1.0,0.1,0.1818,0.9,0.875,1.0,2.719
V3_HIDDEN_0143,HIDDEN_SEMANTIC,H3,ADAS,B0_Full_Suite,LOW,0.0476,1.0,0.0023,0.0045,1.0,0.0,1.0,0.1
V3_HIDDEN_0143,HIDDEN_SEMANTIC,H3,ADAS,B1_Keyword,LOW,0.0476,1.0,0.5,0.6667,0.09999999999999998,0.9765,1.0,1.3
V3_HIDDEN_0143,HIDDEN_SEMANTIC,H3,ADAS,B2_Raw_Embedding,LOW,0.0476,1.0,0.1,0.1818,0.9,0.8824,1.0,2.014
V3_HIDDEN_0143,HIDDEN_SEMANTIC,H3,ADAS,B3_Graph_Only,LOW,0.0476,0.0,0.0,0.0,0.0,0.9882,1.0,0.007
V3_HIDDEN_0143,HIDDEN_SEMANTIC,H3,ADAS,B4_Contextual_Embedding,LOW,0.0476,1.0,0.1,0.1818,0.9,0.8824,1.0,2.412
V3_HIDDEN_0143,HIDDEN_SEMANTIC,H3,ADAS,B5_AURA_Hybrid,LOW,0.0476,1.0,0.1,0.1818,0.9,0.8824,1.0,2.615
V3_HIDDEN_0144,HIDDEN_SEMANTIC,H4,ADAS,B0_Full_Suite,LOW,0.1,1.0,0.0023,0.0045,1.0,0.0,1.0,0.1
V3_HIDDEN_0144,HIDDEN_SEMANTIC,H4,ADAS,B1_Keyword,LOW,0.1,1.0,1.0,1.0,0.0,0.9882,1.0,1.495
V3_HIDDEN_0144,HIDDEN_SEMANTIC,H4,ADAS,B2_Raw_Embedding,LOW,0.1,0.0,0.0,0.0,1.0,0.8706,1.0,2.03
V3_HIDDEN_0144,HIDDEN_SEMANTIC,H4,ADAS,B3_Graph_Only,LOW,0.1,0.0,0.0,0.0,0.0,0.9882,1.0,0.008
V3_HIDDEN_0144,HIDDEN_SEMANTIC,H4,ADAS,B4_Contextual_Embedding,LOW,0.1,1.0,0.1,0.1818,0.9,0.8824,1.0,2.589
V3_HIDDEN_0144,HIDDEN_SEMANTIC,H4,ADAS,B5_AURA_Hybrid,LOW,0.1,1.0,0.1,0.1818,0.9,0.8824,1.0,2.594
V3_HIDDEN_0145,HIDDEN_SEMANTIC,H5,BATTERY_EV,B0_Full_Suite,LOW,0.1429,1.0,0.0031,0.0062,1.0,0.0,1.0,0.1
V3_HIDDEN_0145,HIDDEN_SEMANTIC,H5,BATTERY_EV,B1_Keyword,LOW,0.1429,1.0,0.0455,0.087,1.0,0.825,1.0,1.281
V3_HIDDEN_0145,HIDDEN_SEMANTIC,H5,BATTERY_EV,B2_Raw_Embedding,LOW,0.1429,0.0,0.0,0.0,1.0,0.9,1.0,1.907
V3_HIDDEN_0145,HIDDEN_SEMANTIC,H5,BATTERY_EV,B3_Graph_Only,LOW,0.1429,0.0,0.0,0.0,0.0,0.9875,1.0,0.012
V3_HIDDEN_0145,HIDDEN_SEMANTIC,H5,BATTERY_EV,B4_Contextual_Embedding,LOW,0.1429,0.0,0.0,0.0,1.0,0.8625,1.0,2.649
V3_HIDDEN_0145,HIDDEN_SEMANTIC,H5,BATTERY_EV,B5_AURA_Hybrid,LOW,0.1429,0.0,0.0,0.0,1.0,0.8625,1.0,2.537
V3_HIDDEN_0146,HIDDEN_SEMANTIC,H6,BODY_ELECTRONICS,B0_Full_Suite,LOW,0.0588,1.0,0.0063,0.0126,1.0,0.0,1.0,0.1
V3_HIDDEN_0146,HIDDEN_SEMANTIC,H6,BODY_ELECTRONICS,B1_Keyword,LOW,0.0588,0.0,0.0,0.0,0.8,0.8125,1.0,1.133
V3_HIDDEN_0146,HIDDEN_SEMANTIC,H6,BODY_ELECTRONICS,B2_Raw_Embedding,LOW,0.0588,0.0,0.0,0.0,1.0,0.7708,1.0,1.393
V3_HIDDEN_0146,HIDDEN_SEMANTIC,H6,BODY_ELECTRONICS,B3_Graph_Only,LOW,0.0588,0.0,0.0,0.0,0.0,0.9792,1.0,0.008
V3_HIDDEN_0146,HIDDEN_SEMANTIC,H6,BODY_ELECTRONICS,B4_Contextual_Embedding,LOW,0.0588,0.0,0.0,0.0,1.0,0.7917,1.0,1.817
V3_HIDDEN_0146,HIDDEN_SEMANTIC,H6,BODY_ELECTRONICS,B5_AURA_Hybrid,LOW,0.0588,0.0,0.0,0.0,1.0,0.7917,1.0,1.926
V3_HIDDEN_0147,HIDDEN_SEMANTIC,H7,BATTERY_EV,B0_Full_Suite,MEDIUM,0.25,1.0,0.0031,0.0062,1.0,0.0,1.0,0.1
V3_HIDDEN_0147,HIDDEN_SEMANTIC,H7,BATTERY_EV,B1_Keyword,MEDIUM,0.25,1.0,0.0435,0.0833,1.0,0.825,1.0,1.28
V3_HIDDEN_0147,HIDDEN_SEMANTIC,H7,BATTERY_EV,B2_Raw_Embedding,MEDIUM,0.25,0.0,0.0,0.0,1.0,0.8875,1.0,1.654
V3_HIDDEN_0147,HIDDEN_SEMANTIC,H7,BATTERY_EV,B3_Graph_Only,MEDIUM,0.25,0.0,0.0,0.0,0.0,0.9875,1.0,0.007
V3_HIDDEN_0147,HIDDEN_SEMANTIC,H7,BATTERY_EV,B4_Contextual_Embedding,MEDIUM,0.25,1.0,0.1,0.1818,0.9,0.875,1.0,2.526
V3_HIDDEN_0147,HIDDEN_SEMANTIC,H7,BATTERY_EV,B5_AURA_Hybrid,MEDIUM,0.25,1.0,0.1,0.1818,0.9,0.875,1.0,1.958
V3_HIDDEN_0148,HIDDEN_SEMANTIC,H8,POWERTRAIN,B0_Full_Suite,LOW,0.1429,1.0,0.0031,0.0062,1.0,0.0,1.0,0.1
V3_HIDDEN_0148,HIDDEN_SEMANTIC,H8,POWERTRAIN,B1_Keyword,LOW,0.1429,1.0,0.0256,0.05,1.0,0.7,1.0,1.891
V3_HIDDEN_0148,HIDDEN_SEMANTIC,H8,POWERTRAIN,B2_Raw_Embedding,LOW,0.1429,0.0,0.0,0.0,1.0,0.8875,1.0,1.907
V3_HIDDEN_0148,HIDDEN_SEMANTIC,H8,POWERTRAIN,B3_Graph_Only,LOW,0.1429,0.0,0.0,0.0,0.0,0.9875,1.0,0.008
V3_HIDDEN_0148,HIDDEN_SEMANTIC,H8,POWERTRAIN,B4_Contextual_Embedding,LOW,0.1429,0.0,0.0,0.0,1.0,0.8625,1.0,2.478
V3_HIDDEN_0148,HIDDEN_SEMANTIC,H8,POWERTRAIN,B5_AURA_Hybrid,LOW,0.1429,0.0,0.0,0.0,1.0,0.8625,1.0,2.443
V3_HIDDEN_0149,HIDDEN_SEMANTIC,H9,ADAS,B0_Full_Suite,LOW,0.0952,1.0,0.0023,0.0045,1.0,0.0,1.0,0.1
V3_HIDDEN_0149,HIDDEN_SEMANTIC,H9,ADAS,B1_Keyword,LOW,0.0952,0.0,0.0,0.0,0.30000000000000004,0.9529,1.0,1.293
V3_HIDDEN_0149,HIDDEN_SEMANTIC,H9,ADAS,B2_Raw_Embedding,LOW,0.0952,0.0,0.0,0.0,1.0,0.8824,1.0,1.461
V3_HIDDEN_0149,HIDDEN_SEMANTIC,H9,ADAS,B3_Graph_Only,LOW,0.0952,0.0,0.0,0.0,0.0,0.9882,1.0,0.002
V3_HIDDEN_0149,HIDDEN_SEMANTIC,H9,ADAS,B4_Contextual_Embedding,LOW,0.0952,0.0,0.0,0.0,1.0,0.8706,1.0,1.405
V3_HIDDEN_0149,HIDDEN_SEMANTIC,H9,ADAS,B5_AURA_Hybrid,LOW,0.0952,0.0,0.0,0.0,1.0,0.8706,1.0,2.749
V3_HIDDEN_0150,HIDDEN_SEMANTIC,H10,ADAS,B0_Full_Suite,LOW,0.0,1.0,0.0023,0.0045,1.0,0.0,1.0,0.1
V3_HIDDEN_0150,HIDDEN_SEMANTIC,H10,ADAS,B1_Keyword,LOW,0.0,0.0,0.0,0.0,0.09999999999999998,0.9765,1.0,1.294
V3_HIDDEN_0150,HIDDEN_SEMANTIC,H10,ADAS,B2_Raw_Embedding,LOW,0.0,0.0,0.0,0.0,1.0,0.8824,1.0,1.661
V3_HIDDEN_0150,HIDDEN_SEMANTIC,H10,ADAS,B3_Graph_Only,LOW,0.0,0.0,0.0,0.0,0.0,0.9882,1.0,0.008
V3_HIDDEN_0150,HIDDEN_SEMANTIC,H10,ADAS,B4_Contextual_Embedding,LOW,0.0,0.0,0.0,0.0,1.0,0.8706,1.0,2.463
V3_HIDDEN_0150,HIDDEN_SEMANTIC,H10,ADAS,B5_AURA_Hybrid,LOW,0.0,0.0,0.0,0.0,1.0,0.8706,1.0,2.371
V3_HIDDEN_0151,HIDDEN_SEMANTIC,H1,ADAS,B0_Full_Suite,LOW,0.0,1.0,0.0023,0.0045,1.0,0.0,1.0,0.1
V3_HIDDEN_0151,HIDDEN_SEMANTIC,H1,ADAS,B1_Keyword,LOW,0.0,0.0,0.0,0.0,0.0,0.9882,1.0,1.232
V3_HIDDEN_0151,HIDDEN_SEMANTIC,H1,ADAS,B2_Raw_Embedding,LOW,0.0,0.0,0.0,0.0,1.0,0.8706,1.0,2.238
V3_HIDDEN_0151,HIDDEN_SEMANTIC,H1,ADAS,B3_Graph_Only,LOW,0.0,0.0,0.0,0.0,0.0,0.9882,1.0,0.009
V3_HIDDEN_0151,HIDDEN_SEMANTIC,H1,ADAS,B4_Contextual_Embedding,LOW,0.0,0.0,0.0,0.0,1.0,0.8706,1.0,2.906
V3_HIDDEN_0151,HIDDEN_SEMANTIC,H1,ADAS,B5_AURA_Hybrid,LOW,0.0,0.0,0.0,0.0,1.0,0.8706,1.0,2.779
V3_HIDDEN_0152,HIDDEN_SEMANTIC,H2,POWERTRAIN,B0_Full_Suite,LOW,0.0909,1.0,0.0031,0.0062,1.0,0.0,1.0,0.1
V3_HIDDEN_0152,HIDDEN_SEMANTIC,H2,POWERTRAIN,B1_Keyword,LOW,0.0909,1.0,0.0526,0.1,1.0,0.85,1.0,1.691
V3_HIDDEN_0152,HIDDEN_SEMANTIC,H2,POWERTRAIN,B2_Raw_Embedding,LOW,0.0909,1.0,0.1,0.1818,0.9,0.875,1.0,2.043
V3_HIDDEN_0152,HIDDEN_SEMANTIC,H2,POWERTRAIN,B3_Graph_Only,LOW,0.0909,0.0,0.0,0.0,0.0,0.9875,1.0,0.008
V3_HIDDEN_0152,HIDDEN_SEMANTIC,H2,POWERTRAIN,B4_Contextual_Embedding,LOW,0.0909,1.0,0.1,0.1818,0.9,0.875,1.0,2.408
V3_HIDDEN_0152,HIDDEN_SEMANTIC,H2,POWERTRAIN,B5_AURA_Hybrid,LOW,0.0909,1.0,0.1,0.1818,0.9,0.875,1.0,2.623
V3_HIDDEN_0153,HIDDEN_SEMANTIC,H3,ADAS,B0_Full_Suite,LOW,0.0476,1.0,0.0023,0.0045,1.0,0.0,1.0,0.1
V3_HIDDEN_0153,HIDDEN_SEMANTIC,H3,ADAS,B1_Keyword,LOW,0.0476,0.0,0.0,0.0,0.09999999999999998,0.9765,1.0,1.208
V3_HIDDEN_0153,HIDDEN_SEMANTIC,H3,ADAS,B2_Raw_Embedding,LOW,0.0476,1.0,0.1,0.1818,0.9,0.8824,1.0,2.137
V3_HIDDEN_0153,HIDDEN_SEMANTIC,H3,ADAS,B3_Graph_Only,LOW,0.0476,0.0,0.0,0.0,0.0,0.9882,1.0,0.008
V3_HIDDEN_0153,HIDDEN_SEMANTIC,H3,ADAS,B4_Contextual_Embedding,LOW,0.0476,1.0,0.1,0.1818,0.9,0.8824,1.0,2.632
V3_HIDDEN_0153,HIDDEN_SEMANTIC,H3,ADAS,B5_AURA_Hybrid,LOW,0.0476,1.0,0.1,0.1818,0.9,0.8824,1.0,2.459
V3_HIDDEN_0154,HIDDEN_SEMANTIC,H4,ADAS,B0_Full_Suite,LOW,0.1,1.0,0.0023,0.0045,1.0,0.0,1.0,0.1
V3_HIDDEN_0154,HIDDEN_SEMANTIC,H4,ADAS,B1_Keyword,LOW,0.1,0.0,0.0,0.0,0.0,0.9882,1.0,1.213
V3_HIDDEN_0154,HIDDEN_SEMANTIC,H4,ADAS,B2_Raw_Embedding,LOW,0.1,0.0,0.0,0.0,1.0,0.8706,1.0,1.82
V3_HIDDEN_0154,HIDDEN_SEMANTIC,H4,ADAS,B3_Graph_Only,LOW,0.1,0.0,0.0,0.0,0.0,0.9882,1.0,0.007
V3_HIDDEN_0154,HIDDEN_SEMANTIC,H4,ADAS,B4_Contextual_Embedding,LOW,0.1,1.0,0.1,0.1818,0.9,0.8824,1.0,2.326
V3_HIDDEN_0154,HIDDEN_SEMANTIC,H4,ADAS,B5_AURA_Hybrid,LOW,0.1,1.0,0.1,0.1818,0.9,0.8824,1.0,2.845
V3_HIDDEN_0155,HIDDEN_SEMANTIC,H5,BATTERY_EV,B0_Full_Suite,LOW,0.1429,1.0,0.0031,0.0062,1.0,0.0,1.0,0.1
V3_HIDDEN_0155,HIDDEN_SEMANTIC,H5,BATTERY_EV,B1_Keyword,LOW,0.1429,0.0,0.0,0.0,1.0,0.825,1.0,1.391
V3_HIDDEN_0155,HIDDEN_SEMANTIC,H5,BATTERY_EV,B2_Raw_Embedding,LOW,0.1429,0.0,0.0,0.0,1.0,0.9,1.0,1.834
V3_HIDDEN_0155,HIDDEN_SEMANTIC,H5,BATTERY_EV,B3_Graph_Only,LOW,0.1429,0.0,0.0,0.0,0.0,0.9875,1.0,0.007
V3_HIDDEN_0155,HIDDEN_SEMANTIC,H5,BATTERY_EV,B4_Contextual_Embedding,LOW,0.1429,0.0,0.0,0.0,1.0,0.8625,1.0,3.555
V3_HIDDEN_0155,HIDDEN_SEMANTIC,H5,BATTERY_EV,B5_AURA_Hybrid,LOW,0.1429,0.0,0.0,0.0,1.0,0.8625,1.0,2.565
V3_HIDDEN_0156,HIDDEN_SEMANTIC,H6,BODY_ELECTRONICS,B0_Full_Suite,LOW,0.0588,1.0,0.0063,0.0126,1.0,0.0,1.0,0.1
V3_HIDDEN_0156,HIDDEN_SEMANTIC,H6,BODY_ELECTRONICS,B1_Keyword,LOW,0.0588,0.0,0.0,0.0,0.8,0.8125,1.0,1.216
V3_HIDDEN_0156,HIDDEN_SEMANTIC,H6,BODY_ELECTRONICS,B2_Raw_Embedding,LOW,0.0588,0.0,0.0,0.0,1.0,0.7708,1.0,1.379
V3_HIDDEN_0156,HIDDEN_SEMANTIC,H6,BODY_ELECTRONICS,B3_Graph_Only,LOW,0.0588,0.0,0.0,0.0,0.0,0.9792,1.0,0.007
V3_HIDDEN_0156,HIDDEN_SEMANTIC,H6,BODY_ELECTRONICS,B4_Contextual_Embedding,LOW,0.0588,0.0,0.0,0.0,1.0,0.7917,1.0,1.872
V3_HIDDEN_0156,HIDDEN_SEMANTIC,H6,BODY_ELECTRONICS,B5_AURA_Hybrid,LOW,0.0588,0.0,0.0,0.0,1.0,0.7917,1.0,1.998
V3_HIDDEN_0157,HIDDEN_SEMANTIC,H7,BATTERY_EV,B0_Full_Suite,MEDIUM,0.25,1.0,0.0031,0.0062,1.0,0.0,1.0,0.1
V3_HIDDEN_0157,HIDDEN_SEMANTIC,H7,BATTERY_EV,B1_Keyword,MEDIUM,0.25,1.0,0.0417,0.08,1.0,0.8125,1.0,1.282
V3_HIDDEN_0157,HIDDEN_SEMANTIC,H7,BATTERY_EV,B2_Raw_Embedding,MEDIUM,0.25,0.0,0.0,0.0,1.0,0.8875,1.0,1.667
V3_HIDDEN_0157,HIDDEN_SEMANTIC,H7,BATTERY_EV,B3_Graph_Only,MEDIUM,0.25,0.0,0.0,0.0,0.0,0.9875,1.0,0.007
V3_HIDDEN_0157,HIDDEN_SEMANTIC,H7,BATTERY_EV,B4_Contextual_Embedding,MEDIUM,0.25,1.0,0.1,0.1818,0.9,0.875,1.0,2.152
V3_HIDDEN_0157,HIDDEN_SEMANTIC,H7,BATTERY_EV,B5_AURA_Hybrid,MEDIUM,0.25,1.0,0.1,0.1818,0.9,0.875,1.0,2.224
V3_HIDDEN_0158,HIDDEN_SEMANTIC,H8,POWERTRAIN,B0_Full_Suite,LOW,0.1429,1.0,0.0031,0.0062,1.0,0.0,1.0,0.1
V3_HIDDEN_0158,HIDDEN_SEMANTIC,H8,POWERTRAIN,B1_Keyword,LOW,0.1429,1.0,0.0256,0.05,1.0,0.7,1.0,1.392
V3_HIDDEN_0158,HIDDEN_SEMANTIC,H8,POWERTRAIN,B2_Raw_Embedding,LOW,0.1429,0.0,0.0,0.0,1.0,0.8875,1.0,1.758
V3_HIDDEN_0158,HIDDEN_SEMANTIC,H8,POWERTRAIN,B3_Graph_Only,LOW,0.1429,0.0,0.0,0.0,0.0,0.9875,1.0,0.007
V3_HIDDEN_0158,HIDDEN_SEMANTIC,H8,POWERTRAIN,B4_Contextual_Embedding,LOW,0.1429,0.0,0.0,0.0,1.0,0.8625,1.0,2.163
V3_HIDDEN_0158,HIDDEN_SEMANTIC,H8,POWERTRAIN,B5_AURA_Hybrid,LOW,0.1429,0.0,0.0,0.0,1.0,0.8625,1.0,2.368
V3_HIDDEN_0159,HIDDEN_SEMANTIC,H9,ADAS,B0_Full_Suite,LOW,0.0952,1.0,0.0023,0.0045,1.0,0.0,1.0,0.1
V3_HIDDEN_0159,HIDDEN_SEMANTIC,H9,ADAS,B1_Keyword,LOW,0.0952,0.0,0.0,0.0,0.19999999999999996,0.9647,1.0,1.19
V3_HIDDEN_0159,HIDDEN_SEMANTIC,H9,ADAS,B2_Raw_Embedding,LOW,0.0952,0.0,0.0,0.0,1.0,0.8824,1.0,2.056
V3_HIDDEN_0159,HIDDEN_SEMANTIC,H9,ADAS,B3_Graph_Only,LOW,0.0952,0.0,0.0,0.0,0.0,0.9882,1.0,0.008
V3_HIDDEN_0159,HIDDEN_SEMANTIC,H9,ADAS,B4_Contextual_Embedding,LOW,0.0952,0.0,0.0,0.0,1.0,0.8706,1.0,2.399
V3_HIDDEN_0159,HIDDEN_SEMANTIC,H9,ADAS,B5_AURA_Hybrid,LOW,0.0952,0.0,0.0,0.0,1.0,0.8706,1.0,2.451
V3_HIDDEN_0160,HIDDEN_SEMANTIC,H10,ADAS,B0_Full_Suite,LOW,0.0,1.0,0.0023,0.0045,1.0,0.0,1.0,0.1
V3_HIDDEN_0160,HIDDEN_SEMANTIC,H10,ADAS,B1_Keyword,LOW,0.0,0.0,0.0,0.0,0.09999999999999998,0.9765,1.0,1.308
V3_HIDDEN_0160,HIDDEN_SEMANTIC,H10,ADAS,B2_Raw_Embedding,LOW,0.0,0.0,0.0,0.0,1.0,0.8824,1.0,1.684
V3_HIDDEN_0160,HIDDEN_SEMANTIC,H10,ADAS,B3_Graph_Only,LOW,0.0,0.0,0.0,0.0,0.0,0.9882,1.0,0.007
V3_HIDDEN_0160,HIDDEN_SEMANTIC,H10,ADAS,B4_Contextual_Embedding,LOW,0.0,0.0,0.0,0.0,1.0,0.8706,1.0,2.205
V3_HIDDEN_0160,HIDDEN_SEMANTIC,H10,ADAS,B5_AURA_Hybrid,LOW,0.0,0.0,0.0,0.0,1.0,0.8706,1.0,2.33
V3_HIDDEN_0161,HIDDEN_SEMANTIC,H1,ADAS,B0_Full_Suite,LOW,0.0,1.0,0.0023,0.0045,1.0,0.0,1.0,0.1
V3_HIDDEN_0161,HIDDEN_SEMANTIC,H1,ADAS,B1_Keyword,LOW,0.0,0.0,0.0,0.0,0.0,0.9882,1.0,1.244
V3_HIDDEN_0161,HIDDEN_SEMANTIC,H1,ADAS,B2_Raw_Embedding,LOW,0.0,0.0,0.0,0.0,1.0,0.8706,1.0,2.545
V3_HIDDEN_0161,HIDDEN_SEMANTIC,H1,ADAS,B3_Graph_Only,LOW,0.0,0.0,0.0,0.0,0.0,0.9882,1.0,0.008
V3_HIDDEN_0161,HIDDEN_SEMANTIC,H1,ADAS,B4_Contextual_Embedding,LOW,0.0,0.0,0.0,0.0,1.0,0.8706,1.0,2.674
V3_HIDDEN_0161,HIDDEN_SEMANTIC,H1,ADAS,B5_AURA_Hybrid,LOW,0.0,0.0,0.0,0.0,1.0,0.8706,1.0,2.785
V3_HIDDEN_0162,HIDDEN_SEMANTIC,H2,POWERTRAIN,B0_Full_Suite,LOW,0.0909,1.0,0.0031,0.0062,1.0,0.0,1.0,0.1
V3_HIDDEN_0162,HIDDEN_SEMANTIC,H2,POWERTRAIN,B1_Keyword,LOW,0.0909,1.0,0.0526,0.1,1.0,0.85,1.0,1.492
V3_HIDDEN_0162,HIDDEN_SEMANTIC,H2,POWERTRAIN,B2_Raw_Embedding,LOW,0.0909,1.0,0.1,0.1818,0.9,0.875,1.0,2.035
V3_HIDDEN_0162,HIDDEN_SEMANTIC,H2,POWERTRAIN,B3_Graph_Only,LOW,0.0909,0.0,0.0,0.0,0.0,0.9875,1.0,0.007
V3_HIDDEN_0162,HIDDEN_SEMANTIC,H2,POWERTRAIN,B4_Contextual_Embedding,LOW,0.0909,1.0,0.1,0.1818,0.9,0.875,1.0,2.327
V3_HIDDEN_0162,HIDDEN_SEMANTIC,H2,POWERTRAIN,B5_AURA_Hybrid,LOW,0.0909,1.0,0.1,0.1818,0.9,0.875,1.0,2.596
V3_HIDDEN_0163,HIDDEN_SEMANTIC,H3,ADAS,B0_Full_Suite,LOW,0.0476,1.0,0.0023,0.0045,1.0,0.0,1.0,0.1
V3_HIDDEN_0163,HIDDEN_SEMANTIC,H3,ADAS,B1_Keyword,LOW,0.0476,0.0,0.0,0.0,0.09999999999999998,0.9765,1.0,2.592
V3_HIDDEN_0163,HIDDEN_SEMANTIC,H3,ADAS,B2_Raw_Embedding,LOW,0.0476,1.0,0.1,0.1818,0.9,0.8824,1.0,2.006
V3_HIDDEN_0163,HIDDEN_SEMANTIC,H3,ADAS,B3_Graph_Only,LOW,0.0476,0.0,0.0,0.0,0.0,0.9882,1.0,0.008
V3_HIDDEN_0163,HIDDEN_SEMANTIC,H3,ADAS,B4_Contextual_Embedding,LOW,0.0476,1.0,0.1,0.1818,0.9,0.8824,1.0,2.463
V3_HIDDEN_0163,HIDDEN_SEMANTIC,H3,ADAS,B5_AURA_Hybrid,LOW,0.0476,1.0,0.1,0.1818,0.9,0.8824,1.0,2.596
V3_HIDDEN_0164,HIDDEN_SEMANTIC,H4,ADAS,B0_Full_Suite,LOW,0.1,1.0,0.0023,0.0045,1.0,0.0,1.0,0.1
V3_HIDDEN_0164,HIDDEN_SEMANTIC,H4,ADAS,B1_Keyword,LOW,0.1,0.0,0.0,0.0,0.0,0.9882,1.0,1.248
V3_HIDDEN_0164,HIDDEN_SEMANTIC,H4,ADAS,B2_Raw_Embedding,LOW,0.1,0.0,0.0,0.0,1.0,0.8706,1.0,1.876
V3_HIDDEN_0164,HIDDEN_SEMANTIC,H4,ADAS,B3_Graph_Only,LOW,0.1,0.0,0.0,0.0,0.0,0.9882,1.0,0.007
V3_HIDDEN_0164,HIDDEN_SEMANTIC,H4,ADAS,B4_Contextual_Embedding,LOW,0.1,1.0,0.1,0.1818,0.9,0.8824,1.0,2.344
V3_HIDDEN_0164,HIDDEN_SEMANTIC,H4,ADAS,B5_AURA_Hybrid,LOW,0.1,1.0,0.1,0.1818,0.9,0.8824,1.0,2.554
V3_HIDDEN_0165,HIDDEN_SEMANTIC,H5,BATTERY_EV,B0_Full_Suite,LOW,0.1429,1.0,0.0031,0.0062,1.0,0.0,1.0,0.1
V3_HIDDEN_0165,HIDDEN_SEMANTIC,H5,BATTERY_EV,B1_Keyword,LOW,0.1429,0.0,0.0,0.0,1.0,0.825,1.0,1.37
V3_HIDDEN_0165,HIDDEN_SEMANTIC,H5,BATTERY_EV,B2_Raw_Embedding,LOW,0.1429,0.0,0.0,0.0,1.0,0.9,1.0,1.815
V3_HIDDEN_0165,HIDDEN_SEMANTIC,H5,BATTERY_EV,B3_Graph_Only,LOW,0.1429,0.0,0.0,0.0,0.0,0.9875,1.0,0.008
V3_HIDDEN_0165,HIDDEN_SEMANTIC,H5,BATTERY_EV,B4_Contextual_Embedding,LOW,0.1429,0.0,0.0,0.0,1.0,0.8625,1.0,2.743
V3_HIDDEN_0165,HIDDEN_SEMANTIC,H5,BATTERY_EV,B5_AURA_Hybrid,LOW,0.1429,0.0,0.0,0.0,1.0,0.8625,1.0,2.792
V3_HIDDEN_0166,HIDDEN_SEMANTIC,H6,BODY_ELECTRONICS,B0_Full_Suite,LOW,0.0588,1.0,0.0063,0.0126,1.0,0.0,1.0,0.1
V3_HIDDEN_0166,HIDDEN_SEMANTIC,H6,BODY_ELECTRONICS,B1_Keyword,LOW,0.0588,0.0,0.0,0.0,0.8,0.8125,1.0,1.166
V3_HIDDEN_0166,HIDDEN_SEMANTIC,H6,BODY_ELECTRONICS,B2_Raw_Embedding,LOW,0.0588,0.0,0.0,0.0,1.0,0.7708,1.0,1.402
V3_HIDDEN_0166,HIDDEN_SEMANTIC,H6,BODY_ELECTRONICS,B3_Graph_Only,LOW,0.0588,0.0,0.0,0.0,0.0,0.9792,1.0,0.007
V3_HIDDEN_0166,HIDDEN_SEMANTIC,H6,BODY_ELECTRONICS,B4_Contextual_Embedding,LOW,0.0588,0.0,0.0,0.0,1.0,0.7917,1.0,1.806
V3_HIDDEN_0166,HIDDEN_SEMANTIC,H6,BODY_ELECTRONICS,B5_AURA_Hybrid,LOW,0.0588,0.0,0.0,0.0,1.0,0.7917,1.0,4.685
V3_HIDDEN_0167,HIDDEN_SEMANTIC,H7,BATTERY_EV,B0_Full_Suite,MEDIUM,0.25,1.0,0.0031,0.0062,1.0,0.0,1.0,0.1
V3_HIDDEN_0167,HIDDEN_SEMANTIC,H7,BATTERY_EV,B1_Keyword,MEDIUM,0.25,1.0,0.0435,0.0833,1.0,0.825,1.0,1.433
V3_HIDDEN_0167,HIDDEN_SEMANTIC,H7,BATTERY_EV,B2_Raw_Embedding,MEDIUM,0.25,0.0,0.0,0.0,1.0,0.8875,1.0,1.727
V3_HIDDEN_0167,HIDDEN_SEMANTIC,H7,BATTERY_EV,B3_Graph_Only,MEDIUM,0.25,0.0,0.0,0.0,0.0,0.9875,1.0,0.007
V3_HIDDEN_0167,HIDDEN_SEMANTIC,H7,BATTERY_EV,B4_Contextual_Embedding,MEDIUM,0.25,1.0,0.1,0.1818,0.9,0.875,1.0,2.145
V3_HIDDEN_0167,HIDDEN_SEMANTIC,H7,BATTERY_EV,B5_AURA_Hybrid,MEDIUM,0.25,1.0,0.1,0.1818,0.9,0.875,1.0,2.346
V3_HIDDEN_0168,HIDDEN_SEMANTIC,H8,POWERTRAIN,B0_Full_Suite,LOW,0.1429,1.0,0.0031,0.0062,1.0,0.0,1.0,0.1
V3_HIDDEN_0168,HIDDEN_SEMANTIC,H8,POWERTRAIN,B1_Keyword,LOW,0.1429,1.0,0.0256,0.05,1.0,0.7,1.0,1.269
V3_HIDDEN_0168,HIDDEN_SEMANTIC,H8,POWERTRAIN,B2_Raw_Embedding,LOW,0.1429,0.0,0.0,0.0,1.0,0.8875,1.0,1.802
V3_HIDDEN_0168,HIDDEN_SEMANTIC,H8,POWERTRAIN,B3_Graph_Only,LOW,0.1429,0.0,0.0,0.0,0.0,0.9875,1.0,0.007
V3_HIDDEN_0168,HIDDEN_SEMANTIC,H8,POWERTRAIN,B4_Contextual_Embedding,LOW,0.1429,0.0,0.0,0.0,1.0,0.8625,1.0,2.758
V3_HIDDEN_0168,HIDDEN_SEMANTIC,H8,POWERTRAIN,B5_AURA_Hybrid,LOW,0.1429,0.0,0.0,0.0,1.0,0.8625,1.0,2.789
V3_HIDDEN_0169,HIDDEN_SEMANTIC,H9,ADAS,B0_Full_Suite,LOW,0.0952,1.0,0.0023,0.0045,1.0,0.0,1.0,0.1
V3_HIDDEN_0169,HIDDEN_SEMANTIC,H9,ADAS,B1_Keyword,LOW,0.0952,0.0,0.0,0.0,0.19999999999999996,0.9765,1.0,1.39
V3_HIDDEN_0169,HIDDEN_SEMANTIC,H9,ADAS,B2_Raw_Embedding,LOW,0.0952,0.0,0.0,0.0,1.0,0.8824,1.0,1.887
V3_HIDDEN_0169,HIDDEN_SEMANTIC,H9,ADAS,B3_Graph_Only,LOW,0.0952,0.0,0.0,0.0,0.0,0.9882,1.0,0.007
V3_HIDDEN_0169,HIDDEN_SEMANTIC,H9,ADAS,B4_Contextual_Embedding,LOW,0.0952,0.0,0.0,0.0,1.0,0.8706,1.0,2.334
V3_HIDDEN_0169,HIDDEN_SEMANTIC,H9,ADAS,B5_AURA_Hybrid,LOW,0.0952,0.0,0.0,0.0,1.0,0.8706,1.0,2.42
V3_HIDDEN_0170,HIDDEN_SEMANTIC,H10,ADAS,B0_Full_Suite,LOW,0.0,1.0,0.0023,0.0045,1.0,0.0,1.0,0.1
V3_HIDDEN_0170,HIDDEN_SEMANTIC,H10,ADAS,B1_Keyword,LOW,0.0,0.0,0.0,0.0,0.09999999999999998,0.9765,1.0,1.231
V3_HIDDEN_0170,HIDDEN_SEMANTIC,H10,ADAS,B2_Raw_Embedding,LOW,0.0,0.0,0.0,0.0,1.0,0.8824,1.0,1.87
V3_HIDDEN_0170,HIDDEN_SEMANTIC,H10,ADAS,B3_Graph_Only,LOW,0.0,0.0,0.0,0.0,0.0,0.9882,1.0,0.014
V3_HIDDEN_0170,HIDDEN_SEMANTIC,H10,ADAS,B4_Contextual_Embedding,LOW,0.0,0.0,0.0,0.0,1.0,0.8706,1.0,2.361
V3_HIDDEN_0170,HIDDEN_SEMANTIC,H10,ADAS,B5_AURA_Hybrid,LOW,0.0,0.0,0.0,0.0,1.0,0.8706,1.0,2.465
V3_HIDDEN_0171,HIDDEN_SEMANTIC,H1,ADAS,B0_Full_Suite,LOW,0.0,1.0,0.0023,0.0045,1.0,0.0,1.0,0.1
V3_HIDDEN_0171,HIDDEN_SEMANTIC,H1,ADAS,B1_Keyword,LOW,0.0,0.0,0.0,0.0,0.0,0.9882,1.0,1.394
V3_HIDDEN_0171,HIDDEN_SEMANTIC,H1,ADAS,B2_Raw_Embedding,LOW,0.0,0.0,0.0,0.0,1.0,0.8706,1.0,2.094
V3_HIDDEN_0171,HIDDEN_SEMANTIC,H1,ADAS,B3_Graph_Only,LOW,0.0,0.0,0.0,0.0,0.0,0.9882,1.0,0.008
V3_HIDDEN_0171,HIDDEN_SEMANTIC,H1,ADAS,B4_Contextual_Embedding,LOW,0.0,0.0,0.0,0.0,1.0,0.8706,1.0,2.645
V3_HIDDEN_0171,HIDDEN_SEMANTIC,H1,ADAS,B5_AURA_Hybrid,LOW,0.0,0.0,0.0,0.0,1.0,0.8706,1.0,2.762
V3_HIDDEN_0172,HIDDEN_SEMANTIC,H2,POWERTRAIN,B0_Full_Suite,LOW,0.0909,1.0,0.0031,0.0062,1.0,0.0,1.0,0.1
V3_HIDDEN_0172,HIDDEN_SEMANTIC,H2,POWERTRAIN,B1_Keyword,LOW,0.0909,1.0,0.05,0.0952,1.0,0.8375,1.0,1.265
V3_HIDDEN_0172,HIDDEN_SEMANTIC,H2,POWERTRAIN,B2_Raw_Embedding,LOW,0.0909,1.0,0.1,0.1818,0.9,0.875,1.0,2.031
V3_HIDDEN_0172,HIDDEN_SEMANTIC,H2,POWERTRAIN,B3_Graph_Only,LOW,0.0909,0.0,0.0,0.0,0.0,0.9875,1.0,0.008
V3_HIDDEN_0172,HIDDEN_SEMANTIC,H2,POWERTRAIN,B4_Contextual_Embedding,LOW,0.0909,1.0,0.1,0.1818,0.9,0.875,1.0,3.825
V3_HIDDEN_0172,HIDDEN_SEMANTIC,H2,POWERTRAIN,B5_AURA_Hybrid,LOW,0.0909,1.0,0.1,0.1818,0.9,0.875,1.0,2.761
V3_HIDDEN_0173,HIDDEN_SEMANTIC,H3,ADAS,B0_Full_Suite,LOW,0.0476,1.0,0.0023,0.0045,1.0,0.0,1.0,0.1
V3_HIDDEN_0173,HIDDEN_SEMANTIC,H3,ADAS,B1_Keyword,LOW,0.0476,0.0,0.0,0.0,0.09999999999999998,0.9765,1.0,1.285
V3_HIDDEN_0173,HIDDEN_SEMANTIC,H3,ADAS,B2_Raw_Embedding,LOW,0.0476,1.0,0.1,0.1818,0.9,0.8824,1.0,1.916
V3_HIDDEN_0173,HIDDEN_SEMANTIC,H3,ADAS,B3_Graph_Only,LOW,0.0476,0.0,0.0,0.0,0.0,0.9882,1.0,0.008
V3_HIDDEN_0173,HIDDEN_SEMANTIC,H3,ADAS,B4_Contextual_Embedding,LOW,0.0476,1.0,0.1,0.1818,0.9,0.8824,1.0,2.474
V3_HIDDEN_0173,HIDDEN_SEMANTIC,H3,ADAS,B5_AURA_Hybrid,LOW,0.0476,1.0,0.1,0.1818,0.9,0.8824,1.0,3.636
V3_HIDDEN_0174,HIDDEN_SEMANTIC,H4,ADAS,B0_Full_Suite,LOW,0.1,1.0,0.0023,0.0045,1.0,0.0,1.0,0.1
V3_HIDDEN_0174,HIDDEN_SEMANTIC,H4,ADAS,B1_Keyword,LOW,0.1,0.0,0.0,0.0,0.0,0.9882,1.0,1.388
V3_HIDDEN_0174,HIDDEN_SEMANTIC,H4,ADAS,B2_Raw_Embedding,LOW,0.1,0.0,0.0,0.0,1.0,0.8706,1.0,2.325
V3_HIDDEN_0174,HIDDEN_SEMANTIC,H4,ADAS,B3_Graph_Only,LOW,0.1,0.0,0.0,0.0,0.0,0.9882,1.0,0.006
V3_HIDDEN_0174,HIDDEN_SEMANTIC,H4,ADAS,B4_Contextual_Embedding,LOW,0.1,1.0,0.1,0.1818,0.9,0.8824,1.0,2.579
V3_HIDDEN_0174,HIDDEN_SEMANTIC,H4,ADAS,B5_AURA_Hybrid,LOW,0.1,1.0,0.1,0.1818,0.9,0.8824,1.0,2.562
V3_HIDDEN_0175,HIDDEN_SEMANTIC,H5,BATTERY_EV,B0_Full_Suite,LOW,0.1429,1.0,0.0031,0.0062,1.0,0.0,1.0,0.1
V3_HIDDEN_0175,HIDDEN_SEMANTIC,H5,BATTERY_EV,B1_Keyword,LOW,0.1429,0.0,0.0,0.0,1.0,0.825,1.0,1.379
V3_HIDDEN_0175,HIDDEN_SEMANTIC,H5,BATTERY_EV,B2_Raw_Embedding,LOW,0.1429,0.0,0.0,0.0,1.0,0.9,1.0,1.914
V3_HIDDEN_0175,HIDDEN_SEMANTIC,H5,BATTERY_EV,B3_Graph_Only,LOW,0.1429,0.0,0.0,0.0,0.0,0.9875,1.0,0.007
V3_HIDDEN_0175,HIDDEN_SEMANTIC,H5,BATTERY_EV,B4_Contextual_Embedding,LOW,0.1429,0.0,0.0,0.0,1.0,0.8625,1.0,3.212
V3_HIDDEN_0175,HIDDEN_SEMANTIC,H5,BATTERY_EV,B5_AURA_Hybrid,LOW,0.1429,0.0,0.0,0.0,1.0,0.8625,1.0,3.234
V3_HIDDEN_0176,HIDDEN_SEMANTIC,H6,BODY_ELECTRONICS,B0_Full_Suite,LOW,0.0588,1.0,0.0063,0.0126,1.0,0.0,1.0,0.1
V3_HIDDEN_0176,HIDDEN_SEMANTIC,H6,BODY_ELECTRONICS,B1_Keyword,LOW,0.0588,0.0,0.0,0.0,0.8,0.8125,1.0,1.451
V3_HIDDEN_0176,HIDDEN_SEMANTIC,H6,BODY_ELECTRONICS,B2_Raw_Embedding,LOW,0.0588,0.0,0.0,0.0,1.0,0.7708,1.0,1.937
V3_HIDDEN_0176,HIDDEN_SEMANTIC,H6,BODY_ELECTRONICS,B3_Graph_Only,LOW,0.0588,0.0,0.0,0.0,0.0,0.9792,1.0,0.007
V3_HIDDEN_0176,HIDDEN_SEMANTIC,H6,BODY_ELECTRONICS,B4_Contextual_Embedding,LOW,0.0588,0.0,0.0,0.0,1.0,0.7917,1.0,2.121
V3_HIDDEN_0176,HIDDEN_SEMANTIC,H6,BODY_ELECTRONICS,B5_AURA_Hybrid,LOW,0.0588,0.0,0.0,0.0,1.0,0.7917,1.0,2.012
V3_HIDDEN_0177,HIDDEN_SEMANTIC,H7,BATTERY_EV,B0_Full_Suite,MEDIUM,0.25,1.0,0.0031,0.0062,1.0,0.0,1.0,0.1
V3_HIDDEN_0177,HIDDEN_SEMANTIC,H7,BATTERY_EV,B1_Keyword,MEDIUM,0.25,1.0,0.0435,0.0833,1.0,0.825,1.0,1.208
V3_HIDDEN_0177,HIDDEN_SEMANTIC,H7,BATTERY_EV,B2_Raw_Embedding,MEDIUM,0.25,0.0,0.0,0.0,1.0,0.8875,1.0,1.702
V3_HIDDEN_0177,HIDDEN_SEMANTIC,H7,BATTERY_EV,B3_Graph_Only,MEDIUM,0.25,0.0,0.0,0.0,0.0,0.9875,1.0,0.007
V3_HIDDEN_0177,HIDDEN_SEMANTIC,H7,BATTERY_EV,B4_Contextual_Embedding,MEDIUM,0.25,1.0,0.1,0.1818,0.9,0.875,1.0,2.124
V3_HIDDEN_0177,HIDDEN_SEMANTIC,H7,BATTERY_EV,B5_AURA_Hybrid,MEDIUM,0.25,1.0,0.1,0.1818,0.9,0.875,1.0,2.419
V3_HIDDEN_0178,HIDDEN_SEMANTIC,H8,POWERTRAIN,B0_Full_Suite,LOW,0.1429,1.0,0.0031,0.0062,1.0,0.0,1.0,0.1
V3_HIDDEN_0178,HIDDEN_SEMANTIC,H8,POWERTRAIN,B1_Keyword,LOW,0.1429,1.0,0.0256,0.05,1.0,0.7,1.0,1.539
V3_HIDDEN_0178,HIDDEN_SEMANTIC,H8,POWERTRAIN,B2_Raw_Embedding,LOW,0.1429,0.0,0.0,0.0,1.0,0.8875,1.0,1.844
V3_HIDDEN_0178,HIDDEN_SEMANTIC,H8,POWERTRAIN,B3_Graph_Only,LOW,0.1429,0.0,0.0,0.0,0.0,0.9875,1.0,0.008
V3_HIDDEN_0178,HIDDEN_SEMANTIC,H8,POWERTRAIN,B4_Contextual_Embedding,LOW,0.1429,0.0,0.0,0.0,1.0,0.8625,1.0,2.218
V3_HIDDEN_0178,HIDDEN_SEMANTIC,H8,POWERTRAIN,B5_AURA_Hybrid,LOW,0.1429,0.0,0.0,0.0,1.0,0.8625,1.0,2.397
V3_HIDDEN_0179,HIDDEN_SEMANTIC,H9,ADAS,B0_Full_Suite,LOW,0.0952,1.0,0.0023,0.0045,1.0,0.0,1.0,0.1
V3_HIDDEN_0179,HIDDEN_SEMANTIC,H9,ADAS,B1_Keyword,LOW,0.0952,0.0,0.0,0.0,0.19999999999999996,0.9647,1.0,1.427
V3_HIDDEN_0179,HIDDEN_SEMANTIC,H9,ADAS,B2_Raw_Embedding,LOW,0.0952,0.0,0.0,0.0,1.0,0.8824,1.0,2.299
V3_HIDDEN_0179,HIDDEN_SEMANTIC,H9,ADAS,B3_Graph_Only,LOW,0.0952,0.0,0.0,0.0,0.0,0.9882,1.0,0.007
V3_HIDDEN_0179,HIDDEN_SEMANTIC,H9,ADAS,B4_Contextual_Embedding,LOW,0.0952,0.0,0.0,0.0,1.0,0.8706,1.0,3.112
V3_HIDDEN_0179,HIDDEN_SEMANTIC,H9,ADAS,B5_AURA_Hybrid,LOW,0.0952,0.0,0.0,0.0,1.0,0.8706,1.0,3.266
V3_HIDDEN_0180,HIDDEN_SEMANTIC,H10,ADAS,B0_Full_Suite,LOW,0.0,1.0,0.0023,0.0045,1.0,0.0,1.0,0.1
V3_HIDDEN_0180,HIDDEN_SEMANTIC,H10,ADAS,B1_Keyword,LOW,0.0,0.0,0.0,0.0,0.09999999999999998,0.9765,1.0,1.288
V3_HIDDEN_0180,HIDDEN_SEMANTIC,H10,ADAS,B2_Raw_Embedding,LOW,0.0,0.0,0.0,0.0,1.0,0.8824,1.0,1.672
V3_HIDDEN_0180,HIDDEN_SEMANTIC,H10,ADAS,B3_Graph_Only,LOW,0.0,0.0,0.0,0.0,0.0,0.9882,1.0,0.007
V3_HIDDEN_0180,HIDDEN_SEMANTIC,H10,ADAS,B4_Contextual_Embedding,LOW,0.0,0.0,0.0,0.0,1.0,0.8706,1.0,2.166
V3_HIDDEN_0180,HIDDEN_SEMANTIC,H10,ADAS,B5_AURA_Hybrid,LOW,0.0,0.0,0.0,0.0,1.0,0.8706,1.0,2.988
V3_HIDDEN_0181,HIDDEN_SEMANTIC,H1,ADAS,B0_Full_Suite,LOW,0.0,1.0,0.0023,0.0045,1.0,0.0,1.0,0.1
V3_HIDDEN_0181,HIDDEN_SEMANTIC,H1,ADAS,B1_Keyword,LOW,0.0,0.0,0.0,0.0,0.0,0.9882,1.0,1.455
V3_HIDDEN_0181,HIDDEN_SEMANTIC,H1,ADAS,B2_Raw_Embedding,LOW,0.0,0.0,0.0,0.0,1.0,0.8706,1.0,2.172
V3_HIDDEN_0181,HIDDEN_SEMANTIC,H1,ADAS,B3_Graph_Only,LOW,0.0,0.0,0.0,0.0,0.0,0.9882,1.0,0.007
V3_HIDDEN_0181,HIDDEN_SEMANTIC,H1,ADAS,B4_Contextual_Embedding,LOW,0.0,0.0,0.0,0.0,1.0,0.8706,1.0,2.61
V3_HIDDEN_0181,HIDDEN_SEMANTIC,H1,ADAS,B5_AURA_Hybrid,LOW,0.0,0.0,0.0,0.0,1.0,0.8706,1.0,2.902
V3_HIDDEN_0182,HIDDEN_SEMANTIC,H2,POWERTRAIN,B0_Full_Suite,LOW,0.0909,1.0,0.0031,0.0062,1.0,0.0,1.0,0.1
V3_HIDDEN_0182,HIDDEN_SEMANTIC,H2,POWERTRAIN,B1_Keyword,LOW,0.0909,1.0,0.05,0.0952,1.0,0.8375,1.0,1.524
V3_HIDDEN_0182,HIDDEN_SEMANTIC,H2,POWERTRAIN,B2_Raw_Embedding,LOW,0.0909,1.0,0.1,0.1818,0.9,0.875,1.0,2.084
V3_HIDDEN_0182,HIDDEN_SEMANTIC,H2,POWERTRAIN,B3_Graph_Only,LOW,0.0909,0.0,0.0,0.0,0.0,0.9875,1.0,0.008
V3_HIDDEN_0182,HIDDEN_SEMANTIC,H2,POWERTRAIN,B4_Contextual_Embedding,LOW,0.0909,1.0,0.1,0.1818,0.9,0.875,1.0,2.431
V3_HIDDEN_0182,HIDDEN_SEMANTIC,H2,POWERTRAIN,B5_AURA_Hybrid,LOW,0.0909,1.0,0.1,0.1818,0.9,0.875,1.0,3.286
V3_HIDDEN_0183,HIDDEN_SEMANTIC,H3,ADAS,B0_Full_Suite,LOW,0.0476,1.0,0.0023,0.0045,1.0,0.0,1.0,0.1
V3_HIDDEN_0183,HIDDEN_SEMANTIC,H3,ADAS,B1_Keyword,LOW,0.0476,0.0,0.0,0.0,0.09999999999999998,0.9765,1.0,1.33
V3_HIDDEN_0183,HIDDEN_SEMANTIC,H3,ADAS,B2_Raw_Embedding,LOW,0.0476,1.0,0.1,0.1818,0.9,0.8824,1.0,1.955
V3_HIDDEN_0183,HIDDEN_SEMANTIC,H3,ADAS,B3_Graph_Only,LOW,0.0476,0.0,0.0,0.0,0.0,0.9882,1.0,0.008
V3_HIDDEN_0183,HIDDEN_SEMANTIC,H3,ADAS,B4_Contextual_Embedding,LOW,0.0476,1.0,0.1,0.1818,0.9,0.8824,1.0,2.384
V3_HIDDEN_0183,HIDDEN_SEMANTIC,H3,ADAS,B5_AURA_Hybrid,LOW,0.0476,1.0,0.1,0.1818,0.9,0.8824,1.0,2.744
V3_HIDDEN_0184,HIDDEN_SEMANTIC,H4,ADAS,B0_Full_Suite,LOW,0.1,1.0,0.0023,0.0045,1.0,0.0,1.0,0.1
V3_HIDDEN_0184,HIDDEN_SEMANTIC,H4,ADAS,B1_Keyword,LOW,0.1,0.0,0.0,0.0,0.0,0.9882,1.0,1.247
V3_HIDDEN_0184,HIDDEN_SEMANTIC,H4,ADAS,B2_Raw_Embedding,LOW,0.1,0.0,0.0,0.0,1.0,0.8706,1.0,1.842
V3_HIDDEN_0184,HIDDEN_SEMANTIC,H4,ADAS,B3_Graph_Only,LOW,0.1,0.0,0.0,0.0,0.0,0.9882,1.0,0.007
V3_HIDDEN_0184,HIDDEN_SEMANTIC,H4,ADAS,B4_Contextual_Embedding,LOW,0.1,1.0,0.1,0.1818,0.9,0.8824,1.0,3.255
V3_HIDDEN_0184,HIDDEN_SEMANTIC,H4,ADAS,B5_AURA_Hybrid,LOW,0.1,1.0,0.1,0.1818,0.9,0.8824,1.0,1.729
V3_HIDDEN_0185,HIDDEN_SEMANTIC,H5,BATTERY_EV,B0_Full_Suite,LOW,0.1429,1.0,0.0031,0.0062,1.0,0.0,1.0,0.1
V3_HIDDEN_0185,HIDDEN_SEMANTIC,H5,BATTERY_EV,B1_Keyword,LOW,0.1429,0.0,0.0,0.0,1.0,0.8125,1.0,1.084
V3_HIDDEN_0185,HIDDEN_SEMANTIC,H5,BATTERY_EV,B2_Raw_Embedding,LOW,0.1429,0.0,0.0,0.0,1.0,0.9,1.0,1.952
V3_HIDDEN_0185,HIDDEN_SEMANTIC,H5,BATTERY_EV,B3_Graph_Only,LOW,0.1429,0.0,0.0,0.0,0.0,0.9875,1.0,0.007
V3_HIDDEN_0185,HIDDEN_SEMANTIC,H5,BATTERY_EV,B4_Contextual_Embedding,LOW,0.1429,0.0,0.0,0.0,1.0,0.8625,1.0,2.271
V3_HIDDEN_0185,HIDDEN_SEMANTIC,H5,BATTERY_EV,B5_AURA_Hybrid,LOW,0.1429,0.0,0.0,0.0,1.0,0.8625,1.0,2.381
V3_HIDDEN_0186,HIDDEN_SEMANTIC,H6,BODY_ELECTRONICS,B0_Full_Suite,LOW,0.0588,1.0,0.0063,0.0126,1.0,0.0,1.0,0.1
V3_HIDDEN_0186,HIDDEN_SEMANTIC,H6,BODY_ELECTRONICS,B1_Keyword,LOW,0.0588,0.0,0.0,0.0,0.8,0.8125,1.0,1.182
V3_HIDDEN_0186,HIDDEN_SEMANTIC,H6,BODY_ELECTRONICS,B2_Raw_Embedding,LOW,0.0588,0.0,0.0,0.0,1.0,0.7708,1.0,1.312
V3_HIDDEN_0186,HIDDEN_SEMANTIC,H6,BODY_ELECTRONICS,B3_Graph_Only,LOW,0.0588,0.0,0.0,0.0,0.0,0.9792,1.0,0.008
V3_HIDDEN_0186,HIDDEN_SEMANTIC,H6,BODY_ELECTRONICS,B4_Contextual_Embedding,LOW,0.0588,0.0,0.0,0.0,1.0,0.7917,1.0,2.008
V3_HIDDEN_0186,HIDDEN_SEMANTIC,H6,BODY_ELECTRONICS,B5_AURA_Hybrid,LOW,0.0588,0.0,0.0,0.0,1.0,0.7917,1.0,1.227
V3_HIDDEN_0187,HIDDEN_SEMANTIC,H7,BATTERY_EV,B0_Full_Suite,MEDIUM,0.25,1.0,0.0031,0.0062,1.0,0.0,1.0,0.1
V3_HIDDEN_0187,HIDDEN_SEMANTIC,H7,BATTERY_EV,B1_Keyword,MEDIUM,0.25,1.0,0.0435,0.0833,1.0,0.825,1.0,1.499
V3_HIDDEN_0187,HIDDEN_SEMANTIC,H7,BATTERY_EV,B2_Raw_Embedding,MEDIUM,0.25,0.0,0.0,0.0,1.0,0.8875,1.0,1.769
V3_HIDDEN_0187,HIDDEN_SEMANTIC,H7,BATTERY_EV,B3_Graph_Only,MEDIUM,0.25,0.0,0.0,0.0,0.0,0.9875,1.0,0.009
V3_HIDDEN_0187,HIDDEN_SEMANTIC,H7,BATTERY_EV,B4_Contextual_Embedding,MEDIUM,0.25,1.0,0.1,0.1818,0.9,0.875,1.0,2.231
V3_HIDDEN_0187,HIDDEN_SEMANTIC,H7,BATTERY_EV,B5_AURA_Hybrid,MEDIUM,0.25,1.0,0.1,0.1818,0.9,0.875,1.0,2.803
V3_HIDDEN_0188,HIDDEN_SEMANTIC,H8,POWERTRAIN,B0_Full_Suite,LOW,0.1429,1.0,0.0031,0.0062,1.0,0.0,1.0,0.1
V3_HIDDEN_0188,HIDDEN_SEMANTIC,H8,POWERTRAIN,B1_Keyword,LOW,0.1429,1.0,0.0256,0.05,1.0,0.7,1.0,1.32
V3_HIDDEN_0188,HIDDEN_SEMANTIC,H8,POWERTRAIN,B2_Raw_Embedding,LOW,0.1429,0.0,0.0,0.0,1.0,0.8875,1.0,1.757
V3_HIDDEN_0188,HIDDEN_SEMANTIC,H8,POWERTRAIN,B3_Graph_Only,LOW,0.1429,0.0,0.0,0.0,0.0,0.9875,1.0,0.007
V3_HIDDEN_0188,HIDDEN_SEMANTIC,H8,POWERTRAIN,B4_Contextual_Embedding,LOW,0.1429,0.0,0.0,0.0,1.0,0.8625,1.0,2.223
V3_HIDDEN_0188,HIDDEN_SEMANTIC,H8,POWERTRAIN,B5_AURA_Hybrid,LOW,0.1429,0.0,0.0,0.0,1.0,0.8625,1.0,7.737
V3_HIDDEN_0189,HIDDEN_SEMANTIC,H9,ADAS,B0_Full_Suite,LOW,0.0952,1.0,0.0023,0.0045,1.0,0.0,1.0,0.1
V3_HIDDEN_0189,HIDDEN_SEMANTIC,H9,ADAS,B1_Keyword,LOW,0.0952,0.0,0.0,0.0,0.19999999999999996,0.9647,1.0,1.529
V3_HIDDEN_0189,HIDDEN_SEMANTIC,H9,ADAS,B2_Raw_Embedding,LOW,0.0952,0.0,0.0,0.0,1.0,0.8824,1.0,1.987
V3_HIDDEN_0189,HIDDEN_SEMANTIC,H9,ADAS,B3_Graph_Only,LOW,0.0952,0.0,0.0,0.0,0.0,0.9882,1.0,0.007
V3_HIDDEN_0189,HIDDEN_SEMANTIC,H9,ADAS,B4_Contextual_Embedding,LOW,0.0952,0.0,0.0,0.0,1.0,0.8706,1.0,2.409
V3_HIDDEN_0189,HIDDEN_SEMANTIC,H9,ADAS,B5_AURA_Hybrid,LOW,0.0952,0.0,0.0,0.0,1.0,0.8706,1.0,3.09
V3_HIDDEN_0190,HIDDEN_SEMANTIC,H10,ADAS,B0_Full_Suite,LOW,0.0,1.0,0.0023,0.0045,1.0,0.0,1.0,0.1
V3_HIDDEN_0190,HIDDEN_SEMANTIC,H10,ADAS,B1_Keyword,LOW,0.0,0.0,0.0,0.0,0.09999999999999998,0.9765,1.0,4.54
V3_HIDDEN_0190,HIDDEN_SEMANTIC,H10,ADAS,B2_Raw_Embedding,LOW,0.0,0.0,0.0,0.0,1.0,0.8824,1.0,1.836
V3_HIDDEN_0190,HIDDEN_SEMANTIC,H10,ADAS,B3_Graph_Only,LOW,0.0,0.0,0.0,0.0,0.0,0.9882,1.0,0.008
V3_HIDDEN_0190,HIDDEN_SEMANTIC,H10,ADAS,B4_Contextual_Embedding,LOW,0.0,0.0,0.0,0.0,1.0,0.8706,1.0,2.311
V3_HIDDEN_0190,HIDDEN_SEMANTIC,H10,ADAS,B5_AURA_Hybrid,LOW,0.0,0.0,0.0,0.0,1.0,0.8706,1.0,2.54
V3_HIDDEN_0191,HIDDEN_SEMANTIC,H1,ADAS,B0_Full_Suite,LOW,0.0,1.0,0.0023,0.0045,1.0,0.0,1.0,0.1
V3_HIDDEN_0191,HIDDEN_SEMANTIC,H1,ADAS,B1_Keyword,LOW,0.0,0.0,0.0,0.0,0.0,0.9882,1.0,1.268
V3_HIDDEN_0191,HIDDEN_SEMANTIC,H1,ADAS,B2_Raw_Embedding,LOW,0.0,0.0,0.0,0.0,1.0,0.8706,1.0,2.342
V3_HIDDEN_0191,HIDDEN_SEMANTIC,H1,ADAS,B3_Graph_Only,LOW,0.0,0.0,0.0,0.0,0.0,0.9882,1.0,0.008
V3_HIDDEN_0191,HIDDEN_SEMANTIC,H1,ADAS,B4_Contextual_Embedding,LOW,0.0,0.0,0.0,0.0,1.0,0.8706,1.0,7.798
V3_HIDDEN_0191,HIDDEN_SEMANTIC,H1,ADAS,B5_AURA_Hybrid,LOW,0.0,0.0,0.0,0.0,1.0,0.8706,1.0,3.141
V3_HIDDEN_0192,HIDDEN_SEMANTIC,H2,POWERTRAIN,B0_Full_Suite,LOW,0.0909,1.0,0.0031,0.0062,1.0,0.0,1.0,0.1
V3_HIDDEN_0192,HIDDEN_SEMANTIC,H2,POWERTRAIN,B1_Keyword,LOW,0.0909,1.0,0.05,0.0952,1.0,0.8375,1.0,1.313
V3_HIDDEN_0192,HIDDEN_SEMANTIC,H2,POWERTRAIN,B2_Raw_Embedding,LOW,0.0909,1.0,0.1,0.1818,0.9,0.875,1.0,2.044
V3_HIDDEN_0192,HIDDEN_SEMANTIC,H2,POWERTRAIN,B3_Graph_Only,LOW,0.0909,0.0,0.0,0.0,0.0,0.9875,1.0,0.008
V3_HIDDEN_0192,HIDDEN_SEMANTIC,H2,POWERTRAIN,B4_Contextual_Embedding,LOW,0.0909,1.0,0.1,0.1818,0.9,0.875,1.0,2.302
V3_HIDDEN_0192,HIDDEN_SEMANTIC,H2,POWERTRAIN,B5_AURA_Hybrid,LOW,0.0909,1.0,0.1,0.1818,0.9,0.875,1.0,2.424
V3_HIDDEN_0193,HIDDEN_SEMANTIC,H3,ADAS,B0_Full_Suite,LOW,0.0476,1.0,0.0023,0.0045,1.0,0.0,1.0,0.1
V3_HIDDEN_0193,HIDDEN_SEMANTIC,H3,ADAS,B1_Keyword,LOW,0.0476,0.0,0.0,0.0,0.09999999999999998,0.9765,1.0,1.24
V3_HIDDEN_0193,HIDDEN_SEMANTIC,H3,ADAS,B2_Raw_Embedding,LOW,0.0476,1.0,0.1,0.1818,0.9,0.8824,1.0,1.821
V3_HIDDEN_0193,HIDDEN_SEMANTIC,H3,ADAS,B3_Graph_Only,LOW,0.0476,0.0,0.0,0.0,0.0,0.9882,1.0,0.007
V3_HIDDEN_0193,HIDDEN_SEMANTIC,H3,ADAS,B4_Contextual_Embedding,LOW,0.0476,1.0,0.1,0.1818,0.9,0.8824,1.0,3.38
V3_HIDDEN_0193,HIDDEN_SEMANTIC,H3,ADAS,B5_AURA_Hybrid,LOW,0.0476,1.0,0.1,0.1818,0.9,0.8824,1.0,2.882
V3_HIDDEN_0194,HIDDEN_SEMANTIC,H4,ADAS,B0_Full_Suite,LOW,0.1,1.0,0.0023,0.0045,1.0,0.0,1.0,0.1
V3_HIDDEN_0194,HIDDEN_SEMANTIC,H4,ADAS,B1_Keyword,LOW,0.1,0.0,0.0,0.0,0.0,0.9882,1.0,1.503
V3_HIDDEN_0194,HIDDEN_SEMANTIC,H4,ADAS,B2_Raw_Embedding,LOW,0.1,0.0,0.0,0.0,1.0,0.8706,1.0,1.898
V3_HIDDEN_0194,HIDDEN_SEMANTIC,H4,ADAS,B3_Graph_Only,LOW,0.1,0.0,0.0,0.0,0.0,0.9882,1.0,0.007
V3_HIDDEN_0194,HIDDEN_SEMANTIC,H4,ADAS,B4_Contextual_Embedding,LOW,0.1,1.0,0.1,0.1818,0.9,0.8824,1.0,4.782
V3_HIDDEN_0194,HIDDEN_SEMANTIC,H4,ADAS,B5_AURA_Hybrid,LOW,0.1,1.0,0.1,0.1818,0.9,0.8824,1.0,3.96
V3_HIDDEN_0195,HIDDEN_SEMANTIC,H5,BATTERY_EV,B0_Full_Suite,LOW,0.1429,1.0,0.0031,0.0062,1.0,0.0,1.0,0.1
V3_HIDDEN_0195,HIDDEN_SEMANTIC,H5,BATTERY_EV,B1_Keyword,LOW,0.1429,0.0,0.0,0.0,1.0,0.825,1.0,1.458
V3_HIDDEN_0195,HIDDEN_SEMANTIC,H5,BATTERY_EV,B2_Raw_Embedding,LOW,0.1429,0.0,0.0,0.0,1.0,0.9,1.0,1.814
V3_HIDDEN_0195,HIDDEN_SEMANTIC,H5,BATTERY_EV,B3_Graph_Only,LOW,0.1429,0.0,0.0,0.0,0.0,0.9875,1.0,0.007
V3_HIDDEN_0195,HIDDEN_SEMANTIC,H5,BATTERY_EV,B4_Contextual_Embedding,LOW,0.1429,0.0,0.0,0.0,1.0,0.8625,1.0,3.186
V3_HIDDEN_0195,HIDDEN_SEMANTIC,H5,BATTERY_EV,B5_AURA_Hybrid,LOW,0.1429,0.0,0.0,0.0,1.0,0.8625,1.0,4.135
V3_HIDDEN_0196,HIDDEN_SEMANTIC,H6,BODY_ELECTRONICS,B0_Full_Suite,LOW,0.0588,1.0,0.0063,0.0126,1.0,0.0,1.0,0.1
V3_HIDDEN_0196,HIDDEN_SEMANTIC,H6,BODY_ELECTRONICS,B1_Keyword,LOW,0.0588,0.0,0.0,0.0,0.8,0.8125,1.0,1.358
V3_HIDDEN_0196,HIDDEN_SEMANTIC,H6,BODY_ELECTRONICS,B2_Raw_Embedding,LOW,0.0588,0.0,0.0,0.0,1.0,0.7708,1.0,1.375
V3_HIDDEN_0196,HIDDEN_SEMANTIC,H6,BODY_ELECTRONICS,B3_Graph_Only,LOW,0.0588,0.0,0.0,0.0,0.0,0.9792,1.0,0.007
V3_HIDDEN_0196,HIDDEN_SEMANTIC,H6,BODY_ELECTRONICS,B4_Contextual_Embedding,LOW,0.0588,0.0,0.0,0.0,1.0,0.7917,1.0,1.827
V3_HIDDEN_0196,HIDDEN_SEMANTIC,H6,BODY_ELECTRONICS,B5_AURA_Hybrid,LOW,0.0588,0.0,0.0,0.0,1.0,0.7917,1.0,1.956
V3_HIDDEN_0197,HIDDEN_SEMANTIC,H7,BATTERY_EV,B0_Full_Suite,MEDIUM,0.25,1.0,0.0031,0.0062,1.0,0.0,1.0,0.1
V3_HIDDEN_0197,HIDDEN_SEMANTIC,H7,BATTERY_EV,B1_Keyword,MEDIUM,0.25,1.0,0.0435,0.0833,1.0,0.825,1.0,1.313
V3_HIDDEN_0197,HIDDEN_SEMANTIC,H7,BATTERY_EV,B2_Raw_Embedding,MEDIUM,0.25,0.0,0.0,0.0,1.0,0.8875,1.0,1.661
V3_HIDDEN_0197,HIDDEN_SEMANTIC,H7,BATTERY_EV,B3_Graph_Only,MEDIUM,0.25,0.0,0.0,0.0,0.0,0.9875,1.0,0.007
V3_HIDDEN_0197,HIDDEN_SEMANTIC,H7,BATTERY_EV,B4_Contextual_Embedding,MEDIUM,0.25,1.0,0.1,0.1818,0.9,0.875,1.0,2.239
V3_HIDDEN_0197,HIDDEN_SEMANTIC,H7,BATTERY_EV,B5_AURA_Hybrid,MEDIUM,0.25,1.0,0.1,0.1818,0.9,0.875,1.0,2.282
V3_HIDDEN_0198,HIDDEN_SEMANTIC,H8,POWERTRAIN,B0_Full_Suite,LOW,0.1429,1.0,0.0031,0.0062,1.0,0.0,1.0,0.1
V3_HIDDEN_0198,HIDDEN_SEMANTIC,H8,POWERTRAIN,B1_Keyword,LOW,0.1429,1.0,0.0256,0.05,1.0,0.7,1.0,1.247
V3_HIDDEN_0198,HIDDEN_SEMANTIC,H8,POWERTRAIN,B2_Raw_Embedding,LOW,0.1429,0.0,0.0,0.0,1.0,0.8875,1.0,1.619
V3_HIDDEN_0198,HIDDEN_SEMANTIC,H8,POWERTRAIN,B3_Graph_Only,LOW,0.1429,0.0,0.0,0.0,0.0,0.9875,1.0,0.007
V3_HIDDEN_0198,HIDDEN_SEMANTIC,H8,POWERTRAIN,B4_Contextual_Embedding,LOW,0.1429,0.0,0.0,0.0,1.0,0.8625,1.0,2.065
V3_HIDDEN_0198,HIDDEN_SEMANTIC,H8,POWERTRAIN,B5_AURA_Hybrid,LOW,0.1429,0.0,0.0,0.0,1.0,0.8625,1.0,2.431
V3_HIDDEN_0199,HIDDEN_SEMANTIC,H9,ADAS,B0_Full_Suite,LOW,0.0952,1.0,0.0023,0.0045,1.0,0.0,1.0,0.1
V3_HIDDEN_0199,HIDDEN_SEMANTIC,H9,ADAS,B1_Keyword,LOW,0.0952,0.0,0.0,0.0,0.19999999999999996,0.9647,1.0,1.514
V3_HIDDEN_0199,HIDDEN_SEMANTIC,H9,ADAS,B2_Raw_Embedding,LOW,0.0952,0.0,0.0,0.0,1.0,0.8824,1.0,1.885
V3_HIDDEN_0199,HIDDEN_SEMANTIC,H9,ADAS,B3_Graph_Only,LOW,0.0952,0.0,0.0,0.0,0.0,0.9882,1.0,0.007
V3_HIDDEN_0199,HIDDEN_SEMANTIC,H9,ADAS,B4_Contextual_Embedding,LOW,0.0952,0.0,0.0,0.0,1.0,0.8706,1.0,2.325
V3_HIDDEN_0199,HIDDEN_SEMANTIC,H9,ADAS,B5_AURA_Hybrid,LOW,0.0952,0.0,0.0,0.0,1.0,0.8706,1.0,6.381
V3_HIDDEN_0200,HIDDEN_SEMANTIC,H10,ADAS,B0_Full_Suite,LOW,0.0,1.0,0.0023,0.0045,1.0,0.0,1.0,0.1
V3_HIDDEN_0200,HIDDEN_SEMANTIC,H10,ADAS,B1_Keyword,LOW,0.0,0.0,0.0,0.0,0.09999999999999998,0.9765,1.0,0.804
V3_HIDDEN_0200,HIDDEN_SEMANTIC,H10,ADAS,B2_Raw_Embedding,LOW,0.0,0.0,0.0,0.0,1.0,0.8824,1.0,2.009
V3_HIDDEN_0200,HIDDEN_SEMANTIC,H10,ADAS,B3_Graph_Only,LOW,0.0,0.0,0.0,0.0,0.0,0.9882,1.0,0.008
V3_HIDDEN_0200,HIDDEN_SEMANTIC,H10,ADAS,B4_Contextual_Embedding,LOW,0.0,0.0,0.0,0.0,1.0,0.8706,1.0,2.371
V3_HIDDEN_0200,HIDDEN_SEMANTIC,H10,ADAS,B5_AURA_Hybrid,LOW,0.0,0.0,0.0,0.0,1.0,0.8706,1.0,2.865
V3_HIDDEN_0201,HIDDEN_SEMANTIC,H1,ADAS,B0_Full_Suite,LOW,0.0,1.0,0.0023,0.0045,1.0,0.0,1.0,0.1
V3_HIDDEN_0201,HIDDEN_SEMANTIC,H1,ADAS,B1_Keyword,LOW,0.0,0.0,0.0,0.0,0.0,0.9882,1.0,1.276
V3_HIDDEN_0201,HIDDEN_SEMANTIC,H1,ADAS,B2_Raw_Embedding,LOW,0.0,0.0,0.0,0.0,1.0,0.8706,1.0,2.126
V3_HIDDEN_0201,HIDDEN_SEMANTIC,H1,ADAS,B3_Graph_Only,LOW,0.0,0.0,0.0,0.0,0.0,0.9882,1.0,0.007
V3_HIDDEN_0201,HIDDEN_SEMANTIC,H1,ADAS,B4_Contextual_Embedding,LOW,0.0,0.0,0.0,0.0,1.0,0.8706,1.0,6.221
V3_HIDDEN_0201,HIDDEN_SEMANTIC,H1,ADAS,B5_AURA_Hybrid,LOW,0.0,0.0,0.0,0.0,1.0,0.8706,1.0,2.913
V3_HIDDEN_0202,HIDDEN_SEMANTIC,H2,POWERTRAIN,B0_Full_Suite,LOW,0.0909,1.0,0.0031,0.0062,1.0,0.0,1.0,0.1
V3_HIDDEN_0202,HIDDEN_SEMANTIC,H2,POWERTRAIN,B1_Keyword,LOW,0.0909,1.0,0.0526,0.1,1.0,0.85,1.0,1.351
V3_HIDDEN_0202,HIDDEN_SEMANTIC,H2,POWERTRAIN,B2_Raw_Embedding,LOW,0.0909,1.0,0.1,0.1818,0.9,0.875,1.0,1.97
V3_HIDDEN_0202,HIDDEN_SEMANTIC,H2,POWERTRAIN,B3_Graph_Only,LOW,0.0909,0.0,0.0,0.0,0.0,0.9875,1.0,0.008
V3_HIDDEN_0202,HIDDEN_SEMANTIC,H2,POWERTRAIN,B4_Contextual_Embedding,LOW,0.0909,1.0,0.1,0.1818,0.9,0.875,1.0,2.35
V3_HIDDEN_0202,HIDDEN_SEMANTIC,H2,POWERTRAIN,B5_AURA_Hybrid,LOW,0.0909,1.0,0.1,0.1818,0.9,0.875,1.0,2.543
V3_HIDDEN_0203,HIDDEN_SEMANTIC,H3,ADAS,B0_Full_Suite,LOW,0.0476,1.0,0.0023,0.0045,1.0,0.0,1.0,0.1
V3_HIDDEN_0203,HIDDEN_SEMANTIC,H3,ADAS,B1_Keyword,LOW,0.0476,0.0,0.0,0.0,0.0,0.9882,1.0,2.474
V3_HIDDEN_0203,HIDDEN_SEMANTIC,H3,ADAS,B2_Raw_Embedding,LOW,0.0476,1.0,0.1,0.1818,0.9,0.8824,1.0,2.024
V3_HIDDEN_0203,HIDDEN_SEMANTIC,H3,ADAS,B3_Graph_Only,LOW,0.0476,0.0,0.0,0.0,0.0,0.9882,1.0,0.008
V3_HIDDEN_0203,HIDDEN_SEMANTIC,H3,ADAS,B4_Contextual_Embedding,LOW,0.0476,1.0,0.1,0.1818,0.9,0.8824,1.0,2.397
V3_HIDDEN_0203,HIDDEN_SEMANTIC,H3,ADAS,B5_AURA_Hybrid,LOW,0.0476,1.0,0.1,0.1818,0.9,0.8824,1.0,3.202
V3_HIDDEN_0204,HIDDEN_SEMANTIC,H4,ADAS,B0_Full_Suite,LOW,0.1,1.0,0.0023,0.0045,1.0,0.0,1.0,0.1
V3_HIDDEN_0204,HIDDEN_SEMANTIC,H4,ADAS,B1_Keyword,LOW,0.1,0.0,0.0,0.0,0.0,0.9882,1.0,1.289
V3_HIDDEN_0204,HIDDEN_SEMANTIC,H4,ADAS,B2_Raw_Embedding,LOW,0.1,0.0,0.0,0.0,1.0,0.8706,1.0,1.879
V3_HIDDEN_0204,HIDDEN_SEMANTIC,H4,ADAS,B3_Graph_Only,LOW,0.1,0.0,0.0,0.0,0.0,0.9882,1.0,0.007
V3_HIDDEN_0204,HIDDEN_SEMANTIC,H4,ADAS,B4_Contextual_Embedding,LOW,0.1,1.0,0.1,0.1818,0.9,0.8824,1.0,2.48
V3_HIDDEN_0204,HIDDEN_SEMANTIC,H4,ADAS,B5_AURA_Hybrid,LOW,0.1,1.0,0.1,0.1818,0.9,0.8824,1.0,2.432
V3_HIDDEN_0205,HIDDEN_SEMANTIC,H5,BATTERY_EV,B0_Full_Suite,LOW,0.1429,1.0,0.0031,0.0062,1.0,0.0,1.0,0.1
V3_HIDDEN_0205,HIDDEN_SEMANTIC,H5,BATTERY_EV,B1_Keyword,LOW,0.1429,0.0,0.0,0.0,1.0,0.825,1.0,1.751
V3_HIDDEN_0205,HIDDEN_SEMANTIC,H5,BATTERY_EV,B2_Raw_Embedding,LOW,0.1429,0.0,0.0,0.0,1.0,0.9,1.0,1.86
V3_HIDDEN_0205,HIDDEN_SEMANTIC,H5,BATTERY_EV,B3_Graph_Only,LOW,0.1429,0.0,0.0,0.0,0.0,0.9875,1.0,0.007
V3_HIDDEN_0205,HIDDEN_SEMANTIC,H5,BATTERY_EV,B4_Contextual_Embedding,LOW,0.1429,0.0,0.0,0.0,1.0,0.8625,1.0,2.237
V3_HIDDEN_0205,HIDDEN_SEMANTIC,H5,BATTERY_EV,B5_AURA_Hybrid,LOW,0.1429,0.0,0.0,0.0,1.0,0.8625,1.0,2.365
V3_HIDDEN_0206,HIDDEN_SEMANTIC,H6,BODY_ELECTRONICS,B0_Full_Suite,LOW,0.0588,1.0,0.0063,0.0126,1.0,0.0,1.0,0.1
V3_HIDDEN_0206,HIDDEN_SEMANTIC,H6,BODY_ELECTRONICS,B1_Keyword,LOW,0.0588,0.0,0.0,0.0,0.8,0.8125,1.0,2.933
V3_HIDDEN_0206,HIDDEN_SEMANTIC,H6,BODY_ELECTRONICS,B2_Raw_Embedding,LOW,0.0588,0.0,0.0,0.0,1.0,0.7708,1.0,1.911
V3_HIDDEN_0206,HIDDEN_SEMANTIC,H6,BODY_ELECTRONICS,B3_Graph_Only,LOW,0.0588,0.0,0.0,0.0,0.0,0.9792,1.0,0.008
V3_HIDDEN_0206,HIDDEN_SEMANTIC,H6,BODY_ELECTRONICS,B4_Contextual_Embedding,LOW,0.0588,0.0,0.0,0.0,1.0,0.7917,1.0,2.062
V3_HIDDEN_0206,HIDDEN_SEMANTIC,H6,BODY_ELECTRONICS,B5_AURA_Hybrid,LOW,0.0588,0.0,0.0,0.0,1.0,0.7917,1.0,1.998
V3_HIDDEN_0207,HIDDEN_SEMANTIC,H7,BATTERY_EV,B0_Full_Suite,MEDIUM,0.25,1.0,0.0031,0.0062,1.0,0.0,1.0,0.1
V3_HIDDEN_0207,HIDDEN_SEMANTIC,H7,BATTERY_EV,B1_Keyword,MEDIUM,0.25,1.0,0.0435,0.0833,1.0,0.825,1.0,1.364
V3_HIDDEN_0207,HIDDEN_SEMANTIC,H7,BATTERY_EV,B2_Raw_Embedding,MEDIUM,0.25,0.0,0.0,0.0,1.0,0.8875,1.0,1.721
V3_HIDDEN_0207,HIDDEN_SEMANTIC,H7,BATTERY_EV,B3_Graph_Only,MEDIUM,0.25,0.0,0.0,0.0,0.0,0.9875,1.0,0.007
V3_HIDDEN_0207,HIDDEN_SEMANTIC,H7,BATTERY_EV,B4_Contextual_Embedding,MEDIUM,0.25,1.0,0.1,0.1818,0.9,0.875,1.0,2.278
V3_HIDDEN_0207,HIDDEN_SEMANTIC,H7,BATTERY_EV,B5_AURA_Hybrid,MEDIUM,0.25,1.0,0.1,0.1818,0.9,0.875,1.0,2.348
V3_HIDDEN_0208,HIDDEN_SEMANTIC,H8,POWERTRAIN,B0_Full_Suite,LOW,0.1429,1.0,0.0031,0.0062,1.0,0.0,1.0,0.1
V3_HIDDEN_0208,HIDDEN_SEMANTIC,H8,POWERTRAIN,B1_Keyword,LOW,0.1429,1.0,0.0256,0.05,1.0,0.7,1.0,3.626
V3_HIDDEN_0208,HIDDEN_SEMANTIC,H8,POWERTRAIN,B2_Raw_Embedding,LOW,0.1429,0.0,0.0,0.0,1.0,0.8875,1.0,2.08
V3_HIDDEN_0208,HIDDEN_SEMANTIC,H8,POWERTRAIN,B3_Graph_Only,LOW,0.1429,0.0,0.0,0.0,0.0,0.9875,1.0,0.008
V3_HIDDEN_0208,HIDDEN_SEMANTIC,H8,POWERTRAIN,B4_Contextual_Embedding,LOW,0.1429,0.0,0.0,0.0,1.0,0.8625,1.0,2.387
V3_HIDDEN_0208,HIDDEN_SEMANTIC,H8,POWERTRAIN,B5_AURA_Hybrid,LOW,0.1429,0.0,0.0,0.0,1.0,0.8625,1.0,2.652
V3_HIDDEN_0209,HIDDEN_SEMANTIC,H9,ADAS,B0_Full_Suite,LOW,0.0952,1.0,0.0023,0.0045,1.0,0.0,1.0,0.1
V3_HIDDEN_0209,HIDDEN_SEMANTIC,H9,ADAS,B1_Keyword,LOW,0.0952,0.0,0.0,0.0,0.8,0.8941,1.0,1.298
V3_HIDDEN_0209,HIDDEN_SEMANTIC,H9,ADAS,B2_Raw_Embedding,LOW,0.0952,0.0,0.0,0.0,1.0,0.8824,1.0,1.82
V3_HIDDEN_0209,HIDDEN_SEMANTIC,H9,ADAS,B3_Graph_Only,LOW,0.0952,0.0,0.0,0.0,0.0,0.9882,1.0,0.008
V3_HIDDEN_0209,HIDDEN_SEMANTIC,H9,ADAS,B4_Contextual_Embedding,LOW,0.0952,0.0,0.0,0.0,1.0,0.8706,1.0,2.294
V3_HIDDEN_0209,HIDDEN_SEMANTIC,H9,ADAS,B5_AURA_Hybrid,LOW,0.0952,0.0,0.0,0.0,1.0,0.8706,1.0,2.529
V3_HIDDEN_0210,HIDDEN_SEMANTIC,H10,ADAS,B0_Full_Suite,LOW,0.0,1.0,0.0023,0.0045,1.0,0.0,1.0,0.1
V3_HIDDEN_0210,HIDDEN_SEMANTIC,H10,ADAS,B1_Keyword,LOW,0.0,0.0,0.0,0.0,0.7,0.3059,1.0,1.239
V3_HIDDEN_0210,HIDDEN_SEMANTIC,H10,ADAS,B2_Raw_Embedding,LOW,0.0,0.0,0.0,0.0,1.0,0.8824,1.0,1.737
V3_HIDDEN_0210,HIDDEN_SEMANTIC,H10,ADAS,B3_Graph_Only,LOW,0.0,0.0,0.0,0.0,0.0,0.9882,1.0,0.007
V3_HIDDEN_0210,HIDDEN_SEMANTIC,H10,ADAS,B4_Contextual_Embedding,LOW,0.0,0.0,0.0,0.0,1.0,0.8706,1.0,2.433
V3_HIDDEN_0210,HIDDEN_SEMANTIC,H10,ADAS,B5_AURA_Hybrid,LOW,0.0,0.0,0.0,0.0,1.0,0.8706,1.0,2.411
V3_HIDDEN_0211,HIDDEN_SEMANTIC,H1,ADAS,B0_Full_Suite,LOW,0.0,1.0,0.0023,0.0045,1.0,0.0,1.0,0.1
V3_HIDDEN_0211,HIDDEN_SEMANTIC,H1,ADAS,B1_Keyword,LOW,0.0,0.0,0.0,0.0,0.0,0.9882,1.0,1.245
V3_HIDDEN_0211,HIDDEN_SEMANTIC,H1,ADAS,B2_Raw_Embedding,LOW,0.0,0.0,0.0,0.0,1.0,0.8706,1.0,6.284
V3_HIDDEN_0211,HIDDEN_SEMANTIC,H1,ADAS,B3_Graph_Only,LOW,0.0,0.0,0.0,0.0,0.0,0.9882,1.0,0.008
V3_HIDDEN_0211,HIDDEN_SEMANTIC,H1,ADAS,B4_Contextual_Embedding,LOW,0.0,0.0,0.0,0.0,1.0,0.8706,1.0,3.039
V3_HIDDEN_0211,HIDDEN_SEMANTIC,H1,ADAS,B5_AURA_Hybrid,LOW,0.0,0.0,0.0,0.0,1.0,0.8706,1.0,2.903
V3_HIDDEN_0212,HIDDEN_SEMANTIC,H2,POWERTRAIN,B0_Full_Suite,LOW,0.0909,1.0,0.0031,0.0062,1.0,0.0,1.0,0.1
V3_HIDDEN_0212,HIDDEN_SEMANTIC,H2,POWERTRAIN,B1_Keyword,LOW,0.0909,1.0,0.05,0.0952,1.0,0.8375,1.0,1.754
V3_HIDDEN_0212,HIDDEN_SEMANTIC,H2,POWERTRAIN,B2_Raw_Embedding,LOW,0.0909,1.0,0.1,0.1818,0.9,0.875,1.0,2.997
V3_HIDDEN_0212,HIDDEN_SEMANTIC,H2,POWERTRAIN,B3_Graph_Only,LOW,0.0909,0.0,0.0,0.0,0.0,0.9875,1.0,0.004
V3_HIDDEN_0212,HIDDEN_SEMANTIC,H2,POWERTRAIN,B4_Contextual_Embedding,LOW,0.0909,1.0,0.1,0.1818,0.9,0.875,1.0,2.594
V3_HIDDEN_0212,HIDDEN_SEMANTIC,H2,POWERTRAIN,B5_AURA_Hybrid,LOW,0.0909,1.0,0.1,0.1818,0.9,0.875,1.0,2.613
V3_HIDDEN_0213,HIDDEN_SEMANTIC,H3,ADAS,B0_Full_Suite,LOW,0.0476,1.0,0.0023,0.0045,1.0,0.0,1.0,0.1
V3_HIDDEN_0213,HIDDEN_SEMANTIC,H3,ADAS,B1_Keyword,LOW,0.0476,0.0,0.0,0.0,0.0,0.9882,1.0,1.255
V3_HIDDEN_0213,HIDDEN_SEMANTIC,H3,ADAS,B2_Raw_Embedding,LOW,0.0476,1.0,0.1,0.1818,0.9,0.8824,1.0,1.815
V3_HIDDEN_0213,HIDDEN_SEMANTIC,H3,ADAS,B3_Graph_Only,LOW,0.0476,0.0,0.0,0.0,0.0,0.9882,1.0,0.007
V3_HIDDEN_0213,HIDDEN_SEMANTIC,H3,ADAS,B4_Contextual_Embedding,LOW,0.0476,1.0,0.1,0.1818,0.9,0.8824,1.0,2.293
V3_HIDDEN_0213,HIDDEN_SEMANTIC,H3,ADAS,B5_AURA_Hybrid,LOW,0.0476,1.0,0.1,0.1818,0.9,0.8824,1.0,2.783
V3_HIDDEN_0214,HIDDEN_SEMANTIC,H4,ADAS,B0_Full_Suite,LOW,0.1,1.0,0.0023,0.0045,1.0,0.0,1.0,0.1
V3_HIDDEN_0214,HIDDEN_SEMANTIC,H4,ADAS,B1_Keyword,LOW,0.1,0.0,0.0,0.0,0.0,0.9882,1.0,1.393
V3_HIDDEN_0214,HIDDEN_SEMANTIC,H4,ADAS,B2_Raw_Embedding,LOW,0.1,0.0,0.0,0.0,1.0,0.8706,1.0,2.172
V3_HIDDEN_0214,HIDDEN_SEMANTIC,H4,ADAS,B3_Graph_Only,LOW,0.1,0.0,0.0,0.0,0.0,0.9882,1.0,0.009
V3_HIDDEN_0214,HIDDEN_SEMANTIC,H4,ADAS,B4_Contextual_Embedding,LOW,0.1,1.0,0.1,0.1818,0.9,0.8824,1.0,2.665
V3_HIDDEN_0214,HIDDEN_SEMANTIC,H4,ADAS,B5_AURA_Hybrid,LOW,0.1,1.0,0.1,0.1818,0.9,0.8824,1.0,2.658
V3_HIDDEN_0215,HIDDEN_SEMANTIC,H5,BATTERY_EV,B0_Full_Suite,LOW,0.1429,1.0,0.0031,0.0062,1.0,0.0,1.0,0.1
V3_HIDDEN_0215,HIDDEN_SEMANTIC,H5,BATTERY_EV,B1_Keyword,LOW,0.1429,0.0,0.0,0.0,1.0,0.825,1.0,1.402
V3_HIDDEN_0215,HIDDEN_SEMANTIC,H5,BATTERY_EV,B2_Raw_Embedding,LOW,0.1429,0.0,0.0,0.0,1.0,0.8875,1.0,3.071
V3_HIDDEN_0215,HIDDEN_SEMANTIC,H5,BATTERY_EV,B3_Graph_Only,LOW,0.1429,0.0,0.0,0.0,0.0,0.9875,1.0,0.008
V3_HIDDEN_0215,HIDDEN_SEMANTIC,H5,BATTERY_EV,B4_Contextual_Embedding,LOW,0.1429,0.0,0.0,0.0,1.0,0.8625,1.0,2.06
V3_HIDDEN_0215,HIDDEN_SEMANTIC,H5,BATTERY_EV,B5_AURA_Hybrid,LOW,0.1429,0.0,0.0,0.0,1.0,0.8625,1.0,2.421
V3_HIDDEN_0216,HIDDEN_SEMANTIC,H6,BODY_ELECTRONICS,B0_Full_Suite,LOW,0.0588,1.0,0.0063,0.0126,1.0,0.0,1.0,0.1
V3_HIDDEN_0216,HIDDEN_SEMANTIC,H6,BODY_ELECTRONICS,B1_Keyword,LOW,0.0588,0.0,0.0,0.0,0.8,0.8125,1.0,1.216
V3_HIDDEN_0216,HIDDEN_SEMANTIC,H6,BODY_ELECTRONICS,B2_Raw_Embedding,LOW,0.0588,0.0,0.0,0.0,1.0,0.7708,1.0,1.501
V3_HIDDEN_0216,HIDDEN_SEMANTIC,H6,BODY_ELECTRONICS,B3_Graph_Only,LOW,0.0588,0.0,0.0,0.0,0.0,0.9792,1.0,0.007
V3_HIDDEN_0216,HIDDEN_SEMANTIC,H6,BODY_ELECTRONICS,B4_Contextual_Embedding,LOW,0.0588,0.0,0.0,0.0,1.0,0.7917,1.0,1.934
V3_HIDDEN_0216,HIDDEN_SEMANTIC,H6,BODY_ELECTRONICS,B5_AURA_Hybrid,LOW,0.0588,0.0,0.0,0.0,1.0,0.7917,1.0,2.244
V3_HIDDEN_0217,HIDDEN_SEMANTIC,H7,BATTERY_EV,B0_Full_Suite,MEDIUM,0.25,1.0,0.0031,0.0062,1.0,0.0,1.0,0.1
V3_HIDDEN_0217,HIDDEN_SEMANTIC,H7,BATTERY_EV,B1_Keyword,MEDIUM,0.25,1.0,0.0303,0.0588,1.0,0.4125,1.0,1.343
V3_HIDDEN_0217,HIDDEN_SEMANTIC,H7,BATTERY_EV,B2_Raw_Embedding,MEDIUM,0.25,0.0,0.0,0.0,1.0,0.9,1.0,6.159
V3_HIDDEN_0217,HIDDEN_SEMANTIC,H7,BATTERY_EV,B3_Graph_Only,MEDIUM,0.25,0.0,0.0,0.0,0.0,0.9875,1.0,0.005
V3_HIDDEN_0217,HIDDEN_SEMANTIC,H7,BATTERY_EV,B4_Contextual_Embedding,MEDIUM,0.25,1.0,0.1,0.1818,0.9,0.875,1.0,1.971
V3_HIDDEN_0217,HIDDEN_SEMANTIC,H7,BATTERY_EV,B5_AURA_Hybrid,MEDIUM,0.25,1.0,0.1,0.1818,0.9,0.875,1.0,2.333
V3_HIDDEN_0218,HIDDEN_SEMANTIC,H8,POWERTRAIN,B0_Full_Suite,LOW,0.1429,1.0,0.0031,0.0062,1.0,0.0,1.0,0.1
V3_HIDDEN_0218,HIDDEN_SEMANTIC,H8,POWERTRAIN,B1_Keyword,LOW,0.1429,1.0,0.0256,0.05,1.0,0.7,1.0,1.338
V3_HIDDEN_0218,HIDDEN_SEMANTIC,H8,POWERTRAIN,B2_Raw_Embedding,LOW,0.1429,0.0,0.0,0.0,1.0,0.8875,1.0,1.711
V3_HIDDEN_0218,HIDDEN_SEMANTIC,H8,POWERTRAIN,B3_Graph_Only,LOW,0.1429,0.0,0.0,0.0,0.0,0.9875,1.0,0.007
V3_HIDDEN_0218,HIDDEN_SEMANTIC,H8,POWERTRAIN,B4_Contextual_Embedding,LOW,0.1429,0.0,0.0,0.0,1.0,0.8625,1.0,1.938
V3_HIDDEN_0218,HIDDEN_SEMANTIC,H8,POWERTRAIN,B5_AURA_Hybrid,LOW,0.1429,0.0,0.0,0.0,1.0,0.8625,1.0,2.474
V3_HIDDEN_0219,HIDDEN_SEMANTIC,H9,ADAS,B0_Full_Suite,LOW,0.0952,1.0,0.0023,0.0045,1.0,0.0,1.0,0.1
V3_HIDDEN_0219,HIDDEN_SEMANTIC,H9,ADAS,B1_Keyword,LOW,0.0952,0.0,0.0,0.0,0.8,0.8941,1.0,1.281
V3_HIDDEN_0219,HIDDEN_SEMANTIC,H9,ADAS,B2_Raw_Embedding,LOW,0.0952,0.0,0.0,0.0,1.0,0.8824,1.0,1.731
V3_HIDDEN_0219,HIDDEN_SEMANTIC,H9,ADAS,B3_Graph_Only,LOW,0.0952,0.0,0.0,0.0,0.0,0.9882,1.0,0.008
V3_HIDDEN_0219,HIDDEN_SEMANTIC,H9,ADAS,B4_Contextual_Embedding,LOW,0.0952,0.0,0.0,0.0,1.0,0.8706,1.0,2.32
V3_HIDDEN_0219,HIDDEN_SEMANTIC,H9,ADAS,B5_AURA_Hybrid,LOW,0.0952,0.0,0.0,0.0,1.0,0.8706,1.0,2.792
V3_HIDDEN_0220,HIDDEN_SEMANTIC,H10,ADAS,B0_Full_Suite,LOW,0.0,1.0,0.0023,0.0045,1.0,0.0,1.0,0.1
V3_HIDDEN_0220,HIDDEN_SEMANTIC,H10,ADAS,B1_Keyword,LOW,0.0,0.0,0.0,0.0,0.7,0.3059,1.0,1.267
V3_HIDDEN_0220,HIDDEN_SEMANTIC,H10,ADAS,B2_Raw_Embedding,LOW,0.0,0.0,0.0,0.0,1.0,0.8824,1.0,1.664
V3_HIDDEN_0220,HIDDEN_SEMANTIC,H10,ADAS,B3_Graph_Only,LOW,0.0,0.0,0.0,0.0,0.0,0.9882,1.0,0.007
V3_HIDDEN_0220,HIDDEN_SEMANTIC,H10,ADAS,B4_Contextual_Embedding,LOW,0.0,0.0,0.0,0.0,1.0,0.8706,1.0,2.251
V3_HIDDEN_0220,HIDDEN_SEMANTIC,H10,ADAS,B5_AURA_Hybrid,LOW,0.0,0.0,0.0,0.0,1.0,0.8706,1.0,11.021
V3_HIDDEN_0221,HIDDEN_SEMANTIC,H1,ADAS,B0_Full_Suite,LOW,0.0,1.0,0.0023,0.0045,1.0,0.0,1.0,0.1
V3_HIDDEN_0221,HIDDEN_SEMANTIC,H1,ADAS,B1_Keyword,LOW,0.0,0.0,0.0,0.0,0.0,0.9882,1.0,1.563
V3_HIDDEN_0221,HIDDEN_SEMANTIC,H1,ADAS,B2_Raw_Embedding,LOW,0.0,0.0,0.0,0.0,1.0,0.8706,1.0,2.199
V3_HIDDEN_0221,HIDDEN_SEMANTIC,H1,ADAS,B3_Graph_Only,LOW,0.0,0.0,0.0,0.0,0.0,0.9882,1.0,0.007
V3_HIDDEN_0221,HIDDEN_SEMANTIC,H1,ADAS,B4_Contextual_Embedding,LOW,0.0,0.0,0.0,0.0,1.0,0.8706,1.0,2.624
V3_HIDDEN_0221,HIDDEN_SEMANTIC,H1,ADAS,B5_AURA_Hybrid,LOW,0.0,0.0,0.0,0.0,1.0,0.8706,1.0,3.599
V3_HIDDEN_0222,HIDDEN_SEMANTIC,H2,POWERTRAIN,B0_Full_Suite,LOW,0.0909,1.0,0.0031,0.0062,1.0,0.0,1.0,0.1
V3_HIDDEN_0222,HIDDEN_SEMANTIC,H2,POWERTRAIN,B1_Keyword,LOW,0.0909,1.0,0.05,0.0952,1.0,0.8375,1.0,1.388
V3_HIDDEN_0222,HIDDEN_SEMANTIC,H2,POWERTRAIN,B2_Raw_Embedding,LOW,0.0909,1.0,0.1,0.1818,0.9,0.875,1.0,2.105
V3_HIDDEN_0222,HIDDEN_SEMANTIC,H2,POWERTRAIN,B3_Graph_Only,LOW,0.0909,0.0,0.0,0.0,0.0,0.9875,1.0,0.008
V3_HIDDEN_0222,HIDDEN_SEMANTIC,H2,POWERTRAIN,B4_Contextual_Embedding,LOW,0.0909,1.0,0.1,0.1818,0.9,0.875,1.0,2.481
V3_HIDDEN_0222,HIDDEN_SEMANTIC,H2,POWERTRAIN,B5_AURA_Hybrid,LOW,0.0909,1.0,0.1,0.1818,0.9,0.875,1.0,2.493
V3_HIDDEN_0223,HIDDEN_SEMANTIC,H3,ADAS,B0_Full_Suite,LOW,0.0476,1.0,0.0023,0.0045,1.0,0.0,1.0,0.1
V3_HIDDEN_0223,HIDDEN_SEMANTIC,H3,ADAS,B1_Keyword,LOW,0.0476,0.0,0.0,0.0,0.0,0.9882,1.0,1.221
V3_HIDDEN_0223,HIDDEN_SEMANTIC,H3,ADAS,B2_Raw_Embedding,LOW,0.0476,1.0,0.1,0.1818,0.9,0.8824,1.0,1.821
V3_HIDDEN_0223,HIDDEN_SEMANTIC,H3,ADAS,B3_Graph_Only,LOW,0.0476,0.0,0.0,0.0,0.0,0.9882,1.0,0.006
V3_HIDDEN_0223,HIDDEN_SEMANTIC,H3,ADAS,B4_Contextual_Embedding,LOW,0.0476,1.0,0.1,0.1818,0.9,0.8824,1.0,5.077
V3_HIDDEN_0223,HIDDEN_SEMANTIC,H3,ADAS,B5_AURA_Hybrid,LOW,0.0476,1.0,0.1,0.1818,0.9,0.8824,1.0,2.831
V3_HIDDEN_0224,HIDDEN_SEMANTIC,H4,ADAS,B0_Full_Suite,LOW,0.1,1.0,0.0023,0.0045,1.0,0.0,1.0,0.1
V3_HIDDEN_0224,HIDDEN_SEMANTIC,H4,ADAS,B1_Keyword,LOW,0.1,0.0,0.0,0.0,0.0,0.9882,1.0,1.316
V3_HIDDEN_0224,HIDDEN_SEMANTIC,H4,ADAS,B2_Raw_Embedding,LOW,0.1,0.0,0.0,0.0,1.0,0.8706,1.0,1.871
V3_HIDDEN_0224,HIDDEN_SEMANTIC,H4,ADAS,B3_Graph_Only,LOW,0.1,0.0,0.0,0.0,0.0,0.9882,1.0,0.007
V3_HIDDEN_0224,HIDDEN_SEMANTIC,H4,ADAS,B4_Contextual_Embedding,LOW,0.1,1.0,0.1,0.1818,0.9,0.8824,1.0,2.414
V3_HIDDEN_0224,HIDDEN_SEMANTIC,H4,ADAS,B5_AURA_Hybrid,LOW,0.1,1.0,0.1,0.1818,0.9,0.8824,1.0,4.608
V3_HIDDEN_0225,HIDDEN_SEMANTIC,H5,BATTERY_EV,B0_Full_Suite,LOW,0.1429,1.0,0.0031,0.0062,1.0,0.0,1.0,0.1
V3_HIDDEN_0225,HIDDEN_SEMANTIC,H5,BATTERY_EV,B1_Keyword,LOW,0.1429,0.0,0.0,0.0,1.0,0.825,1.0,1.41
V3_HIDDEN_0225,HIDDEN_SEMANTIC,H5,BATTERY_EV,B2_Raw_Embedding,LOW,0.1429,0.0,0.0,0.0,1.0,0.8875,1.0,2.019
V3_HIDDEN_0225,HIDDEN_SEMANTIC,H5,BATTERY_EV,B3_Graph_Only,LOW,0.1429,0.0,0.0,0.0,0.0,0.9875,1.0,0.008
V3_HIDDEN_0225,HIDDEN_SEMANTIC,H5,BATTERY_EV,B4_Contextual_Embedding,LOW,0.1429,0.0,0.0,0.0,1.0,0.8625,1.0,2.564
V3_HIDDEN_0225,HIDDEN_SEMANTIC,H5,BATTERY_EV,B5_AURA_Hybrid,LOW,0.1429,0.0,0.0,0.0,1.0,0.8625,1.0,2.561
V3_HIDDEN_0226,HIDDEN_SEMANTIC,H6,BODY_ELECTRONICS,B0_Full_Suite,LOW,0.0588,1.0,0.0063,0.0126,1.0,0.0,1.0,0.1
V3_HIDDEN_0226,HIDDEN_SEMANTIC,H6,BODY_ELECTRONICS,B1_Keyword,LOW,0.0588,0.0,0.0,0.0,0.8,0.8125,1.0,1.195
V3_HIDDEN_0226,HIDDEN_SEMANTIC,H6,BODY_ELECTRONICS,B2_Raw_Embedding,LOW,0.0588,0.0,0.0,0.0,1.0,0.7708,1.0,1.381
V3_HIDDEN_0226,HIDDEN_SEMANTIC,H6,BODY_ELECTRONICS,B3_Graph_Only,LOW,0.0588,0.0,0.0,0.0,0.0,0.9792,1.0,0.007
V3_HIDDEN_0226,HIDDEN_SEMANTIC,H6,BODY_ELECTRONICS,B4_Contextual_Embedding,LOW,0.0588,0.0,0.0,0.0,1.0,0.7917,1.0,1.784
V3_HIDDEN_0226,HIDDEN_SEMANTIC,H6,BODY_ELECTRONICS,B5_AURA_Hybrid,LOW,0.0588,0.0,0.0,0.0,1.0,0.7917,1.0,9.589
V3_HIDDEN_0227,HIDDEN_SEMANTIC,H7,BATTERY_EV,B0_Full_Suite,MEDIUM,0.25,1.0,0.0031,0.0062,1.0,0.0,1.0,0.1
V3_HIDDEN_0227,HIDDEN_SEMANTIC,H7,BATTERY_EV,B1_Keyword,MEDIUM,0.25,1.0,0.0435,0.0833,1.0,0.825,1.0,1.579
V3_HIDDEN_0227,HIDDEN_SEMANTIC,H7,BATTERY_EV,B2_Raw_Embedding,MEDIUM,0.25,0.0,0.0,0.0,1.0,0.8875,1.0,1.807
V3_HIDDEN_0227,HIDDEN_SEMANTIC,H7,BATTERY_EV,B3_Graph_Only,MEDIUM,0.25,0.0,0.0,0.0,0.0,0.9875,1.0,0.007
V3_HIDDEN_0227,HIDDEN_SEMANTIC,H7,BATTERY_EV,B4_Contextual_Embedding,MEDIUM,0.25,1.0,0.1,0.1818,0.9,0.875,1.0,2.224
V3_HIDDEN_0227,HIDDEN_SEMANTIC,H7,BATTERY_EV,B5_AURA_Hybrid,MEDIUM,0.25,1.0,0.1,0.1818,0.9,0.875,1.0,2.546
V3_HIDDEN_0228,HIDDEN_SEMANTIC,H8,POWERTRAIN,B0_Full_Suite,LOW,0.1429,1.0,0.0031,0.0062,1.0,0.0,1.0,0.1
V3_HIDDEN_0228,HIDDEN_SEMANTIC,H8,POWERTRAIN,B1_Keyword,LOW,0.1429,1.0,0.0256,0.05,1.0,0.7,1.0,1.545
V3_HIDDEN_0228,HIDDEN_SEMANTIC,H8,POWERTRAIN,B2_Raw_Embedding,LOW,0.1429,0.0,0.0,0.0,1.0,0.8875,1.0,1.866
V3_HIDDEN_0228,HIDDEN_SEMANTIC,H8,POWERTRAIN,B3_Graph_Only,LOW,0.1429,0.0,0.0,0.0,0.0,0.9875,1.0,0.007
V3_HIDDEN_0228,HIDDEN_SEMANTIC,H8,POWERTRAIN,B4_Contextual_Embedding,LOW,0.1429,1.0,0.1,0.1818,0.9,0.875,1.0,2.256
V3_HIDDEN_0228,HIDDEN_SEMANTIC,H8,POWERTRAIN,B5_AURA_Hybrid,LOW,0.1429,1.0,0.1,0.1818,0.9,0.875,1.0,2.28
V3_HIDDEN_0229,HIDDEN_SEMANTIC,H9,ADAS,B0_Full_Suite,LOW,0.0952,1.0,0.0023,0.0045,1.0,0.0,1.0,0.1
V3_HIDDEN_0229,HIDDEN_SEMANTIC,H9,ADAS,B1_Keyword,LOW,0.0952,0.0,0.0,0.0,0.8,0.8941,1.0,1.352
V3_HIDDEN_0229,HIDDEN_SEMANTIC,H9,ADAS,B2_Raw_Embedding,LOW,0.0952,0.0,0.0,0.0,1.0,0.8824,1.0,1.767
V3_HIDDEN_0229,HIDDEN_SEMANTIC,H9,ADAS,B3_Graph_Only,LOW,0.0952,0.0,0.0,0.0,0.0,0.9882,1.0,0.007
V3_HIDDEN_0229,HIDDEN_SEMANTIC,H9,ADAS,B4_Contextual_Embedding,LOW,0.0952,0.0,0.0,0.0,1.0,0.8706,1.0,2.528
V3_HIDDEN_0229,HIDDEN_SEMANTIC,H9,ADAS,B5_AURA_Hybrid,LOW,0.0952,0.0,0.0,0.0,1.0,0.8706,1.0,2.585
V3_HIDDEN_0230,HIDDEN_SEMANTIC,H10,ADAS,B0_Full_Suite,LOW,0.0,1.0,0.0023,0.0045,1.0,0.0,1.0,0.1
V3_HIDDEN_0230,HIDDEN_SEMANTIC,H10,ADAS,B1_Keyword,LOW,0.0,0.0,0.0,0.0,0.7,0.3059,1.0,1.143
V3_HIDDEN_0230,HIDDEN_SEMANTIC,H10,ADAS,B2_Raw_Embedding,LOW,0.0,0.0,0.0,0.0,1.0,0.8824,1.0,1.657
V3_HIDDEN_0230,HIDDEN_SEMANTIC,H10,ADAS,B3_Graph_Only,LOW,0.0,0.0,0.0,0.0,0.0,0.9882,1.0,0.006
V3_HIDDEN_0230,HIDDEN_SEMANTIC,H10,ADAS,B4_Contextual_Embedding,LOW,0.0,0.0,0.0,0.0,1.0,0.8706,1.0,2.126
V3_HIDDEN_0230,HIDDEN_SEMANTIC,H10,ADAS,B5_AURA_Hybrid,LOW,0.0,0.0,0.0,0.0,1.0,0.8706,1.0,2.259
V3_HIDDEN_0231,HIDDEN_SEMANTIC,H1,ADAS,B0_Full_Suite,LOW,0.0,1.0,0.0023,0.0045,1.0,0.0,1.0,0.1
V3_HIDDEN_0231,HIDDEN_SEMANTIC,H1,ADAS,B1_Keyword,LOW,0.0,0.0,0.0,0.0,0.0,0.9882,1.0,1.215
V3_HIDDEN_0231,HIDDEN_SEMANTIC,H1,ADAS,B2_Raw_Embedding,LOW,0.0,0.0,0.0,0.0,1.0,0.8706,1.0,2.077
V3_HIDDEN_0231,HIDDEN_SEMANTIC,H1,ADAS,B3_Graph_Only,LOW,0.0,0.0,0.0,0.0,0.0,0.9882,1.0,0.007
V3_HIDDEN_0231,HIDDEN_SEMANTIC,H1,ADAS,B4_Contextual_Embedding,LOW,0.0,0.0,0.0,0.0,1.0,0.8706,1.0,2.667
V3_HIDDEN_0231,HIDDEN_SEMANTIC,H1,ADAS,B5_AURA_Hybrid,LOW,0.0,0.0,0.0,0.0,1.0,0.8706,1.0,2.847
V3_HIDDEN_0232,HIDDEN_SEMANTIC,H2,POWERTRAIN,B0_Full_Suite,LOW,0.0909,1.0,0.0031,0.0062,1.0,0.0,1.0,0.1
V3_HIDDEN_0232,HIDDEN_SEMANTIC,H2,POWERTRAIN,B1_Keyword,LOW,0.0909,1.0,0.0526,0.1,1.0,0.85,1.0,1.259
V3_HIDDEN_0232,HIDDEN_SEMANTIC,H2,POWERTRAIN,B2_Raw_Embedding,LOW,0.0909,1.0,0.1,0.1818,0.9,0.875,1.0,1.933
V3_HIDDEN_0232,HIDDEN_SEMANTIC,H2,POWERTRAIN,B3_Graph_Only,LOW,0.0909,0.0,0.0,0.0,0.0,0.9875,1.0,0.008
V3_HIDDEN_0232,HIDDEN_SEMANTIC,H2,POWERTRAIN,B4_Contextual_Embedding,LOW,0.0909,1.0,0.1,0.1818,0.9,0.875,1.0,2.747
V3_HIDDEN_0232,HIDDEN_SEMANTIC,H2,POWERTRAIN,B5_AURA_Hybrid,LOW,0.0909,1.0,0.1,0.1818,0.9,0.875,1.0,2.878
V3_HIDDEN_0233,HIDDEN_SEMANTIC,H3,ADAS,B0_Full_Suite,LOW,0.0476,1.0,0.0023,0.0045,1.0,0.0,1.0,0.1
V3_HIDDEN_0233,HIDDEN_SEMANTIC,H3,ADAS,B1_Keyword,LOW,0.0476,0.0,0.0,0.0,0.0,0.9882,1.0,1.406
V3_HIDDEN_0233,HIDDEN_SEMANTIC,H3,ADAS,B2_Raw_Embedding,LOW,0.0476,1.0,0.1,0.1818,0.9,0.8824,1.0,1.931
V3_HIDDEN_0233,HIDDEN_SEMANTIC,H3,ADAS,B3_Graph_Only,LOW,0.0476,0.0,0.0,0.0,0.0,0.9882,1.0,0.008
V3_HIDDEN_0233,HIDDEN_SEMANTIC,H3,ADAS,B4_Contextual_Embedding,LOW,0.0476,1.0,0.1,0.1818,0.9,0.8824,1.0,9.319
V3_HIDDEN_0233,HIDDEN_SEMANTIC,H3,ADAS,B5_AURA_Hybrid,LOW,0.0476,1.0,0.1,0.1818,0.9,0.8824,1.0,3.109
V3_HIDDEN_0234,HIDDEN_SEMANTIC,H4,ADAS,B0_Full_Suite,LOW,0.1,1.0,0.0023,0.0045,1.0,0.0,1.0,0.1
V3_HIDDEN_0234,HIDDEN_SEMANTIC,H4,ADAS,B1_Keyword,LOW,0.1,0.0,0.0,0.0,0.0,0.9882,1.0,1.492
V3_HIDDEN_0234,HIDDEN_SEMANTIC,H4,ADAS,B2_Raw_Embedding,LOW,0.1,0.0,0.0,0.0,1.0,0.8706,1.0,2.104
V3_HIDDEN_0234,HIDDEN_SEMANTIC,H4,ADAS,B3_Graph_Only,LOW,0.1,0.0,0.0,0.0,0.0,0.9882,1.0,0.008
V3_HIDDEN_0234,HIDDEN_SEMANTIC,H4,ADAS,B4_Contextual_Embedding,LOW,0.1,1.0,0.1,0.1818,0.9,0.8824,1.0,3.796
V3_HIDDEN_0234,HIDDEN_SEMANTIC,H4,ADAS,B5_AURA_Hybrid,LOW,0.1,1.0,0.1,0.1818,0.9,0.8824,1.0,2.654
V3_HIDDEN_0235,HIDDEN_SEMANTIC,H5,BATTERY_EV,B0_Full_Suite,LOW,0.1429,1.0,0.0031,0.0062,1.0,0.0,1.0,0.1
V3_HIDDEN_0235,HIDDEN_SEMANTIC,H5,BATTERY_EV,B1_Keyword,LOW,0.1429,0.0,0.0,0.0,1.0,0.825,1.0,1.349
V3_HIDDEN_0235,HIDDEN_SEMANTIC,H5,BATTERY_EV,B2_Raw_Embedding,LOW,0.1429,0.0,0.0,0.0,1.0,0.9,1.0,1.8
V3_HIDDEN_0235,HIDDEN_SEMANTIC,H5,BATTERY_EV,B3_Graph_Only,LOW,0.1429,0.0,0.0,0.0,0.0,0.9875,1.0,0.008
V3_HIDDEN_0235,HIDDEN_SEMANTIC,H5,BATTERY_EV,B4_Contextual_Embedding,LOW,0.1429,0.0,0.0,0.0,1.0,0.8625,1.0,2.218
V3_HIDDEN_0235,HIDDEN_SEMANTIC,H5,BATTERY_EV,B5_AURA_Hybrid,LOW,0.1429,0.0,0.0,0.0,1.0,0.8625,1.0,2.3
V3_HIDDEN_0236,HIDDEN_SEMANTIC,H6,BODY_ELECTRONICS,B0_Full_Suite,LOW,0.0588,1.0,0.0063,0.0126,1.0,0.0,1.0,0.1
V3_HIDDEN_0236,HIDDEN_SEMANTIC,H6,BODY_ELECTRONICS,B1_Keyword,LOW,0.0588,0.0,0.0,0.0,0.8,0.8125,1.0,1.171
V3_HIDDEN_0236,HIDDEN_SEMANTIC,H6,BODY_ELECTRONICS,B2_Raw_Embedding,LOW,0.0588,0.0,0.0,0.0,1.0,0.7708,1.0,2.793
V3_HIDDEN_0236,HIDDEN_SEMANTIC,H6,BODY_ELECTRONICS,B3_Graph_Only,LOW,0.0588,0.0,0.0,0.0,0.0,0.9792,1.0,0.011
V3_HIDDEN_0236,HIDDEN_SEMANTIC,H6,BODY_ELECTRONICS,B4_Contextual_Embedding,LOW,0.0588,0.0,0.0,0.0,1.0,0.7917,1.0,2.047
V3_HIDDEN_0236,HIDDEN_SEMANTIC,H6,BODY_ELECTRONICS,B5_AURA_Hybrid,LOW,0.0588,0.0,0.0,0.0,1.0,0.7917,1.0,2.139
V3_HIDDEN_0237,HIDDEN_SEMANTIC,H7,BATTERY_EV,B0_Full_Suite,MEDIUM,0.25,1.0,0.0031,0.0062,1.0,0.0,1.0,0.1
V3_HIDDEN_0237,HIDDEN_SEMANTIC,H7,BATTERY_EV,B1_Keyword,MEDIUM,0.25,1.0,0.0303,0.0588,1.0,0.7125,1.0,1.408
V3_HIDDEN_0237,HIDDEN_SEMANTIC,H7,BATTERY_EV,B2_Raw_Embedding,MEDIUM,0.25,0.0,0.0,0.0,1.0,0.8875,1.0,1.75
V3_HIDDEN_0237,HIDDEN_SEMANTIC,H7,BATTERY_EV,B3_Graph_Only,MEDIUM,0.25,0.0,0.0,0.0,0.0,0.9875,1.0,0.008
V3_HIDDEN_0237,HIDDEN_SEMANTIC,H7,BATTERY_EV,B4_Contextual_Embedding,MEDIUM,0.25,1.0,0.1,0.1818,0.9,0.875,1.0,2.362
V3_HIDDEN_0237,HIDDEN_SEMANTIC,H7,BATTERY_EV,B5_AURA_Hybrid,MEDIUM,0.25,1.0,0.1,0.1818,0.9,0.875,1.0,2.507
V3_HIDDEN_0238,HIDDEN_SEMANTIC,H8,POWERTRAIN,B0_Full_Suite,LOW,0.1429,1.0,0.0031,0.0062,1.0,0.0,1.0,0.1
V3_HIDDEN_0238,HIDDEN_SEMANTIC,H8,POWERTRAIN,B1_Keyword,LOW,0.1429,1.0,0.0256,0.05,1.0,0.7,1.0,1.434
V3_HIDDEN_0238,HIDDEN_SEMANTIC,H8,POWERTRAIN,B2_Raw_Embedding,LOW,0.1429,0.0,0.0,0.0,1.0,0.8875,1.0,1.896
V3_HIDDEN_0238,HIDDEN_SEMANTIC,H8,POWERTRAIN,B3_Graph_Only,LOW,0.1429,0.0,0.0,0.0,0.0,0.9875,1.0,0.007
V3_HIDDEN_0238,HIDDEN_SEMANTIC,H8,POWERTRAIN,B4_Contextual_Embedding,LOW,0.1429,0.0,0.0,0.0,1.0,0.8625,1.0,2.263
V3_HIDDEN_0238,HIDDEN_SEMANTIC,H8,POWERTRAIN,B5_AURA_Hybrid,LOW,0.1429,0.0,0.0,0.0,1.0,0.8625,1.0,2.329
V3_HIDDEN_0239,HIDDEN_SEMANTIC,H9,ADAS,B0_Full_Suite,LOW,0.0952,1.0,0.0023,0.0045,1.0,0.0,1.0,0.1
V3_HIDDEN_0239,HIDDEN_SEMANTIC,H9,ADAS,B1_Keyword,LOW,0.0952,0.0,0.0,0.0,0.8,0.8941,1.0,1.258
V3_HIDDEN_0239,HIDDEN_SEMANTIC,H9,ADAS,B2_Raw_Embedding,LOW,0.0952,0.0,0.0,0.0,1.0,0.8824,1.0,1.81
V3_HIDDEN_0239,HIDDEN_SEMANTIC,H9,ADAS,B3_Graph_Only,LOW,0.0952,0.0,0.0,0.0,0.0,0.9882,1.0,0.007
V3_HIDDEN_0239,HIDDEN_SEMANTIC,H9,ADAS,B4_Contextual_Embedding,LOW,0.0952,0.0,0.0,0.0,1.0,0.8706,1.0,2.407
V3_HIDDEN_0239,HIDDEN_SEMANTIC,H9,ADAS,B5_AURA_Hybrid,LOW,0.0952,0.0,0.0,0.0,1.0,0.8706,1.0,2.7
V3_HIDDEN_0240,HIDDEN_SEMANTIC,H10,ADAS,B0_Full_Suite,LOW,0.0,1.0,0.0023,0.0045,1.0,0.0,1.0,0.1
V3_HIDDEN_0240,HIDDEN_SEMANTIC,H10,ADAS,B1_Keyword,LOW,0.0,0.0,0.0,0.0,0.7,0.3059,1.0,2.245
V3_HIDDEN_0240,HIDDEN_SEMANTIC,H10,ADAS,B2_Raw_Embedding,LOW,0.0,0.0,0.0,0.0,1.0,0.8824,1.0,1.627
V3_HIDDEN_0240,HIDDEN_SEMANTIC,H10,ADAS,B3_Graph_Only,LOW,0.0,0.0,0.0,0.0,0.0,0.9882,1.0,0.006
V3_HIDDEN_0240,HIDDEN_SEMANTIC,H10,ADAS,B4_Contextual_Embedding,LOW,0.0,0.0,0.0,0.0,1.0,0.8706,1.0,7.1
V3_HIDDEN_0240,HIDDEN_SEMANTIC,H10,ADAS,B5_AURA_Hybrid,LOW,0.0,0.0,0.0,0.0,1.0,0.8706,1.0,2.966
V3_HIDDEN_0241,HIDDEN_SEMANTIC,H1,ADAS,B0_Full_Suite,LOW,0.0,1.0,0.0023,0.0045,1.0,0.0,1.0,0.1
V3_HIDDEN_0241,HIDDEN_SEMANTIC,H1,ADAS,B1_Keyword,LOW,0.0,0.0,0.0,0.0,0.0,0.9882,1.0,1.367
V3_HIDDEN_0241,HIDDEN_SEMANTIC,H1,ADAS,B2_Raw_Embedding,LOW,0.0,0.0,0.0,0.0,1.0,0.8706,1.0,2.888
V3_HIDDEN_0241,HIDDEN_SEMANTIC,H1,ADAS,B3_Graph_Only,LOW,0.0,0.0,0.0,0.0,0.0,0.9882,1.0,0.008
V3_HIDDEN_0241,HIDDEN_SEMANTIC,H1,ADAS,B4_Contextual_Embedding,LOW,0.0,0.0,0.0,0.0,1.0,0.8706,1.0,2.754
V3_HIDDEN_0241,HIDDEN_SEMANTIC,H1,ADAS,B5_AURA_Hybrid,LOW,0.0,0.0,0.0,0.0,1.0,0.8706,1.0,3.011
V3_HIDDEN_0242,HIDDEN_SEMANTIC,H2,POWERTRAIN,B0_Full_Suite,LOW,0.0909,1.0,0.0031,0.0062,1.0,0.0,1.0,0.1
V3_HIDDEN_0242,HIDDEN_SEMANTIC,H2,POWERTRAIN,B1_Keyword,LOW,0.0909,1.0,0.0526,0.1,1.0,0.85,1.0,1.349
V3_HIDDEN_0242,HIDDEN_SEMANTIC,H2,POWERTRAIN,B2_Raw_Embedding,LOW,0.0909,1.0,0.1,0.1818,0.9,0.875,1.0,1.898
V3_HIDDEN_0242,HIDDEN_SEMANTIC,H2,POWERTRAIN,B3_Graph_Only,LOW,0.0909,0.0,0.0,0.0,0.0,0.9875,1.0,0.007
V3_HIDDEN_0242,HIDDEN_SEMANTIC,H2,POWERTRAIN,B4_Contextual_Embedding,LOW,0.0909,1.0,0.1,0.1818,0.9,0.875,1.0,2.342
V3_HIDDEN_0242,HIDDEN_SEMANTIC,H2,POWERTRAIN,B5_AURA_Hybrid,LOW,0.0909,1.0,0.1,0.1818,0.9,0.875,1.0,2.469
V3_HIDDEN_0243,HIDDEN_SEMANTIC,H3,ADAS,B0_Full_Suite,LOW,0.0476,1.0,0.0023,0.0045,1.0,0.0,1.0,0.1
V3_HIDDEN_0243,HIDDEN_SEMANTIC,H3,ADAS,B1_Keyword,LOW,0.0476,0.0,0.0,0.0,0.0,0.9882,1.0,1.728
V3_HIDDEN_0243,HIDDEN_SEMANTIC,H3,ADAS,B2_Raw_Embedding,LOW,0.0476,1.0,0.1,0.1818,0.9,0.8824,1.0,1.239
V3_HIDDEN_0243,HIDDEN_SEMANTIC,H3,ADAS,B3_Graph_Only,LOW,0.0476,0.0,0.0,0.0,0.0,0.9882,1.0,0.008
V3_HIDDEN_0243,HIDDEN_SEMANTIC,H3,ADAS,B4_Contextual_Embedding,LOW,0.0476,1.0,0.1,0.1818,0.9,0.8824,1.0,1.726
V3_HIDDEN_0243,HIDDEN_SEMANTIC,H3,ADAS,B5_AURA_Hybrid,LOW,0.0476,1.0,0.1,0.1818,0.9,0.8824,1.0,2.608
V3_HIDDEN_0244,HIDDEN_SEMANTIC,H4,ADAS,B0_Full_Suite,LOW,0.1,1.0,0.0023,0.0045,1.0,0.0,1.0,0.1
V3_HIDDEN_0244,HIDDEN_SEMANTIC,H4,ADAS,B1_Keyword,LOW,0.1,0.0,0.0,0.0,0.0,0.9882,1.0,1.267
V3_HIDDEN_0244,HIDDEN_SEMANTIC,H4,ADAS,B2_Raw_Embedding,LOW,0.1,0.0,0.0,0.0,1.0,0.8706,1.0,1.872
V3_HIDDEN_0244,HIDDEN_SEMANTIC,H4,ADAS,B3_Graph_Only,LOW,0.1,0.0,0.0,0.0,0.0,0.9882,1.0,0.008
V3_HIDDEN_0244,HIDDEN_SEMANTIC,H4,ADAS,B4_Contextual_Embedding,LOW,0.1,1.0,0.1,0.1818,0.9,0.8824,1.0,2.373
V3_HIDDEN_0244,HIDDEN_SEMANTIC,H4,ADAS,B5_AURA_Hybrid,LOW,0.1,1.0,0.1,0.1818,0.9,0.8824,1.0,2.851
V3_HIDDEN_0245,HIDDEN_SEMANTIC,H5,BATTERY_EV,B0_Full_Suite,LOW,0.1429,1.0,0.0031,0.0062,1.0,0.0,1.0,0.1
V3_HIDDEN_0245,HIDDEN_SEMANTIC,H5,BATTERY_EV,B1_Keyword,LOW,0.1429,0.0,0.0,0.0,1.0,0.8125,1.0,1.587
V3_HIDDEN_0245,HIDDEN_SEMANTIC,H5,BATTERY_EV,B2_Raw_Embedding,LOW,0.1429,0.0,0.0,0.0,1.0,0.8875,1.0,1.786
V3_HIDDEN_0245,HIDDEN_SEMANTIC,H5,BATTERY_EV,B3_Graph_Only,LOW,0.1429,0.0,0.0,0.0,0.0,0.9875,1.0,0.007
V3_HIDDEN_0245,HIDDEN_SEMANTIC,H5,BATTERY_EV,B4_Contextual_Embedding,LOW,0.1429,0.0,0.0,0.0,1.0,0.8625,1.0,2.262
V3_HIDDEN_0245,HIDDEN_SEMANTIC,H5,BATTERY_EV,B5_AURA_Hybrid,LOW,0.1429,0.0,0.0,0.0,1.0,0.8625,1.0,2.541
V3_HIDDEN_0246,HIDDEN_SEMANTIC,H6,BODY_ELECTRONICS,B0_Full_Suite,LOW,0.0588,1.0,0.0063,0.0126,1.0,0.0,1.0,0.1
V3_HIDDEN_0246,HIDDEN_SEMANTIC,H6,BODY_ELECTRONICS,B1_Keyword,LOW,0.0588,0.0,0.0,0.0,0.8,0.8125,1.0,1.243
V3_HIDDEN_0246,HIDDEN_SEMANTIC,H6,BODY_ELECTRONICS,B2_Raw_Embedding,LOW,0.0588,0.0,0.0,0.0,1.0,0.7708,1.0,1.34
V3_HIDDEN_0246,HIDDEN_SEMANTIC,H6,BODY_ELECTRONICS,B3_Graph_Only,LOW,0.0588,0.0,0.0,0.0,0.0,0.9792,1.0,0.007
V3_HIDDEN_0246,HIDDEN_SEMANTIC,H6,BODY_ELECTRONICS,B4_Contextual_Embedding,LOW,0.0588,0.0,0.0,0.0,1.0,0.7917,1.0,1.8
V3_HIDDEN_0246,HIDDEN_SEMANTIC,H6,BODY_ELECTRONICS,B5_AURA_Hybrid,LOW,0.0588,0.0,0.0,0.0,1.0,0.7917,1.0,1.985
V3_HIDDEN_0247,HIDDEN_SEMANTIC,H7,BATTERY_EV,B0_Full_Suite,MEDIUM,0.25,1.0,0.0031,0.0062,1.0,0.0,1.0,0.1
V3_HIDDEN_0247,HIDDEN_SEMANTIC,H7,BATTERY_EV,B1_Keyword,MEDIUM,0.25,1.0,0.0435,0.0833,1.0,0.825,1.0,1.261
V3_HIDDEN_0247,HIDDEN_SEMANTIC,H7,BATTERY_EV,B2_Raw_Embedding,MEDIUM,0.25,0.0,0.0,0.0,1.0,0.8875,1.0,1.588
V3_HIDDEN_0247,HIDDEN_SEMANTIC,H7,BATTERY_EV,B3_Graph_Only,MEDIUM,0.25,0.0,0.0,0.0,0.0,0.9875,1.0,0.005
V3_HIDDEN_0247,HIDDEN_SEMANTIC,H7,BATTERY_EV,B4_Contextual_Embedding,MEDIUM,0.25,1.0,0.1,0.1818,0.9,0.875,1.0,2.151
V3_HIDDEN_0247,HIDDEN_SEMANTIC,H7,BATTERY_EV,B5_AURA_Hybrid,MEDIUM,0.25,1.0,0.1,0.1818,0.9,0.875,1.0,2.392
V3_HIDDEN_0248,HIDDEN_SEMANTIC,H8,POWERTRAIN,B0_Full_Suite,LOW,0.1429,1.0,0.0031,0.0062,1.0,0.0,1.0,0.1
V3_HIDDEN_0248,HIDDEN_SEMANTIC,H8,POWERTRAIN,B1_Keyword,LOW,0.1429,1.0,0.0256,0.05,1.0,0.7,1.0,1.307
V3_HIDDEN_0248,HIDDEN_SEMANTIC,H8,POWERTRAIN,B2_Raw_Embedding,LOW,0.1429,0.0,0.0,0.0,1.0,0.8875,1.0,1.721
V3_HIDDEN_0248,HIDDEN_SEMANTIC,H8,POWERTRAIN,B3_Graph_Only,LOW,0.1429,0.0,0.0,0.0,0.0,0.9875,1.0,0.007
V3_HIDDEN_0248,HIDDEN_SEMANTIC,H8,POWERTRAIN,B4_Contextual_Embedding,LOW,0.1429,0.0,0.0,0.0,1.0,0.8625,1.0,2.322
V3_HIDDEN_0248,HIDDEN_SEMANTIC,H8,POWERTRAIN,B5_AURA_Hybrid,LOW,0.1429,0.0,0.0,0.0,1.0,0.8625,1.0,3.117
V3_HIDDEN_0249,HIDDEN_SEMANTIC,H9,ADAS,B0_Full_Suite,LOW,0.0952,1.0,0.0023,0.0045,1.0,0.0,1.0,0.1
V3_HIDDEN_0249,HIDDEN_SEMANTIC,H9,ADAS,B1_Keyword,LOW,0.0952,0.0,0.0,0.0,0.8,0.8941,1.0,1.441
V3_HIDDEN_0249,HIDDEN_SEMANTIC,H9,ADAS,B2_Raw_Embedding,LOW,0.0952,0.0,0.0,0.0,1.0,0.8824,1.0,1.861
V3_HIDDEN_0249,HIDDEN_SEMANTIC,H9,ADAS,B3_Graph_Only,LOW,0.0952,0.0,0.0,0.0,0.0,0.9882,1.0,0.007
V3_HIDDEN_0249,HIDDEN_SEMANTIC,H9,ADAS,B4_Contextual_Embedding,LOW,0.0952,0.0,0.0,0.0,1.0,0.8706,1.0,2.351
V3_HIDDEN_0249,HIDDEN_SEMANTIC,H9,ADAS,B5_AURA_Hybrid,LOW,0.0952,0.0,0.0,0.0,1.0,0.8706,1.0,2.444
V3_HIDDEN_0250,HIDDEN_SEMANTIC,H10,ADAS,B0_Full_Suite,LOW,0.0,1.0,0.0023,0.0045,1.0,0.0,1.0,0.1
V3_HIDDEN_0250,HIDDEN_SEMANTIC,H10,ADAS,B1_Keyword,LOW,0.0,0.0,0.0,0.0,0.7,0.3059,1.0,1.24
V3_HIDDEN_0250,HIDDEN_SEMANTIC,H10,ADAS,B2_Raw_Embedding,LOW,0.0,0.0,0.0,0.0,1.0,0.8824,1.0,1.928
V3_HIDDEN_0250,HIDDEN_SEMANTIC,H10,ADAS,B3_Graph_Only,LOW,0.0,0.0,0.0,0.0,0.0,0.9882,1.0,0.007
V3_HIDDEN_0250,HIDDEN_SEMANTIC,H10,ADAS,B4_Contextual_Embedding,LOW,0.0,0.0,0.0,0.0,1.0,0.8706,1.0,2.503
V3_HIDDEN_0250,HIDDEN_SEMANTIC,H10,ADAS,B5_AURA_Hybrid,LOW,0.0,0.0,0.0,0.0,1.0,0.8706,1.0,2.355
V3_HIDDEN_0251,HIDDEN_SEMANTIC,H1,ADAS,B0_Full_Suite,LOW,0.0,1.0,0.0023,0.0045,1.0,0.0,1.0,0.1
V3_HIDDEN_0251,HIDDEN_SEMANTIC,H1,ADAS,B1_Keyword,LOW,0.0,0.0,0.0,0.0,0.0,0.9882,1.0,1.302
V3_HIDDEN_0251,HIDDEN_SEMANTIC,H1,ADAS,B2_Raw_Embedding,LOW,0.0,0.0,0.0,0.0,1.0,0.8706,1.0,2.128
V3_HIDDEN_0251,HIDDEN_SEMANTIC,H1,ADAS,B3_Graph_Only,LOW,0.0,0.0,0.0,0.0,0.0,0.9882,1.0,0.007
V3_HIDDEN_0251,HIDDEN_SEMANTIC,H1,ADAS,B4_Contextual_Embedding,LOW,0.0,0.0,0.0,0.0,1.0,0.8706,1.0,2.596
V3_HIDDEN_0251,HIDDEN_SEMANTIC,H1,ADAS,B5_AURA_Hybrid,LOW,0.0,0.0,0.0,0.0,1.0,0.8706,1.0,2.722
V3_HIDDEN_0252,HIDDEN_SEMANTIC,H2,POWERTRAIN,B0_Full_Suite,LOW,0.0909,1.0,0.0031,0.0062,1.0,0.0,1.0,0.1
V3_HIDDEN_0252,HIDDEN_SEMANTIC,H2,POWERTRAIN,B1_Keyword,LOW,0.0909,1.0,0.05,0.0952,1.0,0.8375,1.0,1.29
V3_HIDDEN_0252,HIDDEN_SEMANTIC,H2,POWERTRAIN,B2_Raw_Embedding,LOW,0.0909,1.0,0.1,0.1818,0.9,0.875,1.0,2.069
V3_HIDDEN_0252,HIDDEN_SEMANTIC,H2,POWERTRAIN,B3_Graph_Only,LOW,0.0909,0.0,0.0,0.0,0.0,0.9875,1.0,0.008
V3_HIDDEN_0252,HIDDEN_SEMANTIC,H2,POWERTRAIN,B4_Contextual_Embedding,LOW,0.0909,1.0,0.1,0.1818,0.9,0.875,1.0,2.55
V3_HIDDEN_0252,HIDDEN_SEMANTIC,H2,POWERTRAIN,B5_AURA_Hybrid,LOW,0.0909,1.0,0.1,0.1818,0.9,0.875,1.0,2.923
V3_HIDDEN_0253,HIDDEN_SEMANTIC,H3,ADAS,B0_Full_Suite,LOW,0.0476,1.0,0.0023,0.0045,1.0,0.0,1.0,0.1
V3_HIDDEN_0253,HIDDEN_SEMANTIC,H3,ADAS,B1_Keyword,LOW,0.0476,0.0,0.0,0.0,0.0,0.9882,1.0,1.322
V3_HIDDEN_0253,HIDDEN_SEMANTIC,H3,ADAS,B2_Raw_Embedding,LOW,0.0476,1.0,0.1,0.1818,0.9,0.8824,1.0,1.91
V3_HIDDEN_0253,HIDDEN_SEMANTIC,H3,ADAS,B3_Graph_Only,LOW,0.0476,0.0,0.0,0.0,0.0,0.9882,1.0,0.007
V3_HIDDEN_0253,HIDDEN_SEMANTIC,H3,ADAS,B4_Contextual_Embedding,LOW,0.0476,1.0,0.1,0.1818,0.9,0.8824,1.0,2.42
V3_HIDDEN_0253,HIDDEN_SEMANTIC,H3,ADAS,B5_AURA_Hybrid,LOW,0.0476,1.0,0.1,0.1818,0.9,0.8824,1.0,2.935
V3_HIDDEN_0254,HIDDEN_SEMANTIC,H4,ADAS,B0_Full_Suite,LOW,0.1,1.0,0.0023,0.0045,1.0,0.0,1.0,0.1
V3_HIDDEN_0254,HIDDEN_SEMANTIC,H4,ADAS,B1_Keyword,LOW,0.1,0.0,0.0,0.0,0.0,0.9882,1.0,1.237
V3_HIDDEN_0254,HIDDEN_SEMANTIC,H4,ADAS,B2_Raw_Embedding,LOW,0.1,0.0,0.0,0.0,1.0,0.8706,1.0,5.409
V3_HIDDEN_0254,HIDDEN_SEMANTIC,H4,ADAS,B3_Graph_Only,LOW,0.1,0.0,0.0,0.0,0.0,0.9882,1.0,0.008
V3_HIDDEN_0254,HIDDEN_SEMANTIC,H4,ADAS,B4_Contextual_Embedding,LOW,0.1,1.0,0.1,0.1818,0.9,0.8824,1.0,2.634
V3_HIDDEN_0254,HIDDEN_SEMANTIC,H4,ADAS,B5_AURA_Hybrid,LOW,0.1,1.0,0.1,0.1818,0.9,0.8824,1.0,2.7
V3_HIDDEN_0255,HIDDEN_SEMANTIC,H5,BATTERY_EV,B0_Full_Suite,LOW,0.1429,1.0,0.0031,0.0062,1.0,0.0,1.0,0.1
V3_HIDDEN_0255,HIDDEN_SEMANTIC,H5,BATTERY_EV,B1_Keyword,LOW,0.1429,0.0,0.0,0.0,1.0,0.825,1.0,1.356
V3_HIDDEN_0255,HIDDEN_SEMANTIC,H5,BATTERY_EV,B2_Raw_Embedding,LOW,0.1429,0.0,0.0,0.0,1.0,0.9,1.0,1.781
V3_HIDDEN_0255,HIDDEN_SEMANTIC,H5,BATTERY_EV,B3_Graph_Only,LOW,0.1429,0.0,0.0,0.0,0.0,0.9875,1.0,0.008
V3_HIDDEN_0255,HIDDEN_SEMANTIC,H5,BATTERY_EV,B4_Contextual_Embedding,LOW,0.1429,0.0,0.0,0.0,1.0,0.8625,1.0,2.243
V3_HIDDEN_0255,HIDDEN_SEMANTIC,H5,BATTERY_EV,B5_AURA_Hybrid,LOW,0.1429,0.0,0.0,0.0,1.0,0.8625,1.0,2.744
V3_HIDDEN_0256,HIDDEN_SEMANTIC,H6,BODY_ELECTRONICS,B0_Full_Suite,LOW,0.0588,1.0,0.0063,0.0126,1.0,0.0,1.0,0.1
V3_HIDDEN_0256,HIDDEN_SEMANTIC,H6,BODY_ELECTRONICS,B1_Keyword,LOW,0.0588,0.0,0.0,0.0,0.8,0.8125,1.0,1.148
V3_HIDDEN_0256,HIDDEN_SEMANTIC,H6,BODY_ELECTRONICS,B2_Raw_Embedding,LOW,0.0588,0.0,0.0,0.0,1.0,0.7708,1.0,1.386
V3_HIDDEN_0256,HIDDEN_SEMANTIC,H6,BODY_ELECTRONICS,B3_Graph_Only,LOW,0.0588,0.0,0.0,0.0,0.0,0.9792,1.0,0.007
V3_HIDDEN_0256,HIDDEN_SEMANTIC,H6,BODY_ELECTRONICS,B4_Contextual_Embedding,LOW,0.0588,0.0,0.0,0.0,1.0,0.7917,1.0,2.037
V3_HIDDEN_0256,HIDDEN_SEMANTIC,H6,BODY_ELECTRONICS,B5_AURA_Hybrid,LOW,0.0588,0.0,0.0,0.0,1.0,0.7917,1.0,2.208
V3_HIDDEN_0257,HIDDEN_SEMANTIC,H7,BATTERY_EV,B0_Full_Suite,MEDIUM,0.25,1.0,0.0031,0.0062,1.0,0.0,1.0,0.1
V3_HIDDEN_0257,HIDDEN_SEMANTIC,H7,BATTERY_EV,B1_Keyword,MEDIUM,0.25,1.0,0.0303,0.0588,1.0,0.725,1.0,1.264
V3_HIDDEN_0257,HIDDEN_SEMANTIC,H7,BATTERY_EV,B2_Raw_Embedding,MEDIUM,0.25,0.0,0.0,0.0,1.0,0.8875,1.0,1.69
V3_HIDDEN_0257,HIDDEN_SEMANTIC,H7,BATTERY_EV,B3_Graph_Only,MEDIUM,0.25,0.0,0.0,0.0,0.0,0.9875,1.0,0.007
V3_HIDDEN_0257,HIDDEN_SEMANTIC,H7,BATTERY_EV,B4_Contextual_Embedding,MEDIUM,0.25,1.0,0.1,0.1818,0.9,0.875,1.0,2.107
V3_HIDDEN_0257,HIDDEN_SEMANTIC,H7,BATTERY_EV,B5_AURA_Hybrid,MEDIUM,0.25,1.0,0.1,0.1818,0.9,0.875,1.0,2.76
V3_HIDDEN_0258,HIDDEN_SEMANTIC,H8,POWERTRAIN,B0_Full_Suite,LOW,0.1429,1.0,0.0031,0.0062,1.0,0.0,1.0,0.1
V3_HIDDEN_0258,HIDDEN_SEMANTIC,H8,POWERTRAIN,B1_Keyword,LOW,0.1429,1.0,0.0256,0.05,1.0,0.7,1.0,1.402
V3_HIDDEN_0258,HIDDEN_SEMANTIC,H8,POWERTRAIN,B2_Raw_Embedding,LOW,0.1429,0.0,0.0,0.0,1.0,0.8875,1.0,1.757
V3_HIDDEN_0258,HIDDEN_SEMANTIC,H8,POWERTRAIN,B3_Graph_Only,LOW,0.1429,0.0,0.0,0.0,0.0,0.9875,1.0,0.008
V3_HIDDEN_0258,HIDDEN_SEMANTIC,H8,POWERTRAIN,B4_Contextual_Embedding,LOW,0.1429,0.0,0.0,0.0,1.0,0.8625,1.0,2.203
V3_HIDDEN_0258,HIDDEN_SEMANTIC,H8,POWERTRAIN,B5_AURA_Hybrid,LOW,0.1429,0.0,0.0,0.0,1.0,0.8625,1.0,2.393
V3_HIDDEN_0259,HIDDEN_SEMANTIC,H9,ADAS,B0_Full_Suite,LOW,0.0952,1.0,0.0023,0.0045,1.0,0.0,1.0,0.1
V3_HIDDEN_0259,HIDDEN_SEMANTIC,H9,ADAS,B1_Keyword,LOW,0.0952,0.0,0.0,0.0,0.8,0.8941,1.0,1.43
V3_HIDDEN_0259,HIDDEN_SEMANTIC,H9,ADAS,B2_Raw_Embedding,LOW,0.0952,0.0,0.0,0.0,1.0,0.8824,1.0,1.886
V3_HIDDEN_0259,HIDDEN_SEMANTIC,H9,ADAS,B3_Graph_Only,LOW,0.0952,0.0,0.0,0.0,0.0,0.9882,1.0,0.008
V3_HIDDEN_0259,HIDDEN_SEMANTIC,H9,ADAS,B4_Contextual_Embedding,LOW,0.0952,0.0,0.0,0.0,1.0,0.8706,1.0,2.479
V3_HIDDEN_0259,HIDDEN_SEMANTIC,H9,ADAS,B5_AURA_Hybrid,LOW,0.0952,0.0,0.0,0.0,1.0,0.8706,1.0,4.068
V3_HIDDEN_0260,HIDDEN_SEMANTIC,H10,ADAS,B0_Full_Suite,LOW,0.0,1.0,0.0023,0.0045,1.0,0.0,1.0,0.1
V3_HIDDEN_0260,HIDDEN_SEMANTIC,H10,ADAS,B1_Keyword,LOW,0.0,0.0,0.0,0.0,0.7,0.3059,1.0,1.537
V3_HIDDEN_0260,HIDDEN_SEMANTIC,H10,ADAS,B2_Raw_Embedding,LOW,0.0,0.0,0.0,0.0,1.0,0.8824,1.0,1.878
V3_HIDDEN_0260,HIDDEN_SEMANTIC,H10,ADAS,B3_Graph_Only,LOW,0.0,0.0,0.0,0.0,0.0,0.9882,1.0,0.008
V3_HIDDEN_0260,HIDDEN_SEMANTIC,H10,ADAS,B4_Contextual_Embedding,LOW,0.0,0.0,0.0,0.0,1.0,0.8706,1.0,2.233
V3_HIDDEN_0260,HIDDEN_SEMANTIC,H10,ADAS,B5_AURA_Hybrid,LOW,0.0,0.0,0.0,0.0,1.0,0.8706,1.0,2.416
V3_HIDDEN_0261,HIDDEN_SEMANTIC,H1,ADAS,B0_Full_Suite,LOW,0.0,1.0,0.0023,0.0045,1.0,0.0,1.0,0.1
V3_HIDDEN_0261,HIDDEN_SEMANTIC,H1,ADAS,B1_Keyword,LOW,0.0,0.0,0.0,0.0,0.09999999999999998,0.9765,1.0,1.223
V3_HIDDEN_0261,HIDDEN_SEMANTIC,H1,ADAS,B2_Raw_Embedding,LOW,0.0,0.0,0.0,0.0,1.0,0.8706,1.0,2.184
V3_HIDDEN_0261,HIDDEN_SEMANTIC,H1,ADAS,B3_Graph_Only,LOW,0.0,0.0,0.0,0.0,0.0,0.9882,1.0,0.008
V3_HIDDEN_0261,HIDDEN_SEMANTIC,H1,ADAS,B4_Contextual_Embedding,LOW,0.0,0.0,0.0,0.0,1.0,0.8706,1.0,4.797
V3_HIDDEN_0261,HIDDEN_SEMANTIC,H1,ADAS,B5_AURA_Hybrid,LOW,0.0,0.0,0.0,0.0,1.0,0.8706,1.0,2.936
V3_HIDDEN_0262,HIDDEN_SEMANTIC,H2,POWERTRAIN,B0_Full_Suite,LOW,0.0909,1.0,0.0031,0.0062,1.0,0.0,1.0,0.1
V3_HIDDEN_0262,HIDDEN_SEMANTIC,H2,POWERTRAIN,B1_Keyword,LOW,0.0909,1.0,0.05,0.0952,1.0,0.8375,1.0,1.303
V3_HIDDEN_0262,HIDDEN_SEMANTIC,H2,POWERTRAIN,B2_Raw_Embedding,LOW,0.0909,1.0,0.1,0.1818,0.9,0.875,1.0,1.951
V3_HIDDEN_0262,HIDDEN_SEMANTIC,H2,POWERTRAIN,B3_Graph_Only,LOW,0.0909,0.0,0.0,0.0,0.0,0.9875,1.0,0.008
V3_HIDDEN_0262,HIDDEN_SEMANTIC,H2,POWERTRAIN,B4_Contextual_Embedding,LOW,0.0909,1.0,0.1,0.1818,0.9,0.875,1.0,2.311
V3_HIDDEN_0262,HIDDEN_SEMANTIC,H2,POWERTRAIN,B5_AURA_Hybrid,LOW,0.0909,1.0,0.1,0.1818,0.9,0.875,1.0,2.564
V3_HIDDEN_0263,HIDDEN_SEMANTIC,H3,ADAS,B0_Full_Suite,LOW,0.0476,1.0,0.0023,0.0045,1.0,0.0,1.0,0.1
V3_HIDDEN_0263,HIDDEN_SEMANTIC,H3,ADAS,B1_Keyword,LOW,0.0476,0.0,0.0,0.0,0.0,0.9882,1.0,1.816
V3_HIDDEN_0263,HIDDEN_SEMANTIC,H3,ADAS,B2_Raw_Embedding,LOW,0.0476,1.0,0.1,0.1818,0.9,0.8824,1.0,2.047
V3_HIDDEN_0263,HIDDEN_SEMANTIC,H3,ADAS,B3_Graph_Only,LOW,0.0476,0.0,0.0,0.0,0.0,0.9882,1.0,0.009
V3_HIDDEN_0263,HIDDEN_SEMANTIC,H3,ADAS,B4_Contextual_Embedding,LOW,0.0476,1.0,0.1,0.1818,0.9,0.8824,1.0,2.544
V3_HIDDEN_0263,HIDDEN_SEMANTIC,H3,ADAS,B5_AURA_Hybrid,LOW,0.0476,1.0,0.1,0.1818,0.9,0.8824,1.0,2.787
V3_HIDDEN_0264,HIDDEN_SEMANTIC,H4,ADAS,B0_Full_Suite,LOW,0.1,1.0,0.0023,0.0045,1.0,0.0,1.0,0.1
V3_HIDDEN_0264,HIDDEN_SEMANTIC,H4,ADAS,B1_Keyword,LOW,0.1,0.0,0.0,0.0,0.09999999999999998,0.9765,1.0,1.238
V3_HIDDEN_0264,HIDDEN_SEMANTIC,H4,ADAS,B2_Raw_Embedding,LOW,0.1,0.0,0.0,0.0,1.0,0.8706,1.0,1.846
V3_HIDDEN_0264,HIDDEN_SEMANTIC,H4,ADAS,B3_Graph_Only,LOW,0.1,0.0,0.0,0.0,0.0,0.9882,1.0,0.007
V3_HIDDEN_0264,HIDDEN_SEMANTIC,H4,ADAS,B4_Contextual_Embedding,LOW,0.1,1.0,0.1,0.1818,0.9,0.8824,1.0,2.322
V3_HIDDEN_0264,HIDDEN_SEMANTIC,H4,ADAS,B5_AURA_Hybrid,LOW,0.1,1.0,0.1,0.1818,0.9,0.8824,1.0,4.339
V3_HIDDEN_0265,HIDDEN_SEMANTIC,H5,BATTERY_EV,B0_Full_Suite,LOW,0.1429,1.0,0.0031,0.0062,1.0,0.0,1.0,0.1
V3_HIDDEN_0265,HIDDEN_SEMANTIC,H5,BATTERY_EV,B1_Keyword,LOW,0.1429,0.0,0.0,0.0,1.0,0.825,1.0,1.526
V3_HIDDEN_0265,HIDDEN_SEMANTIC,H5,BATTERY_EV,B2_Raw_Embedding,LOW,0.1429,0.0,0.0,0.0,1.0,0.8875,1.0,1.874
V3_HIDDEN_0265,HIDDEN_SEMANTIC,H5,BATTERY_EV,B3_Graph_Only,LOW,0.1429,0.0,0.0,0.0,0.0,0.9875,1.0,0.008
V3_HIDDEN_0265,HIDDEN_SEMANTIC,H5,BATTERY_EV,B4_Contextual_Embedding,LOW,0.1429,0.0,0.0,0.0,1.0,0.8625,1.0,2.251
V3_HIDDEN_0265,HIDDEN_SEMANTIC,H5,BATTERY_EV,B5_AURA_Hybrid,LOW,0.1429,0.0,0.0,0.0,1.0,0.8625,1.0,2.479
V3_HIDDEN_0266,HIDDEN_SEMANTIC,H6,BODY_ELECTRONICS,B0_Full_Suite,LOW,0.0588,1.0,0.0063,0.0126,1.0,0.0,1.0,0.1
V3_HIDDEN_0266,HIDDEN_SEMANTIC,H6,BODY_ELECTRONICS,B1_Keyword,LOW,0.0588,0.0,0.0,0.0,0.8,0.8125,1.0,1.099
V3_HIDDEN_0266,HIDDEN_SEMANTIC,H6,BODY_ELECTRONICS,B2_Raw_Embedding,LOW,0.0588,0.0,0.0,0.0,1.0,0.7708,1.0,1.439
V3_HIDDEN_0266,HIDDEN_SEMANTIC,H6,BODY_ELECTRONICS,B3_Graph_Only,LOW,0.0588,0.0,0.0,0.0,0.0,0.9792,1.0,0.007
V3_HIDDEN_0266,HIDDEN_SEMANTIC,H6,BODY_ELECTRONICS,B4_Contextual_Embedding,LOW,0.0588,0.0,0.0,0.0,1.0,0.7917,1.0,2.299
V3_HIDDEN_0266,HIDDEN_SEMANTIC,H6,BODY_ELECTRONICS,B5_AURA_Hybrid,LOW,0.0588,0.0,0.0,0.0,1.0,0.7917,1.0,2.084
V3_HIDDEN_0267,HIDDEN_SEMANTIC,H7,BATTERY_EV,B0_Full_Suite,MEDIUM,0.25,1.0,0.0031,0.0062,1.0,0.0,1.0,0.1
V3_HIDDEN_0267,HIDDEN_SEMANTIC,H7,BATTERY_EV,B1_Keyword,MEDIUM,0.25,1.0,0.0435,0.0833,1.0,0.825,1.0,1.485
V3_HIDDEN_0267,HIDDEN_SEMANTIC,H7,BATTERY_EV,B2_Raw_Embedding,MEDIUM,0.25,0.0,0.0,0.0,1.0,0.9,1.0,1.771
V3_HIDDEN_0267,HIDDEN_SEMANTIC,H7,BATTERY_EV,B3_Graph_Only,MEDIUM,0.25,0.0,0.0,0.0,0.0,0.9875,1.0,0.007
V3_HIDDEN_0267,HIDDEN_SEMANTIC,H7,BATTERY_EV,B4_Contextual_Embedding,MEDIUM,0.25,1.0,0.1,0.1818,0.9,0.875,1.0,2.152
V3_HIDDEN_0267,HIDDEN_SEMANTIC,H7,BATTERY_EV,B5_AURA_Hybrid,MEDIUM,0.25,1.0,0.1,0.1818,0.9,0.875,1.0,2.25
V3_HIDDEN_0268,HIDDEN_SEMANTIC,H8,POWERTRAIN,B0_Full_Suite,LOW,0.1429,1.0,0.0031,0.0062,1.0,0.0,1.0,0.1
V3_HIDDEN_0268,HIDDEN_SEMANTIC,H8,POWERTRAIN,B1_Keyword,LOW,0.1429,1.0,0.0256,0.05,1.0,0.7,1.0,1.279
V3_HIDDEN_0268,HIDDEN_SEMANTIC,H8,POWERTRAIN,B2_Raw_Embedding,LOW,0.1429,0.0,0.0,0.0,1.0,0.8875,1.0,1.701
V3_HIDDEN_0268,HIDDEN_SEMANTIC,H8,POWERTRAIN,B3_Graph_Only,LOW,0.1429,0.0,0.0,0.0,0.0,0.9875,1.0,0.006
V3_HIDDEN_0268,HIDDEN_SEMANTIC,H8,POWERTRAIN,B4_Contextual_Embedding,LOW,0.1429,0.0,0.0,0.0,1.0,0.8625,1.0,2.213
V3_HIDDEN_0268,HIDDEN_SEMANTIC,H8,POWERTRAIN,B5_AURA_Hybrid,LOW,0.1429,0.0,0.0,0.0,1.0,0.8625,1.0,3.846
V3_HIDDEN_0269,HIDDEN_SEMANTIC,H9,ADAS,B0_Full_Suite,LOW,0.0952,1.0,0.0023,0.0045,1.0,0.0,1.0,0.1
V3_HIDDEN_0269,HIDDEN_SEMANTIC,H9,ADAS,B1_Keyword,LOW,0.0952,0.0,0.0,0.0,0.0,0.9882,1.0,1.365
V3_HIDDEN_0269,HIDDEN_SEMANTIC,H9,ADAS,B2_Raw_Embedding,LOW,0.0952,0.0,0.0,0.0,1.0,0.8824,1.0,1.854
V3_HIDDEN_0269,HIDDEN_SEMANTIC,H9,ADAS,B3_Graph_Only,LOW,0.0952,0.0,0.0,0.0,0.0,0.9882,1.0,0.007
V3_HIDDEN_0269,HIDDEN_SEMANTIC,H9,ADAS,B4_Contextual_Embedding,LOW,0.0952,0.0,0.0,0.0,1.0,0.8706,1.0,2.415
V3_HIDDEN_0269,HIDDEN_SEMANTIC,H9,ADAS,B5_AURA_Hybrid,LOW,0.0952,0.0,0.0,0.0,1.0,0.8706,1.0,2.497
V3_HIDDEN_0270,HIDDEN_SEMANTIC,H10,ADAS,B0_Full_Suite,LOW,0.0,1.0,0.0023,0.0045,1.0,0.0,1.0,0.1
V3_HIDDEN_0270,HIDDEN_SEMANTIC,H10,ADAS,B1_Keyword,LOW,0.0,0.0,0.0,0.0,0.09999999999999998,0.9765,1.0,1.505
V3_HIDDEN_0270,HIDDEN_SEMANTIC,H10,ADAS,B2_Raw_Embedding,LOW,0.0,0.0,0.0,0.0,1.0,0.8824,1.0,1.821
V3_HIDDEN_0270,HIDDEN_SEMANTIC,H10,ADAS,B3_Graph_Only,LOW,0.0,0.0,0.0,0.0,0.0,0.9882,1.0,0.008
V3_HIDDEN_0270,HIDDEN_SEMANTIC,H10,ADAS,B4_Contextual_Embedding,LOW,0.0,0.0,0.0,0.0,1.0,0.8706,1.0,3.014
V3_HIDDEN_0270,HIDDEN_SEMANTIC,H10,ADAS,B5_AURA_Hybrid,LOW,0.0,0.0,0.0,0.0,1.0,0.8706,1.0,2.385
V3_DECOY_0271,SEMANTIC_DECOY,D1,BODY_ELECTRONICS,B0_Full_Suite,HIGH,0.6667,1.0,0.0,0.0,1.0,0.0,1.0,0.1
V3_DECOY_0271,SEMANTIC_DECOY,D1,BODY_ELECTRONICS,B1_Keyword,HIGH,0.6667,1.0,0.0,0.0,1.0,0.8333,1.0,1.241
V3_DECOY_0271,SEMANTIC_DECOY,D1,BODY_ELECTRONICS,B2_Raw_Embedding,HIGH,0.6667,1.0,0.0,0.0,1.0,0.8125,1.0,1.287
V3_DECOY_0271,SEMANTIC_DECOY,D1,BODY_ELECTRONICS,B3_Graph_Only,HIGH,0.6667,1.0,1.0,1.0,0.0,1.0,1.0,0.006
V3_DECOY_0271,SEMANTIC_DECOY,D1,BODY_ELECTRONICS,B4_Contextual_Embedding,HIGH,0.6667,1.0,0.0,0.0,1.0,0.8125,1.0,1.631
V3_DECOY_0271,SEMANTIC_DECOY,D1,BODY_ELECTRONICS,B5_AURA_Hybrid,HIGH,0.6667,1.0,1.0,1.0,0.0,1.0,1.0,0.018
V3_DECOY_0272,SEMANTIC_DECOY,D2,ADAS,B0_Full_Suite,HIGH,0.75,1.0,0.0,0.0,1.0,0.0,1.0,0.1
V3_DECOY_0272,SEMANTIC_DECOY,D2,ADAS,B1_Keyword,HIGH,0.75,1.0,0.0,0.0,1.0,0.9059,1.0,1.201
V3_DECOY_0272,SEMANTIC_DECOY,D2,ADAS,B2_Raw_Embedding,HIGH,0.75,1.0,0.0,0.0,1.0,0.8941,1.0,1.56
V3_DECOY_0272,SEMANTIC_DECOY,D2,ADAS,B3_Graph_Only,HIGH,0.75,1.0,1.0,1.0,0.0,1.0,1.0,0.032
V3_DECOY_0272,SEMANTIC_DECOY,D2,ADAS,B4_Contextual_Embedding,HIGH,0.75,1.0,0.0,0.0,1.0,0.8941,1.0,2.268
V3_DECOY_0272,SEMANTIC_DECOY,D2,ADAS,B5_AURA_Hybrid,HIGH,0.75,1.0,1.0,1.0,0.0,1.0,1.0,0.02
V3_DECOY_0273,SEMANTIC_DECOY,D3,POWERTRAIN,B0_Full_Suite,HIGH,0.75,1.0,0.0,0.0,1.0,0.0,1.0,0.1
V3_DECOY_0273,SEMANTIC_DECOY,D3,POWERTRAIN,B1_Keyword,HIGH,0.75,1.0,0.0,0.0,1.0,0.9875,1.0,1.18
V3_DECOY_0273,SEMANTIC_DECOY,D3,POWERTRAIN,B2_Raw_Embedding,HIGH,0.75,1.0,0.0,0.0,1.0,0.875,1.0,2.844
V3_DECOY_0273,SEMANTIC_DECOY,D3,POWERTRAIN,B3_Graph_Only,HIGH,0.75,1.0,1.0,1.0,0.0,1.0,1.0,0.007
V3_DECOY_0273,SEMANTIC_DECOY,D3,POWERTRAIN,B4_Contextual_Embedding,HIGH,0.75,1.0,0.0,0.0,1.0,0.875,1.0,2.129
V3_DECOY_0273,SEMANTIC_DECOY,D3,POWERTRAIN,B5_AURA_Hybrid,HIGH,0.75,1.0,1.0,1.0,0.0,1.0,1.0,0.02
V3_DECOY_0274,SEMANTIC_DECOY,D4,POWERTRAIN,B0_Full_Suite,HIGH,0.75,1.0,0.0,0.0,1.0,0.0,1.0,0.1
V3_DECOY_0274,SEMANTIC_DECOY,D4,POWERTRAIN,B1_Keyword,HIGH,0.75,1.0,0.0,0.0,1.0,0.9875,1.0,1.306
V3_DECOY_0274,SEMANTIC_DECOY,D4,POWERTRAIN,B2_Raw_Embedding,HIGH,0.75,1.0,0.0,0.0,1.0,0.875,1.0,1.433
V3_DECOY_0274,SEMANTIC_DECOY,D4,POWERTRAIN,B3_Graph_Only,HIGH,0.75,1.0,1.0,1.0,0.0,1.0,1.0,0.006
V3_DECOY_0274,SEMANTIC_DECOY,D4,POWERTRAIN,B4_Contextual_Embedding,HIGH,0.75,1.0,0.0,0.0,1.0,0.875,1.0,1.99
V3_DECOY_0274,SEMANTIC_DECOY,D4,POWERTRAIN,B5_AURA_Hybrid,HIGH,0.75,1.0,1.0,1.0,0.0,1.0,1.0,0.018
V3_DECOY_0275,SEMANTIC_DECOY,D5,ADAS,B0_Full_Suite,HIGH,0.7143,1.0,0.0,0.0,1.0,0.0,1.0,0.1
V3_DECOY_0275,SEMANTIC_DECOY,D5,ADAS,B1_Keyword,HIGH,0.7143,1.0,0.0,0.0,1.0,0.8941,1.0,1.148
V3_DECOY_0275,SEMANTIC_DECOY,D5,ADAS,B2_Raw_Embedding,HIGH,0.7143,1.0,0.0,0.0,1.0,0.8824,1.0,1.735
V3_DECOY_0275,SEMANTIC_DECOY,D5,ADAS,B3_Graph_Only,HIGH,0.7143,1.0,1.0,1.0,0.0,1.0,1.0,0.006
V3_DECOY_0275,SEMANTIC_DECOY,D5,ADAS,B4_Contextual_Embedding,HIGH,0.7143,1.0,0.0,0.0,1.0,0.8824,1.0,2.179
V3_DECOY_0275,SEMANTIC_DECOY,D5,ADAS,B5_AURA_Hybrid,HIGH,0.7143,1.0,1.0,1.0,0.0,1.0,1.0,0.021
V3_DECOY_0276,SEMANTIC_DECOY,D6,ADAS,B0_Full_Suite,HIGH,0.7778,1.0,0.0,0.0,1.0,0.0,1.0,0.1
V3_DECOY_0276,SEMANTIC_DECOY,D6,ADAS,B1_Keyword,HIGH,0.7778,1.0,0.0,0.0,1.0,0.9176,1.0,1.713
V3_DECOY_0276,SEMANTIC_DECOY,D6,ADAS,B2_Raw_Embedding,HIGH,0.7778,1.0,0.0,0.0,1.0,0.8824,1.0,1.632
V3_DECOY_0276,SEMANTIC_DECOY,D6,ADAS,B3_Graph_Only,HIGH,0.7778,1.0,1.0,1.0,0.0,1.0,1.0,0.006
V3_DECOY_0276,SEMANTIC_DECOY,D6,ADAS,B4_Contextual_Embedding,HIGH,0.7778,1.0,0.0,0.0,1.0,0.8824,1.0,2.814
V3_DECOY_0276,SEMANTIC_DECOY,D6,ADAS,B5_AURA_Hybrid,HIGH,0.7778,1.0,1.0,1.0,0.0,1.0,1.0,0.021
V3_DECOY_0277,SEMANTIC_DECOY,D7,POWERTRAIN,B0_Full_Suite,HIGH,0.7143,1.0,0.0,0.0,1.0,0.0,1.0,0.1
V3_DECOY_0277,SEMANTIC_DECOY,D7,POWERTRAIN,B1_Keyword,HIGH,0.7143,1.0,0.0,0.0,1.0,0.8625,1.0,1.366
V3_DECOY_0277,SEMANTIC_DECOY,D7,POWERTRAIN,B2_Raw_Embedding,HIGH,0.7143,1.0,0.0,0.0,1.0,0.8875,1.0,1.505
V3_DECOY_0277,SEMANTIC_DECOY,D7,POWERTRAIN,B3_Graph_Only,HIGH,0.7143,1.0,1.0,1.0,0.0,1.0,1.0,0.006
V3_DECOY_0277,SEMANTIC_DECOY,D7,POWERTRAIN,B4_Contextual_Embedding,HIGH,0.7143,1.0,0.0,0.0,1.0,0.875,1.0,1.994
V3_DECOY_0277,SEMANTIC_DECOY,D7,POWERTRAIN,B5_AURA_Hybrid,HIGH,0.7143,1.0,1.0,1.0,0.0,1.0,1.0,0.018
V3_DECOY_0278,SEMANTIC_DECOY,D8,BODY_ELECTRONICS,B0_Full_Suite,HIGH,0.75,1.0,0.0,0.0,1.0,0.0,1.0,0.1
V3_DECOY_0278,SEMANTIC_DECOY,D8,BODY_ELECTRONICS,B1_Keyword,HIGH,0.75,1.0,0.0,0.0,1.0,0.875,1.0,1.352
V3_DECOY_0278,SEMANTIC_DECOY,D8,BODY_ELECTRONICS,B2_Raw_Embedding,HIGH,0.75,1.0,0.0,0.0,1.0,0.7917,1.0,1.371
V3_DECOY_0278,SEMANTIC_DECOY,D8,BODY_ELECTRONICS,B3_Graph_Only,HIGH,0.75,1.0,1.0,1.0,0.0,1.0,1.0,0.006
V3_DECOY_0278,SEMANTIC_DECOY,D8,BODY_ELECTRONICS,B4_Contextual_Embedding,HIGH,0.75,1.0,0.0,0.0,1.0,0.7917,1.0,1.94
V3_DECOY_0278,SEMANTIC_DECOY,D8,BODY_ELECTRONICS,B5_AURA_Hybrid,HIGH,0.75,1.0,1.0,1.0,0.0,1.0,1.0,0.019
V3_DECOY_0279,SEMANTIC_DECOY,D9,ADAS,B0_Full_Suite,HIGH,0.75,1.0,0.0,0.0,1.0,0.0,1.0,0.1
V3_DECOY_0279,SEMANTIC_DECOY,D9,ADAS,B1_Keyword,HIGH,0.75,1.0,0.0,0.0,1.0,0.9294,1.0,2.951
V3_DECOY_0279,SEMANTIC_DECOY,D9,ADAS,B2_Raw_Embedding,HIGH,0.75,1.0,0.0,0.0,1.0,0.8824,1.0,1.852
V3_DECOY_0279,SEMANTIC_DECOY,D9,ADAS,B3_Graph_Only,HIGH,0.75,1.0,1.0,1.0,0.0,1.0,1.0,0.007
V3_DECOY_0279,SEMANTIC_DECOY,D9,ADAS,B4_Contextual_Embedding,HIGH,0.75,1.0,0.0,0.0,1.0,0.8824,1.0,2.354
V3_DECOY_0279,SEMANTIC_DECOY,D9,ADAS,B5_AURA_Hybrid,HIGH,0.75,1.0,1.0,1.0,0.0,1.0,1.0,0.019
V3_DECOY_0280,SEMANTIC_DECOY,D10,POWERTRAIN,B0_Full_Suite,HIGH,0.7143,1.0,0.0,0.0,1.0,0.0,1.0,0.1
V3_DECOY_0280,SEMANTIC_DECOY,D10,POWERTRAIN,B1_Keyword,HIGH,0.7143,1.0,0.0,0.0,1.0,0.9875,1.0,1.156
V3_DECOY_0280,SEMANTIC_DECOY,D10,POWERTRAIN,B2_Raw_Embedding,HIGH,0.7143,1.0,0.0,0.0,1.0,0.875,1.0,1.562
V3_DECOY_0280,SEMANTIC_DECOY,D10,POWERTRAIN,B3_Graph_Only,HIGH,0.7143,1.0,1.0,1.0,0.0,1.0,1.0,0.006
V3_DECOY_0280,SEMANTIC_DECOY,D10,POWERTRAIN,B4_Contextual_Embedding,HIGH,0.7143,1.0,0.0,0.0,1.0,0.875,1.0,1.985
V3_DECOY_0280,SEMANTIC_DECOY,D10,POWERTRAIN,B5_AURA_Hybrid,HIGH,0.7143,1.0,1.0,1.0,0.0,1.0,1.0,0.017
V3_DECOY_0281,SEMANTIC_DECOY,D1,BODY_ELECTRONICS,B0_Full_Suite,HIGH,0.6667,1.0,0.0,0.0,1.0,0.0,1.0,0.1
V3_DECOY_0281,SEMANTIC_DECOY,D1,BODY_ELECTRONICS,B1_Keyword,HIGH,0.6667,1.0,0.0,0.0,1.0,0.8333,1.0,1.081
V3_DECOY_0281,SEMANTIC_DECOY,D1,BODY_ELECTRONICS,B2_Raw_Embedding,HIGH,0.6667,1.0,0.0,0.0,1.0,0.8125,1.0,1.17
V3_DECOY_0281,SEMANTIC_DECOY,D1,BODY_ELECTRONICS,B3_Graph_Only,HIGH,0.6667,1.0,1.0,1.0,0.0,1.0,1.0,0.006
V3_DECOY_0281,SEMANTIC_DECOY,D1,BODY_ELECTRONICS,B4_Contextual_Embedding,HIGH,0.6667,1.0,0.0,0.0,1.0,0.8125,1.0,1.595
V3_DECOY_0281,SEMANTIC_DECOY,D1,BODY_ELECTRONICS,B5_AURA_Hybrid,HIGH,0.6667,1.0,1.0,1.0,0.0,1.0,1.0,0.016
V3_DECOY_0282,SEMANTIC_DECOY,D2,ADAS,B0_Full_Suite,HIGH,0.75,1.0,0.0,0.0,1.0,0.0,1.0,0.1
V3_DECOY_0282,SEMANTIC_DECOY,D2,ADAS,B1_Keyword,HIGH,0.75,1.0,0.0,0.0,1.0,0.9059,1.0,1.584
V3_DECOY_0282,SEMANTIC_DECOY,D2,ADAS,B2_Raw_Embedding,HIGH,0.75,1.0,0.0,0.0,1.0,0.8941,1.0,1.647
V3_DECOY_0282,SEMANTIC_DECOY,D2,ADAS,B3_Graph_Only,HIGH,0.75,1.0,1.0,1.0,0.0,1.0,1.0,0.006
V3_DECOY_0282,SEMANTIC_DECOY,D2,ADAS,B4_Contextual_Embedding,HIGH,0.75,1.0,0.0,0.0,1.0,0.8941,1.0,2.565
V3_DECOY_0282,SEMANTIC_DECOY,D2,ADAS,B5_AURA_Hybrid,HIGH,0.75,1.0,1.0,1.0,0.0,1.0,1.0,0.028
V3_DECOY_0283,SEMANTIC_DECOY,D3,POWERTRAIN,B0_Full_Suite,HIGH,0.75,1.0,0.0,0.0,1.0,0.0,1.0,0.1
V3_DECOY_0283,SEMANTIC_DECOY,D3,POWERTRAIN,B1_Keyword,HIGH,0.75,1.0,1.0,1.0,0.0,1.0,1.0,1.405
V3_DECOY_0283,SEMANTIC_DECOY,D3,POWERTRAIN,B2_Raw_Embedding,HIGH,0.75,1.0,0.0,0.0,1.0,0.875,1.0,1.888
V3_DECOY_0283,SEMANTIC_DECOY,D3,POWERTRAIN,B3_Graph_Only,HIGH,0.75,1.0,1.0,1.0,0.0,1.0,1.0,0.006
V3_DECOY_0283,SEMANTIC_DECOY,D3,POWERTRAIN,B4_Contextual_Embedding,HIGH,0.75,1.0,0.0,0.0,1.0,0.875,1.0,2.143
V3_DECOY_0283,SEMANTIC_DECOY,D3,POWERTRAIN,B5_AURA_Hybrid,HIGH,0.75,1.0,1.0,1.0,0.0,1.0,1.0,0.019
V3_DECOY_0284,SEMANTIC_DECOY,D4,POWERTRAIN,B0_Full_Suite,HIGH,0.75,1.0,0.0,0.0,1.0,0.0,1.0,0.1
V3_DECOY_0284,SEMANTIC_DECOY,D4,POWERTRAIN,B1_Keyword,HIGH,0.75,1.0,0.0,0.0,1.0,1.0,1.0,1.356
V3_DECOY_0284,SEMANTIC_DECOY,D4,POWERTRAIN,B2_Raw_Embedding,HIGH,0.75,1.0,0.0,0.0,1.0,0.875,1.0,1.434
V3_DECOY_0284,SEMANTIC_DECOY,D4,POWERTRAIN,B3_Graph_Only,HIGH,0.75,1.0,1.0,1.0,0.0,1.0,1.0,0.007
V3_DECOY_0284,SEMANTIC_DECOY,D4,POWERTRAIN,B4_Contextual_Embedding,HIGH,0.75,1.0,0.0,0.0,1.0,0.875,1.0,5.142
V3_DECOY_0284,SEMANTIC_DECOY,D4,POWERTRAIN,B5_AURA_Hybrid,HIGH,0.75,1.0,1.0,1.0,0.0,1.0,1.0,0.02
V3_DECOY_0285,SEMANTIC_DECOY,D5,ADAS,B0_Full_Suite,HIGH,0.7143,1.0,0.0,0.0,1.0,0.0,1.0,0.1
V3_DECOY_0285,SEMANTIC_DECOY,D5,ADAS,B1_Keyword,HIGH,0.7143,1.0,0.0,0.0,1.0,0.8941,1.0,1.374
V3_DECOY_0285,SEMANTIC_DECOY,D5,ADAS,B2_Raw_Embedding,HIGH,0.7143,1.0,0.0,0.0,1.0,0.8824,1.0,1.573
V3_DECOY_0285,SEMANTIC_DECOY,D5,ADAS,B3_Graph_Only,HIGH,0.7143,1.0,1.0,1.0,0.0,1.0,1.0,0.006
V3_DECOY_0285,SEMANTIC_DECOY,D5,ADAS,B4_Contextual_Embedding,HIGH,0.7143,1.0,0.0,0.0,1.0,0.8824,1.0,2.436
V3_DECOY_0285,SEMANTIC_DECOY,D5,ADAS,B5_AURA_Hybrid,HIGH,0.7143,1.0,1.0,1.0,0.0,1.0,1.0,0.018
V3_DECOY_0286,SEMANTIC_DECOY,D6,ADAS,B0_Full_Suite,HIGH,0.7778,1.0,0.0,0.0,1.0,0.0,1.0,0.1
V3_DECOY_0286,SEMANTIC_DECOY,D6,ADAS,B1_Keyword,HIGH,0.7778,1.0,0.0,0.0,1.0,0.9176,1.0,1.251
V3_DECOY_0286,SEMANTIC_DECOY,D6,ADAS,B2_Raw_Embedding,HIGH,0.7778,1.0,0.0,0.0,1.0,0.8824,1.0,1.619
V3_DECOY_0286,SEMANTIC_DECOY,D6,ADAS,B3_Graph_Only,HIGH,0.7778,1.0,1.0,1.0,0.0,1.0,1.0,0.006
V3_DECOY_0286,SEMANTIC_DECOY,D6,ADAS,B4_Contextual_Embedding,HIGH,0.7778,1.0,0.0,0.0,1.0,0.8824,1.0,2.698
V3_DECOY_0286,SEMANTIC_DECOY,D6,ADAS,B5_AURA_Hybrid,HIGH,0.7778,1.0,1.0,1.0,0.0,1.0,1.0,0.023
V3_DECOY_0287,SEMANTIC_DECOY,D7,POWERTRAIN,B0_Full_Suite,HIGH,0.7143,1.0,0.0,0.0,1.0,0.0,1.0,0.1
V3_DECOY_0287,SEMANTIC_DECOY,D7,POWERTRAIN,B1_Keyword,HIGH,0.7143,1.0,0.0,0.0,1.0,0.8625,1.0,1.14
V3_DECOY_0287,SEMANTIC_DECOY,D7,POWERTRAIN,B2_Raw_Embedding,HIGH,0.7143,1.0,0.0,0.0,1.0,0.8875,1.0,1.475
V3_DECOY_0287,SEMANTIC_DECOY,D7,POWERTRAIN,B3_Graph_Only,HIGH,0.7143,1.0,1.0,1.0,0.0,1.0,1.0,0.002
V3_DECOY_0287,SEMANTIC_DECOY,D7,POWERTRAIN,B4_Contextual_Embedding,HIGH,0.7143,1.0,0.0,0.0,1.0,0.875,1.0,1.975
V3_DECOY_0287,SEMANTIC_DECOY,D7,POWERTRAIN,B5_AURA_Hybrid,HIGH,0.7143,1.0,1.0,1.0,0.0,1.0,1.0,0.018
V3_DECOY_0288,SEMANTIC_DECOY,D8,BODY_ELECTRONICS,B0_Full_Suite,HIGH,0.75,1.0,0.0,0.0,1.0,0.0,1.0,0.1
V3_DECOY_0288,SEMANTIC_DECOY,D8,BODY_ELECTRONICS,B1_Keyword,HIGH,0.75,1.0,0.0,0.0,1.0,0.875,1.0,1.123
V3_DECOY_0288,SEMANTIC_DECOY,D8,BODY_ELECTRONICS,B2_Raw_Embedding,HIGH,0.75,1.0,0.0,0.0,1.0,0.7917,1.0,1.273
V3_DECOY_0288,SEMANTIC_DECOY,D8,BODY_ELECTRONICS,B3_Graph_Only,HIGH,0.75,1.0,1.0,1.0,0.0,1.0,1.0,0.006
V3_DECOY_0288,SEMANTIC_DECOY,D8,BODY_ELECTRONICS,B4_Contextual_Embedding,HIGH,0.75,1.0,0.0,0.0,1.0,0.7917,1.0,1.698
V3_DECOY_0288,SEMANTIC_DECOY,D8,BODY_ELECTRONICS,B5_AURA_Hybrid,HIGH,0.75,1.0,1.0,1.0,0.0,1.0,1.0,0.017
V3_DECOY_0289,SEMANTIC_DECOY,D9,ADAS,B0_Full_Suite,HIGH,0.75,1.0,0.0,0.0,1.0,0.0,1.0,0.1
V3_DECOY_0289,SEMANTIC_DECOY,D9,ADAS,B1_Keyword,HIGH,0.75,1.0,0.0,0.0,1.0,0.9294,1.0,1.154
V3_DECOY_0289,SEMANTIC_DECOY,D9,ADAS,B2_Raw_Embedding,HIGH,0.75,1.0,0.0,0.0,1.0,0.8824,1.0,1.728
V3_DECOY_0289,SEMANTIC_DECOY,D9,ADAS,B3_Graph_Only,HIGH,0.75,1.0,1.0,1.0,0.0,1.0,1.0,0.005
V3_DECOY_0289,SEMANTIC_DECOY,D9,ADAS,B4_Contextual_Embedding,HIGH,0.75,1.0,0.0,0.0,1.0,0.8824,1.0,2.211
V3_DECOY_0289,SEMANTIC_DECOY,D9,ADAS,B5_AURA_Hybrid,HIGH,0.75,1.0,1.0,1.0,0.0,1.0,1.0,0.123
V3_DECOY_0290,SEMANTIC_DECOY,D10,POWERTRAIN,B0_Full_Suite,HIGH,0.7143,1.0,0.0,0.0,1.0,0.0,1.0,0.1
V3_DECOY_0290,SEMANTIC_DECOY,D10,POWERTRAIN,B1_Keyword,HIGH,0.7143,1.0,0.0,0.0,1.0,0.725,1.0,1.23
V3_DECOY_0290,SEMANTIC_DECOY,D10,POWERTRAIN,B2_Raw_Embedding,HIGH,0.7143,1.0,0.0,0.0,1.0,0.875,1.0,2.277
V3_DECOY_0290,SEMANTIC_DECOY,D10,POWERTRAIN,B3_Graph_Only,HIGH,0.7143,1.0,1.0,1.0,0.0,1.0,1.0,0.002
V3_DECOY_0290,SEMANTIC_DECOY,D10,POWERTRAIN,B4_Contextual_Embedding,HIGH,0.7143,1.0,0.0,0.0,1.0,0.875,1.0,1.988
V3_DECOY_0290,SEMANTIC_DECOY,D10,POWERTRAIN,B5_AURA_Hybrid,HIGH,0.7143,1.0,1.0,1.0,0.0,1.0,1.0,0.016
V3_DECOY_0291,SEMANTIC_DECOY,D1,BODY_ELECTRONICS,B0_Full_Suite,HIGH,0.6667,1.0,0.0,0.0,1.0,0.0,1.0,0.1
V3_DECOY_0291,SEMANTIC_DECOY,D1,BODY_ELECTRONICS,B1_Keyword,HIGH,0.6667,1.0,0.0,0.0,1.0,0.8333,1.0,1.251
V3_DECOY_0291,SEMANTIC_DECOY,D1,BODY_ELECTRONICS,B2_Raw_Embedding,HIGH,0.6667,1.0,0.0,0.0,1.0,0.8125,1.0,1.233
V3_DECOY_0291,SEMANTIC_DECOY,D1,BODY_ELECTRONICS,B3_Graph_Only,HIGH,0.6667,1.0,1.0,1.0,0.0,1.0,1.0,0.006
V3_DECOY_0291,SEMANTIC_DECOY,D1,BODY_ELECTRONICS,B4_Contextual_Embedding,HIGH,0.6667,1.0,0.0,0.0,1.0,0.8125,1.0,1.64
V3_DECOY_0291,SEMANTIC_DECOY,D1,BODY_ELECTRONICS,B5_AURA_Hybrid,HIGH,0.6667,1.0,1.0,1.0,0.0,1.0,1.0,0.017
V3_DECOY_0292,SEMANTIC_DECOY,D2,ADAS,B0_Full_Suite,HIGH,0.75,1.0,0.0,0.0,1.0,0.0,1.0,0.1
V3_DECOY_0292,SEMANTIC_DECOY,D2,ADAS,B1_Keyword,HIGH,0.75,1.0,0.0,0.0,1.0,0.9059,1.0,1.195
V3_DECOY_0292,SEMANTIC_DECOY,D2,ADAS,B2_Raw_Embedding,HIGH,0.75,1.0,0.0,0.0,1.0,0.8941,1.0,1.581
V3_DECOY_0292,SEMANTIC_DECOY,D2,ADAS,B3_Graph_Only,HIGH,0.75,1.0,1.0,1.0,0.0,1.0,1.0,0.006
V3_DECOY_0292,SEMANTIC_DECOY,D2,ADAS,B4_Contextual_Embedding,HIGH,0.75,1.0,0.0,0.0,1.0,0.8941,1.0,2.114
V3_DECOY_0292,SEMANTIC_DECOY,D2,ADAS,B5_AURA_Hybrid,HIGH,0.75,1.0,1.0,1.0,0.0,1.0,1.0,0.016
V3_DECOY_0293,SEMANTIC_DECOY,D3,POWERTRAIN,B0_Full_Suite,HIGH,0.75,1.0,0.0,0.0,1.0,0.0,1.0,0.1
V3_DECOY_0293,SEMANTIC_DECOY,D3,POWERTRAIN,B1_Keyword,HIGH,0.75,1.0,1.0,1.0,0.0,1.0,1.0,1.262
V3_DECOY_0293,SEMANTIC_DECOY,D3,POWERTRAIN,B2_Raw_Embedding,HIGH,0.75,1.0,0.0,0.0,1.0,0.875,1.0,1.546
V3_DECOY_0293,SEMANTIC_DECOY,D3,POWERTRAIN,B3_Graph_Only,HIGH,0.75,1.0,1.0,1.0,0.0,1.0,1.0,0.005
V3_DECOY_0293,SEMANTIC_DECOY,D3,POWERTRAIN,B4_Contextual_Embedding,HIGH,0.75,1.0,0.0,0.0,1.0,0.875,1.0,2.619
V3_DECOY_0293,SEMANTIC_DECOY,D3,POWERTRAIN,B5_AURA_Hybrid,HIGH,0.75,1.0,1.0,1.0,0.0,1.0,1.0,0.009
V3_DECOY_0294,SEMANTIC_DECOY,D4,POWERTRAIN,B0_Full_Suite,HIGH,0.75,1.0,0.0,0.0,1.0,0.0,1.0,0.1
V3_DECOY_0294,SEMANTIC_DECOY,D4,POWERTRAIN,B1_Keyword,HIGH,0.75,1.0,0.0,0.0,1.0,1.0,1.0,1.185
V3_DECOY_0294,SEMANTIC_DECOY,D4,POWERTRAIN,B2_Raw_Embedding,HIGH,0.75,1.0,0.0,0.0,1.0,0.875,1.0,0.676
V3_DECOY_0294,SEMANTIC_DECOY,D4,POWERTRAIN,B3_Graph_Only,HIGH,0.75,1.0,1.0,1.0,0.0,1.0,1.0,0.006
V3_DECOY_0294,SEMANTIC_DECOY,D4,POWERTRAIN,B4_Contextual_Embedding,HIGH,0.75,1.0,0.0,0.0,1.0,0.875,1.0,2.101
V3_DECOY_0294,SEMANTIC_DECOY,D4,POWERTRAIN,B5_AURA_Hybrid,HIGH,0.75,1.0,1.0,1.0,0.0,1.0,1.0,0.017
V3_DECOY_0295,SEMANTIC_DECOY,D5,ADAS,B0_Full_Suite,HIGH,0.7143,1.0,0.0,0.0,1.0,0.0,1.0,0.1
V3_DECOY_0295,SEMANTIC_DECOY,D5,ADAS,B1_Keyword,HIGH,0.7143,1.0,0.0,0.0,1.0,0.8941,1.0,1.215
V3_DECOY_0295,SEMANTIC_DECOY,D5,ADAS,B2_Raw_Embedding,HIGH,0.7143,1.0,0.0,0.0,1.0,0.8824,1.0,1.496
V3_DECOY_0295,SEMANTIC_DECOY,D5,ADAS,B3_Graph_Only,HIGH,0.7143,1.0,1.0,1.0,0.0,1.0,1.0,0.005
V3_DECOY_0295,SEMANTIC_DECOY,D5,ADAS,B4_Contextual_Embedding,HIGH,0.7143,1.0,0.0,0.0,1.0,0.8824,1.0,2.156
V3_DECOY_0295,SEMANTIC_DECOY,D5,ADAS,B5_AURA_Hybrid,HIGH,0.7143,1.0,1.0,1.0,0.0,1.0,1.0,0.039
V3_DECOY_0296,SEMANTIC_DECOY,D6,ADAS,B0_Full_Suite,HIGH,0.7778,1.0,0.0,0.0,1.0,0.0,1.0,0.1
V3_DECOY_0296,SEMANTIC_DECOY,D6,ADAS,B1_Keyword,HIGH,0.7778,1.0,0.0,0.0,1.0,0.9176,1.0,1.156
V3_DECOY_0296,SEMANTIC_DECOY,D6,ADAS,B2_Raw_Embedding,HIGH,0.7778,1.0,0.0,0.0,1.0,0.8824,1.0,1.729
V3_DECOY_0296,SEMANTIC_DECOY,D6,ADAS,B3_Graph_Only,HIGH,0.7778,1.0,1.0,1.0,0.0,1.0,1.0,0.006
V3_DECOY_0296,SEMANTIC_DECOY,D6,ADAS,B4_Contextual_Embedding,HIGH,0.7778,1.0,0.0,0.0,1.0,0.8824,1.0,2.32
V3_DECOY_0296,SEMANTIC_DECOY,D6,ADAS,B5_AURA_Hybrid,HIGH,0.7778,1.0,1.0,1.0,0.0,1.0,1.0,0.016
V3_DECOY_0297,SEMANTIC_DECOY,D7,POWERTRAIN,B0_Full_Suite,HIGH,0.7143,1.0,0.0,0.0,1.0,0.0,1.0,0.1
V3_DECOY_0297,SEMANTIC_DECOY,D7,POWERTRAIN,B1_Keyword,HIGH,0.7143,1.0,0.0,0.0,1.0,0.8625,1.0,1.178
V3_DECOY_0297,SEMANTIC_DECOY,D7,POWERTRAIN,B2_Raw_Embedding,HIGH,0.7143,1.0,0.0,0.0,1.0,0.8875,1.0,1.567
V3_DECOY_0297,SEMANTIC_DECOY,D7,POWERTRAIN,B3_Graph_Only,HIGH,0.7143,1.0,1.0,1.0,0.0,1.0,1.0,0.006
V3_DECOY_0297,SEMANTIC_DECOY,D7,POWERTRAIN,B4_Contextual_Embedding,HIGH,0.7143,1.0,0.0,0.0,1.0,0.875,1.0,2.006
V3_DECOY_0297,SEMANTIC_DECOY,D7,POWERTRAIN,B5_AURA_Hybrid,HIGH,0.7143,1.0,1.0,1.0,0.0,1.0,1.0,0.02
V3_DECOY_0298,SEMANTIC_DECOY,D8,BODY_ELECTRONICS,B0_Full_Suite,HIGH,0.75,1.0,0.0,0.0,1.0,0.0,1.0,0.1
V3_DECOY_0298,SEMANTIC_DECOY,D8,BODY_ELECTRONICS,B1_Keyword,HIGH,0.75,1.0,0.0,0.0,1.0,0.875,1.0,1.128
V3_DECOY_0298,SEMANTIC_DECOY,D8,BODY_ELECTRONICS,B2_Raw_Embedding,HIGH,0.75,1.0,0.0,0.0,1.0,0.7917,1.0,1.282
V3_DECOY_0298,SEMANTIC_DECOY,D8,BODY_ELECTRONICS,B3_Graph_Only,HIGH,0.75,1.0,1.0,1.0,0.0,1.0,1.0,0.006
V3_DECOY_0298,SEMANTIC_DECOY,D8,BODY_ELECTRONICS,B4_Contextual_Embedding,HIGH,0.75,1.0,0.0,0.0,1.0,0.7917,1.0,1.714
V3_DECOY_0298,SEMANTIC_DECOY,D8,BODY_ELECTRONICS,B5_AURA_Hybrid,HIGH,0.75,1.0,1.0,1.0,0.0,1.0,1.0,0.018
V3_DECOY_0299,SEMANTIC_DECOY,D9,ADAS,B0_Full_Suite,HIGH,0.75,1.0,0.0,0.0,1.0,0.0,1.0,0.1
V3_DECOY_0299,SEMANTIC_DECOY,D9,ADAS,B1_Keyword,HIGH,0.75,1.0,0.0,0.0,1.0,0.9294,1.0,1.176
V3_DECOY_0299,SEMANTIC_DECOY,D9,ADAS,B2_Raw_Embedding,HIGH,0.75,1.0,0.0,0.0,1.0,0.8824,1.0,1.93
V3_DECOY_0299,SEMANTIC_DECOY,D9,ADAS,B3_Graph_Only,HIGH,0.75,1.0,1.0,1.0,0.0,1.0,1.0,0.006
V3_DECOY_0299,SEMANTIC_DECOY,D9,ADAS,B4_Contextual_Embedding,HIGH,0.75,1.0,0.0,0.0,1.0,0.8824,1.0,2.245
V3_DECOY_0299,SEMANTIC_DECOY,D9,ADAS,B5_AURA_Hybrid,HIGH,0.75,1.0,1.0,1.0,0.0,1.0,1.0,0.018
V3_DECOY_0300,SEMANTIC_DECOY,D10,POWERTRAIN,B0_Full_Suite,HIGH,0.7143,1.0,0.0,0.0,1.0,0.0,1.0,0.1
V3_DECOY_0300,SEMANTIC_DECOY,D10,POWERTRAIN,B1_Keyword,HIGH,0.7143,1.0,0.0,0.0,1.0,0.3875,1.0,1.372
V3_DECOY_0300,SEMANTIC_DECOY,D10,POWERTRAIN,B2_Raw_Embedding,HIGH,0.7143,1.0,0.0,0.0,1.0,0.875,1.0,1.108
V3_DECOY_0300,SEMANTIC_DECOY,D10,POWERTRAIN,B3_Graph_Only,HIGH,0.7143,1.0,1.0,1.0,0.0,1.0,1.0,0.003
V3_DECOY_0300,SEMANTIC_DECOY,D10,POWERTRAIN,B4_Contextual_Embedding,HIGH,0.7143,1.0,0.0,0.0,1.0,0.875,1.0,2.004
V3_DECOY_0300,SEMANTIC_DECOY,D10,POWERTRAIN,B5_AURA_Hybrid,HIGH,0.7143,1.0,1.0,1.0,0.0,1.0,1.0,0.018
V3_DECOY_0301,SEMANTIC_DECOY,D1,BODY_ELECTRONICS,B0_Full_Suite,HIGH,0.6667,1.0,0.0,0.0,1.0,0.0,1.0,0.1
V3_DECOY_0301,SEMANTIC_DECOY,D1,BODY_ELECTRONICS,B1_Keyword,HIGH,0.6667,1.0,0.0,0.0,1.0,0.8333,1.0,1.127
V3_DECOY_0301,SEMANTIC_DECOY,D1,BODY_ELECTRONICS,B2_Raw_Embedding,HIGH,0.6667,1.0,0.0,0.0,1.0,0.8125,1.0,1.22
V3_DECOY_0301,SEMANTIC_DECOY,D1,BODY_ELECTRONICS,B3_Graph_Only,HIGH,0.6667,1.0,1.0,1.0,0.0,1.0,1.0,0.006
V3_DECOY_0301,SEMANTIC_DECOY,D1,BODY_ELECTRONICS,B4_Contextual_Embedding,HIGH,0.6667,1.0,0.0,0.0,1.0,0.8125,1.0,1.844
V3_DECOY_0301,SEMANTIC_DECOY,D1,BODY_ELECTRONICS,B5_AURA_Hybrid,HIGH,0.6667,1.0,1.0,1.0,0.0,1.0,1.0,0.017
V3_DECOY_0302,SEMANTIC_DECOY,D2,ADAS,B0_Full_Suite,HIGH,0.75,1.0,0.0,0.0,1.0,0.0,1.0,0.1
V3_DECOY_0302,SEMANTIC_DECOY,D2,ADAS,B1_Keyword,HIGH,0.75,1.0,0.0,0.0,1.0,0.9059,1.0,1.217
V3_DECOY_0302,SEMANTIC_DECOY,D2,ADAS,B2_Raw_Embedding,HIGH,0.75,1.0,0.0,0.0,1.0,0.8941,1.0,1.558
V3_DECOY_0302,SEMANTIC_DECOY,D2,ADAS,B3_Graph_Only,HIGH,0.75,1.0,1.0,1.0,0.0,1.0,1.0,0.005
V3_DECOY_0302,SEMANTIC_DECOY,D2,ADAS,B4_Contextual_Embedding,HIGH,0.75,1.0,0.0,0.0,1.0,0.8941,1.0,2.415
V3_DECOY_0302,SEMANTIC_DECOY,D2,ADAS,B5_AURA_Hybrid,HIGH,0.75,1.0,1.0,1.0,0.0,1.0,1.0,0.02
V3_DECOY_0303,SEMANTIC_DECOY,D3,POWERTRAIN,B0_Full_Suite,HIGH,0.75,1.0,0.0,0.0,1.0,0.0,1.0,0.1
V3_DECOY_0303,SEMANTIC_DECOY,D3,POWERTRAIN,B1_Keyword,HIGH,0.75,1.0,1.0,1.0,0.0,1.0,1.0,1.354
V3_DECOY_0303,SEMANTIC_DECOY,D3,POWERTRAIN,B2_Raw_Embedding,HIGH,0.75,1.0,0.0,0.0,1.0,0.875,1.0,1.574
V3_DECOY_0303,SEMANTIC_DECOY,D3,POWERTRAIN,B3_Graph_Only,HIGH,0.75,1.0,1.0,1.0,0.0,1.0,1.0,0.007
V3_DECOY_0303,SEMANTIC_DECOY,D3,POWERTRAIN,B4_Contextual_Embedding,HIGH,0.75,1.0,0.0,0.0,1.0,0.875,1.0,1.649
V3_DECOY_0303,SEMANTIC_DECOY,D3,POWERTRAIN,B5_AURA_Hybrid,HIGH,0.75,1.0,1.0,1.0,0.0,1.0,1.0,0.021
V3_DECOY_0304,SEMANTIC_DECOY,D4,POWERTRAIN,B0_Full_Suite,HIGH,0.75,1.0,0.0,0.0,1.0,0.0,1.0,0.1
V3_DECOY_0304,SEMANTIC_DECOY,D4,POWERTRAIN,B1_Keyword,HIGH,0.75,1.0,0.0,0.0,1.0,1.0,1.0,1.168
V3_DECOY_0304,SEMANTIC_DECOY,D4,POWERTRAIN,B2_Raw_Embedding,HIGH,0.75,1.0,0.0,0.0,1.0,0.875,1.0,1.366
V3_DECOY_0304,SEMANTIC_DECOY,D4,POWERTRAIN,B3_Graph_Only,HIGH,0.75,1.0,1.0,1.0,0.0,1.0,1.0,0.006
V3_DECOY_0304,SEMANTIC_DECOY,D4,POWERTRAIN,B4_Contextual_Embedding,HIGH,0.75,1.0,0.0,0.0,1.0,0.875,1.0,1.957
V3_DECOY_0304,SEMANTIC_DECOY,D4,POWERTRAIN,B5_AURA_Hybrid,HIGH,0.75,1.0,1.0,1.0,0.0,1.0,1.0,0.018
V3_DECOY_0305,SEMANTIC_DECOY,D5,ADAS,B0_Full_Suite,HIGH,0.7143,1.0,0.0,0.0,1.0,0.0,1.0,0.1
V3_DECOY_0305,SEMANTIC_DECOY,D5,ADAS,B1_Keyword,HIGH,0.7143,1.0,0.0,0.0,1.0,0.8941,1.0,1.203
V3_DECOY_0305,SEMANTIC_DECOY,D5,ADAS,B2_Raw_Embedding,HIGH,0.7143,1.0,0.0,0.0,1.0,0.8824,1.0,1.535
V3_DECOY_0305,SEMANTIC_DECOY,D5,ADAS,B3_Graph_Only,HIGH,0.7143,1.0,1.0,1.0,0.0,1.0,1.0,0.005
V3_DECOY_0305,SEMANTIC_DECOY,D5,ADAS,B4_Contextual_Embedding,HIGH,0.7143,1.0,0.0,0.0,1.0,0.8824,1.0,2.14
V3_DECOY_0305,SEMANTIC_DECOY,D5,ADAS,B5_AURA_Hybrid,HIGH,0.7143,1.0,1.0,1.0,0.0,1.0,1.0,0.016
V3_DECOY_0306,SEMANTIC_DECOY,D6,ADAS,B0_Full_Suite,HIGH,0.7778,1.0,0.0,0.0,1.0,0.0,1.0,0.1
V3_DECOY_0306,SEMANTIC_DECOY,D6,ADAS,B1_Keyword,HIGH,0.7778,1.0,0.0,0.0,1.0,0.9176,1.0,1.532
V3_DECOY_0306,SEMANTIC_DECOY,D6,ADAS,B2_Raw_Embedding,HIGH,0.7778,1.0,0.0,0.0,1.0,0.8824,1.0,1.697
V3_DECOY_0306,SEMANTIC_DECOY,D6,ADAS,B3_Graph_Only,HIGH,0.7778,1.0,1.0,1.0,0.0,1.0,1.0,0.005
V3_DECOY_0306,SEMANTIC_DECOY,D6,ADAS,B4_Contextual_Embedding,HIGH,0.7778,1.0,0.0,0.0,1.0,0.8824,1.0,2.289
V3_DECOY_0306,SEMANTIC_DECOY,D6,ADAS,B5_AURA_Hybrid,HIGH,0.7778,1.0,1.0,1.0,0.0,1.0,1.0,0.014
V3_DECOY_0307,SEMANTIC_DECOY,D7,POWERTRAIN,B0_Full_Suite,HIGH,0.7143,1.0,0.0,0.0,1.0,0.0,1.0,0.1
V3_DECOY_0307,SEMANTIC_DECOY,D7,POWERTRAIN,B1_Keyword,HIGH,0.7143,1.0,0.0,0.0,1.0,0.8625,1.0,1.322
V3_DECOY_0307,SEMANTIC_DECOY,D7,POWERTRAIN,B2_Raw_Embedding,HIGH,0.7143,1.0,0.0,0.0,1.0,0.8875,1.0,1.775
V3_DECOY_0307,SEMANTIC_DECOY,D7,POWERTRAIN,B3_Graph_Only,HIGH,0.7143,1.0,1.0,1.0,0.0,1.0,1.0,0.006
V3_DECOY_0307,SEMANTIC_DECOY,D7,POWERTRAIN,B4_Contextual_Embedding,HIGH,0.7143,1.0,0.0,0.0,1.0,0.875,1.0,2.053
V3_DECOY_0307,SEMANTIC_DECOY,D7,POWERTRAIN,B5_AURA_Hybrid,HIGH,0.7143,1.0,1.0,1.0,0.0,1.0,1.0,0.018
V3_DECOY_0308,SEMANTIC_DECOY,D8,BODY_ELECTRONICS,B0_Full_Suite,HIGH,0.75,1.0,0.0,0.0,1.0,0.0,1.0,0.1
V3_DECOY_0308,SEMANTIC_DECOY,D8,BODY_ELECTRONICS,B1_Keyword,HIGH,0.75,1.0,0.0,0.0,1.0,0.875,1.0,1.08
V3_DECOY_0308,SEMANTIC_DECOY,D8,BODY_ELECTRONICS,B2_Raw_Embedding,HIGH,0.75,1.0,0.0,0.0,1.0,0.7917,1.0,1.273
V3_DECOY_0308,SEMANTIC_DECOY,D8,BODY_ELECTRONICS,B3_Graph_Only,HIGH,0.75,1.0,1.0,1.0,0.0,1.0,1.0,0.005
V3_DECOY_0308,SEMANTIC_DECOY,D8,BODY_ELECTRONICS,B4_Contextual_Embedding,HIGH,0.75,1.0,0.0,0.0,1.0,0.7917,1.0,1.727
V3_DECOY_0308,SEMANTIC_DECOY,D8,BODY_ELECTRONICS,B5_AURA_Hybrid,HIGH,0.75,1.0,1.0,1.0,0.0,1.0,1.0,0.016
V3_DECOY_0309,SEMANTIC_DECOY,D9,ADAS,B0_Full_Suite,HIGH,0.75,1.0,0.0,0.0,1.0,0.0,1.0,0.1
V3_DECOY_0309,SEMANTIC_DECOY,D9,ADAS,B1_Keyword,HIGH,0.75,1.0,0.0,0.0,1.0,0.9294,1.0,1.259
V3_DECOY_0309,SEMANTIC_DECOY,D9,ADAS,B2_Raw_Embedding,HIGH,0.75,1.0,0.0,0.0,1.0,0.8824,1.0,1.706
V3_DECOY_0309,SEMANTIC_DECOY,D9,ADAS,B3_Graph_Only,HIGH,0.75,1.0,1.0,1.0,0.0,1.0,1.0,0.005
V3_DECOY_0309,SEMANTIC_DECOY,D9,ADAS,B4_Contextual_Embedding,HIGH,0.75,1.0,0.0,0.0,1.0,0.8824,1.0,2.26
V3_DECOY_0309,SEMANTIC_DECOY,D9,ADAS,B5_AURA_Hybrid,HIGH,0.75,1.0,1.0,1.0,0.0,1.0,1.0,0.018
V3_DECOY_0310,SEMANTIC_DECOY,D10,POWERTRAIN,B0_Full_Suite,HIGH,0.7143,1.0,0.0,0.0,1.0,0.0,1.0,0.1
V3_DECOY_0310,SEMANTIC_DECOY,D10,POWERTRAIN,B1_Keyword,HIGH,0.7143,1.0,0.0,0.0,1.0,0.875,1.0,1.308
V3_DECOY_0310,SEMANTIC_DECOY,D10,POWERTRAIN,B2_Raw_Embedding,HIGH,0.7143,1.0,0.0,0.0,1.0,0.875,1.0,1.585
V3_DECOY_0310,SEMANTIC_DECOY,D10,POWERTRAIN,B3_Graph_Only,HIGH,0.7143,1.0,1.0,1.0,0.0,1.0,1.0,0.006
V3_DECOY_0310,SEMANTIC_DECOY,D10,POWERTRAIN,B4_Contextual_Embedding,HIGH,0.7143,1.0,0.0,0.0,1.0,0.875,1.0,1.929
V3_DECOY_0310,SEMANTIC_DECOY,D10,POWERTRAIN,B5_AURA_Hybrid,HIGH,0.7143,1.0,1.0,1.0,0.0,1.0,1.0,0.02
V3_DECOY_0311,SEMANTIC_DECOY,D1,BODY_ELECTRONICS,B0_Full_Suite,HIGH,0.6667,1.0,0.0,0.0,1.0,0.0,1.0,0.1
V3_DECOY_0311,SEMANTIC_DECOY,D1,BODY_ELECTRONICS,B1_Keyword,HIGH,0.6667,1.0,0.0,0.0,1.0,0.8333,1.0,1.091
V3_DECOY_0311,SEMANTIC_DECOY,D1,BODY_ELECTRONICS,B2_Raw_Embedding,HIGH,0.6667,1.0,0.0,0.0,1.0,0.8125,1.0,1.221
V3_DECOY_0311,SEMANTIC_DECOY,D1,BODY_ELECTRONICS,B3_Graph_Only,HIGH,0.6667,1.0,1.0,1.0,0.0,1.0,1.0,0.005
V3_DECOY_0311,SEMANTIC_DECOY,D1,BODY_ELECTRONICS,B4_Contextual_Embedding,HIGH,0.6667,1.0,0.0,0.0,1.0,0.8125,1.0,1.728
V3_DECOY_0311,SEMANTIC_DECOY,D1,BODY_ELECTRONICS,B5_AURA_Hybrid,HIGH,0.6667,1.0,1.0,1.0,0.0,1.0,1.0,0.02
V3_DECOY_0312,SEMANTIC_DECOY,D2,ADAS,B0_Full_Suite,HIGH,0.75,1.0,0.0,0.0,1.0,0.0,1.0,0.1
V3_DECOY_0312,SEMANTIC_DECOY,D2,ADAS,B1_Keyword,HIGH,0.75,1.0,0.0,0.0,1.0,0.9059,1.0,1.342
V3_DECOY_0312,SEMANTIC_DECOY,D2,ADAS,B2_Raw_Embedding,HIGH,0.75,1.0,0.0,0.0,1.0,0.8941,1.0,1.602
V3_DECOY_0312,SEMANTIC_DECOY,D2,ADAS,B3_Graph_Only,HIGH,0.75,1.0,1.0,1.0,0.0,1.0,1.0,0.006
V3_DECOY_0312,SEMANTIC_DECOY,D2,ADAS,B4_Contextual_Embedding,HIGH,0.75,1.0,0.0,0.0,1.0,0.8941,1.0,2.143
V3_DECOY_0312,SEMANTIC_DECOY,D2,ADAS,B5_AURA_Hybrid,HIGH,0.75,1.0,1.0,1.0,0.0,1.0,1.0,0.018
V3_DECOY_0313,SEMANTIC_DECOY,D3,POWERTRAIN,B0_Full_Suite,HIGH,0.75,1.0,0.0,0.0,1.0,0.0,1.0,0.1
V3_DECOY_0313,SEMANTIC_DECOY,D3,POWERTRAIN,B1_Keyword,HIGH,0.75,1.0,1.0,1.0,0.0,1.0,1.0,1.258
V3_DECOY_0313,SEMANTIC_DECOY,D3,POWERTRAIN,B2_Raw_Embedding,HIGH,0.75,1.0,0.0,0.0,1.0,0.875,1.0,1.685
V3_DECOY_0313,SEMANTIC_DECOY,D3,POWERTRAIN,B3_Graph_Only,HIGH,0.75,1.0,1.0,1.0,0.0,1.0,1.0,0.006
V3_DECOY_0313,SEMANTIC_DECOY,D3,POWERTRAIN,B4_Contextual_Embedding,HIGH,0.75,1.0,0.0,0.0,1.0,0.875,1.0,2.178
V3_DECOY_0313,SEMANTIC_DECOY,D3,POWERTRAIN,B5_AURA_Hybrid,HIGH,0.75,1.0,1.0,1.0,0.0,1.0,1.0,0.018
V3_DECOY_0314,SEMANTIC_DECOY,D4,POWERTRAIN,B0_Full_Suite,HIGH,0.75,1.0,0.0,0.0,1.0,0.0,1.0,0.1
V3_DECOY_0314,SEMANTIC_DECOY,D4,POWERTRAIN,B1_Keyword,HIGH,0.75,1.0,0.0,0.0,1.0,1.0,1.0,1.318
V3_DECOY_0314,SEMANTIC_DECOY,D4,POWERTRAIN,B2_Raw_Embedding,HIGH,0.75,1.0,0.0,0.0,1.0,0.875,1.0,1.613
V3_DECOY_0314,SEMANTIC_DECOY,D4,POWERTRAIN,B3_Graph_Only,HIGH,0.75,1.0,1.0,1.0,0.0,1.0,1.0,0.006
V3_DECOY_0314,SEMANTIC_DECOY,D4,POWERTRAIN,B4_Contextual_Embedding,HIGH,0.75,1.0,0.0,0.0,1.0,0.875,1.0,2.312
V3_DECOY_0314,SEMANTIC_DECOY,D4,POWERTRAIN,B5_AURA_Hybrid,HIGH,0.75,1.0,1.0,1.0,0.0,1.0,1.0,0.02
V3_DECOY_0315,SEMANTIC_DECOY,D5,ADAS,B0_Full_Suite,HIGH,0.7143,1.0,0.0,0.0,1.0,0.0,1.0,0.1
V3_DECOY_0315,SEMANTIC_DECOY,D5,ADAS,B1_Keyword,HIGH,0.7143,1.0,0.0,0.0,1.0,0.8941,1.0,1.257
V3_DECOY_0315,SEMANTIC_DECOY,D5,ADAS,B2_Raw_Embedding,HIGH,0.7143,1.0,0.0,0.0,1.0,0.8824,1.0,1.566
V3_DECOY_0315,SEMANTIC_DECOY,D5,ADAS,B3_Graph_Only,HIGH,0.7143,1.0,1.0,1.0,0.0,1.0,1.0,0.006
V3_DECOY_0315,SEMANTIC_DECOY,D5,ADAS,B4_Contextual_Embedding,HIGH,0.7143,1.0,0.0,0.0,1.0,0.8824,1.0,4.036
V3_DECOY_0315,SEMANTIC_DECOY,D5,ADAS,B5_AURA_Hybrid,HIGH,0.7143,1.0,1.0,1.0,0.0,1.0,1.0,0.019
V3_DECOY_0316,SEMANTIC_DECOY,D6,ADAS,B0_Full_Suite,HIGH,0.7778,1.0,0.0,0.0,1.0,0.0,1.0,0.1
V3_DECOY_0316,SEMANTIC_DECOY,D6,ADAS,B1_Keyword,HIGH,0.7778,1.0,0.0,0.0,1.0,0.9176,1.0,1.301
V3_DECOY_0316,SEMANTIC_DECOY,D6,ADAS,B2_Raw_Embedding,HIGH,0.7778,1.0,0.0,0.0,1.0,0.8824,1.0,1.673
V3_DECOY_0316,SEMANTIC_DECOY,D6,ADAS,B3_Graph_Only,HIGH,0.7778,1.0,1.0,1.0,0.0,1.0,1.0,0.006
V3_DECOY_0316,SEMANTIC_DECOY,D6,ADAS,B4_Contextual_Embedding,HIGH,0.7778,1.0,0.0,0.0,1.0,0.8824,1.0,2.19
V3_DECOY_0316,SEMANTIC_DECOY,D6,ADAS,B5_AURA_Hybrid,HIGH,0.7778,1.0,1.0,1.0,0.0,1.0,1.0,0.019
V3_DECOY_0317,SEMANTIC_DECOY,D7,POWERTRAIN,B0_Full_Suite,HIGH,0.7143,1.0,0.0,0.0,1.0,0.0,1.0,0.1
V3_DECOY_0317,SEMANTIC_DECOY,D7,POWERTRAIN,B1_Keyword,HIGH,0.7143,1.0,0.0,0.0,1.0,0.8625,1.0,1.229
V3_DECOY_0317,SEMANTIC_DECOY,D7,POWERTRAIN,B2_Raw_Embedding,HIGH,0.7143,1.0,0.0,0.0,1.0,0.8875,1.0,1.401
V3_DECOY_0317,SEMANTIC_DECOY,D7,POWERTRAIN,B3_Graph_Only,HIGH,0.7143,1.0,1.0,1.0,0.0,1.0,1.0,0.006
V3_DECOY_0317,SEMANTIC_DECOY,D7,POWERTRAIN,B4_Contextual_Embedding,HIGH,0.7143,1.0,0.0,0.0,1.0,0.875,1.0,2.01
V3_DECOY_0317,SEMANTIC_DECOY,D7,POWERTRAIN,B5_AURA_Hybrid,HIGH,0.7143,1.0,1.0,1.0,0.0,1.0,1.0,0.019
V3_DECOY_0318,SEMANTIC_DECOY,D8,BODY_ELECTRONICS,B0_Full_Suite,HIGH,0.75,1.0,0.0,0.0,1.0,0.0,1.0,0.1
V3_DECOY_0318,SEMANTIC_DECOY,D8,BODY_ELECTRONICS,B1_Keyword,HIGH,0.75,1.0,0.0,0.0,1.0,0.875,1.0,1.036
V3_DECOY_0318,SEMANTIC_DECOY,D8,BODY_ELECTRONICS,B2_Raw_Embedding,HIGH,0.75,1.0,0.0,0.0,1.0,0.7917,1.0,1.279
V3_DECOY_0318,SEMANTIC_DECOY,D8,BODY_ELECTRONICS,B3_Graph_Only,HIGH,0.75,1.0,1.0,1.0,0.0,1.0,1.0,0.006
V3_DECOY_0318,SEMANTIC_DECOY,D8,BODY_ELECTRONICS,B4_Contextual_Embedding,HIGH,0.75,1.0,0.0,0.0,1.0,0.7917,1.0,3.337
V3_DECOY_0318,SEMANTIC_DECOY,D8,BODY_ELECTRONICS,B5_AURA_Hybrid,HIGH,0.75,1.0,1.0,1.0,0.0,1.0,1.0,0.013
V3_DECOY_0319,SEMANTIC_DECOY,D9,ADAS,B0_Full_Suite,HIGH,0.75,1.0,0.0,0.0,1.0,0.0,1.0,0.1
V3_DECOY_0319,SEMANTIC_DECOY,D9,ADAS,B1_Keyword,HIGH,0.75,1.0,0.0,0.0,1.0,0.9294,1.0,1.33
V3_DECOY_0319,SEMANTIC_DECOY,D9,ADAS,B2_Raw_Embedding,HIGH,0.75,1.0,0.0,0.0,1.0,0.8824,1.0,1.871
V3_DECOY_0319,SEMANTIC_DECOY,D9,ADAS,B3_Graph_Only,HIGH,0.75,1.0,1.0,1.0,0.0,1.0,1.0,0.006
V3_DECOY_0319,SEMANTIC_DECOY,D9,ADAS,B4_Contextual_Embedding,HIGH,0.75,1.0,0.0,0.0,1.0,0.8824,1.0,2.39
V3_DECOY_0319,SEMANTIC_DECOY,D9,ADAS,B5_AURA_Hybrid,HIGH,0.75,1.0,1.0,1.0,0.0,1.0,1.0,0.018
V3_DECOY_0320,SEMANTIC_DECOY,D10,POWERTRAIN,B0_Full_Suite,HIGH,0.7143,1.0,0.0,0.0,1.0,0.0,1.0,0.1
V3_DECOY_0320,SEMANTIC_DECOY,D10,POWERTRAIN,B1_Keyword,HIGH,0.7143,1.0,0.0,0.0,1.0,0.7375,1.0,1.211
V3_DECOY_0320,SEMANTIC_DECOY,D10,POWERTRAIN,B2_Raw_Embedding,HIGH,0.7143,1.0,0.0,0.0,1.0,0.875,1.0,1.533
V3_DECOY_0320,SEMANTIC_DECOY,D10,POWERTRAIN,B3_Graph_Only,HIGH,0.7143,1.0,1.0,1.0,0.0,1.0,1.0,0.006
V3_DECOY_0320,SEMANTIC_DECOY,D10,POWERTRAIN,B4_Contextual_Embedding,HIGH,0.7143,1.0,0.0,0.0,1.0,0.875,1.0,1.972
V3_DECOY_0320,SEMANTIC_DECOY,D10,POWERTRAIN,B5_AURA_Hybrid,HIGH,0.7143,1.0,1.0,1.0,0.0,1.0,1.0,0.018
V3_DECOY_0321,SEMANTIC_DECOY,D1,BODY_ELECTRONICS,B0_Full_Suite,HIGH,0.6667,1.0,0.0,0.0,1.0,0.0,1.0,0.1
V3_DECOY_0321,SEMANTIC_DECOY,D1,BODY_ELECTRONICS,B1_Keyword,HIGH,0.6667,1.0,0.0,0.0,1.0,0.8333,1.0,1.04
V3_DECOY_0321,SEMANTIC_DECOY,D1,BODY_ELECTRONICS,B2_Raw_Embedding,HIGH,0.6667,1.0,0.0,0.0,1.0,0.8125,1.0,1.187
V3_DECOY_0321,SEMANTIC_DECOY,D1,BODY_ELECTRONICS,B3_Graph_Only,HIGH,0.6667,1.0,1.0,1.0,0.0,1.0,1.0,0.016
V3_DECOY_0321,SEMANTIC_DECOY,D1,BODY_ELECTRONICS,B4_Contextual_Embedding,HIGH,0.6667,1.0,0.0,0.0,1.0,0.8125,1.0,3.435
V3_DECOY_0321,SEMANTIC_DECOY,D1,BODY_ELECTRONICS,B5_AURA_Hybrid,HIGH,0.6667,1.0,1.0,1.0,0.0,1.0,1.0,0.012
V3_DECOY_0322,SEMANTIC_DECOY,D2,ADAS,B0_Full_Suite,HIGH,0.75,1.0,0.0,0.0,1.0,0.0,1.0,0.1
V3_DECOY_0322,SEMANTIC_DECOY,D2,ADAS,B1_Keyword,HIGH,0.75,1.0,0.0,0.0,1.0,0.9059,1.0,1.254
V3_DECOY_0322,SEMANTIC_DECOY,D2,ADAS,B2_Raw_Embedding,HIGH,0.75,1.0,0.0,0.0,1.0,0.8941,1.0,1.482
V3_DECOY_0322,SEMANTIC_DECOY,D2,ADAS,B3_Graph_Only,HIGH,0.75,1.0,1.0,1.0,0.0,1.0,1.0,0.007
V3_DECOY_0322,SEMANTIC_DECOY,D2,ADAS,B4_Contextual_Embedding,HIGH,0.75,1.0,0.0,0.0,1.0,0.8941,1.0,2.33
V3_DECOY_0322,SEMANTIC_DECOY,D2,ADAS,B5_AURA_Hybrid,HIGH,0.75,1.0,1.0,1.0,0.0,1.0,1.0,0.019
V3_DECOY_0323,SEMANTIC_DECOY,D3,POWERTRAIN,B0_Full_Suite,HIGH,0.75,1.0,0.0,0.0,1.0,0.0,1.0,0.1
V3_DECOY_0323,SEMANTIC_DECOY,D3,POWERTRAIN,B1_Keyword,HIGH,0.75,1.0,0.0,0.0,1.0,0.9875,1.0,1.153
V3_DECOY_0323,SEMANTIC_DECOY,D3,POWERTRAIN,B2_Raw_Embedding,HIGH,0.75,1.0,0.0,0.0,1.0,0.875,1.0,1.643
V3_DECOY_0323,SEMANTIC_DECOY,D3,POWERTRAIN,B3_Graph_Only,HIGH,0.75,1.0,1.0,1.0,0.0,1.0,1.0,0.005
V3_DECOY_0323,SEMANTIC_DECOY,D3,POWERTRAIN,B4_Contextual_Embedding,HIGH,0.75,1.0,0.0,0.0,1.0,0.875,1.0,1.993
V3_DECOY_0323,SEMANTIC_DECOY,D3,POWERTRAIN,B5_AURA_Hybrid,HIGH,0.75,1.0,1.0,1.0,0.0,1.0,1.0,0.017
V3_DECOY_0324,SEMANTIC_DECOY,D4,POWERTRAIN,B0_Full_Suite,HIGH,0.75,1.0,0.0,0.0,1.0,0.0,1.0,0.1
V3_DECOY_0324,SEMANTIC_DECOY,D4,POWERTRAIN,B1_Keyword,HIGH,0.75,1.0,0.0,0.0,1.0,0.9875,1.0,1.491
V3_DECOY_0324,SEMANTIC_DECOY,D4,POWERTRAIN,B2_Raw_Embedding,HIGH,0.75,1.0,0.0,0.0,1.0,0.875,1.0,1.443
V3_DECOY_0324,SEMANTIC_DECOY,D4,POWERTRAIN,B3_Graph_Only,HIGH,0.75,1.0,1.0,1.0,0.0,1.0,1.0,0.007
V3_DECOY_0324,SEMANTIC_DECOY,D4,POWERTRAIN,B4_Contextual_Embedding,HIGH,0.75,1.0,0.0,0.0,1.0,0.875,1.0,2.425
V3_DECOY_0324,SEMANTIC_DECOY,D4,POWERTRAIN,B5_AURA_Hybrid,HIGH,0.75,1.0,1.0,1.0,0.0,1.0,1.0,0.019
V3_DECOY_0325,SEMANTIC_DECOY,D5,ADAS,B0_Full_Suite,HIGH,0.7143,1.0,0.0,0.0,1.0,0.0,1.0,0.1
V3_DECOY_0325,SEMANTIC_DECOY,D5,ADAS,B1_Keyword,HIGH,0.7143,1.0,0.0,0.0,1.0,0.8941,1.0,1.404
V3_DECOY_0325,SEMANTIC_DECOY,D5,ADAS,B2_Raw_Embedding,HIGH,0.7143,1.0,0.0,0.0,1.0,0.8824,1.0,1.532
V3_DECOY_0325,SEMANTIC_DECOY,D5,ADAS,B3_Graph_Only,HIGH,0.7143,1.0,1.0,1.0,0.0,1.0,1.0,0.005
V3_DECOY_0325,SEMANTIC_DECOY,D5,ADAS,B4_Contextual_Embedding,HIGH,0.7143,1.0,0.0,0.0,1.0,0.8824,1.0,2.468
V3_DECOY_0325,SEMANTIC_DECOY,D5,ADAS,B5_AURA_Hybrid,HIGH,0.7143,1.0,1.0,1.0,0.0,1.0,1.0,0.017
V3_DECOY_0326,SEMANTIC_DECOY,D6,ADAS,B0_Full_Suite,HIGH,0.7778,1.0,0.0,0.0,1.0,0.0,1.0,0.1
V3_DECOY_0326,SEMANTIC_DECOY,D6,ADAS,B1_Keyword,HIGH,0.7778,1.0,0.0,0.0,1.0,0.9176,1.0,1.198
V3_DECOY_0326,SEMANTIC_DECOY,D6,ADAS,B2_Raw_Embedding,HIGH,0.7778,1.0,0.0,0.0,1.0,0.8824,1.0,1.612
V3_DECOY_0326,SEMANTIC_DECOY,D6,ADAS,B3_Graph_Only,HIGH,0.7778,1.0,1.0,1.0,0.0,1.0,1.0,0.006
V3_DECOY_0326,SEMANTIC_DECOY,D6,ADAS,B4_Contextual_Embedding,HIGH,0.7778,1.0,0.0,0.0,1.0,0.8824,1.0,2.197
V3_DECOY_0326,SEMANTIC_DECOY,D6,ADAS,B5_AURA_Hybrid,HIGH,0.7778,1.0,1.0,1.0,0.0,1.0,1.0,0.017
V3_DECOY_0327,SEMANTIC_DECOY,D7,POWERTRAIN,B0_Full_Suite,HIGH,0.7143,1.0,0.0,0.0,1.0,0.0,1.0,0.1
V3_DECOY_0327,SEMANTIC_DECOY,D7,POWERTRAIN,B1_Keyword,HIGH,0.7143,1.0,0.0,0.0,1.0,0.8625,1.0,1.166
V3_DECOY_0327,SEMANTIC_DECOY,D7,POWERTRAIN,B2_Raw_Embedding,HIGH,0.7143,1.0,0.0,0.0,1.0,0.8875,1.0,1.704
V3_DECOY_0327,SEMANTIC_DECOY,D7,POWERTRAIN,B3_Graph_Only,HIGH,0.7143,1.0,1.0,1.0,0.0,1.0,1.0,0.006
V3_DECOY_0327,SEMANTIC_DECOY,D7,POWERTRAIN,B4_Contextual_Embedding,HIGH,0.7143,1.0,0.0,0.0,1.0,0.875,1.0,3.754
V3_DECOY_0327,SEMANTIC_DECOY,D7,POWERTRAIN,B5_AURA_Hybrid,HIGH,0.7143,1.0,1.0,1.0,0.0,1.0,1.0,0.024
V3_DECOY_0328,SEMANTIC_DECOY,D8,BODY_ELECTRONICS,B0_Full_Suite,HIGH,0.75,1.0,0.0,0.0,1.0,0.0,1.0,0.1
V3_DECOY_0328,SEMANTIC_DECOY,D8,BODY_ELECTRONICS,B1_Keyword,HIGH,0.75,1.0,0.0,0.0,1.0,0.875,1.0,1.364
V3_DECOY_0328,SEMANTIC_DECOY,D8,BODY_ELECTRONICS,B2_Raw_Embedding,HIGH,0.75,1.0,0.0,0.0,1.0,0.7917,1.0,1.393
V3_DECOY_0328,SEMANTIC_DECOY,D8,BODY_ELECTRONICS,B3_Graph_Only,HIGH,0.75,1.0,1.0,1.0,0.0,1.0,1.0,0.007
V3_DECOY_0328,SEMANTIC_DECOY,D8,BODY_ELECTRONICS,B4_Contextual_Embedding,HIGH,0.75,1.0,0.0,0.0,1.0,0.7917,1.0,1.76
V3_DECOY_0328,SEMANTIC_DECOY,D8,BODY_ELECTRONICS,B5_AURA_Hybrid,HIGH,0.75,1.0,1.0,1.0,0.0,1.0,1.0,0.02
V3_DECOY_0329,SEMANTIC_DECOY,D9,ADAS,B0_Full_Suite,HIGH,0.75,1.0,0.0,0.0,1.0,0.0,1.0,0.1
V3_DECOY_0329,SEMANTIC_DECOY,D9,ADAS,B1_Keyword,HIGH,0.75,1.0,0.0,0.0,1.0,0.9294,1.0,1.171
V3_DECOY_0329,SEMANTIC_DECOY,D9,ADAS,B2_Raw_Embedding,HIGH,0.75,1.0,0.0,0.0,1.0,0.8824,1.0,1.768
V3_DECOY_0329,SEMANTIC_DECOY,D9,ADAS,B3_Graph_Only,HIGH,0.75,1.0,1.0,1.0,0.0,1.0,1.0,0.005
V3_DECOY_0329,SEMANTIC_DECOY,D9,ADAS,B4_Contextual_Embedding,HIGH,0.75,1.0,0.0,0.0,1.0,0.8824,1.0,2.439
V3_DECOY_0329,SEMANTIC_DECOY,D9,ADAS,B5_AURA_Hybrid,HIGH,0.75,1.0,1.0,1.0,0.0,1.0,1.0,0.02
V3_DECOY_0330,SEMANTIC_DECOY,D10,POWERTRAIN,B0_Full_Suite,HIGH,0.7143,1.0,0.0,0.0,1.0,0.0,1.0,0.1
V3_DECOY_0330,SEMANTIC_DECOY,D10,POWERTRAIN,B1_Keyword,HIGH,0.7143,1.0,0.0,0.0,1.0,0.9875,1.0,1.232
V3_DECOY_0330,SEMANTIC_DECOY,D10,POWERTRAIN,B2_Raw_Embedding,HIGH,0.7143,1.0,0.0,0.0,1.0,0.875,1.0,2.273
V3_DECOY_0330,SEMANTIC_DECOY,D10,POWERTRAIN,B3_Graph_Only,HIGH,0.7143,1.0,1.0,1.0,0.0,1.0,1.0,0.005
V3_DECOY_0330,SEMANTIC_DECOY,D10,POWERTRAIN,B4_Contextual_Embedding,HIGH,0.7143,1.0,0.0,0.0,1.0,0.875,1.0,2.0
V3_DECOY_0330,SEMANTIC_DECOY,D10,POWERTRAIN,B5_AURA_Hybrid,HIGH,0.7143,1.0,1.0,1.0,0.0,1.0,1.0,0.017
V3_DECOY_0331,SEMANTIC_DECOY,D1,BODY_ELECTRONICS,B0_Full_Suite,HIGH,0.6667,1.0,0.0,0.0,1.0,0.0,1.0,0.1
V3_DECOY_0331,SEMANTIC_DECOY,D1,BODY_ELECTRONICS,B1_Keyword,HIGH,0.6667,1.0,0.0,0.0,1.0,0.8333,1.0,1.084
V3_DECOY_0331,SEMANTIC_DECOY,D1,BODY_ELECTRONICS,B2_Raw_Embedding,HIGH,0.6667,1.0,0.0,0.0,1.0,0.8125,1.0,1.167
V3_DECOY_0331,SEMANTIC_DECOY,D1,BODY_ELECTRONICS,B3_Graph_Only,HIGH,0.6667,1.0,1.0,1.0,0.0,1.0,1.0,0.006
V3_DECOY_0331,SEMANTIC_DECOY,D1,BODY_ELECTRONICS,B4_Contextual_Embedding,HIGH,0.6667,1.0,0.0,0.0,1.0,0.8125,1.0,1.633
V3_DECOY_0331,SEMANTIC_DECOY,D1,BODY_ELECTRONICS,B5_AURA_Hybrid,HIGH,0.6667,1.0,1.0,1.0,0.0,1.0,1.0,0.016
V3_DECOY_0332,SEMANTIC_DECOY,D2,ADAS,B0_Full_Suite,HIGH,0.75,1.0,0.0,0.0,1.0,0.0,1.0,0.1
V3_DECOY_0332,SEMANTIC_DECOY,D2,ADAS,B1_Keyword,HIGH,0.75,1.0,0.0,0.0,1.0,0.9059,1.0,1.167
V3_DECOY_0332,SEMANTIC_DECOY,D2,ADAS,B2_Raw_Embedding,HIGH,0.75,1.0,0.0,0.0,1.0,0.8941,1.0,1.59
V3_DECOY_0332,SEMANTIC_DECOY,D2,ADAS,B3_Graph_Only,HIGH,0.75,1.0,1.0,1.0,0.0,1.0,1.0,0.006
V3_DECOY_0332,SEMANTIC_DECOY,D2,ADAS,B4_Contextual_Embedding,HIGH,0.75,1.0,0.0,0.0,1.0,0.8941,1.0,2.271
V3_DECOY_0332,SEMANTIC_DECOY,D2,ADAS,B5_AURA_Hybrid,HIGH,0.75,1.0,1.0,1.0,0.0,1.0,1.0,0.018
V3_DECOY_0333,SEMANTIC_DECOY,D3,POWERTRAIN,B0_Full_Suite,HIGH,0.75,1.0,0.0,0.0,1.0,0.0,1.0,0.1
V3_DECOY_0333,SEMANTIC_DECOY,D3,POWERTRAIN,B1_Keyword,HIGH,0.75,1.0,0.0,0.0,1.0,0.9875,1.0,1.134
V3_DECOY_0333,SEMANTIC_DECOY,D3,POWERTRAIN,B2_Raw_Embedding,HIGH,0.75,1.0,0.0,0.0,1.0,0.875,1.0,1.486
V3_DECOY_0333,SEMANTIC_DECOY,D3,POWERTRAIN,B3_Graph_Only,HIGH,0.75,1.0,1.0,1.0,0.0,1.0,1.0,0.006
V3_DECOY_0333,SEMANTIC_DECOY,D3,POWERTRAIN,B4_Contextual_Embedding,HIGH,0.75,1.0,0.0,0.0,1.0,0.875,1.0,2.925
V3_DECOY_0333,SEMANTIC_DECOY,D3,POWERTRAIN,B5_AURA_Hybrid,HIGH,0.75,1.0,1.0,1.0,0.0,1.0,1.0,0.021
V3_DECOY_0334,SEMANTIC_DECOY,D4,POWERTRAIN,B0_Full_Suite,HIGH,0.75,1.0,0.0,0.0,1.0,0.0,1.0,0.1
V3_DECOY_0334,SEMANTIC_DECOY,D4,POWERTRAIN,B1_Keyword,HIGH,0.75,1.0,0.0,0.0,1.0,0.9875,1.0,1.348
V3_DECOY_0334,SEMANTIC_DECOY,D4,POWERTRAIN,B2_Raw_Embedding,HIGH,0.75,1.0,0.0,0.0,1.0,0.875,1.0,1.395
V3_DECOY_0334,SEMANTIC_DECOY,D4,POWERTRAIN,B3_Graph_Only,HIGH,0.75,1.0,1.0,1.0,0.0,1.0,1.0,0.007
V3_DECOY_0334,SEMANTIC_DECOY,D4,POWERTRAIN,B4_Contextual_Embedding,HIGH,0.75,1.0,0.0,0.0,1.0,0.875,1.0,2.081
V3_DECOY_0334,SEMANTIC_DECOY,D4,POWERTRAIN,B5_AURA_Hybrid,HIGH,0.75,1.0,1.0,1.0,0.0,1.0,1.0,0.018
V3_DECOY_0335,SEMANTIC_DECOY,D5,ADAS,B0_Full_Suite,HIGH,0.7143,1.0,0.0,0.0,1.0,0.0,1.0,0.1
V3_DECOY_0335,SEMANTIC_DECOY,D5,ADAS,B1_Keyword,HIGH,0.7143,1.0,0.0,0.0,1.0,0.8941,1.0,1.223
V3_DECOY_0335,SEMANTIC_DECOY,D5,ADAS,B2_Raw_Embedding,HIGH,0.7143,1.0,0.0,0.0,1.0,0.8824,1.0,1.499
V3_DECOY_0335,SEMANTIC_DECOY,D5,ADAS,B3_Graph_Only,HIGH,0.7143,1.0,1.0,1.0,0.0,1.0,1.0,0.005
V3_DECOY_0335,SEMANTIC_DECOY,D5,ADAS,B4_Contextual_Embedding,HIGH,0.7143,1.0,0.0,0.0,1.0,0.8824,1.0,2.155
V3_DECOY_0335,SEMANTIC_DECOY,D5,ADAS,B5_AURA_Hybrid,HIGH,0.7143,1.0,1.0,1.0,0.0,1.0,1.0,0.019
V3_DECOY_0336,SEMANTIC_DECOY,D6,ADAS,B0_Full_Suite,HIGH,0.7778,1.0,0.0,0.0,1.0,0.0,1.0,0.1
V3_DECOY_0336,SEMANTIC_DECOY,D6,ADAS,B1_Keyword,HIGH,0.7778,1.0,0.0,0.0,1.0,0.9176,1.0,1.185
V3_DECOY_0336,SEMANTIC_DECOY,D6,ADAS,B2_Raw_Embedding,HIGH,0.7778,1.0,0.0,0.0,1.0,0.8824,1.0,1.667
V3_DECOY_0336,SEMANTIC_DECOY,D6,ADAS,B3_Graph_Only,HIGH,0.7778,1.0,1.0,1.0,0.0,1.0,1.0,0.007
V3_DECOY_0336,SEMANTIC_DECOY,D6,ADAS,B4_Contextual_Embedding,HIGH,0.7778,1.0,0.0,0.0,1.0,0.8824,1.0,3.685
V3_DECOY_0336,SEMANTIC_DECOY,D6,ADAS,B5_AURA_Hybrid,HIGH,0.7778,1.0,1.0,1.0,0.0,1.0,1.0,0.02
V3_DECOY_0337,SEMANTIC_DECOY,D7,POWERTRAIN,B0_Full_Suite,HIGH,0.7143,1.0,0.0,0.0,1.0,0.0,1.0,0.1
V3_DECOY_0337,SEMANTIC_DECOY,D7,POWERTRAIN,B1_Keyword,HIGH,0.7143,1.0,0.0,0.0,1.0,0.85,1.0,1.265
V3_DECOY_0337,SEMANTIC_DECOY,D7,POWERTRAIN,B2_Raw_Embedding,HIGH,0.7143,1.0,0.0,0.0,1.0,0.8875,1.0,1.415
V3_DECOY_0337,SEMANTIC_DECOY,D7,POWERTRAIN,B3_Graph_Only,HIGH,0.7143,1.0,1.0,1.0,0.0,1.0,1.0,0.006
V3_DECOY_0337,SEMANTIC_DECOY,D7,POWERTRAIN,B4_Contextual_Embedding,HIGH,0.7143,1.0,0.0,0.0,1.0,0.875,1.0,2.003
V3_DECOY_0337,SEMANTIC_DECOY,D7,POWERTRAIN,B5_AURA_Hybrid,HIGH,0.7143,1.0,1.0,1.0,0.0,1.0,1.0,0.018
V3_DECOY_0338,SEMANTIC_DECOY,D8,BODY_ELECTRONICS,B0_Full_Suite,HIGH,0.75,1.0,0.0,0.0,1.0,0.0,1.0,0.1
V3_DECOY_0338,SEMANTIC_DECOY,D8,BODY_ELECTRONICS,B1_Keyword,HIGH,0.75,1.0,0.0,0.0,1.0,0.875,1.0,1.076
V3_DECOY_0338,SEMANTIC_DECOY,D8,BODY_ELECTRONICS,B2_Raw_Embedding,HIGH,0.75,1.0,0.0,0.0,1.0,0.7917,1.0,1.326
V3_DECOY_0338,SEMANTIC_DECOY,D8,BODY_ELECTRONICS,B3_Graph_Only,HIGH,0.75,1.0,1.0,1.0,0.0,1.0,1.0,0.005
V3_DECOY_0338,SEMANTIC_DECOY,D8,BODY_ELECTRONICS,B4_Contextual_Embedding,HIGH,0.75,1.0,0.0,0.0,1.0,0.7917,1.0,1.686
V3_DECOY_0338,SEMANTIC_DECOY,D8,BODY_ELECTRONICS,B5_AURA_Hybrid,HIGH,0.75,1.0,1.0,1.0,0.0,1.0,1.0,0.018
V3_DECOY_0339,SEMANTIC_DECOY,D9,ADAS,B0_Full_Suite,HIGH,0.75,1.0,0.0,0.0,1.0,0.0,1.0,0.1
V3_DECOY_0339,SEMANTIC_DECOY,D9,ADAS,B1_Keyword,HIGH,0.75,1.0,0.0,0.0,1.0,0.9294,1.0,1.212
V3_DECOY_0339,SEMANTIC_DECOY,D9,ADAS,B2_Raw_Embedding,HIGH,0.75,1.0,0.0,0.0,1.0,0.8824,1.0,2.09
V3_DECOY_0339,SEMANTIC_DECOY,D9,ADAS,B3_Graph_Only,HIGH,0.75,1.0,1.0,1.0,0.0,1.0,1.0,0.006
V3_DECOY_0339,SEMANTIC_DECOY,D9,ADAS,B4_Contextual_Embedding,HIGH,0.75,1.0,0.0,0.0,1.0,0.8824,1.0,5.463
V3_DECOY_0339,SEMANTIC_DECOY,D9,ADAS,B5_AURA_Hybrid,HIGH,0.75,1.0,1.0,1.0,0.0,1.0,1.0,0.022
V3_DECOY_0340,SEMANTIC_DECOY,D10,POWERTRAIN,B0_Full_Suite,HIGH,0.7143,1.0,0.0,0.0,1.0,0.0,1.0,0.1
V3_DECOY_0340,SEMANTIC_DECOY,D10,POWERTRAIN,B1_Keyword,HIGH,0.7143,1.0,0.0,0.0,1.0,0.9875,1.0,1.253
V3_DECOY_0340,SEMANTIC_DECOY,D10,POWERTRAIN,B2_Raw_Embedding,HIGH,0.7143,1.0,0.0,0.0,1.0,0.875,1.0,1.739
V3_DECOY_0340,SEMANTIC_DECOY,D10,POWERTRAIN,B3_Graph_Only,HIGH,0.7143,1.0,1.0,1.0,0.0,1.0,1.0,0.007
V3_DECOY_0340,SEMANTIC_DECOY,D10,POWERTRAIN,B4_Contextual_Embedding,HIGH,0.7143,1.0,0.0,0.0,1.0,0.875,1.0,2.144
V3_DECOY_0340,SEMANTIC_DECOY,D10,POWERTRAIN,B5_AURA_Hybrid,HIGH,0.7143,1.0,1.0,1.0,0.0,1.0,1.0,0.019
V3_DECOY_0341,SEMANTIC_DECOY,D1,BODY_ELECTRONICS,B0_Full_Suite,HIGH,0.6667,1.0,0.0,0.0,1.0,0.0,1.0,0.1
V3_DECOY_0341,SEMANTIC_DECOY,D1,BODY_ELECTRONICS,B1_Keyword,HIGH,0.6667,1.0,0.0,0.0,1.0,0.8333,1.0,1.146
V3_DECOY_0341,SEMANTIC_DECOY,D1,BODY_ELECTRONICS,B2_Raw_Embedding,HIGH,0.6667,1.0,0.0,0.0,1.0,0.8125,1.0,1.163
V3_DECOY_0341,SEMANTIC_DECOY,D1,BODY_ELECTRONICS,B3_Graph_Only,HIGH,0.6667,1.0,1.0,1.0,0.0,1.0,1.0,0.005
V3_DECOY_0341,SEMANTIC_DECOY,D1,BODY_ELECTRONICS,B4_Contextual_Embedding,HIGH,0.6667,1.0,0.0,0.0,1.0,0.8125,1.0,1.616
V3_DECOY_0341,SEMANTIC_DECOY,D1,BODY_ELECTRONICS,B5_AURA_Hybrid,HIGH,0.6667,1.0,1.0,1.0,0.0,1.0,1.0,0.016
V3_DECOY_0342,SEMANTIC_DECOY,D2,ADAS,B0_Full_Suite,HIGH,0.75,1.0,0.0,0.0,1.0,0.0,1.0,0.1
V3_DECOY_0342,SEMANTIC_DECOY,D2,ADAS,B1_Keyword,HIGH,0.75,1.0,0.0,0.0,1.0,0.9059,1.0,1.948
V3_DECOY_0342,SEMANTIC_DECOY,D2,ADAS,B2_Raw_Embedding,HIGH,0.75,1.0,0.0,0.0,1.0,0.8941,1.0,1.583
V3_DECOY_0342,SEMANTIC_DECOY,D2,ADAS,B3_Graph_Only,HIGH,0.75,1.0,1.0,1.0,0.0,1.0,1.0,0.006
V3_DECOY_0342,SEMANTIC_DECOY,D2,ADAS,B4_Contextual_Embedding,HIGH,0.75,1.0,0.0,0.0,1.0,0.8941,1.0,2.194
V3_DECOY_0342,SEMANTIC_DECOY,D2,ADAS,B5_AURA_Hybrid,HIGH,0.75,1.0,1.0,1.0,0.0,1.0,1.0,0.017
V3_DECOY_0343,SEMANTIC_DECOY,D3,POWERTRAIN,B0_Full_Suite,HIGH,0.75,1.0,0.0,0.0,1.0,0.0,1.0,0.1
V3_DECOY_0343,SEMANTIC_DECOY,D3,POWERTRAIN,B1_Keyword,HIGH,0.75,1.0,0.0,0.0,1.0,0.9875,1.0,1.126
V3_DECOY_0343,SEMANTIC_DECOY,D3,POWERTRAIN,B2_Raw_Embedding,HIGH,0.75,1.0,0.0,0.0,1.0,0.875,1.0,1.602
V3_DECOY_0343,SEMANTIC_DECOY,D3,POWERTRAIN,B3_Graph_Only,HIGH,0.75,1.0,1.0,1.0,0.0,1.0,1.0,0.005
V3_DECOY_0343,SEMANTIC_DECOY,D3,POWERTRAIN,B4_Contextual_Embedding,HIGH,0.75,1.0,0.0,0.0,1.0,0.875,1.0,1.999
V3_DECOY_0343,SEMANTIC_DECOY,D3,POWERTRAIN,B5_AURA_Hybrid,HIGH,0.75,1.0,1.0,1.0,0.0,1.0,1.0,0.017
V3_DECOY_0344,SEMANTIC_DECOY,D4,POWERTRAIN,B0_Full_Suite,HIGH,0.75,1.0,0.0,0.0,1.0,0.0,1.0,0.1
V3_DECOY_0344,SEMANTIC_DECOY,D4,POWERTRAIN,B1_Keyword,HIGH,0.75,1.0,0.0,0.0,1.0,0.9875,1.0,1.081
V3_DECOY_0344,SEMANTIC_DECOY,D4,POWERTRAIN,B2_Raw_Embedding,HIGH,0.75,1.0,0.0,0.0,1.0,0.875,1.0,1.354
V3_DECOY_0344,SEMANTIC_DECOY,D4,POWERTRAIN,B3_Graph_Only,HIGH,0.75,1.0,1.0,1.0,0.0,1.0,1.0,0.005
V3_DECOY_0344,SEMANTIC_DECOY,D4,POWERTRAIN,B4_Contextual_Embedding,HIGH,0.75,1.0,0.0,0.0,1.0,0.875,1.0,1.907
V3_DECOY_0344,SEMANTIC_DECOY,D4,POWERTRAIN,B5_AURA_Hybrid,HIGH,0.75,1.0,1.0,1.0,0.0,1.0,1.0,0.017
V3_DECOY_0345,SEMANTIC_DECOY,D5,ADAS,B0_Full_Suite,HIGH,0.7143,1.0,0.0,0.0,1.0,0.0,1.0,0.1
V3_DECOY_0345,SEMANTIC_DECOY,D5,ADAS,B1_Keyword,HIGH,0.7143,1.0,0.0,0.0,1.0,0.8941,1.0,3.639
V3_DECOY_0345,SEMANTIC_DECOY,D5,ADAS,B2_Raw_Embedding,HIGH,0.7143,1.0,0.0,0.0,1.0,0.8824,1.0,1.623
V3_DECOY_0345,SEMANTIC_DECOY,D5,ADAS,B3_Graph_Only,HIGH,0.7143,1.0,1.0,1.0,0.0,1.0,1.0,0.005
V3_DECOY_0345,SEMANTIC_DECOY,D5,ADAS,B4_Contextual_Embedding,HIGH,0.7143,1.0,0.0,0.0,1.0,0.8824,1.0,2.256
V3_DECOY_0345,SEMANTIC_DECOY,D5,ADAS,B5_AURA_Hybrid,HIGH,0.7143,1.0,1.0,1.0,0.0,1.0,1.0,0.02
V3_DECOY_0346,SEMANTIC_DECOY,D6,ADAS,B0_Full_Suite,HIGH,0.7778,1.0,0.0,0.0,1.0,0.0,1.0,0.1
V3_DECOY_0346,SEMANTIC_DECOY,D6,ADAS,B1_Keyword,HIGH,0.7778,1.0,0.0,0.0,1.0,0.9176,1.0,1.268
V3_DECOY_0346,SEMANTIC_DECOY,D6,ADAS,B2_Raw_Embedding,HIGH,0.7778,1.0,0.0,0.0,1.0,0.8824,1.0,1.64
V3_DECOY_0346,SEMANTIC_DECOY,D6,ADAS,B3_Graph_Only,HIGH,0.7778,1.0,1.0,1.0,0.0,1.0,1.0,0.005
V3_DECOY_0346,SEMANTIC_DECOY,D6,ADAS,B4_Contextual_Embedding,HIGH,0.7778,1.0,0.0,0.0,1.0,0.8824,1.0,2.133
V3_DECOY_0346,SEMANTIC_DECOY,D6,ADAS,B5_AURA_Hybrid,HIGH,0.7778,1.0,1.0,1.0,0.0,1.0,1.0,0.018
V3_DECOY_0347,SEMANTIC_DECOY,D7,POWERTRAIN,B0_Full_Suite,HIGH,0.7143,1.0,0.0,0.0,1.0,0.0,1.0,0.1
V3_DECOY_0347,SEMANTIC_DECOY,D7,POWERTRAIN,B1_Keyword,HIGH,0.7143,1.0,0.0,0.0,1.0,0.8625,1.0,1.37
V3_DECOY_0347,SEMANTIC_DECOY,D7,POWERTRAIN,B2_Raw_Embedding,HIGH,0.7143,1.0,0.0,0.0,1.0,0.8875,1.0,1.685
V3_DECOY_0347,SEMANTIC_DECOY,D7,POWERTRAIN,B3_Graph_Only,HIGH,0.7143,1.0,1.0,1.0,0.0,1.0,1.0,0.006
V3_DECOY_0347,SEMANTIC_DECOY,D7,POWERTRAIN,B4_Contextual_Embedding,HIGH,0.7143,1.0,0.0,0.0,1.0,0.875,1.0,3.686
V3_DECOY_0347,SEMANTIC_DECOY,D7,POWERTRAIN,B5_AURA_Hybrid,HIGH,0.7143,1.0,1.0,1.0,0.0,1.0,1.0,0.022
V3_DECOY_0348,SEMANTIC_DECOY,D8,BODY_ELECTRONICS,B0_Full_Suite,HIGH,0.75,1.0,0.0,0.0,1.0,0.0,1.0,0.1
V3_DECOY_0348,SEMANTIC_DECOY,D8,BODY_ELECTRONICS,B1_Keyword,HIGH,0.75,1.0,0.0,0.0,1.0,0.875,1.0,1.217
V3_DECOY_0348,SEMANTIC_DECOY,D8,BODY_ELECTRONICS,B2_Raw_Embedding,HIGH,0.75,1.0,0.0,0.0,1.0,0.7917,1.0,1.456
V3_DECOY_0348,SEMANTIC_DECOY,D8,BODY_ELECTRONICS,B3_Graph_Only,HIGH,0.75,1.0,1.0,1.0,0.0,1.0,1.0,0.005
V3_DECOY_0348,SEMANTIC_DECOY,D8,BODY_ELECTRONICS,B4_Contextual_Embedding,HIGH,0.75,1.0,0.0,0.0,1.0,0.7917,1.0,1.869
V3_DECOY_0348,SEMANTIC_DECOY,D8,BODY_ELECTRONICS,B5_AURA_Hybrid,HIGH,0.75,1.0,1.0,1.0,0.0,1.0,1.0,0.02
V3_DECOY_0349,SEMANTIC_DECOY,D9,ADAS,B0_Full_Suite,HIGH,0.75,1.0,0.0,0.0,1.0,0.0,1.0,0.1
V3_DECOY_0349,SEMANTIC_DECOY,D9,ADAS,B1_Keyword,HIGH,0.75,1.0,0.0,0.0,1.0,0.9294,1.0,1.469
V3_DECOY_0349,SEMANTIC_DECOY,D9,ADAS,B2_Raw_Embedding,HIGH,0.75,1.0,0.0,0.0,1.0,0.8824,1.0,1.8
V3_DECOY_0349,SEMANTIC_DECOY,D9,ADAS,B3_Graph_Only,HIGH,0.75,1.0,1.0,1.0,0.0,1.0,1.0,0.005
V3_DECOY_0349,SEMANTIC_DECOY,D9,ADAS,B4_Contextual_Embedding,HIGH,0.75,1.0,0.0,0.0,1.0,0.8824,1.0,2.196
V3_DECOY_0349,SEMANTIC_DECOY,D9,ADAS,B5_AURA_Hybrid,HIGH,0.75,1.0,1.0,1.0,0.0,1.0,1.0,0.018
V3_DECOY_0350,SEMANTIC_DECOY,D10,POWERTRAIN,B0_Full_Suite,HIGH,0.7143,1.0,0.0,0.0,1.0,0.0,1.0,0.1
V3_DECOY_0350,SEMANTIC_DECOY,D10,POWERTRAIN,B1_Keyword,HIGH,0.7143,1.0,0.0,0.0,1.0,0.9875,1.0,1.164
V3_DECOY_0350,SEMANTIC_DECOY,D10,POWERTRAIN,B2_Raw_Embedding,HIGH,0.7143,1.0,0.0,0.0,1.0,0.875,1.0,1.728
V3_DECOY_0350,SEMANTIC_DECOY,D10,POWERTRAIN,B3_Graph_Only,HIGH,0.7143,1.0,1.0,1.0,0.0,1.0,1.0,0.006
V3_DECOY_0350,SEMANTIC_DECOY,D10,POWERTRAIN,B4_Contextual_Embedding,HIGH,0.7143,1.0,0.0,0.0,1.0,0.875,1.0,4.807
V3_DECOY_0350,SEMANTIC_DECOY,D10,POWERTRAIN,B5_AURA_Hybrid,HIGH,0.7143,1.0,1.0,1.0,0.0,1.0,1.0,0.021
V3_DECOY_0351,SEMANTIC_DECOY,D1,BODY_ELECTRONICS,B0_Full_Suite,HIGH,0.6667,1.0,0.0,0.0,1.0,0.0,1.0,0.1
V3_DECOY_0351,SEMANTIC_DECOY,D1,BODY_ELECTRONICS,B1_Keyword,HIGH,0.6667,1.0,0.0,0.0,1.0,0.8333,1.0,1.224
V3_DECOY_0351,SEMANTIC_DECOY,D1,BODY_ELECTRONICS,B2_Raw_Embedding,HIGH,0.6667,1.0,0.0,0.0,1.0,0.8125,1.0,1.21
V3_DECOY_0351,SEMANTIC_DECOY,D1,BODY_ELECTRONICS,B3_Graph_Only,HIGH,0.6667,1.0,1.0,1.0,0.0,1.0,1.0,0.006
V3_DECOY_0351,SEMANTIC_DECOY,D1,BODY_ELECTRONICS,B4_Contextual_Embedding,HIGH,0.6667,1.0,0.0,0.0,1.0,0.8125,1.0,1.655
V3_DECOY_0351,SEMANTIC_DECOY,D1,BODY_ELECTRONICS,B5_AURA_Hybrid,HIGH,0.6667,1.0,1.0,1.0,0.0,1.0,1.0,0.017
V3_DECOY_0352,SEMANTIC_DECOY,D2,ADAS,B0_Full_Suite,HIGH,0.75,1.0,0.0,0.0,1.0,0.0,1.0,0.1
V3_DECOY_0352,SEMANTIC_DECOY,D2,ADAS,B1_Keyword,HIGH,0.75,1.0,0.0,0.0,1.0,0.9059,1.0,1.246
V3_DECOY_0352,SEMANTIC_DECOY,D2,ADAS,B2_Raw_Embedding,HIGH,0.75,1.0,0.0,0.0,1.0,0.8941,1.0,1.57
V3_DECOY_0352,SEMANTIC_DECOY,D2,ADAS,B3_Graph_Only,HIGH,0.75,1.0,1.0,1.0,0.0,1.0,1.0,0.006
V3_DECOY_0352,SEMANTIC_DECOY,D2,ADAS,B4_Contextual_Embedding,HIGH,0.75,1.0,0.0,0.0,1.0,0.8941,1.0,2.208
V3_DECOY_0352,SEMANTIC_DECOY,D2,ADAS,B5_AURA_Hybrid,HIGH,0.75,1.0,1.0,1.0,0.0,1.0,1.0,0.018
V3_DECOY_0353,SEMANTIC_DECOY,D3,POWERTRAIN,B0_Full_Suite,HIGH,0.75,1.0,0.0,0.0,1.0,0.0,1.0,0.1
V3_DECOY_0353,SEMANTIC_DECOY,D3,POWERTRAIN,B1_Keyword,HIGH,0.75,1.0,0.0,0.0,1.0,0.9875,1.0,1.18
V3_DECOY_0353,SEMANTIC_DECOY,D3,POWERTRAIN,B2_Raw_Embedding,HIGH,0.75,1.0,0.0,0.0,1.0,0.875,1.0,1.655
V3_DECOY_0353,SEMANTIC_DECOY,D3,POWERTRAIN,B3_Graph_Only,HIGH,0.75,1.0,1.0,1.0,0.0,1.0,1.0,0.007
V3_DECOY_0353,SEMANTIC_DECOY,D3,POWERTRAIN,B4_Contextual_Embedding,HIGH,0.75,1.0,0.0,0.0,1.0,0.875,1.0,2.198
V3_DECOY_0353,SEMANTIC_DECOY,D3,POWERTRAIN,B5_AURA_Hybrid,HIGH,0.75,1.0,1.0,1.0,0.0,1.0,1.0,0.021
V3_DECOY_0354,SEMANTIC_DECOY,D4,POWERTRAIN,B0_Full_Suite,HIGH,0.75,1.0,0.0,0.0,1.0,0.0,1.0,0.1
V3_DECOY_0354,SEMANTIC_DECOY,D4,POWERTRAIN,B1_Keyword,HIGH,0.75,1.0,0.0,0.0,1.0,0.9875,1.0,1.29
V3_DECOY_0354,SEMANTIC_DECOY,D4,POWERTRAIN,B2_Raw_Embedding,HIGH,0.75,1.0,0.0,0.0,1.0,0.8875,1.0,1.578
V3_DECOY_0354,SEMANTIC_DECOY,D4,POWERTRAIN,B3_Graph_Only,HIGH,0.75,1.0,1.0,1.0,0.0,1.0,1.0,0.007
V3_DECOY_0354,SEMANTIC_DECOY,D4,POWERTRAIN,B4_Contextual_Embedding,HIGH,0.75,1.0,0.0,0.0,1.0,0.875,1.0,2.436
V3_DECOY_0354,SEMANTIC_DECOY,D4,POWERTRAIN,B5_AURA_Hybrid,HIGH,0.75,1.0,1.0,1.0,0.0,1.0,1.0,0.02
V3_DECOY_0355,SEMANTIC_DECOY,D5,ADAS,B0_Full_Suite,HIGH,0.7143,1.0,0.0,0.0,1.0,0.0,1.0,0.1
V3_DECOY_0355,SEMANTIC_DECOY,D5,ADAS,B1_Keyword,HIGH,0.7143,1.0,0.0,0.0,1.0,0.9059,1.0,1.35
V3_DECOY_0355,SEMANTIC_DECOY,D5,ADAS,B2_Raw_Embedding,HIGH,0.7143,1.0,0.0,0.0,1.0,0.8824,1.0,1.546
V3_DECOY_0355,SEMANTIC_DECOY,D5,ADAS,B3_Graph_Only,HIGH,0.7143,1.0,1.0,1.0,0.0,1.0,1.0,0.006
V3_DECOY_0355,SEMANTIC_DECOY,D5,ADAS,B4_Contextual_Embedding,HIGH,0.7143,1.0,0.0,0.0,1.0,0.8824,1.0,2.108
V3_DECOY_0355,SEMANTIC_DECOY,D5,ADAS,B5_AURA_Hybrid,HIGH,0.7143,1.0,1.0,1.0,0.0,1.0,1.0,0.018
V3_DECOY_0356,SEMANTIC_DECOY,D6,ADAS,B0_Full_Suite,HIGH,0.7778,1.0,0.0,0.0,1.0,0.0,1.0,0.1
V3_DECOY_0356,SEMANTIC_DECOY,D6,ADAS,B1_Keyword,HIGH,0.7778,1.0,1.0,1.0,0.0,1.0,1.0,1.279
V3_DECOY_0356,SEMANTIC_DECOY,D6,ADAS,B2_Raw_Embedding,HIGH,0.7778,1.0,0.0,0.0,1.0,0.8824,1.0,1.701
V3_DECOY_0356,SEMANTIC_DECOY,D6,ADAS,B3_Graph_Only,HIGH,0.7778,1.0,1.0,1.0,0.0,1.0,1.0,0.005
V3_DECOY_0356,SEMANTIC_DECOY,D6,ADAS,B4_Contextual_Embedding,HIGH,0.7778,1.0,0.0,0.0,1.0,0.8824,1.0,2.138
V3_DECOY_0356,SEMANTIC_DECOY,D6,ADAS,B5_AURA_Hybrid,HIGH,0.7778,1.0,1.0,1.0,0.0,1.0,1.0,0.016
V3_DECOY_0357,SEMANTIC_DECOY,D7,POWERTRAIN,B0_Full_Suite,HIGH,0.7143,1.0,0.0,0.0,1.0,0.0,1.0,0.1
V3_DECOY_0357,SEMANTIC_DECOY,D7,POWERTRAIN,B1_Keyword,HIGH,0.7143,1.0,0.0,0.0,1.0,0.8625,1.0,1.295
V3_DECOY_0357,SEMANTIC_DECOY,D7,POWERTRAIN,B2_Raw_Embedding,HIGH,0.7143,1.0,0.0,0.0,1.0,0.8875,1.0,1.527
V3_DECOY_0357,SEMANTIC_DECOY,D7,POWERTRAIN,B3_Graph_Only,HIGH,0.7143,1.0,1.0,1.0,0.0,1.0,1.0,0.006
V3_DECOY_0357,SEMANTIC_DECOY,D7,POWERTRAIN,B4_Contextual_Embedding,HIGH,0.7143,1.0,0.0,0.0,1.0,0.875,1.0,2.094
V3_DECOY_0357,SEMANTIC_DECOY,D7,POWERTRAIN,B5_AURA_Hybrid,HIGH,0.7143,1.0,1.0,1.0,0.0,1.0,1.0,0.019
V3_DECOY_0358,SEMANTIC_DECOY,D8,BODY_ELECTRONICS,B0_Full_Suite,HIGH,0.75,1.0,0.0,0.0,1.0,0.0,1.0,0.1
V3_DECOY_0358,SEMANTIC_DECOY,D8,BODY_ELECTRONICS,B1_Keyword,HIGH,0.75,1.0,1.0,1.0,0.0,1.0,1.0,1.224
V3_DECOY_0358,SEMANTIC_DECOY,D8,BODY_ELECTRONICS,B2_Raw_Embedding,HIGH,0.75,1.0,0.0,0.0,1.0,0.7917,1.0,1.371
V3_DECOY_0358,SEMANTIC_DECOY,D8,BODY_ELECTRONICS,B3_Graph_Only,HIGH,0.75,1.0,1.0,1.0,0.0,1.0,1.0,0.006
V3_DECOY_0358,SEMANTIC_DECOY,D8,BODY_ELECTRONICS,B4_Contextual_Embedding,HIGH,0.75,1.0,0.0,0.0,1.0,0.7917,1.0,1.897
V3_DECOY_0358,SEMANTIC_DECOY,D8,BODY_ELECTRONICS,B5_AURA_Hybrid,HIGH,0.75,1.0,1.0,1.0,0.0,1.0,1.0,0.018
V3_DECOY_0359,SEMANTIC_DECOY,D9,ADAS,B0_Full_Suite,HIGH,0.75,1.0,0.0,0.0,1.0,0.0,1.0,0.1
V3_DECOY_0359,SEMANTIC_DECOY,D9,ADAS,B1_Keyword,HIGH,0.75,1.0,0.0,0.0,1.0,0.7059,1.0,1.213
V3_DECOY_0359,SEMANTIC_DECOY,D9,ADAS,B2_Raw_Embedding,HIGH,0.75,1.0,0.0,0.0,1.0,0.8824,1.0,1.982
V3_DECOY_0359,SEMANTIC_DECOY,D9,ADAS,B3_Graph_Only,HIGH,0.75,1.0,1.0,1.0,0.0,1.0,1.0,0.006
V3_DECOY_0359,SEMANTIC_DECOY,D9,ADAS,B4_Contextual_Embedding,HIGH,0.75,1.0,0.0,0.0,1.0,0.8824,1.0,2.663
V3_DECOY_0359,SEMANTIC_DECOY,D9,ADAS,B5_AURA_Hybrid,HIGH,0.75,1.0,1.0,1.0,0.0,1.0,1.0,0.018
V3_DECOY_0360,SEMANTIC_DECOY,D10,POWERTRAIN,B0_Full_Suite,HIGH,0.7143,1.0,0.0,0.0,1.0,0.0,1.0,0.1
V3_DECOY_0360,SEMANTIC_DECOY,D10,POWERTRAIN,B1_Keyword,HIGH,0.7143,1.0,0.0,0.0,1.0,0.9875,1.0,1.523
V3_DECOY_0360,SEMANTIC_DECOY,D10,POWERTRAIN,B2_Raw_Embedding,HIGH,0.7143,1.0,0.0,0.0,1.0,0.875,1.0,1.604
V3_DECOY_0360,SEMANTIC_DECOY,D10,POWERTRAIN,B3_Graph_Only,HIGH,0.7143,1.0,1.0,1.0,0.0,1.0,1.0,0.006
V3_DECOY_0360,SEMANTIC_DECOY,D10,POWERTRAIN,B4_Contextual_Embedding,HIGH,0.7143,1.0,0.0,0.0,1.0,0.875,1.0,2.009
V3_DECOY_0360,SEMANTIC_DECOY,D10,POWERTRAIN,B5_AURA_Hybrid,HIGH,0.7143,1.0,1.0,1.0,0.0,1.0,1.0,0.018
V3_DECOY_0361,SEMANTIC_DECOY,D1,BODY_ELECTRONICS,B0_Full_Suite,HIGH,0.6667,1.0,0.0,0.0,1.0,0.0,1.0,0.1
V3_DECOY_0361,SEMANTIC_DECOY,D1,BODY_ELECTRONICS,B1_Keyword,HIGH,0.6667,1.0,0.0,0.0,1.0,0.8333,1.0,1.07
V3_DECOY_0361,SEMANTIC_DECOY,D1,BODY_ELECTRONICS,B2_Raw_Embedding,HIGH,0.6667,1.0,0.0,0.0,1.0,0.8125,1.0,1.14
V3_DECOY_0361,SEMANTIC_DECOY,D1,BODY_ELECTRONICS,B3_Graph_Only,HIGH,0.6667,1.0,1.0,1.0,0.0,1.0,1.0,0.005
V3_DECOY_0361,SEMANTIC_DECOY,D1,BODY_ELECTRONICS,B4_Contextual_Embedding,HIGH,0.6667,1.0,0.0,0.0,1.0,0.8125,1.0,1.593
V3_DECOY_0361,SEMANTIC_DECOY,D1,BODY_ELECTRONICS,B5_AURA_Hybrid,HIGH,0.6667,1.0,1.0,1.0,0.0,1.0,1.0,0.016
V3_DECOY_0362,SEMANTIC_DECOY,D2,ADAS,B0_Full_Suite,HIGH,0.75,1.0,0.0,0.0,1.0,0.0,1.0,0.1
V3_DECOY_0362,SEMANTIC_DECOY,D2,ADAS,B1_Keyword,HIGH,0.75,1.0,0.0,0.0,1.0,0.9059,1.0,1.303
V3_DECOY_0362,SEMANTIC_DECOY,D2,ADAS,B2_Raw_Embedding,HIGH,0.75,1.0,0.0,0.0,1.0,0.8941,1.0,1.627
V3_DECOY_0362,SEMANTIC_DECOY,D2,ADAS,B3_Graph_Only,HIGH,0.75,1.0,1.0,1.0,0.0,1.0,1.0,0.007
V3_DECOY_0362,SEMANTIC_DECOY,D2,ADAS,B4_Contextual_Embedding,HIGH,0.75,1.0,0.0,0.0,1.0,0.8941,1.0,2.35
V3_DECOY_0362,SEMANTIC_DECOY,D2,ADAS,B5_AURA_Hybrid,HIGH,0.75,1.0,1.0,1.0,0.0,1.0,1.0,0.018
V3_DECOY_0363,SEMANTIC_DECOY,D3,POWERTRAIN,B0_Full_Suite,HIGH,0.75,1.0,0.0,0.0,1.0,0.0,1.0,0.1
V3_DECOY_0363,SEMANTIC_DECOY,D3,POWERTRAIN,B1_Keyword,HIGH,0.75,1.0,0.0,0.0,1.0,0.9875,1.0,1.343
V3_DECOY_0363,SEMANTIC_DECOY,D3,POWERTRAIN,B2_Raw_Embedding,HIGH,0.75,1.0,0.0,0.0,1.0,0.875,1.0,1.505
V3_DECOY_0363,SEMANTIC_DECOY,D3,POWERTRAIN,B3_Graph_Only,HIGH,0.75,1.0,1.0,1.0,0.0,1.0,1.0,0.006
V3_DECOY_0363,SEMANTIC_DECOY,D3,POWERTRAIN,B4_Contextual_Embedding,HIGH,0.75,1.0,0.0,0.0,1.0,0.875,1.0,2.471
V3_DECOY_0363,SEMANTIC_DECOY,D3,POWERTRAIN,B5_AURA_Hybrid,HIGH,0.75,1.0,1.0,1.0,0.0,1.0,1.0,0.024
V3_DECOY_0364,SEMANTIC_DECOY,D4,POWERTRAIN,B0_Full_Suite,HIGH,0.75,1.0,0.0,0.0,1.0,0.0,1.0,0.1
V3_DECOY_0364,SEMANTIC_DECOY,D4,POWERTRAIN,B1_Keyword,HIGH,0.75,1.0,0.0,0.0,1.0,0.9875,1.0,1.24
V3_DECOY_0364,SEMANTIC_DECOY,D4,POWERTRAIN,B2_Raw_Embedding,HIGH,0.75,1.0,0.0,0.0,1.0,0.875,1.0,1.397
V3_DECOY_0364,SEMANTIC_DECOY,D4,POWERTRAIN,B3_Graph_Only,HIGH,0.75,1.0,1.0,1.0,0.0,1.0,1.0,0.006
V3_DECOY_0364,SEMANTIC_DECOY,D4,POWERTRAIN,B4_Contextual_Embedding,HIGH,0.75,1.0,0.0,0.0,1.0,0.875,1.0,1.981
V3_DECOY_0364,SEMANTIC_DECOY,D4,POWERTRAIN,B5_AURA_Hybrid,HIGH,0.75,1.0,1.0,1.0,0.0,1.0,1.0,0.018
V3_DECOY_0365,SEMANTIC_DECOY,D5,ADAS,B0_Full_Suite,HIGH,0.7143,1.0,0.0,0.0,1.0,0.0,1.0,0.1
V3_DECOY_0365,SEMANTIC_DECOY,D5,ADAS,B1_Keyword,HIGH,0.7143,1.0,0.0,0.0,1.0,0.9059,1.0,1.227
V3_DECOY_0365,SEMANTIC_DECOY,D5,ADAS,B2_Raw_Embedding,HIGH,0.7143,1.0,0.0,0.0,1.0,0.8824,1.0,1.539
V3_DECOY_0365,SEMANTIC_DECOY,D5,ADAS,B3_Graph_Only,HIGH,0.7143,1.0,1.0,1.0,0.0,1.0,1.0,0.005
V3_DECOY_0365,SEMANTIC_DECOY,D5,ADAS,B4_Contextual_Embedding,HIGH,0.7143,1.0,0.0,0.0,1.0,0.8824,1.0,2.562
V3_DECOY_0365,SEMANTIC_DECOY,D5,ADAS,B5_AURA_Hybrid,HIGH,0.7143,1.0,1.0,1.0,0.0,1.0,1.0,0.024
V3_DECOY_0366,SEMANTIC_DECOY,D6,ADAS,B0_Full_Suite,HIGH,0.7778,1.0,0.0,0.0,1.0,0.0,1.0,0.1
V3_DECOY_0366,SEMANTIC_DECOY,D6,ADAS,B1_Keyword,HIGH,0.7778,1.0,1.0,1.0,0.0,1.0,1.0,0.996
V3_DECOY_0366,SEMANTIC_DECOY,D6,ADAS,B2_Raw_Embedding,HIGH,0.7778,1.0,0.0,0.0,1.0,0.8824,1.0,1.645
V3_DECOY_0366,SEMANTIC_DECOY,D6,ADAS,B3_Graph_Only,HIGH,0.7778,1.0,1.0,1.0,0.0,1.0,1.0,0.006
V3_DECOY_0366,SEMANTIC_DECOY,D6,ADAS,B4_Contextual_Embedding,HIGH,0.7778,1.0,0.0,0.0,1.0,0.8824,1.0,2.21
V3_DECOY_0366,SEMANTIC_DECOY,D6,ADAS,B5_AURA_Hybrid,HIGH,0.7778,1.0,1.0,1.0,0.0,1.0,1.0,0.017
V3_DECOY_0367,SEMANTIC_DECOY,D7,POWERTRAIN,B0_Full_Suite,HIGH,0.7143,1.0,0.0,0.0,1.0,0.0,1.0,0.1
V3_DECOY_0367,SEMANTIC_DECOY,D7,POWERTRAIN,B1_Keyword,HIGH,0.7143,1.0,0.0,0.0,1.0,0.8625,1.0,1.144
V3_DECOY_0367,SEMANTIC_DECOY,D7,POWERTRAIN,B2_Raw_Embedding,HIGH,0.7143,1.0,0.0,0.0,1.0,0.9,1.0,1.425
V3_DECOY_0367,SEMANTIC_DECOY,D7,POWERTRAIN,B3_Graph_Only,HIGH,0.7143,1.0,1.0,1.0,0.0,1.0,1.0,0.006
V3_DECOY_0367,SEMANTIC_DECOY,D7,POWERTRAIN,B4_Contextual_Embedding,HIGH,0.7143,1.0,0.0,0.0,1.0,0.875,1.0,1.954
V3_DECOY_0367,SEMANTIC_DECOY,D7,POWERTRAIN,B5_AURA_Hybrid,HIGH,0.7143,1.0,1.0,1.0,0.0,1.0,1.0,0.017
V3_DECOY_0368,SEMANTIC_DECOY,D8,BODY_ELECTRONICS,B0_Full_Suite,HIGH,0.75,1.0,0.0,0.0,1.0,0.0,1.0,0.1
V3_DECOY_0368,SEMANTIC_DECOY,D8,BODY_ELECTRONICS,B1_Keyword,HIGH,0.75,1.0,1.0,1.0,0.0,1.0,1.0,0.984
V3_DECOY_0368,SEMANTIC_DECOY,D8,BODY_ELECTRONICS,B2_Raw_Embedding,HIGH,0.75,1.0,0.0,0.0,1.0,0.7917,1.0,1.33
V3_DECOY_0368,SEMANTIC_DECOY,D8,BODY_ELECTRONICS,B3_Graph_Only,HIGH,0.75,1.0,1.0,1.0,0.0,1.0,1.0,0.005
V3_DECOY_0368,SEMANTIC_DECOY,D8,BODY_ELECTRONICS,B4_Contextual_Embedding,HIGH,0.75,1.0,0.0,0.0,1.0,0.7917,1.0,1.676
V3_DECOY_0368,SEMANTIC_DECOY,D8,BODY_ELECTRONICS,B5_AURA_Hybrid,HIGH,0.75,1.0,1.0,1.0,0.0,1.0,1.0,0.015
V3_DECOY_0369,SEMANTIC_DECOY,D9,ADAS,B0_Full_Suite,HIGH,0.75,1.0,0.0,0.0,1.0,0.0,1.0,0.1
V3_DECOY_0369,SEMANTIC_DECOY,D9,ADAS,B1_Keyword,HIGH,0.75,1.0,0.0,0.0,1.0,0.7059,1.0,1.376
V3_DECOY_0369,SEMANTIC_DECOY,D9,ADAS,B2_Raw_Embedding,HIGH,0.75,1.0,0.0,0.0,1.0,0.8824,1.0,1.855
V3_DECOY_0369,SEMANTIC_DECOY,D9,ADAS,B3_Graph_Only,HIGH,0.75,1.0,1.0,1.0,0.0,1.0,1.0,0.006
V3_DECOY_0369,SEMANTIC_DECOY,D9,ADAS,B4_Contextual_Embedding,HIGH,0.75,1.0,0.0,0.0,1.0,0.8824,1.0,2.83
V3_DECOY_0369,SEMANTIC_DECOY,D9,ADAS,B5_AURA_Hybrid,HIGH,0.75,1.0,1.0,1.0,0.0,1.0,1.0,0.02
V3_DECOY_0370,SEMANTIC_DECOY,D10,POWERTRAIN,B0_Full_Suite,HIGH,0.7143,1.0,0.0,0.0,1.0,0.0,1.0,0.1
V3_DECOY_0370,SEMANTIC_DECOY,D10,POWERTRAIN,B1_Keyword,HIGH,0.7143,1.0,0.0,0.0,1.0,0.9875,1.0,1.149
V3_DECOY_0370,SEMANTIC_DECOY,D10,POWERTRAIN,B2_Raw_Embedding,HIGH,0.7143,1.0,0.0,0.0,1.0,0.875,1.0,1.591
V3_DECOY_0370,SEMANTIC_DECOY,D10,POWERTRAIN,B3_Graph_Only,HIGH,0.7143,1.0,1.0,1.0,0.0,1.0,1.0,0.006
V3_DECOY_0370,SEMANTIC_DECOY,D10,POWERTRAIN,B4_Contextual_Embedding,HIGH,0.7143,1.0,0.0,0.0,1.0,0.875,1.0,2.046
V3_DECOY_0370,SEMANTIC_DECOY,D10,POWERTRAIN,B5_AURA_Hybrid,HIGH,0.7143,1.0,1.0,1.0,0.0,1.0,1.0,0.018
V3_DECOY_0371,SEMANTIC_DECOY,D1,BODY_ELECTRONICS,B0_Full_Suite,HIGH,0.6667,1.0,0.0,0.0,1.0,0.0,1.0,0.1
V3_DECOY_0371,SEMANTIC_DECOY,D1,BODY_ELECTRONICS,B1_Keyword,HIGH,0.6667,1.0,0.0,0.0,1.0,0.8333,1.0,1.09
V3_DECOY_0371,SEMANTIC_DECOY,D1,BODY_ELECTRONICS,B2_Raw_Embedding,HIGH,0.6667,1.0,0.0,0.0,1.0,0.8125,1.0,1.124
V3_DECOY_0371,SEMANTIC_DECOY,D1,BODY_ELECTRONICS,B3_Graph_Only,HIGH,0.6667,1.0,1.0,1.0,0.0,1.0,1.0,0.005
V3_DECOY_0371,SEMANTIC_DECOY,D1,BODY_ELECTRONICS,B4_Contextual_Embedding,HIGH,0.6667,1.0,0.0,0.0,1.0,0.8125,1.0,1.88
V3_DECOY_0371,SEMANTIC_DECOY,D1,BODY_ELECTRONICS,B5_AURA_Hybrid,HIGH,0.6667,1.0,1.0,1.0,0.0,1.0,1.0,0.008
V3_DECOY_0372,SEMANTIC_DECOY,D2,ADAS,B0_Full_Suite,HIGH,0.75,1.0,0.0,0.0,1.0,0.0,1.0,0.1
V3_DECOY_0372,SEMANTIC_DECOY,D2,ADAS,B1_Keyword,HIGH,0.75,1.0,0.0,0.0,1.0,0.9059,1.0,2.464
V3_DECOY_0372,SEMANTIC_DECOY,D2,ADAS,B2_Raw_Embedding,HIGH,0.75,1.0,0.0,0.0,1.0,0.8941,1.0,1.705
V3_DECOY_0372,SEMANTIC_DECOY,D2,ADAS,B3_Graph_Only,HIGH,0.75,1.0,1.0,1.0,0.0,1.0,1.0,0.006
V3_DECOY_0372,SEMANTIC_DECOY,D2,ADAS,B4_Contextual_Embedding,HIGH,0.75,1.0,0.0,0.0,1.0,0.8941,1.0,2.204
V3_DECOY_0372,SEMANTIC_DECOY,D2,ADAS,B5_AURA_Hybrid,HIGH,0.75,1.0,1.0,1.0,0.0,1.0,1.0,0.019
V3_DECOY_0373,SEMANTIC_DECOY,D3,POWERTRAIN,B0_Full_Suite,HIGH,0.75,1.0,0.0,0.0,1.0,0.0,1.0,0.1
V3_DECOY_0373,SEMANTIC_DECOY,D3,POWERTRAIN,B1_Keyword,HIGH,0.75,1.0,0.0,0.0,1.0,0.9875,1.0,1.632
V3_DECOY_0373,SEMANTIC_DECOY,D3,POWERTRAIN,B2_Raw_Embedding,HIGH,0.75,1.0,0.0,0.0,1.0,0.875,1.0,1.647
V3_DECOY_0373,SEMANTIC_DECOY,D3,POWERTRAIN,B3_Graph_Only,HIGH,0.75,1.0,1.0,1.0,0.0,1.0,1.0,0.005
V3_DECOY_0373,SEMANTIC_DECOY,D3,POWERTRAIN,B4_Contextual_Embedding,HIGH,0.75,1.0,0.0,0.0,1.0,0.875,1.0,2.048
V3_DECOY_0373,SEMANTIC_DECOY,D3,POWERTRAIN,B5_AURA_Hybrid,HIGH,0.75,1.0,1.0,1.0,0.0,1.0,1.0,0.017
V3_DECOY_0374,SEMANTIC_DECOY,D4,POWERTRAIN,B0_Full_Suite,HIGH,0.75,1.0,0.0,0.0,1.0,0.0,1.0,0.1
V3_DECOY_0374,SEMANTIC_DECOY,D4,POWERTRAIN,B1_Keyword,HIGH,0.75,1.0,0.0,0.0,1.0,0.9875,1.0,1.126
V3_DECOY_0374,SEMANTIC_DECOY,D4,POWERTRAIN,B2_Raw_Embedding,HIGH,0.75,1.0,0.0,0.0,1.0,0.875,1.0,1.339
V3_DECOY_0374,SEMANTIC_DECOY,D4,POWERTRAIN,B3_Graph_Only,HIGH,0.75,1.0,1.0,1.0,0.0,1.0,1.0,0.005
V3_DECOY_0374,SEMANTIC_DECOY,D4,POWERTRAIN,B4_Contextual_Embedding,HIGH,0.75,1.0,0.0,0.0,1.0,0.875,1.0,2.104
V3_DECOY_0374,SEMANTIC_DECOY,D4,POWERTRAIN,B5_AURA_Hybrid,HIGH,0.75,1.0,1.0,1.0,0.0,1.0,1.0,0.018
V3_DECOY_0375,SEMANTIC_DECOY,D5,ADAS,B0_Full_Suite,HIGH,0.7143,1.0,0.0,0.0,1.0,0.0,1.0,0.1
V3_DECOY_0375,SEMANTIC_DECOY,D5,ADAS,B1_Keyword,HIGH,0.7143,1.0,0.0,0.0,1.0,0.9059,1.0,1.394
V3_DECOY_0375,SEMANTIC_DECOY,D5,ADAS,B2_Raw_Embedding,HIGH,0.7143,1.0,0.0,0.0,1.0,0.8824,1.0,1.566
V3_DECOY_0375,SEMANTIC_DECOY,D5,ADAS,B3_Graph_Only,HIGH,0.7143,1.0,1.0,1.0,0.0,1.0,1.0,0.005
V3_DECOY_0375,SEMANTIC_DECOY,D5,ADAS,B4_Contextual_Embedding,HIGH,0.7143,1.0,0.0,0.0,1.0,0.8824,1.0,2.095
V3_DECOY_0375,SEMANTIC_DECOY,D5,ADAS,B5_AURA_Hybrid,HIGH,0.7143,1.0,1.0,1.0,0.0,1.0,1.0,0.018
V3_DECOY_0376,SEMANTIC_DECOY,D6,ADAS,B0_Full_Suite,HIGH,0.7778,1.0,0.0,0.0,1.0,0.0,1.0,0.1
V3_DECOY_0376,SEMANTIC_DECOY,D6,ADAS,B1_Keyword,HIGH,0.7778,1.0,1.0,1.0,0.0,1.0,1.0,1.164
V3_DECOY_0376,SEMANTIC_DECOY,D6,ADAS,B2_Raw_Embedding,HIGH,0.7778,1.0,0.0,0.0,1.0,0.8824,1.0,1.551
V3_DECOY_0376,SEMANTIC_DECOY,D6,ADAS,B3_Graph_Only,HIGH,0.7778,1.0,1.0,1.0,0.0,1.0,1.0,0.006
V3_DECOY_0376,SEMANTIC_DECOY,D6,ADAS,B4_Contextual_Embedding,HIGH,0.7778,1.0,0.0,0.0,1.0,0.8824,1.0,2.149
V3_DECOY_0376,SEMANTIC_DECOY,D6,ADAS,B5_AURA_Hybrid,HIGH,0.7778,1.0,1.0,1.0,0.0,1.0,1.0,0.018
V3_DECOY_0377,SEMANTIC_DECOY,D7,POWERTRAIN,B0_Full_Suite,HIGH,0.7143,1.0,0.0,0.0,1.0,0.0,1.0,0.1
V3_DECOY_0377,SEMANTIC_DECOY,D7,POWERTRAIN,B1_Keyword,HIGH,0.7143,1.0,0.0,0.0,1.0,0.8625,1.0,1.162
V3_DECOY_0377,SEMANTIC_DECOY,D7,POWERTRAIN,B2_Raw_Embedding,HIGH,0.7143,1.0,0.0,0.0,1.0,0.8875,1.0,1.386
V3_DECOY_0377,SEMANTIC_DECOY,D7,POWERTRAIN,B3_Graph_Only,HIGH,0.7143,1.0,1.0,1.0,0.0,1.0,1.0,0.005
V3_DECOY_0377,SEMANTIC_DECOY,D7,POWERTRAIN,B4_Contextual_Embedding,HIGH,0.7143,1.0,0.0,0.0,1.0,0.875,1.0,1.945
V3_DECOY_0377,SEMANTIC_DECOY,D7,POWERTRAIN,B5_AURA_Hybrid,HIGH,0.7143,1.0,1.0,1.0,0.0,1.0,1.0,0.016
V3_DECOY_0378,SEMANTIC_DECOY,D8,BODY_ELECTRONICS,B0_Full_Suite,HIGH,0.75,1.0,0.0,0.0,1.0,0.0,1.0,0.1
V3_DECOY_0378,SEMANTIC_DECOY,D8,BODY_ELECTRONICS,B1_Keyword,HIGH,0.75,1.0,1.0,1.0,0.0,1.0,1.0,1.51
V3_DECOY_0378,SEMANTIC_DECOY,D8,BODY_ELECTRONICS,B2_Raw_Embedding,HIGH,0.75,1.0,0.0,0.0,1.0,0.7917,1.0,1.377
V3_DECOY_0378,SEMANTIC_DECOY,D8,BODY_ELECTRONICS,B3_Graph_Only,HIGH,0.75,1.0,1.0,1.0,0.0,1.0,1.0,0.006
V3_DECOY_0378,SEMANTIC_DECOY,D8,BODY_ELECTRONICS,B4_Contextual_Embedding,HIGH,0.75,1.0,0.0,0.0,1.0,0.7917,1.0,1.803
V3_DECOY_0378,SEMANTIC_DECOY,D8,BODY_ELECTRONICS,B5_AURA_Hybrid,HIGH,0.75,1.0,1.0,1.0,0.0,1.0,1.0,0.02
V3_DECOY_0379,SEMANTIC_DECOY,D9,ADAS,B0_Full_Suite,HIGH,0.75,1.0,0.0,0.0,1.0,0.0,1.0,0.1
V3_DECOY_0379,SEMANTIC_DECOY,D9,ADAS,B1_Keyword,HIGH,0.75,1.0,0.0,0.0,1.0,0.7059,1.0,1.346
V3_DECOY_0379,SEMANTIC_DECOY,D9,ADAS,B2_Raw_Embedding,HIGH,0.75,1.0,0.0,0.0,1.0,0.8824,1.0,1.756
V3_DECOY_0379,SEMANTIC_DECOY,D9,ADAS,B3_Graph_Only,HIGH,0.75,1.0,1.0,1.0,0.0,1.0,1.0,0.006
V3_DECOY_0379,SEMANTIC_DECOY,D9,ADAS,B4_Contextual_Embedding,HIGH,0.75,1.0,0.0,0.0,1.0,0.8824,1.0,2.21
V3_DECOY_0379,SEMANTIC_DECOY,D9,ADAS,B5_AURA_Hybrid,HIGH,0.75,1.0,1.0,1.0,0.0,1.0,1.0,0.017
V3_DECOY_0380,SEMANTIC_DECOY,D10,POWERTRAIN,B0_Full_Suite,HIGH,0.7143,1.0,0.0,0.0,1.0,0.0,1.0,0.1
V3_DECOY_0380,SEMANTIC_DECOY,D10,POWERTRAIN,B1_Keyword,HIGH,0.7143,1.0,0.0,0.0,1.0,0.9875,1.0,1.097
V3_DECOY_0380,SEMANTIC_DECOY,D10,POWERTRAIN,B2_Raw_Embedding,HIGH,0.7143,1.0,0.0,0.0,1.0,0.875,1.0,1.532
V3_DECOY_0380,SEMANTIC_DECOY,D10,POWERTRAIN,B3_Graph_Only,HIGH,0.7143,1.0,1.0,1.0,0.0,1.0,1.0,0.006
V3_DECOY_0380,SEMANTIC_DECOY,D10,POWERTRAIN,B4_Contextual_Embedding,HIGH,0.7143,1.0,0.0,0.0,1.0,0.875,1.0,5.818
V3_DECOY_0380,SEMANTIC_DECOY,D10,POWERTRAIN,B5_AURA_Hybrid,HIGH,0.7143,1.0,1.0,1.0,0.0,1.0,1.0,0.02
V3_DECOY_0381,SEMANTIC_DECOY,D1,BODY_ELECTRONICS,B0_Full_Suite,HIGH,0.6667,1.0,0.0,0.0,1.0,0.0,1.0,0.1
V3_DECOY_0381,SEMANTIC_DECOY,D1,BODY_ELECTRONICS,B1_Keyword,HIGH,0.6667,1.0,0.0,0.0,1.0,0.8333,1.0,2.544
V3_DECOY_0381,SEMANTIC_DECOY,D1,BODY_ELECTRONICS,B2_Raw_Embedding,HIGH,0.6667,1.0,0.0,0.0,1.0,0.8125,1.0,1.368
V3_DECOY_0381,SEMANTIC_DECOY,D1,BODY_ELECTRONICS,B3_Graph_Only,HIGH,0.6667,1.0,1.0,1.0,0.0,1.0,1.0,0.006
V3_DECOY_0381,SEMANTIC_DECOY,D1,BODY_ELECTRONICS,B4_Contextual_Embedding,HIGH,0.6667,1.0,0.0,0.0,1.0,0.8125,1.0,1.838
V3_DECOY_0381,SEMANTIC_DECOY,D1,BODY_ELECTRONICS,B5_AURA_Hybrid,HIGH,0.6667,1.0,1.0,1.0,0.0,1.0,1.0,0.018
V3_DECOY_0382,SEMANTIC_DECOY,D2,ADAS,B0_Full_Suite,HIGH,0.75,1.0,0.0,0.0,1.0,0.0,1.0,0.1
V3_DECOY_0382,SEMANTIC_DECOY,D2,ADAS,B1_Keyword,HIGH,0.75,1.0,0.0,0.0,1.0,0.9059,1.0,1.245
V3_DECOY_0382,SEMANTIC_DECOY,D2,ADAS,B2_Raw_Embedding,HIGH,0.75,1.0,0.0,0.0,1.0,0.8941,1.0,1.576
V3_DECOY_0382,SEMANTIC_DECOY,D2,ADAS,B3_Graph_Only,HIGH,0.75,1.0,1.0,1.0,0.0,1.0,1.0,0.005
V3_DECOY_0382,SEMANTIC_DECOY,D2,ADAS,B4_Contextual_Embedding,HIGH,0.75,1.0,0.0,0.0,1.0,0.8941,1.0,2.148
V3_DECOY_0382,SEMANTIC_DECOY,D2,ADAS,B5_AURA_Hybrid,HIGH,0.75,1.0,1.0,1.0,0.0,1.0,1.0,0.039
V3_DECOY_0383,SEMANTIC_DECOY,D3,POWERTRAIN,B0_Full_Suite,HIGH,0.75,1.0,0.0,0.0,1.0,0.0,1.0,0.1
V3_DECOY_0383,SEMANTIC_DECOY,D3,POWERTRAIN,B1_Keyword,HIGH,0.75,1.0,0.0,0.0,1.0,0.9875,1.0,1.141
V3_DECOY_0383,SEMANTIC_DECOY,D3,POWERTRAIN,B2_Raw_Embedding,HIGH,0.75,1.0,0.0,0.0,1.0,0.8875,1.0,1.379
V3_DECOY_0383,SEMANTIC_DECOY,D3,POWERTRAIN,B3_Graph_Only,HIGH,0.75,1.0,1.0,1.0,0.0,1.0,1.0,0.002
V3_DECOY_0383,SEMANTIC_DECOY,D3,POWERTRAIN,B4_Contextual_Embedding,HIGH,0.75,1.0,0.0,0.0,1.0,0.875,1.0,1.956
V3_DECOY_0383,SEMANTIC_DECOY,D3,POWERTRAIN,B5_AURA_Hybrid,HIGH,0.75,1.0,1.0,1.0,0.0,1.0,1.0,0.022
V3_DECOY_0384,SEMANTIC_DECOY,D4,POWERTRAIN,B0_Full_Suite,HIGH,0.75,1.0,0.0,0.0,1.0,0.0,1.0,0.1
V3_DECOY_0384,SEMANTIC_DECOY,D4,POWERTRAIN,B1_Keyword,HIGH,0.75,1.0,0.0,0.0,1.0,0.9875,1.0,1.158
V3_DECOY_0384,SEMANTIC_DECOY,D4,POWERTRAIN,B2_Raw_Embedding,HIGH,0.75,1.0,0.0,0.0,1.0,0.875,1.0,1.463
V3_DECOY_0384,SEMANTIC_DECOY,D4,POWERTRAIN,B3_Graph_Only,HIGH,0.75,1.0,1.0,1.0,0.0,1.0,1.0,0.006
V3_DECOY_0384,SEMANTIC_DECOY,D4,POWERTRAIN,B4_Contextual_Embedding,HIGH,0.75,1.0,0.0,0.0,1.0,0.875,1.0,2.041
V3_DECOY_0384,SEMANTIC_DECOY,D4,POWERTRAIN,B5_AURA_Hybrid,HIGH,0.75,1.0,1.0,1.0,0.0,1.0,1.0,0.018
V3_DECOY_0385,SEMANTIC_DECOY,D5,ADAS,B0_Full_Suite,HIGH,0.7143,1.0,0.0,0.0,1.0,0.0,1.0,0.1
V3_DECOY_0385,SEMANTIC_DECOY,D5,ADAS,B1_Keyword,HIGH,0.7143,1.0,0.0,0.0,1.0,0.9059,1.0,1.207
V3_DECOY_0385,SEMANTIC_DECOY,D5,ADAS,B2_Raw_Embedding,HIGH,0.7143,1.0,0.0,0.0,1.0,0.8824,1.0,1.583
V3_DECOY_0385,SEMANTIC_DECOY,D5,ADAS,B3_Graph_Only,HIGH,0.7143,1.0,1.0,1.0,0.0,1.0,1.0,0.005
V3_DECOY_0385,SEMANTIC_DECOY,D5,ADAS,B4_Contextual_Embedding,HIGH,0.7143,1.0,0.0,0.0,1.0,0.8824,1.0,2.116
V3_DECOY_0385,SEMANTIC_DECOY,D5,ADAS,B5_AURA_Hybrid,HIGH,0.7143,1.0,1.0,1.0,0.0,1.0,1.0,0.016
V3_DECOY_0386,SEMANTIC_DECOY,D6,ADAS,B0_Full_Suite,HIGH,0.7778,1.0,0.0,0.0,1.0,0.0,1.0,0.1
V3_DECOY_0386,SEMANTIC_DECOY,D6,ADAS,B1_Keyword,HIGH,0.7778,1.0,1.0,1.0,0.0,1.0,1.0,1.391
V3_DECOY_0386,SEMANTIC_DECOY,D6,ADAS,B2_Raw_Embedding,HIGH,0.7778,1.0,0.0,0.0,1.0,0.8824,1.0,1.786
V3_DECOY_0386,SEMANTIC_DECOY,D6,ADAS,B3_Graph_Only,HIGH,0.7778,1.0,1.0,1.0,0.0,1.0,1.0,0.016
V3_DECOY_0386,SEMANTIC_DECOY,D6,ADAS,B4_Contextual_Embedding,HIGH,0.7778,1.0,0.0,0.0,1.0,0.8824,1.0,1.644
V3_DECOY_0386,SEMANTIC_DECOY,D6,ADAS,B5_AURA_Hybrid,HIGH,0.7778,1.0,1.0,1.0,0.0,1.0,1.0,0.019
V3_DECOY_0387,SEMANTIC_DECOY,D7,POWERTRAIN,B0_Full_Suite,HIGH,0.7143,1.0,0.0,0.0,1.0,0.0,1.0,0.1
V3_DECOY_0387,SEMANTIC_DECOY,D7,POWERTRAIN,B1_Keyword,HIGH,0.7143,1.0,0.0,0.0,1.0,0.8625,1.0,1.356
V3_DECOY_0387,SEMANTIC_DECOY,D7,POWERTRAIN,B2_Raw_Embedding,HIGH,0.7143,1.0,0.0,0.0,1.0,0.8875,1.0,1.692
V3_DECOY_0387,SEMANTIC_DECOY,D7,POWERTRAIN,B3_Graph_Only,HIGH,0.7143,1.0,1.0,1.0,0.0,1.0,1.0,0.006
V3_DECOY_0387,SEMANTIC_DECOY,D7,POWERTRAIN,B4_Contextual_Embedding,HIGH,0.7143,1.0,0.0,0.0,1.0,0.875,1.0,2.044
V3_DECOY_0387,SEMANTIC_DECOY,D7,POWERTRAIN,B5_AURA_Hybrid,HIGH,0.7143,1.0,1.0,1.0,0.0,1.0,1.0,0.018
V3_DECOY_0388,SEMANTIC_DECOY,D8,BODY_ELECTRONICS,B0_Full_Suite,HIGH,0.75,1.0,0.0,0.0,1.0,0.0,1.0,0.1
V3_DECOY_0388,SEMANTIC_DECOY,D8,BODY_ELECTRONICS,B1_Keyword,HIGH,0.75,1.0,1.0,1.0,0.0,1.0,1.0,1.039
V3_DECOY_0388,SEMANTIC_DECOY,D8,BODY_ELECTRONICS,B2_Raw_Embedding,HIGH,0.75,1.0,0.0,0.0,1.0,0.7917,1.0,1.256
V3_DECOY_0388,SEMANTIC_DECOY,D8,BODY_ELECTRONICS,B3_Graph_Only,HIGH,0.75,1.0,1.0,1.0,0.0,1.0,1.0,0.006
V3_DECOY_0388,SEMANTIC_DECOY,D8,BODY_ELECTRONICS,B4_Contextual_Embedding,HIGH,0.75,1.0,0.0,0.0,1.0,0.7917,1.0,1.742
V3_DECOY_0388,SEMANTIC_DECOY,D8,BODY_ELECTRONICS,B5_AURA_Hybrid,HIGH,0.75,1.0,1.0,1.0,0.0,1.0,1.0,0.018
V3_DECOY_0389,SEMANTIC_DECOY,D9,ADAS,B0_Full_Suite,HIGH,0.75,1.0,0.0,0.0,1.0,0.0,1.0,0.1
V3_DECOY_0389,SEMANTIC_DECOY,D9,ADAS,B1_Keyword,HIGH,0.75,1.0,0.0,0.0,1.0,0.7059,1.0,1.19
V3_DECOY_0389,SEMANTIC_DECOY,D9,ADAS,B2_Raw_Embedding,HIGH,0.75,1.0,0.0,0.0,1.0,0.8824,1.0,1.846
V3_DECOY_0389,SEMANTIC_DECOY,D9,ADAS,B3_Graph_Only,HIGH,0.75,1.0,1.0,1.0,0.0,1.0,1.0,0.007
V3_DECOY_0389,SEMANTIC_DECOY,D9,ADAS,B4_Contextual_Embedding,HIGH,0.75,1.0,0.0,0.0,1.0,0.8824,1.0,3.133
V3_DECOY_0389,SEMANTIC_DECOY,D9,ADAS,B5_AURA_Hybrid,HIGH,0.75,1.0,1.0,1.0,0.0,1.0,1.0,0.018
V3_DECOY_0390,SEMANTIC_DECOY,D10,POWERTRAIN,B0_Full_Suite,HIGH,0.7143,1.0,0.0,0.0,1.0,0.0,1.0,0.1
V3_DECOY_0390,SEMANTIC_DECOY,D10,POWERTRAIN,B1_Keyword,HIGH,0.7143,1.0,0.0,0.0,1.0,0.9875,1.0,1.239
V3_DECOY_0390,SEMANTIC_DECOY,D10,POWERTRAIN,B2_Raw_Embedding,HIGH,0.7143,1.0,0.0,0.0,1.0,0.875,1.0,1.542
V3_DECOY_0390,SEMANTIC_DECOY,D10,POWERTRAIN,B3_Graph_Only,HIGH,0.7143,1.0,1.0,1.0,0.0,1.0,1.0,0.007
V3_DECOY_0390,SEMANTIC_DECOY,D10,POWERTRAIN,B4_Contextual_Embedding,HIGH,0.7143,1.0,0.0,0.0,1.0,0.875,1.0,2.578
V3_DECOY_0390,SEMANTIC_DECOY,D10,POWERTRAIN,B5_AURA_Hybrid,HIGH,0.7143,1.0,1.0,1.0,0.0,1.0,1.0,0.02
V3_AMB_0391,AMBIGUOUS,A1,ADAS,B0_Full_Suite,LOW,0.0,0.0,0.0,0.0,1.0,0.0,1.0,0.1
V3_AMB_0391,AMBIGUOUS,A1,ADAS,B1_Keyword,LOW,0.0,0.0,0.0,0.0,1.0,0.9176,1.0,1.257
V3_AMB_0391,AMBIGUOUS,A1,ADAS,B2_Raw_Embedding,LOW,0.0,0.0,0.0,0.0,1.0,0.8824,1.0,1.898
V3_AMB_0391,AMBIGUOUS,A1,ADAS,B3_Graph_Only,LOW,0.0,1.0,1.0,1.0,0.0,1.0,1.0,0.006
V3_AMB_0391,AMBIGUOUS,A1,ADAS,B4_Contextual_Embedding,LOW,0.0,0.0,0.0,0.0,1.0,0.8824,1.0,2.353
V3_AMB_0391,AMBIGUOUS,A1,ADAS,B5_AURA_Hybrid,LOW,0.0,1.0,1.0,1.0,0.0,0.8824,1.0,2.567
V3_AMB_0392,AMBIGUOUS,A2,ADAS,B0_Full_Suite,LOW,0.0,0.0,0.0,0.0,1.0,0.0,1.0,0.1
V3_AMB_0392,AMBIGUOUS,A2,ADAS,B1_Keyword,LOW,0.0,0.0,0.0,0.0,1.0,0.9176,1.0,1.74
V3_AMB_0392,AMBIGUOUS,A2,ADAS,B2_Raw_Embedding,LOW,0.0,0.0,0.0,0.0,1.0,0.8824,1.0,1.786
V3_AMB_0392,AMBIGUOUS,A2,ADAS,B3_Graph_Only,LOW,0.0,1.0,1.0,1.0,0.0,1.0,1.0,0.006
V3_AMB_0392,AMBIGUOUS,A2,ADAS,B4_Contextual_Embedding,LOW,0.0,0.0,0.0,0.0,1.0,0.8824,1.0,2.353
V3_AMB_0392,AMBIGUOUS,A2,ADAS,B5_AURA_Hybrid,LOW,0.0,1.0,1.0,1.0,0.0,0.8824,1.0,2.387
V3_AMB_0393,AMBIGUOUS,A3,ADAS,B0_Full_Suite,LOW,0.0,0.0,0.0,0.0,1.0,0.0,1.0,0.1
V3_AMB_0393,AMBIGUOUS,A3,ADAS,B1_Keyword,LOW,0.0,0.0,0.0,0.0,1.0,0.9176,1.0,1.257
V3_AMB_0393,AMBIGUOUS,A3,ADAS,B2_Raw_Embedding,LOW,0.0,0.0,0.0,0.0,1.0,0.8824,1.0,1.757
V3_AMB_0393,AMBIGUOUS,A3,ADAS,B3_Graph_Only,LOW,0.0,1.0,1.0,1.0,0.0,1.0,1.0,0.006
V3_AMB_0393,AMBIGUOUS,A3,ADAS,B4_Contextual_Embedding,LOW,0.0,0.0,0.0,0.0,1.0,0.8824,1.0,2.201
V3_AMB_0393,AMBIGUOUS,A3,ADAS,B5_AURA_Hybrid,LOW,0.0,1.0,1.0,1.0,0.0,0.8824,1.0,2.5
V3_AMB_0394,AMBIGUOUS,A4,ADAS,B0_Full_Suite,LOW,0.0,0.0,0.0,0.0,1.0,0.0,1.0,0.1
V3_AMB_0394,AMBIGUOUS,A4,ADAS,B1_Keyword,LOW,0.0,0.0,0.0,0.0,1.0,0.9176,1.0,1.273
V3_AMB_0394,AMBIGUOUS,A4,ADAS,B2_Raw_Embedding,LOW,0.0,0.0,0.0,0.0,1.0,0.8824,1.0,1.803
V3_AMB_0394,AMBIGUOUS,A4,ADAS,B3_Graph_Only,LOW,0.0,1.0,1.0,1.0,0.0,1.0,1.0,0.006
V3_AMB_0394,AMBIGUOUS,A4,ADAS,B4_Contextual_Embedding,LOW,0.0,0.0,0.0,0.0,1.0,0.8824,1.0,2.495
V3_AMB_0394,AMBIGUOUS,A4,ADAS,B5_AURA_Hybrid,LOW,0.0,1.0,1.0,1.0,0.0,0.8824,1.0,2.491
V3_AMB_0395,AMBIGUOUS,A5,ADAS,B0_Full_Suite,LOW,0.0,0.0,0.0,0.0,1.0,0.0,1.0,0.1
V3_AMB_0395,AMBIGUOUS,A5,ADAS,B1_Keyword,LOW,0.0,0.0,0.0,0.0,1.0,0.9176,1.0,1.199
V3_AMB_0395,AMBIGUOUS,A5,ADAS,B2_Raw_Embedding,LOW,0.0,0.0,0.0,0.0,1.0,0.8941,1.0,1.67
V3_AMB_0395,AMBIGUOUS,A5,ADAS,B3_Graph_Only,LOW,0.0,1.0,1.0,1.0,0.0,1.0,1.0,0.005
V3_AMB_0395,AMBIGUOUS,A5,ADAS,B4_Contextual_Embedding,LOW,0.0,0.0,0.0,0.0,1.0,0.8824,1.0,2.572
V3_AMB_0395,AMBIGUOUS,A5,ADAS,B5_AURA_Hybrid,LOW,0.0,1.0,1.0,1.0,0.0,0.8824,1.0,2.785
V3_AMB_0396,AMBIGUOUS,A1,POWERTRAIN,B0_Full_Suite,LOW,0.0,0.0,0.0,0.0,1.0,0.0,1.0,0.1
V3_AMB_0396,AMBIGUOUS,A1,POWERTRAIN,B1_Keyword,LOW,0.0,0.0,0.0,0.0,1.0,0.9875,1.0,2.234
V3_AMB_0396,AMBIGUOUS,A1,POWERTRAIN,B2_Raw_Embedding,LOW,0.0,0.0,0.0,0.0,1.0,0.9,1.0,1.697
V3_AMB_0396,AMBIGUOUS,A1,POWERTRAIN,B3_Graph_Only,LOW,0.0,1.0,1.0,1.0,0.0,1.0,1.0,0.006
V3_AMB_0396,AMBIGUOUS,A1,POWERTRAIN,B4_Contextual_Embedding,LOW,0.0,0.0,0.0,0.0,1.0,0.875,1.0,2.061
V3_AMB_0396,AMBIGUOUS,A1,POWERTRAIN,B5_AURA_Hybrid,LOW,0.0,1.0,1.0,1.0,0.0,0.875,1.0,2.244
V3_AMB_0397,AMBIGUOUS,A2,POWERTRAIN,B0_Full_Suite,LOW,0.0,0.0,0.0,0.0,1.0,0.0,1.0,0.1
V3_AMB_0397,AMBIGUOUS,A2,POWERTRAIN,B1_Keyword,LOW,0.0,0.0,0.0,0.0,1.0,0.85,1.0,1.296
V3_AMB_0397,AMBIGUOUS,A2,POWERTRAIN,B2_Raw_Embedding,LOW,0.0,0.0,0.0,0.0,1.0,0.875,1.0,1.591
V3_AMB_0397,AMBIGUOUS,A2,POWERTRAIN,B3_Graph_Only,LOW,0.0,1.0,1.0,1.0,0.0,1.0,1.0,0.006
V3_AMB_0397,AMBIGUOUS,A2,POWERTRAIN,B4_Contextual_Embedding,LOW,0.0,0.0,0.0,0.0,1.0,0.8875,1.0,2.075
V3_AMB_0397,AMBIGUOUS,A2,POWERTRAIN,B5_AURA_Hybrid,LOW,0.0,1.0,1.0,1.0,0.0,0.8875,1.0,2.282
V3_AMB_0398,AMBIGUOUS,A3,POWERTRAIN,B0_Full_Suite,LOW,0.0,0.0,0.0,0.0,1.0,0.0,1.0,0.1
V3_AMB_0398,AMBIGUOUS,A3,POWERTRAIN,B1_Keyword,LOW,0.0,0.0,0.0,0.0,1.0,0.9625,1.0,1.366
V3_AMB_0398,AMBIGUOUS,A3,POWERTRAIN,B2_Raw_Embedding,LOW,0.0,0.0,0.0,0.0,1.0,0.875,1.0,1.648
V3_AMB_0398,AMBIGUOUS,A3,POWERTRAIN,B3_Graph_Only,LOW,0.0,1.0,1.0,1.0,0.0,1.0,1.0,0.006
V3_AMB_0398,AMBIGUOUS,A3,POWERTRAIN,B4_Contextual_Embedding,LOW,0.0,0.0,0.0,0.0,1.0,0.9125,1.0,2.032
V3_AMB_0398,AMBIGUOUS,A3,POWERTRAIN,B5_AURA_Hybrid,LOW,0.0,1.0,1.0,1.0,0.0,0.9125,1.0,2.328
V3_AMB_0399,AMBIGUOUS,A4,POWERTRAIN,B0_Full_Suite,LOW,0.0,0.0,0.0,0.0,1.0,0.0,1.0,0.1
V3_AMB_0399,AMBIGUOUS,A4,POWERTRAIN,B1_Keyword,LOW,0.0,0.0,0.0,0.0,1.0,0.9875,1.0,1.202
V3_AMB_0399,AMBIGUOUS,A4,POWERTRAIN,B2_Raw_Embedding,LOW,0.0,0.0,0.0,0.0,1.0,0.875,1.0,1.551
V3_AMB_0399,AMBIGUOUS,A4,POWERTRAIN,B3_Graph_Only,LOW,0.0,1.0,1.0,1.0,0.0,1.0,1.0,0.005
V3_AMB_0399,AMBIGUOUS,A4,POWERTRAIN,B4_Contextual_Embedding,LOW,0.0,0.0,0.0,0.0,1.0,0.8,1.0,2.004
V3_AMB_0399,AMBIGUOUS,A4,POWERTRAIN,B5_AURA_Hybrid,LOW,0.0,1.0,1.0,1.0,0.0,0.8,1.0,4.154
V3_AMB_0400,AMBIGUOUS,A5,POWERTRAIN,B0_Full_Suite,LOW,0.0,0.0,0.0,0.0,1.0,0.0,1.0,0.1
V3_AMB_0400,AMBIGUOUS,A5,POWERTRAIN,B1_Keyword,LOW,0.0,0.0,0.0,0.0,1.0,0.9875,1.0,1.277
V3_AMB_0400,AMBIGUOUS,A5,POWERTRAIN,B2_Raw_Embedding,LOW,0.0,0.0,0.0,0.0,1.0,0.8875,1.0,1.651
V3_AMB_0400,AMBIGUOUS,A5,POWERTRAIN,B3_Graph_Only,LOW,0.0,1.0,1.0,1.0,0.0,1.0,1.0,0.006
V3_AMB_0400,AMBIGUOUS,A5,POWERTRAIN,B4_Contextual_Embedding,LOW,0.0,0.0,0.0,0.0,1.0,0.875,1.0,2.139
V3_AMB_0400,AMBIGUOUS,A5,POWERTRAIN,B5_AURA_Hybrid,LOW,0.0,1.0,1.0,1.0,0.0,0.875,1.0,2.224
V3_AMB_0401,AMBIGUOUS,A1,BATTERY_EV,B0_Full_Suite,LOW,0.0,0.0,0.0,0.0,1.0,0.0,1.0,0.1
V3_AMB_0401,AMBIGUOUS,A1,BATTERY_EV,B1_Keyword,LOW,0.0,0.0,0.0,0.0,1.0,0.975,1.0,1.183
V3_AMB_0401,AMBIGUOUS,A1,BATTERY_EV,B2_Raw_Embedding,LOW,0.0,0.0,0.0,0.0,1.0,0.875,1.0,1.725
V3_AMB_0401,AMBIGUOUS,A1,BATTERY_EV,B3_Graph_Only,LOW,0.0,1.0,1.0,1.0,0.0,1.0,1.0,0.006
V3_AMB_0401,AMBIGUOUS,A1,BATTERY_EV,B4_Contextual_Embedding,LOW,0.0,0.0,0.0,0.0,1.0,0.875,1.0,2.265
V3_AMB_0401,AMBIGUOUS,A1,BATTERY_EV,B5_AURA_Hybrid,LOW,0.0,1.0,1.0,1.0,0.0,0.875,1.0,1.803
V3_AMB_0402,AMBIGUOUS,A2,BATTERY_EV,B0_Full_Suite,LOW,0.0,0.0,0.0,0.0,1.0,0.0,1.0,0.1
V3_AMB_0402,AMBIGUOUS,A2,BATTERY_EV,B1_Keyword,LOW,0.0,0.0,0.0,0.0,1.0,0.975,1.0,0.748
V3_AMB_0402,AMBIGUOUS,A2,BATTERY_EV,B2_Raw_Embedding,LOW,0.0,0.0,0.0,0.0,1.0,0.8875,1.0,1.634
V3_AMB_0402,AMBIGUOUS,A2,BATTERY_EV,B3_Graph_Only,LOW,0.0,1.0,1.0,1.0,0.0,1.0,1.0,0.006
V3_AMB_0402,AMBIGUOUS,A2,BATTERY_EV,B4_Contextual_Embedding,LOW,0.0,0.0,0.0,0.0,1.0,0.875,1.0,2.051
V3_AMB_0402,AMBIGUOUS,A2,BATTERY_EV,B5_AURA_Hybrid,LOW,0.0,1.0,1.0,1.0,0.0,0.875,1.0,2.502
V3_AMB_0403,AMBIGUOUS,A3,BATTERY_EV,B0_Full_Suite,LOW,0.0,0.0,0.0,0.0,1.0,0.0,1.0,0.1
V3_AMB_0403,AMBIGUOUS,A3,BATTERY_EV,B1_Keyword,LOW,0.0,0.0,0.0,0.0,1.0,0.975,1.0,1.413
V3_AMB_0403,AMBIGUOUS,A3,BATTERY_EV,B2_Raw_Embedding,LOW,0.0,0.0,0.0,0.0,1.0,0.875,1.0,1.64
V3_AMB_0403,AMBIGUOUS,A3,BATTERY_EV,B3_Graph_Only,LOW,0.0,1.0,1.0,1.0,0.0,1.0,1.0,0.007
V3_AMB_0403,AMBIGUOUS,A3,BATTERY_EV,B4_Contextual_Embedding,LOW,0.0,0.0,0.0,0.0,1.0,0.875,1.0,2.035
V3_AMB_0403,AMBIGUOUS,A3,BATTERY_EV,B5_AURA_Hybrid,LOW,0.0,1.0,1.0,1.0,0.0,0.875,1.0,2.136
V3_AMB_0404,AMBIGUOUS,A4,BATTERY_EV,B0_Full_Suite,LOW,0.0,0.0,0.0,0.0,1.0,0.0,1.0,0.1
V3_AMB_0404,AMBIGUOUS,A4,BATTERY_EV,B1_Keyword,LOW,0.0,0.0,0.0,0.0,1.0,0.975,1.0,1.167
V3_AMB_0404,AMBIGUOUS,A4,BATTERY_EV,B2_Raw_Embedding,LOW,0.0,0.0,0.0,0.0,1.0,0.875,1.0,2.182
V3_AMB_0404,AMBIGUOUS,A4,BATTERY_EV,B3_Graph_Only,LOW,0.0,1.0,1.0,1.0,0.0,1.0,1.0,0.007
V3_AMB_0404,AMBIGUOUS,A4,BATTERY_EV,B4_Contextual_Embedding,LOW,0.0,0.0,0.0,0.0,1.0,0.875,1.0,2.125
V3_AMB_0404,AMBIGUOUS,A4,BATTERY_EV,B5_AURA_Hybrid,LOW,0.0,1.0,1.0,1.0,0.0,0.875,1.0,2.329
V3_AMB_0405,AMBIGUOUS,A5,BATTERY_EV,B0_Full_Suite,LOW,0.0,0.0,0.0,0.0,1.0,0.0,1.0,0.1
V3_AMB_0405,AMBIGUOUS,A5,BATTERY_EV,B1_Keyword,LOW,0.0,0.0,0.0,0.0,1.0,0.975,1.0,1.263
V3_AMB_0405,AMBIGUOUS,A5,BATTERY_EV,B2_Raw_Embedding,LOW,0.0,0.0,0.0,0.0,1.0,0.8875,1.0,1.589
V3_AMB_0405,AMBIGUOUS,A5,BATTERY_EV,B3_Graph_Only,LOW,0.0,1.0,1.0,1.0,0.0,1.0,1.0,0.006
V3_AMB_0405,AMBIGUOUS,A5,BATTERY_EV,B4_Contextual_Embedding,LOW,0.0,0.0,0.0,0.0,1.0,0.875,1.0,2.036
V3_AMB_0405,AMBIGUOUS,A5,BATTERY_EV,B5_AURA_Hybrid,LOW,0.0,1.0,1.0,1.0,0.0,0.875,1.0,2.313
V3_AMB_0406,AMBIGUOUS,A1,BODY_ELECTRONICS,B0_Full_Suite,LOW,0.0,0.0,0.0,0.0,1.0,0.0,1.0,0.1
V3_AMB_0406,AMBIGUOUS,A1,BODY_ELECTRONICS,B1_Keyword,LOW,0.0,0.0,0.0,0.0,1.0,0.875,1.0,1.756
V3_AMB_0406,AMBIGUOUS,A1,BODY_ELECTRONICS,B2_Raw_Embedding,LOW,0.0,0.0,0.0,0.0,1.0,0.7917,1.0,0.526
V3_AMB_0406,AMBIGUOUS,A1,BODY_ELECTRONICS,B3_Graph_Only,LOW,0.0,1.0,1.0,1.0,0.0,1.0,1.0,0.002
V3_AMB_0406,AMBIGUOUS,A1,BODY_ELECTRONICS,B4_Contextual_Embedding,LOW,0.0,0.0,0.0,0.0,1.0,0.7917,1.0,1.469
V3_AMB_0406,AMBIGUOUS,A1,BODY_ELECTRONICS,B5_AURA_Hybrid,LOW,0.0,1.0,1.0,1.0,0.0,0.7917,1.0,1.975
V3_AMB_0407,AMBIGUOUS,A2,BODY_ELECTRONICS,B0_Full_Suite,LOW,0.0,0.0,0.0,0.0,1.0,0.0,1.0,0.1
V3_AMB_0407,AMBIGUOUS,A2,BODY_ELECTRONICS,B1_Keyword,LOW,0.0,0.0,0.0,0.0,1.0,0.875,1.0,1.131
V3_AMB_0407,AMBIGUOUS,A2,BODY_ELECTRONICS,B2_Raw_Embedding,LOW,0.0,0.0,0.0,0.0,1.0,0.7917,1.0,1.343
V3_AMB_0407,AMBIGUOUS,A2,BODY_ELECTRONICS,B3_Graph_Only,LOW,0.0,1.0,1.0,1.0,0.0,1.0,1.0,0.002
V3_AMB_0407,AMBIGUOUS,A2,BODY_ELECTRONICS,B4_Contextual_Embedding,LOW,0.0,0.0,0.0,0.0,1.0,0.8333,1.0,1.209
V3_AMB_0407,AMBIGUOUS,A2,BODY_ELECTRONICS,B5_AURA_Hybrid,LOW,0.0,1.0,1.0,1.0,0.0,0.8333,1.0,2.039
V3_AMB_0408,AMBIGUOUS,A3,BODY_ELECTRONICS,B0_Full_Suite,LOW,0.0,0.0,0.0,0.0,1.0,0.0,1.0,0.1
V3_AMB_0408,AMBIGUOUS,A3,BODY_ELECTRONICS,B1_Keyword,LOW,0.0,0.0,0.0,0.0,1.0,0.875,1.0,1.16
V3_AMB_0408,AMBIGUOUS,A3,BODY_ELECTRONICS,B2_Raw_Embedding,LOW,0.0,0.0,0.0,0.0,1.0,0.7917,1.0,1.22
V3_AMB_0408,AMBIGUOUS,A3,BODY_ELECTRONICS,B3_Graph_Only,LOW,0.0,1.0,1.0,1.0,0.0,1.0,1.0,0.006
V3_AMB_0408,AMBIGUOUS,A3,BODY_ELECTRONICS,B4_Contextual_Embedding,LOW,0.0,0.0,0.0,0.0,1.0,0.7917,1.0,1.724
V3_AMB_0408,AMBIGUOUS,A3,BODY_ELECTRONICS,B5_AURA_Hybrid,LOW,0.0,1.0,1.0,1.0,0.0,0.7917,1.0,2.358
V3_AMB_0409,AMBIGUOUS,A4,BODY_ELECTRONICS,B0_Full_Suite,LOW,0.0,0.0,0.0,0.0,1.0,0.0,1.0,0.1
V3_AMB_0409,AMBIGUOUS,A4,BODY_ELECTRONICS,B1_Keyword,LOW,0.0,0.0,0.0,0.0,1.0,0.875,1.0,1.196
V3_AMB_0409,AMBIGUOUS,A4,BODY_ELECTRONICS,B2_Raw_Embedding,LOW,0.0,0.0,0.0,0.0,1.0,0.7917,1.0,1.151
V3_AMB_0409,AMBIGUOUS,A4,BODY_ELECTRONICS,B3_Graph_Only,LOW,0.0,1.0,1.0,1.0,0.0,1.0,1.0,0.006
V3_AMB_0409,AMBIGUOUS,A4,BODY_ELECTRONICS,B4_Contextual_Embedding,LOW,0.0,0.0,0.0,0.0,1.0,0.8333,1.0,1.788
V3_AMB_0409,AMBIGUOUS,A4,BODY_ELECTRONICS,B5_AURA_Hybrid,LOW,0.0,1.0,1.0,1.0,0.0,0.8333,1.0,1.821
V3_AMB_0410,AMBIGUOUS,A5,BODY_ELECTRONICS,B0_Full_Suite,LOW,0.0,0.0,0.0,0.0,1.0,0.0,1.0,0.1
V3_AMB_0410,AMBIGUOUS,A5,BODY_ELECTRONICS,B1_Keyword,LOW,0.0,0.0,0.0,0.0,1.0,0.875,1.0,1.108
V3_AMB_0410,AMBIGUOUS,A5,BODY_ELECTRONICS,B2_Raw_Embedding,LOW,0.0,0.0,0.0,0.0,1.0,0.7917,1.0,1.32
V3_AMB_0410,AMBIGUOUS,A5,BODY_ELECTRONICS,B3_Graph_Only,LOW,0.0,1.0,1.0,1.0,0.0,1.0,1.0,0.006
V3_AMB_0410,AMBIGUOUS,A5,BODY_ELECTRONICS,B4_Contextual_Embedding,LOW,0.0,0.0,0.0,0.0,1.0,0.7917,1.0,1.684
V3_AMB_0410,AMBIGUOUS,A5,BODY_ELECTRONICS,B5_AURA_Hybrid,LOW,0.0,1.0,1.0,1.0,0.0,0.7917,1.0,1.811
V3_AMB_0411,AMBIGUOUS,A1,ADAS,B0_Full_Suite,LOW,0.0,0.0,0.0,0.0,1.0,0.0,1.0,0.1
V3_AMB_0411,AMBIGUOUS,A1,ADAS,B1_Keyword,LOW,0.0,0.0,0.0,0.0,1.0,0.9176,1.0,1.187
V3_AMB_0411,AMBIGUOUS,A1,ADAS,B2_Raw_Embedding,LOW,0.0,0.0,0.0,0.0,1.0,0.8824,1.0,2.055
V3_AMB_0411,AMBIGUOUS,A1,ADAS,B3_Graph_Only,LOW,0.0,1.0,1.0,1.0,0.0,1.0,1.0,0.005
V3_AMB_0411,AMBIGUOUS,A1,ADAS,B4_Contextual_Embedding,LOW,0.0,0.0,0.0,0.0,1.0,0.8824,1.0,2.478
V3_AMB_0411,AMBIGUOUS,A1,ADAS,B5_AURA_Hybrid,LOW,0.0,1.0,1.0,1.0,0.0,0.8824,1.0,2.536
V3_AMB_0412,AMBIGUOUS,A2,ADAS,B0_Full_Suite,LOW,0.0,0.0,0.0,0.0,1.0,0.0,1.0,0.1
V3_AMB_0412,AMBIGUOUS,A2,ADAS,B1_Keyword,LOW,0.0,0.0,0.0,0.0,1.0,0.9176,1.0,1.305
V3_AMB_0412,AMBIGUOUS,A2,ADAS,B2_Raw_Embedding,LOW,0.0,0.0,0.0,0.0,1.0,0.8824,1.0,1.872
V3_AMB_0412,AMBIGUOUS,A2,ADAS,B3_Graph_Only,LOW,0.0,1.0,1.0,1.0,0.0,1.0,1.0,0.006
V3_AMB_0412,AMBIGUOUS,A2,ADAS,B4_Contextual_Embedding,LOW,0.0,0.0,0.0,0.0,1.0,0.8824,1.0,2.453
V3_AMB_0412,AMBIGUOUS,A2,ADAS,B5_AURA_Hybrid,LOW,0.0,1.0,1.0,1.0,0.0,0.8824,1.0,2.404
V3_AMB_0413,AMBIGUOUS,A3,ADAS,B0_Full_Suite,LOW,0.0,0.0,0.0,0.0,1.0,0.0,1.0,0.1
V3_AMB_0413,AMBIGUOUS,A3,ADAS,B1_Keyword,LOW,0.0,0.0,0.0,0.0,1.0,0.9176,1.0,1.178
V3_AMB_0413,AMBIGUOUS,A3,ADAS,B2_Raw_Embedding,LOW,0.0,0.0,0.0,0.0,1.0,0.8824,1.0,1.755
V3_AMB_0413,AMBIGUOUS,A3,ADAS,B3_Graph_Only,LOW,0.0,1.0,1.0,1.0,0.0,1.0,1.0,0.005
V3_AMB_0413,AMBIGUOUS,A3,ADAS,B4_Contextual_Embedding,LOW,0.0,0.0,0.0,0.0,1.0,0.8824,1.0,2.906
V3_AMB_0413,AMBIGUOUS,A3,ADAS,B5_AURA_Hybrid,LOW,0.0,1.0,1.0,1.0,0.0,0.8824,1.0,2.52
V3_AMB_0414,AMBIGUOUS,A4,ADAS,B0_Full_Suite,LOW,0.0,0.0,0.0,0.0,1.0,0.0,1.0,0.1
V3_AMB_0414,AMBIGUOUS,A4,ADAS,B1_Keyword,LOW,0.0,0.0,0.0,0.0,1.0,0.9176,1.0,1.215
V3_AMB_0414,AMBIGUOUS,A4,ADAS,B2_Raw_Embedding,LOW,0.0,0.0,0.0,0.0,1.0,0.8824,1.0,1.694
V3_AMB_0414,AMBIGUOUS,A4,ADAS,B3_Graph_Only,LOW,0.0,1.0,1.0,1.0,0.0,1.0,1.0,0.007
V3_AMB_0414,AMBIGUOUS,A4,ADAS,B4_Contextual_Embedding,LOW,0.0,0.0,0.0,0.0,1.0,0.8824,1.0,2.222
V3_AMB_0414,AMBIGUOUS,A4,ADAS,B5_AURA_Hybrid,LOW,0.0,1.0,1.0,1.0,0.0,0.8824,1.0,2.576
V3_AMB_0415,AMBIGUOUS,A5,ADAS,B0_Full_Suite,LOW,0.0,0.0,0.0,0.0,1.0,0.0,1.0,0.1
V3_AMB_0415,AMBIGUOUS,A5,ADAS,B1_Keyword,LOW,0.0,0.0,0.0,0.0,1.0,0.9176,1.0,1.298
V3_AMB_0415,AMBIGUOUS,A5,ADAS,B2_Raw_Embedding,LOW,0.0,0.0,0.0,0.0,1.0,0.8941,1.0,2.388
V3_AMB_0415,AMBIGUOUS,A5,ADAS,B3_Graph_Only,LOW,0.0,1.0,1.0,1.0,0.0,1.0,1.0,0.007
V3_AMB_0415,AMBIGUOUS,A5,ADAS,B4_Contextual_Embedding,LOW,0.0,0.0,0.0,0.0,1.0,0.8824,1.0,2.933
V3_AMB_0415,AMBIGUOUS,A5,ADAS,B5_AURA_Hybrid,LOW,0.0,1.0,1.0,1.0,0.0,0.8824,1.0,2.716
V3_AMB_0416,AMBIGUOUS,A1,POWERTRAIN,B0_Full_Suite,LOW,0.0,0.0,0.0,0.0,1.0,0.0,1.0,0.1
V3_AMB_0416,AMBIGUOUS,A1,POWERTRAIN,B1_Keyword,LOW,0.0,0.0,0.0,0.0,1.0,0.9875,1.0,1.206
V3_AMB_0416,AMBIGUOUS,A1,POWERTRAIN,B2_Raw_Embedding,LOW,0.0,0.0,0.0,0.0,1.0,0.9,1.0,1.727
V3_AMB_0416,AMBIGUOUS,A1,POWERTRAIN,B3_Graph_Only,LOW,0.0,1.0,1.0,1.0,0.0,1.0,1.0,0.006
V3_AMB_0416,AMBIGUOUS,A1,POWERTRAIN,B4_Contextual_Embedding,LOW,0.0,0.0,0.0,0.0,1.0,0.875,1.0,2.161
V3_AMB_0416,AMBIGUOUS,A1,POWERTRAIN,B5_AURA_Hybrid,LOW,0.0,1.0,1.0,1.0,0.0,0.875,1.0,2.3
V3_AMB_0417,AMBIGUOUS,A2,POWERTRAIN,B0_Full_Suite,LOW,0.0,0.0,0.0,0.0,1.0,0.0,1.0,0.1
V3_AMB_0417,AMBIGUOUS,A2,POWERTRAIN,B1_Keyword,LOW,0.0,0.0,0.0,0.0,1.0,0.9,1.0,1.297
V3_AMB_0417,AMBIGUOUS,A2,POWERTRAIN,B2_Raw_Embedding,LOW,0.0,0.0,0.0,0.0,1.0,0.875,1.0,1.91
V3_AMB_0417,AMBIGUOUS,A2,POWERTRAIN,B3_Graph_Only,LOW,0.0,1.0,1.0,1.0,0.0,1.0,1.0,0.006
V3_AMB_0417,AMBIGUOUS,A2,POWERTRAIN,B4_Contextual_Embedding,LOW,0.0,0.0,0.0,0.0,1.0,0.8875,1.0,2.058
V3_AMB_0417,AMBIGUOUS,A2,POWERTRAIN,B5_AURA_Hybrid,LOW,0.0,1.0,1.0,1.0,0.0,0.8875,1.0,2.32
V3_AMB_0418,AMBIGUOUS,A3,POWERTRAIN,B0_Full_Suite,LOW,0.0,0.0,0.0,0.0,1.0,0.0,1.0,0.1
V3_AMB_0418,AMBIGUOUS,A3,POWERTRAIN,B1_Keyword,LOW,0.0,0.0,0.0,0.0,1.0,0.9875,1.0,1.294
V3_AMB_0418,AMBIGUOUS,A3,POWERTRAIN,B2_Raw_Embedding,LOW,0.0,0.0,0.0,0.0,1.0,0.875,1.0,1.812
V3_AMB_0418,AMBIGUOUS,A3,POWERTRAIN,B3_Graph_Only,LOW,0.0,1.0,1.0,1.0,0.0,1.0,1.0,0.007
V3_AMB_0418,AMBIGUOUS,A3,POWERTRAIN,B4_Contextual_Embedding,LOW,0.0,0.0,0.0,0.0,1.0,0.8875,1.0,2.215
V3_AMB_0418,AMBIGUOUS,A3,POWERTRAIN,B5_AURA_Hybrid,LOW,0.0,1.0,1.0,1.0,0.0,0.8875,1.0,2.199
V3_AMB_0419,AMBIGUOUS,A4,POWERTRAIN,B0_Full_Suite,LOW,0.0,0.0,0.0,0.0,1.0,0.0,1.0,0.1
V3_AMB_0419,AMBIGUOUS,A4,POWERTRAIN,B1_Keyword,LOW,0.0,0.0,0.0,0.0,1.0,0.9875,1.0,1.177
V3_AMB_0419,AMBIGUOUS,A4,POWERTRAIN,B2_Raw_Embedding,LOW,0.0,0.0,0.0,0.0,1.0,0.875,1.0,2.165
V3_AMB_0419,AMBIGUOUS,A4,POWERTRAIN,B3_Graph_Only,LOW,0.0,1.0,1.0,1.0,0.0,1.0,1.0,0.004
V3_AMB_0419,AMBIGUOUS,A4,POWERTRAIN,B4_Contextual_Embedding,LOW,0.0,0.0,0.0,0.0,1.0,0.8,1.0,1.907
V3_AMB_0419,AMBIGUOUS,A4,POWERTRAIN,B5_AURA_Hybrid,LOW,0.0,1.0,1.0,1.0,0.0,0.8,1.0,2.281
V3_AMB_0420,AMBIGUOUS,A5,POWERTRAIN,B0_Full_Suite,LOW,0.0,0.0,0.0,0.0,1.0,0.0,1.0,0.1
V3_AMB_0420,AMBIGUOUS,A5,POWERTRAIN,B1_Keyword,LOW,0.0,0.0,0.0,0.0,1.0,0.9875,1.0,1.293
V3_AMB_0420,AMBIGUOUS,A5,POWERTRAIN,B2_Raw_Embedding,LOW,0.0,0.0,0.0,0.0,1.0,0.875,1.0,1.571
V3_AMB_0420,AMBIGUOUS,A5,POWERTRAIN,B3_Graph_Only,LOW,0.0,1.0,1.0,1.0,0.0,1.0,1.0,0.005
V3_AMB_0420,AMBIGUOUS,A5,POWERTRAIN,B4_Contextual_Embedding,LOW,0.0,0.0,0.0,0.0,1.0,0.875,1.0,2.198
V3_AMB_0420,AMBIGUOUS,A5,POWERTRAIN,B5_AURA_Hybrid,LOW,0.0,1.0,1.0,1.0,0.0,0.875,1.0,2.182
V3_AMB_0421,AMBIGUOUS,A1,BATTERY_EV,B0_Full_Suite,LOW,0.0,0.0,0.0,0.0,1.0,0.0,1.0,0.1
V3_AMB_0421,AMBIGUOUS,A1,BATTERY_EV,B1_Keyword,LOW,0.0,0.0,0.0,0.0,1.0,0.9875,1.0,1.178
V3_AMB_0421,AMBIGUOUS,A1,BATTERY_EV,B2_Raw_Embedding,LOW,0.0,0.0,0.0,0.0,1.0,0.875,1.0,1.67
V3_AMB_0421,AMBIGUOUS,A1,BATTERY_EV,B3_Graph_Only,LOW,0.0,1.0,1.0,1.0,0.0,1.0,1.0,0.006
V3_AMB_0421,AMBIGUOUS,A1,BATTERY_EV,B4_Contextual_Embedding,LOW,0.0,0.0,0.0,0.0,1.0,0.875,1.0,3.532
V3_AMB_0421,AMBIGUOUS,A1,BATTERY_EV,B5_AURA_Hybrid,LOW,0.0,1.0,1.0,1.0,0.0,0.875,1.0,2.481
V3_AMB_0422,AMBIGUOUS,A2,BATTERY_EV,B0_Full_Suite,LOW,0.0,0.0,0.0,0.0,1.0,0.0,1.0,0.1
V3_AMB_0422,AMBIGUOUS,A2,BATTERY_EV,B1_Keyword,LOW,0.0,0.0,0.0,0.0,1.0,0.9875,1.0,1.281
V3_AMB_0422,AMBIGUOUS,A2,BATTERY_EV,B2_Raw_Embedding,LOW,0.0,0.0,0.0,0.0,1.0,0.8875,1.0,1.643
V3_AMB_0422,AMBIGUOUS,A2,BATTERY_EV,B3_Graph_Only,LOW,0.0,1.0,1.0,1.0,0.0,1.0,1.0,0.006
V3_AMB_0422,AMBIGUOUS,A2,BATTERY_EV,B4_Contextual_Embedding,LOW,0.0,0.0,0.0,0.0,1.0,0.875,1.0,2.057
V3_AMB_0422,AMBIGUOUS,A2,BATTERY_EV,B5_AURA_Hybrid,LOW,0.0,1.0,1.0,1.0,0.0,0.875,1.0,2.14
V3_AMB_0423,AMBIGUOUS,A3,BATTERY_EV,B0_Full_Suite,LOW,0.0,0.0,0.0,0.0,1.0,0.0,1.0,0.1
V3_AMB_0423,AMBIGUOUS,A3,BATTERY_EV,B1_Keyword,LOW,0.0,0.0,0.0,0.0,1.0,0.9875,1.0,1.207
V3_AMB_0423,AMBIGUOUS,A3,BATTERY_EV,B2_Raw_Embedding,LOW,0.0,0.0,0.0,0.0,1.0,0.875,1.0,1.586
V3_AMB_0423,AMBIGUOUS,A3,BATTERY_EV,B3_Graph_Only,LOW,0.0,1.0,1.0,1.0,0.0,1.0,1.0,0.004
V3_AMB_0423,AMBIGUOUS,A3,BATTERY_EV,B4_Contextual_Embedding,LOW,0.0,0.0,0.0,0.0,1.0,0.875,1.0,1.842
V3_AMB_0423,AMBIGUOUS,A3,BATTERY_EV,B5_AURA_Hybrid,LOW,0.0,1.0,1.0,1.0,0.0,0.875,1.0,2.197
V3_AMB_0424,AMBIGUOUS,A4,BATTERY_EV,B0_Full_Suite,LOW,0.0,0.0,0.0,0.0,1.0,0.0,1.0,0.1
V3_AMB_0424,AMBIGUOUS,A4,BATTERY_EV,B1_Keyword,LOW,0.0,0.0,0.0,0.0,1.0,0.9875,1.0,1.38
V3_AMB_0424,AMBIGUOUS,A4,BATTERY_EV,B2_Raw_Embedding,LOW,0.0,0.0,0.0,0.0,1.0,0.875,1.0,1.59
V3_AMB_0424,AMBIGUOUS,A4,BATTERY_EV,B3_Graph_Only,LOW,0.0,1.0,1.0,1.0,0.0,1.0,1.0,0.005
V3_AMB_0424,AMBIGUOUS,A4,BATTERY_EV,B4_Contextual_Embedding,LOW,0.0,0.0,0.0,0.0,1.0,0.875,1.0,2.366
V3_AMB_0424,AMBIGUOUS,A4,BATTERY_EV,B5_AURA_Hybrid,LOW,0.0,1.0,1.0,1.0,0.0,0.875,1.0,2.299
V3_AMB_0425,AMBIGUOUS,A5,BATTERY_EV,B0_Full_Suite,LOW,0.0,0.0,0.0,0.0,1.0,0.0,1.0,0.1
V3_AMB_0425,AMBIGUOUS,A5,BATTERY_EV,B1_Keyword,LOW,0.0,0.0,0.0,0.0,1.0,0.9875,1.0,1.187
V3_AMB_0425,AMBIGUOUS,A5,BATTERY_EV,B2_Raw_Embedding,LOW,0.0,0.0,0.0,0.0,1.0,0.8875,1.0,1.552
V3_AMB_0425,AMBIGUOUS,A5,BATTERY_EV,B3_Graph_Only,LOW,0.0,1.0,1.0,1.0,0.0,1.0,1.0,0.006
V3_AMB_0425,AMBIGUOUS,A5,BATTERY_EV,B4_Contextual_Embedding,LOW,0.0,0.0,0.0,0.0,1.0,0.875,1.0,3.363
V3_AMB_0425,AMBIGUOUS,A5,BATTERY_EV,B5_AURA_Hybrid,LOW,0.0,1.0,1.0,1.0,0.0,0.875,1.0,1.754
V3_AMB_0426,AMBIGUOUS,A1,BODY_ELECTRONICS,B0_Full_Suite,LOW,0.0,0.0,0.0,0.0,1.0,0.0,1.0,0.1
V3_AMB_0426,AMBIGUOUS,A1,BODY_ELECTRONICS,B1_Keyword,LOW,0.0,0.0,0.0,0.0,1.0,0.875,1.0,1.137
V3_AMB_0426,AMBIGUOUS,A1,BODY_ELECTRONICS,B2_Raw_Embedding,LOW,0.0,0.0,0.0,0.0,1.0,0.7917,1.0,1.444
V3_AMB_0426,AMBIGUOUS,A1,BODY_ELECTRONICS,B3_Graph_Only,LOW,0.0,1.0,1.0,1.0,0.0,1.0,1.0,0.007
V3_AMB_0426,AMBIGUOUS,A1,BODY_ELECTRONICS,B4_Contextual_Embedding,LOW,0.0,0.0,0.0,0.0,1.0,0.7917,1.0,1.837
V3_AMB_0426,AMBIGUOUS,A1,BODY_ELECTRONICS,B5_AURA_Hybrid,LOW,0.0,1.0,1.0,1.0,0.0,0.7917,1.0,1.961
V3_AMB_0427,AMBIGUOUS,A2,BODY_ELECTRONICS,B0_Full_Suite,LOW,0.0,0.0,0.0,0.0,1.0,0.0,1.0,0.1
V3_AMB_0427,AMBIGUOUS,A2,BODY_ELECTRONICS,B1_Keyword,LOW,0.0,0.0,0.0,0.0,1.0,0.875,1.0,1.072
V3_AMB_0427,AMBIGUOUS,A2,BODY_ELECTRONICS,B2_Raw_Embedding,LOW,0.0,0.0,0.0,0.0,1.0,0.7917,1.0,1.234
V3_AMB_0427,AMBIGUOUS,A2,BODY_ELECTRONICS,B3_Graph_Only,LOW,0.0,1.0,1.0,1.0,0.0,1.0,1.0,0.006
V3_AMB_0427,AMBIGUOUS,A2,BODY_ELECTRONICS,B4_Contextual_Embedding,LOW,0.0,0.0,0.0,0.0,1.0,0.8333,1.0,1.714
V3_AMB_0427,AMBIGUOUS,A2,BODY_ELECTRONICS,B5_AURA_Hybrid,LOW,0.0,1.0,1.0,1.0,0.0,0.8333,1.0,2.953
V3_AMB_0428,AMBIGUOUS,A3,BODY_ELECTRONICS,B0_Full_Suite,LOW,0.0,0.0,0.0,0.0,1.0,0.0,1.0,0.1
V3_AMB_0428,AMBIGUOUS,A3,BODY_ELECTRONICS,B1_Keyword,LOW,0.0,0.0,0.0,0.0,1.0,0.875,1.0,0.489
V3_AMB_0428,AMBIGUOUS,A3,BODY_ELECTRONICS,B2_Raw_Embedding,LOW,0.0,0.0,0.0,0.0,1.0,0.7917,1.0,1.294
V3_AMB_0428,AMBIGUOUS,A3,BODY_ELECTRONICS,B3_Graph_Only,LOW,0.0,1.0,1.0,1.0,0.0,1.0,1.0,0.006
V3_AMB_0428,AMBIGUOUS,A3,BODY_ELECTRONICS,B4_Contextual_Embedding,LOW,0.0,0.0,0.0,0.0,1.0,0.7917,1.0,2.032
V3_AMB_0428,AMBIGUOUS,A3,BODY_ELECTRONICS,B5_AURA_Hybrid,LOW,0.0,1.0,1.0,1.0,0.0,0.7917,1.0,1.905
V3_AMB_0429,AMBIGUOUS,A4,BODY_ELECTRONICS,B0_Full_Suite,LOW,0.0,0.0,0.0,0.0,1.0,0.0,1.0,0.1
V3_AMB_0429,AMBIGUOUS,A4,BODY_ELECTRONICS,B1_Keyword,LOW,0.0,0.0,0.0,0.0,1.0,0.875,1.0,1.136
V3_AMB_0429,AMBIGUOUS,A4,BODY_ELECTRONICS,B2_Raw_Embedding,LOW,0.0,0.0,0.0,0.0,1.0,0.7917,1.0,1.241
V3_AMB_0429,AMBIGUOUS,A4,BODY_ELECTRONICS,B3_Graph_Only,LOW,0.0,1.0,1.0,1.0,0.0,1.0,1.0,0.006
V3_AMB_0429,AMBIGUOUS,A4,BODY_ELECTRONICS,B4_Contextual_Embedding,LOW,0.0,0.0,0.0,0.0,1.0,0.8333,1.0,1.678
V3_AMB_0429,AMBIGUOUS,A4,BODY_ELECTRONICS,B5_AURA_Hybrid,LOW,0.0,1.0,1.0,1.0,0.0,0.8333,1.0,1.795
V3_AMB_0430,AMBIGUOUS,A5,BODY_ELECTRONICS,B0_Full_Suite,LOW,0.0,0.0,0.0,0.0,1.0,0.0,1.0,0.1
V3_AMB_0430,AMBIGUOUS,A5,BODY_ELECTRONICS,B1_Keyword,LOW,0.0,0.0,0.0,0.0,1.0,0.875,1.0,1.083
V3_AMB_0430,AMBIGUOUS,A5,BODY_ELECTRONICS,B2_Raw_Embedding,LOW,0.0,0.0,0.0,0.0,1.0,0.7917,1.0,1.496
V3_AMB_0430,AMBIGUOUS,A5,BODY_ELECTRONICS,B3_Graph_Only,LOW,0.0,1.0,1.0,1.0,0.0,1.0,1.0,0.006
V3_AMB_0430,AMBIGUOUS,A5,BODY_ELECTRONICS,B4_Contextual_Embedding,LOW,0.0,0.0,0.0,0.0,1.0,0.7917,1.0,1.825
V3_AMB_0430,AMBIGUOUS,A5,BODY_ELECTRONICS,B5_AURA_Hybrid,LOW,0.0,1.0,1.0,1.0,0.0,0.7917,1.0,2.8
V3_AMB_0431,AMBIGUOUS,A1,ADAS,B0_Full_Suite,LOW,0.0,0.0,0.0,0.0,1.0,0.0,1.0,0.1
V3_AMB_0431,AMBIGUOUS,A1,ADAS,B1_Keyword,LOW,0.0,0.0,0.0,0.0,1.0,0.9059,1.0,1.252
V3_AMB_0431,AMBIGUOUS,A1,ADAS,B2_Raw_Embedding,LOW,0.0,0.0,0.0,0.0,1.0,0.8824,1.0,1.901
V3_AMB_0431,AMBIGUOUS,A1,ADAS,B3_Graph_Only,LOW,0.0,1.0,1.0,1.0,0.0,1.0,1.0,0.006
V3_AMB_0431,AMBIGUOUS,A1,ADAS,B4_Contextual_Embedding,LOW,0.0,0.0,0.0,0.0,1.0,0.8824,1.0,2.442
V3_AMB_0431,AMBIGUOUS,A1,ADAS,B5_AURA_Hybrid,LOW,0.0,1.0,1.0,1.0,0.0,0.8824,1.0,2.606
V3_AMB_0432,AMBIGUOUS,A2,ADAS,B0_Full_Suite,LOW,0.0,0.0,0.0,0.0,1.0,0.0,1.0,0.1
V3_AMB_0432,AMBIGUOUS,A2,ADAS,B1_Keyword,LOW,0.0,1.0,1.0,1.0,0.0,1.0,1.0,1.211
V3_AMB_0432,AMBIGUOUS,A2,ADAS,B2_Raw_Embedding,LOW,0.0,0.0,0.0,0.0,1.0,0.8824,1.0,2.0
V3_AMB_0432,AMBIGUOUS,A2,ADAS,B3_Graph_Only,LOW,0.0,1.0,1.0,1.0,0.0,1.0,1.0,0.006
V3_AMB_0432,AMBIGUOUS,A2,ADAS,B4_Contextual_Embedding,LOW,0.0,0.0,0.0,0.0,1.0,0.8824,1.0,2.696
V3_AMB_0432,AMBIGUOUS,A2,ADAS,B5_AURA_Hybrid,LOW,0.0,1.0,1.0,1.0,0.0,0.8824,1.0,2.604
V3_AMB_0433,AMBIGUOUS,A3,ADAS,B0_Full_Suite,LOW,0.0,0.0,0.0,0.0,1.0,0.0,1.0,0.1
V3_AMB_0433,AMBIGUOUS,A3,ADAS,B1_Keyword,LOW,0.0,1.0,1.0,1.0,0.0,1.0,1.0,1.326
V3_AMB_0433,AMBIGUOUS,A3,ADAS,B2_Raw_Embedding,LOW,0.0,0.0,0.0,0.0,1.0,0.8824,1.0,1.743
V3_AMB_0433,AMBIGUOUS,A3,ADAS,B3_Graph_Only,LOW,0.0,1.0,1.0,1.0,0.0,1.0,1.0,0.006
V3_AMB_0433,AMBIGUOUS,A3,ADAS,B4_Contextual_Embedding,LOW,0.0,0.0,0.0,0.0,1.0,0.8824,1.0,2.226
V3_AMB_0433,AMBIGUOUS,A3,ADAS,B5_AURA_Hybrid,LOW,0.0,1.0,1.0,1.0,0.0,0.8824,1.0,2.341
V3_AMB_0434,AMBIGUOUS,A4,ADAS,B0_Full_Suite,LOW,0.0,0.0,0.0,0.0,1.0,0.0,1.0,0.1
V3_AMB_0434,AMBIGUOUS,A4,ADAS,B1_Keyword,LOW,0.0,0.0,0.0,0.0,1.0,0.3176,1.0,1.517
V3_AMB_0434,AMBIGUOUS,A4,ADAS,B2_Raw_Embedding,LOW,0.0,0.0,0.0,0.0,1.0,0.8824,1.0,1.864
V3_AMB_0434,AMBIGUOUS,A4,ADAS,B3_Graph_Only,LOW,0.0,1.0,1.0,1.0,0.0,1.0,1.0,0.006
V3_AMB_0434,AMBIGUOUS,A4,ADAS,B4_Contextual_Embedding,LOW,0.0,0.0,0.0,0.0,1.0,0.8824,1.0,5.982
V3_AMB_0434,AMBIGUOUS,A4,ADAS,B5_AURA_Hybrid,LOW,0.0,1.0,1.0,1.0,0.0,0.8824,1.0,2.825
V3_AMB_0435,AMBIGUOUS,A5,ADAS,B0_Full_Suite,LOW,0.0,0.0,0.0,0.0,1.0,0.0,1.0,0.1
V3_AMB_0435,AMBIGUOUS,A5,ADAS,B1_Keyword,LOW,0.0,1.0,1.0,1.0,0.0,1.0,1.0,1.325
V3_AMB_0435,AMBIGUOUS,A5,ADAS,B2_Raw_Embedding,LOW,0.0,0.0,0.0,0.0,1.0,0.8941,1.0,1.744
V3_AMB_0435,AMBIGUOUS,A5,ADAS,B3_Graph_Only,LOW,0.0,1.0,1.0,1.0,0.0,1.0,1.0,0.006
V3_AMB_0435,AMBIGUOUS,A5,ADAS,B4_Contextual_Embedding,LOW,0.0,0.0,0.0,0.0,1.0,0.8824,1.0,2.288
V3_AMB_0435,AMBIGUOUS,A5,ADAS,B5_AURA_Hybrid,LOW,0.0,1.0,1.0,1.0,0.0,0.8824,1.0,2.74
V3_AMB_0436,AMBIGUOUS,A1,POWERTRAIN,B0_Full_Suite,LOW,0.0,0.0,0.0,0.0,1.0,0.0,1.0,0.1
V3_AMB_0436,AMBIGUOUS,A1,POWERTRAIN,B1_Keyword,LOW,0.0,0.0,0.0,0.0,1.0,0.9875,1.0,1.465
V3_AMB_0436,AMBIGUOUS,A1,POWERTRAIN,B2_Raw_Embedding,LOW,0.0,0.0,0.0,0.0,1.0,0.9,1.0,1.826
V3_AMB_0436,AMBIGUOUS,A1,POWERTRAIN,B3_Graph_Only,LOW,0.0,1.0,1.0,1.0,0.0,1.0,1.0,0.006
V3_AMB_0436,AMBIGUOUS,A1,POWERTRAIN,B4_Contextual_Embedding,LOW,0.0,0.0,0.0,0.0,1.0,0.875,1.0,2.169
V3_AMB_0436,AMBIGUOUS,A1,POWERTRAIN,B5_AURA_Hybrid,LOW,0.0,1.0,1.0,1.0,0.0,0.875,1.0,2.328
V3_AMB_0437,AMBIGUOUS,A2,POWERTRAIN,B0_Full_Suite,LOW,0.0,0.0,0.0,0.0,1.0,0.0,1.0,0.1
V3_AMB_0437,AMBIGUOUS,A2,POWERTRAIN,B1_Keyword,LOW,0.0,0.0,0.0,0.0,1.0,0.9,1.0,1.324
V3_AMB_0437,AMBIGUOUS,A2,POWERTRAIN,B2_Raw_Embedding,LOW,0.0,0.0,0.0,0.0,1.0,0.875,1.0,1.637
V3_AMB_0437,AMBIGUOUS,A2,POWERTRAIN,B3_Graph_Only,LOW,0.0,1.0,1.0,1.0,0.0,1.0,1.0,0.006
V3_AMB_0437,AMBIGUOUS,A2,POWERTRAIN,B4_Contextual_Embedding,LOW,0.0,0.0,0.0,0.0,1.0,0.875,1.0,2.037
V3_AMB_0437,AMBIGUOUS,A2,POWERTRAIN,B5_AURA_Hybrid,LOW,0.0,1.0,1.0,1.0,0.0,0.875,1.0,2.681
V3_AMB_0438,AMBIGUOUS,A3,POWERTRAIN,B0_Full_Suite,LOW,0.0,0.0,0.0,0.0,1.0,0.0,1.0,0.1
V3_AMB_0438,AMBIGUOUS,A3,POWERTRAIN,B1_Keyword,LOW,0.0,0.0,0.0,0.0,1.0,0.9875,1.0,1.328
V3_AMB_0438,AMBIGUOUS,A3,POWERTRAIN,B2_Raw_Embedding,LOW,0.0,0.0,0.0,0.0,1.0,0.875,1.0,1.622
V3_AMB_0438,AMBIGUOUS,A3,POWERTRAIN,B3_Graph_Only,LOW,0.0,1.0,1.0,1.0,0.0,1.0,1.0,0.006
V3_AMB_0438,AMBIGUOUS,A3,POWERTRAIN,B4_Contextual_Embedding,LOW,0.0,0.0,0.0,0.0,1.0,0.9125,1.0,2.612
V3_AMB_0438,AMBIGUOUS,A3,POWERTRAIN,B5_AURA_Hybrid,LOW,0.0,1.0,1.0,1.0,0.0,0.9125,1.0,2.312
V3_AMB_0439,AMBIGUOUS,A4,POWERTRAIN,B0_Full_Suite,LOW,0.0,0.0,0.0,0.0,1.0,0.0,1.0,0.1
V3_AMB_0439,AMBIGUOUS,A4,POWERTRAIN,B1_Keyword,LOW,0.0,0.0,0.0,0.0,1.0,0.9875,1.0,1.18
V3_AMB_0439,AMBIGUOUS,A4,POWERTRAIN,B2_Raw_Embedding,LOW,0.0,0.0,0.0,0.0,1.0,0.875,1.0,1.572
V3_AMB_0439,AMBIGUOUS,A4,POWERTRAIN,B3_Graph_Only,LOW,0.0,1.0,1.0,1.0,0.0,1.0,1.0,0.006
V3_AMB_0439,AMBIGUOUS,A4,POWERTRAIN,B4_Contextual_Embedding,LOW,0.0,0.0,0.0,0.0,1.0,0.875,1.0,2.058
V3_AMB_0439,AMBIGUOUS,A4,POWERTRAIN,B5_AURA_Hybrid,LOW,0.0,1.0,1.0,1.0,0.0,0.875,1.0,2.32
V3_AMB_0440,AMBIGUOUS,A5,POWERTRAIN,B0_Full_Suite,LOW,0.0,0.0,0.0,0.0,1.0,0.0,1.0,0.1
V3_AMB_0440,AMBIGUOUS,A5,POWERTRAIN,B1_Keyword,LOW,0.0,0.0,0.0,0.0,1.0,0.9875,1.0,1.322
V3_AMB_0440,AMBIGUOUS,A5,POWERTRAIN,B2_Raw_Embedding,LOW,0.0,0.0,0.0,0.0,1.0,0.875,1.0,1.886
V3_AMB_0440,AMBIGUOUS,A5,POWERTRAIN,B3_Graph_Only,LOW,0.0,1.0,1.0,1.0,0.0,1.0,1.0,0.006
V3_AMB_0440,AMBIGUOUS,A5,POWERTRAIN,B4_Contextual_Embedding,LOW,0.0,0.0,0.0,0.0,1.0,0.875,1.0,2.313
V3_AMB_0440,AMBIGUOUS,A5,POWERTRAIN,B5_AURA_Hybrid,LOW,0.0,1.0,1.0,1.0,0.0,0.875,1.0,2.693
V3_AMB_0441,AMBIGUOUS,A1,BATTERY_EV,B0_Full_Suite,LOW,0.0,0.0,0.0,0.0,1.0,0.0,1.0,0.1
V3_AMB_0441,AMBIGUOUS,A1,BATTERY_EV,B1_Keyword,LOW,0.0,0.0,0.0,0.0,1.0,0.9875,1.0,1.343
V3_AMB_0441,AMBIGUOUS,A1,BATTERY_EV,B2_Raw_Embedding,LOW,0.0,0.0,0.0,0.0,1.0,0.875,1.0,1.88
V3_AMB_0441,AMBIGUOUS,A1,BATTERY_EV,B3_Graph_Only,LOW,0.0,1.0,1.0,1.0,0.0,1.0,1.0,0.006
V3_AMB_0441,AMBIGUOUS,A1,BATTERY_EV,B4_Contextual_Embedding,LOW,0.0,0.0,0.0,0.0,1.0,0.875,1.0,2.167
V3_AMB_0441,AMBIGUOUS,A1,BATTERY_EV,B5_AURA_Hybrid,LOW,0.0,1.0,1.0,1.0,0.0,0.875,1.0,2.273
V3_AMB_0442,AMBIGUOUS,A2,BATTERY_EV,B0_Full_Suite,LOW,0.0,0.0,0.0,0.0,1.0,0.0,1.0,0.1
V3_AMB_0442,AMBIGUOUS,A2,BATTERY_EV,B1_Keyword,LOW,0.0,0.0,0.0,0.0,1.0,0.9875,1.0,1.197
V3_AMB_0442,AMBIGUOUS,A2,BATTERY_EV,B2_Raw_Embedding,LOW,0.0,0.0,0.0,0.0,1.0,0.8875,1.0,1.648
V3_AMB_0442,AMBIGUOUS,A2,BATTERY_EV,B3_Graph_Only,LOW,0.0,1.0,1.0,1.0,0.0,1.0,1.0,0.006
V3_AMB_0442,AMBIGUOUS,A2,BATTERY_EV,B4_Contextual_Embedding,LOW,0.0,0.0,0.0,0.0,1.0,0.875,1.0,2.141
V3_AMB_0442,AMBIGUOUS,A2,BATTERY_EV,B5_AURA_Hybrid,LOW,0.0,1.0,1.0,1.0,0.0,0.875,1.0,2.364
V3_AMB_0443,AMBIGUOUS,A3,BATTERY_EV,B0_Full_Suite,LOW,0.0,0.0,0.0,0.0,1.0,0.0,1.0,0.1
V3_AMB_0443,AMBIGUOUS,A3,BATTERY_EV,B1_Keyword,LOW,0.0,0.0,0.0,0.0,1.0,0.9875,1.0,1.276
V3_AMB_0443,AMBIGUOUS,A3,BATTERY_EV,B2_Raw_Embedding,LOW,0.0,0.0,0.0,0.0,1.0,0.875,1.0,1.646
V3_AMB_0443,AMBIGUOUS,A3,BATTERY_EV,B3_Graph_Only,LOW,0.0,1.0,1.0,1.0,0.0,1.0,1.0,0.007
V3_AMB_0443,AMBIGUOUS,A3,BATTERY_EV,B4_Contextual_Embedding,LOW,0.0,0.0,0.0,0.0,1.0,0.875,1.0,2.057
V3_AMB_0443,AMBIGUOUS,A3,BATTERY_EV,B5_AURA_Hybrid,LOW,0.0,1.0,1.0,1.0,0.0,0.875,1.0,2.224
V3_AMB_0444,AMBIGUOUS,A4,BATTERY_EV,B0_Full_Suite,LOW,0.0,0.0,0.0,0.0,1.0,0.0,1.0,0.1
V3_AMB_0444,AMBIGUOUS,A4,BATTERY_EV,B1_Keyword,LOW,0.0,0.0,0.0,0.0,1.0,0.9875,1.0,1.427
V3_AMB_0444,AMBIGUOUS,A4,BATTERY_EV,B2_Raw_Embedding,LOW,0.0,0.0,0.0,0.0,1.0,0.875,1.0,1.678
V3_AMB_0444,AMBIGUOUS,A4,BATTERY_EV,B3_Graph_Only,LOW,0.0,1.0,1.0,1.0,0.0,1.0,1.0,0.006
V3_AMB_0444,AMBIGUOUS,A4,BATTERY_EV,B4_Contextual_Embedding,LOW,0.0,0.0,0.0,0.0,1.0,0.875,1.0,2.256
V3_AMB_0444,AMBIGUOUS,A4,BATTERY_EV,B5_AURA_Hybrid,LOW,0.0,1.0,1.0,1.0,0.0,0.875,1.0,2.436
V3_AMB_0445,AMBIGUOUS,A5,BATTERY_EV,B0_Full_Suite,LOW,0.0,0.0,0.0,0.0,1.0,0.0,1.0,0.1
V3_AMB_0445,AMBIGUOUS,A5,BATTERY_EV,B1_Keyword,LOW,0.0,0.0,0.0,0.0,1.0,0.9875,1.0,1.183
V3_AMB_0445,AMBIGUOUS,A5,BATTERY_EV,B2_Raw_Embedding,LOW,0.0,0.0,0.0,0.0,1.0,0.875,1.0,1.545
V3_AMB_0445,AMBIGUOUS,A5,BATTERY_EV,B3_Graph_Only,LOW,0.0,1.0,1.0,1.0,0.0,1.0,1.0,0.005
V3_AMB_0445,AMBIGUOUS,A5,BATTERY_EV,B4_Contextual_Embedding,LOW,0.0,0.0,0.0,0.0,1.0,0.875,1.0,2.025
V3_AMB_0445,AMBIGUOUS,A5,BATTERY_EV,B5_AURA_Hybrid,LOW,0.0,1.0,1.0,1.0,0.0,0.875,1.0,2.471
V3_AMB_0446,AMBIGUOUS,A1,BODY_ELECTRONICS,B0_Full_Suite,LOW,0.0,0.0,0.0,0.0,1.0,0.0,1.0,0.1
V3_AMB_0446,AMBIGUOUS,A1,BODY_ELECTRONICS,B1_Keyword,LOW,0.0,0.0,0.0,0.0,1.0,0.8333,1.0,1.118
V3_AMB_0446,AMBIGUOUS,A1,BODY_ELECTRONICS,B2_Raw_Embedding,LOW,0.0,0.0,0.0,0.0,1.0,0.7917,1.0,4.143
V3_AMB_0446,AMBIGUOUS,A1,BODY_ELECTRONICS,B3_Graph_Only,LOW,0.0,1.0,1.0,1.0,0.0,1.0,1.0,0.006
V3_AMB_0446,AMBIGUOUS,A1,BODY_ELECTRONICS,B4_Contextual_Embedding,LOW,0.0,0.0,0.0,0.0,1.0,0.7917,1.0,2.06
V3_AMB_0446,AMBIGUOUS,A1,BODY_ELECTRONICS,B5_AURA_Hybrid,LOW,0.0,1.0,1.0,1.0,0.0,0.7917,1.0,2.266
V3_AMB_0447,AMBIGUOUS,A2,BODY_ELECTRONICS,B0_Full_Suite,LOW,0.0,0.0,0.0,0.0,1.0,0.0,1.0,0.1
V3_AMB_0447,AMBIGUOUS,A2,BODY_ELECTRONICS,B1_Keyword,LOW,0.0,0.0,0.0,0.0,1.0,0.8333,1.0,1.245
V3_AMB_0447,AMBIGUOUS,A2,BODY_ELECTRONICS,B2_Raw_Embedding,LOW,0.0,0.0,0.0,0.0,1.0,0.7917,1.0,1.304
V3_AMB_0447,AMBIGUOUS,A2,BODY_ELECTRONICS,B3_Graph_Only,LOW,0.0,1.0,1.0,1.0,0.0,1.0,1.0,0.006
V3_AMB_0447,AMBIGUOUS,A2,BODY_ELECTRONICS,B4_Contextual_Embedding,LOW,0.0,0.0,0.0,0.0,1.0,0.8333,1.0,1.725
V3_AMB_0447,AMBIGUOUS,A2,BODY_ELECTRONICS,B5_AURA_Hybrid,LOW,0.0,1.0,1.0,1.0,0.0,0.8333,1.0,2.058
V3_AMB_0448,AMBIGUOUS,A3,BODY_ELECTRONICS,B0_Full_Suite,LOW,0.0,0.0,0.0,0.0,1.0,0.0,1.0,0.1
V3_AMB_0448,AMBIGUOUS,A3,BODY_ELECTRONICS,B1_Keyword,LOW,0.0,0.0,0.0,0.0,1.0,0.6667,1.0,1.679
V3_AMB_0448,AMBIGUOUS,A3,BODY_ELECTRONICS,B2_Raw_Embedding,LOW,0.0,0.0,0.0,0.0,1.0,0.7917,1.0,1.588
V3_AMB_0448,AMBIGUOUS,A3,BODY_ELECTRONICS,B3_Graph_Only,LOW,0.0,1.0,1.0,1.0,0.0,1.0,1.0,0.006
V3_AMB_0448,AMBIGUOUS,A3,BODY_ELECTRONICS,B4_Contextual_Embedding,LOW,0.0,0.0,0.0,0.0,1.0,0.7917,1.0,2.044
V3_AMB_0448,AMBIGUOUS,A3,BODY_ELECTRONICS,B5_AURA_Hybrid,LOW,0.0,1.0,1.0,1.0,0.0,0.7917,1.0,2.104
V3_AMB_0449,AMBIGUOUS,A4,BODY_ELECTRONICS,B0_Full_Suite,LOW,0.0,0.0,0.0,0.0,1.0,0.0,1.0,0.1
V3_AMB_0449,AMBIGUOUS,A4,BODY_ELECTRONICS,B1_Keyword,LOW,0.0,1.0,1.0,1.0,0.0,1.0,1.0,1.328
V3_AMB_0449,AMBIGUOUS,A4,BODY_ELECTRONICS,B2_Raw_Embedding,LOW,0.0,0.0,0.0,0.0,1.0,0.7917,1.0,1.254
V3_AMB_0449,AMBIGUOUS,A4,BODY_ELECTRONICS,B3_Graph_Only,LOW,0.0,1.0,1.0,1.0,0.0,1.0,1.0,0.006
V3_AMB_0449,AMBIGUOUS,A4,BODY_ELECTRONICS,B4_Contextual_Embedding,LOW,0.0,0.0,0.0,0.0,1.0,0.8333,1.0,1.61
V3_AMB_0449,AMBIGUOUS,A4,BODY_ELECTRONICS,B5_AURA_Hybrid,LOW,0.0,1.0,1.0,1.0,0.0,0.8333,1.0,1.814
V3_AMB_0450,AMBIGUOUS,A5,BODY_ELECTRONICS,B0_Full_Suite,LOW,0.0,0.0,0.0,0.0,1.0,0.0,1.0,0.1
V3_AMB_0450,AMBIGUOUS,A5,BODY_ELECTRONICS,B1_Keyword,LOW,0.0,1.0,1.0,1.0,0.0,1.0,1.0,1.056
V3_AMB_0450,AMBIGUOUS,A5,BODY_ELECTRONICS,B2_Raw_Embedding,LOW,0.0,0.0,0.0,0.0,1.0,0.7917,1.0,1.211
V3_AMB_0450,AMBIGUOUS,A5,BODY_ELECTRONICS,B3_Graph_Only,LOW,0.0,1.0,1.0,1.0,0.0,1.0,1.0,0.006
V3_AMB_0450,AMBIGUOUS,A5,BODY_ELECTRONICS,B4_Contextual_Embedding,LOW,0.0,0.0,0.0,0.0,1.0,0.7917,1.0,1.657
V3_AMB_0450,AMBIGUOUS,A5,BODY_ELECTRONICS,B5_AURA_Hybrid,LOW,0.0,1.0,1.0,1.0,0.0,0.7917,1.0,2.338
