project,mutation_id,change_type,category_name,artifact_type,method,predicted_count,true_count,hit_count,recall,precision,f1,specificity,false_positives,false_negatives,latency_ms
ADAS,ADAS_M01_01,M01,Numeric requirement change,REQUIREMENT,Keyword,16,35,3,0.0857,0.1875,0.1176,0.0,13,32,2.565
ADAS,ADAS_M01_01,M01,Numeric requirement change,REQUIREMENT,Embedding_Only,5,35,1,0.0286,0.2,0.05,0.6,4,34,0.405
ADAS,ADAS_M01_01,M01,Numeric requirement change,REQUIREMENT,Embedding_Context,11,35,1,0.0286,0.0909,0.0435,0.0,10,34,0.775
ADAS,ADAS_M01_01,M01,Numeric requirement change,REQUIREMENT,Graph_Only,1,35,1,0.0286,1.0,0.0556,1.0,0,34,0.013
ADAS,ADAS_M01_01,M01,Numeric requirement change,REQUIREMENT,Hybrid_AURA_Routed,11,35,1,0.0286,0.0909,0.0435,0.0,10,34,0.992
ADAS,ADAS_M01_01,M01,Numeric requirement change,REQUIREMENT,Hybrid_AURA_Fixed,11,35,1,0.0286,0.0909,0.0435,0.0,10,34,0.871
ADAS,ADAS_M02_01,M02,Threshold change,REQUIREMENT,Keyword,17,29,1,0.0345,0.0588,0.0435,0.0,16,28,0.758
ADAS,ADAS_M02_01,M02,Threshold change,REQUIREMENT,Embedding_Only,11,29,1,0.0345,0.0909,0.05,0.0,10,28,0.438
ADAS,ADAS_M02_01,M02,Threshold change,REQUIREMENT,Embedding_Context,11,29,1,0.0345,0.0909,0.05,0.0,10,28,0.791
ADAS,ADAS_M02_01,M02,Threshold change,REQUIREMENT,Graph_Only,1,29,1,0.0345,1.0,0.0667,1.0,0,28,0.009
ADAS,ADAS_M02_01,M02,Threshold change,REQUIREMENT,Hybrid_AURA_Routed,11,29,1,0.0345,0.0909,0.05,0.0,10,28,0.982
ADAS,ADAS_M02_01,M02,Threshold change,REQUIREMENT,Hybrid_AURA_Fixed,11,29,1,0.0345,0.0909,0.05,0.0,10,28,0.832
ADAS,ADAS_M03_01,M03,Semantic wording change,REQUIREMENT,Keyword,11,35,1,0.0286,0.0909,0.0435,0.0,10,34,0.691
ADAS,ADAS_M03_01,M03,Semantic wording change,REQUIREMENT,Embedding_Only,9,35,1,0.0286,0.1111,0.0455,0.2,8,34,0.307
ADAS,ADAS_M03_01,M03,Semantic wording change,REQUIREMENT,Embedding_Context,11,35,1,0.0286,0.0909,0.0435,0.0,10,34,0.674
ADAS,ADAS_M03_01,M03,Semantic wording change,REQUIREMENT,Graph_Only,1,35,1,0.0286,1.0,0.0556,1.0,0,34,0.006
ADAS,ADAS_M03_01,M03,Semantic wording change,REQUIREMENT,Hybrid_AURA_Routed,11,35,1,0.0286,0.0909,0.0435,0.0,10,34,0.737
ADAS,ADAS_M03_01,M03,Semantic wording change,REQUIREMENT,Hybrid_AURA_Fixed,11,35,1,0.0286,0.0909,0.0435,0.0,10,34,0.731
ADAS,ADAS_M04_01,M04,Requirement synonym replacement,REQUIREMENT,Keyword,13,35,1,0.0286,0.0769,0.0417,0.0,12,34,0.567
ADAS,ADAS_M04_01,M04,Requirement synonym replacement,REQUIREMENT,Embedding_Only,3,35,1,0.0286,0.3333,0.0526,0.8,2,34,0.215
ADAS,ADAS_M04_01,M04,Requirement synonym replacement,REQUIREMENT,Embedding_Context,11,35,1,0.0286,0.0909,0.0435,0.0,10,34,0.62
ADAS,ADAS_M04_01,M04,Requirement synonym replacement,REQUIREMENT,Graph_Only,1,35,1,0.0286,1.0,0.0556,1.0,0,34,0.006
ADAS,ADAS_M04_01,M04,Requirement synonym replacement,REQUIREMENT,Hybrid_AURA_Routed,11,35,1,0.0286,0.0909,0.0435,0.0,10,34,0.695
ADAS,ADAS_M04_01,M04,Requirement synonym replacement,REQUIREMENT,Hybrid_AURA_Fixed,11,35,1,0.0286,0.0909,0.0435,0.0,10,34,0.685
ADAS,ADAS_M05_01,M05,Requirement constraint addition,REQUIREMENT,Keyword,10,35,3,0.0857,0.3,0.1333,0.3,7,32,0.618
ADAS,ADAS_M05_01,M05,Requirement constraint addition,REQUIREMENT,Embedding_Only,1,35,1,0.0286,1.0,0.0556,1.0,0,34,0.426
ADAS,ADAS_M05_01,M05,Requirement constraint addition,REQUIREMENT,Embedding_Context,11,35,2,0.0571,0.1818,0.087,0.1,9,33,0.93
ADAS,ADAS_M05_01,M05,Requirement constraint addition,REQUIREMENT,Graph_Only,1,35,1,0.0286,1.0,0.0556,1.0,0,34,0.006
ADAS,ADAS_M05_01,M05,Requirement constraint addition,REQUIREMENT,Hybrid_AURA_Routed,11,35,2,0.0571,0.1818,0.087,0.1,9,33,0.932
ADAS,ADAS_M05_01,M05,Requirement constraint addition,REQUIREMENT,Hybrid_AURA_Fixed,11,35,2,0.0571,0.1818,0.087,0.1,9,33,0.957
ADAS,ADAS_M06_01,M06,ARXML datatype change,ARXML,Keyword,3,1,1,1.0,0.3333,0.5,0.8,2,0,0.524
ADAS,ADAS_M06_01,M06,ARXML datatype change,ARXML,Embedding_Only,1,1,1,1.0,1.0,1.0,1.0,0,0,0.266
ADAS,ADAS_M06_01,M06,ARXML datatype change,ARXML,Embedding_Context,3,1,1,1.0,0.3333,0.5,0.8,2,0,0.493
ADAS,ADAS_M06_01,M06,ARXML datatype change,ARXML,Graph_Only,1,1,1,1.0,1.0,1.0,1.0,0,0,0.006
ADAS,ADAS_M06_01,M06,ARXML datatype change,ARXML,Hybrid_AURA_Routed,1,1,1,1.0,1.0,1.0,1.0,0,0,0.022
ADAS,ADAS_M06_01,M06,ARXML datatype change,ARXML,Hybrid_AURA_Fixed,3,1,1,1.0,0.3333,0.5,0.8,2,0,0.552
ADAS,ADAS_M07_01,M07,ARXML scaling change,ARXML,Keyword,8,1,1,1.0,0.125,0.2222,0.3,7,0,0.623
ADAS,ADAS_M07_01,M07,ARXML scaling change,ARXML,Embedding_Only,1,1,1,1.0,1.0,1.0,1.0,0,0,0.169
ADAS,ADAS_M07_01,M07,ARXML scaling change,ARXML,Embedding_Context,1,1,1,1.0,1.0,1.0,1.0,0,0,0.404
ADAS,ADAS_M07_01,M07,ARXML scaling change,ARXML,Graph_Only,1,1,1,1.0,1.0,1.0,1.0,0,0,0.005
ADAS,ADAS_M07_01,M07,ARXML scaling change,ARXML,Hybrid_AURA_Routed,1,1,1,1.0,1.0,1.0,1.0,0,0,0.02
ADAS,ADAS_M07_01,M07,ARXML scaling change,ARXML,Hybrid_AURA_Fixed,1,1,1,1.0,1.0,1.0,1.0,0,0,0.428
ADAS,ADAS_M08_01,M08,Interface field change,ARXML,Keyword,5,1,1,1.0,0.2,0.3333,0.6,4,0,0.534
ADAS,ADAS_M08_01,M08,Interface field change,ARXML,Embedding_Only,1,1,1,1.0,1.0,1.0,1.0,0,0,0.253
ADAS,ADAS_M08_01,M08,Interface field change,ARXML,Embedding_Context,1,1,1,1.0,1.0,1.0,1.0,0,0,0.725
ADAS,ADAS_M08_01,M08,Interface field change,ARXML,Graph_Only,1,1,1,1.0,1.0,1.0,1.0,0,0,0.007
ADAS,ADAS_M08_01,M08,Interface field change,ARXML,Hybrid_AURA_Routed,1,1,1,1.0,1.0,1.0,1.0,0,0,0.026
ADAS,ADAS_M08_01,M08,Interface field change,ARXML,Hybrid_AURA_Fixed,1,1,1,1.0,1.0,1.0,1.0,0,0,0.57
ADAS,ADAS_M09_01,M09,Interface version change,ARXML,Keyword,5,1,1,1.0,0.2,0.3333,0.6,4,0,0.658
ADAS,ADAS_M09_01,M09,Interface version change,ARXML,Embedding_Only,1,1,1,1.0,1.0,1.0,1.0,0,0,0.196
ADAS,ADAS_M09_01,M09,Interface version change,ARXML,Embedding_Context,1,1,1,1.0,1.0,1.0,1.0,0,0,0.444
ADAS,ADAS_M09_01,M09,Interface version change,ARXML,Graph_Only,1,1,1,1.0,1.0,1.0,1.0,0,0,0.005
ADAS,ADAS_M09_01,M09,Interface version change,ARXML,Hybrid_AURA_Routed,1,1,1,1.0,1.0,1.0,1.0,0,0,0.022
ADAS,ADAS_M09_01,M09,Interface version change,ARXML,Hybrid_AURA_Fixed,1,1,1,1.0,1.0,1.0,1.0,0,0,0.459
ADAS,ADAS_M10_01,M10,C function signature change,C_CODE,Keyword,2,38,1,0.0263,0.5,0.05,0.9,1,37,0.584
ADAS,ADAS_M10_01,M10,C function signature change,C_CODE,Embedding_Only,2,38,1,0.0263,0.5,0.05,0.9,1,37,0.236
ADAS,ADAS_M10_01,M10,C function signature change,C_CODE,Embedding_Context,10,38,3,0.0789,0.3,0.125,0.3,7,35,2.149
ADAS,ADAS_M10_01,M10,C function signature change,C_CODE,Graph_Only,21,38,13,0.3421,0.619,0.4407,0.2,8,25,0.295
ADAS,ADAS_M10_01,M10,C function signature change,C_CODE,Hybrid_AURA_Routed,21,38,13,0.3421,0.619,0.4407,0.2,8,25,0.345
ADAS,ADAS_M10_01,M10,C function signature change,C_CODE,Hybrid_AURA_Fixed,30,38,14,0.3684,0.4667,0.4118,0.0,16,24,2.56
ADAS,ADAS_M11_01,M11,C constant change,C_CODE,Keyword,3,38,1,0.0263,0.3333,0.0488,0.8,2,37,0.518
ADAS,ADAS_M11_01,M11,C constant change,C_CODE,Embedding_Only,1,38,1,0.0263,1.0,0.0513,1.0,0,37,0.183
ADAS,ADAS_M11_01,M11,C constant change,C_CODE,Embedding_Context,10,38,6,0.1579,0.6,0.25,0.6,4,32,3.095
ADAS,ADAS_M11_01,M11,C constant change,C_CODE,Graph_Only,21,38,13,0.3421,0.619,0.4407,0.2,8,25,0.247
ADAS,ADAS_M11_01,M11,C constant change,C_CODE,Hybrid_AURA_Routed,21,38,13,0.3421,0.619,0.4407,0.2,8,25,0.323
ADAS,ADAS_M11_01,M11,C constant change,C_CODE,Hybrid_AURA_Fixed,23,38,13,0.3421,0.5652,0.4262,0.0,10,25,3.26
ADAS,ADAS_M12_01,M12,Function dependency change,C_CODE,Keyword,12,1,1,1.0,0.0833,0.1538,0.0,11,0,0.686
ADAS,ADAS_M12_01,M12,Function dependency change,C_CODE,Embedding_Only,6,1,1,1.0,0.1667,0.2857,0.5,5,0,0.266
ADAS,ADAS_M12_01,M12,Function dependency change,C_CODE,Embedding_Context,11,1,1,1.0,0.0909,0.1667,0.0,10,0,0.516
ADAS,ADAS_M12_01,M12,Function dependency change,C_CODE,Graph_Only,1,1,1,1.0,1.0,1.0,1.0,0,0,0.006
ADAS,ADAS_M12_01,M12,Function dependency change,C_CODE,Hybrid_AURA_Routed,1,1,1,1.0,1.0,1.0,1.0,0,0,0.021
ADAS,ADAS_M12_01,M12,Function dependency change,C_CODE,Hybrid_AURA_Fixed,11,1,1,1.0,0.0909,0.1667,0.0,10,0,0.58
ADAS,ADAS_M13_01,M13,Variable dependency change,C_CODE,Keyword,9,1,1,1.0,0.1111,0.2,0.2,8,0,0.547
ADAS,ADAS_M13_01,M13,Variable dependency change,C_CODE,Embedding_Only,1,1,1,1.0,1.0,1.0,1.0,0,0,0.138
ADAS,ADAS_M13_01,M13,Variable dependency change,C_CODE,Embedding_Context,1,1,1,1.0,1.0,1.0,1.0,0,0,0.377
ADAS,ADAS_M13_01,M13,Variable dependency change,C_CODE,Graph_Only,1,1,1,1.0,1.0,1.0,1.0,0,0,0.005
ADAS,ADAS_M13_01,M13,Variable dependency change,C_CODE,Hybrid_AURA_Routed,1,1,1,1.0,1.0,1.0,1.0,0,0,0.02
ADAS,ADAS_M13_01,M13,Variable dependency change,C_CODE,Hybrid_AURA_Fixed,1,1,1,1.0,1.0,1.0,1.0,0,0,0.397
ADAS,ADAS_M14_01,M14,Test requirement modification,TEST,Keyword,86,45,2,0.0444,0.0233,0.0305,0.0,84,43,0.76
ADAS,ADAS_M14_01,M14,Test requirement modification,TEST,Embedding_Only,10,45,1,0.0222,0.1,0.0364,0.1,9,44,0.463
ADAS,ADAS_M14_01,M14,Test requirement modification,TEST,Embedding_Context,10,45,1,0.0222,0.1,0.0364,0.1,9,44,0.851
ADAS,ADAS_M14_01,M14,Test requirement modification,TEST,Graph_Only,23,45,12,0.2667,0.5217,0.3529,0.0,11,33,0.242
ADAS,ADAS_M14_01,M14,Test requirement modification,TEST,Hybrid_AURA_Routed,23,45,12,0.2667,0.5217,0.3529,0.0,11,33,0.326
ADAS,ADAS_M14_01,M14,Test requirement modification,TEST,Hybrid_AURA_Fixed,33,45,12,0.2667,0.3636,0.3077,0.0,21,33,1.234
ADAS,ADAS_M15_01,M15,Unrelated/no-impact change,C_CODE,Keyword,5,0,0,1.0,0.0,0.0,0.0,5,0,0.539
ADAS,ADAS_M15_01,M15,Unrelated/no-impact change,C_CODE,Embedding_Only,1,0,0,1.0,0.0,0.0,0.0,1,0,0.215
ADAS,ADAS_M15_01,M15,Unrelated/no-impact change,C_CODE,Embedding_Context,1,0,0,1.0,0.0,0.0,0.0,1,0,0.777
ADAS,ADAS_M15_01,M15,Unrelated/no-impact change,C_CODE,Graph_Only,19,0,0,1.0,0.0,0.0,0.0,19,0,0.227
ADAS,ADAS_M15_01,M15,Unrelated/no-impact change,C_CODE,Hybrid_AURA_Routed,0,0,0,1.0,1.0,1.0,1.0,0,0,0.008
ADAS,ADAS_M15_01,M15,Unrelated/no-impact change,C_CODE,Hybrid_AURA_Fixed,19,0,0,1.0,0.0,0.0,0.0,19,0,1.23
ADAS,ADAS_M16_01,M16,Indirect dependency change,C_CODE,Keyword,5,38,1,0.0263,0.2,0.0465,0.6,4,37,0.565
ADAS,ADAS_M16_01,M16,Indirect dependency change,C_CODE,Embedding_Only,1,38,1,0.0263,1.0,0.0513,1.0,0,37,0.209
ADAS,ADAS_M16_01,M16,Indirect dependency change,C_CODE,Embedding_Context,1,38,1,0.0263,1.0,0.0513,1.0,0,37,1.902
ADAS,ADAS_M16_01,M16,Indirect dependency change,C_CODE,Graph_Only,21,38,13,0.3421,0.619,0.4407,0.2,8,25,0.252
ADAS,ADAS_M16_01,M16,Indirect dependency change,C_CODE,Hybrid_AURA_Routed,21,38,13,0.3421,0.619,0.4407,0.2,8,25,0.563
ADAS,ADAS_M16_01,M16,Indirect dependency change,C_CODE,Hybrid_AURA_Fixed,21,38,13,0.3421,0.619,0.4407,0.2,8,25,2.308
ADAS,ADAS_M17_01,M17,Long-chain dependency change,REQUIREMENT,Keyword,15,35,1,0.0286,0.0667,0.04,0.0,14,34,0.629
ADAS,ADAS_M17_01,M17,Long-chain dependency change,REQUIREMENT,Embedding_Only,1,35,1,0.0286,1.0,0.0556,1.0,0,34,0.246
ADAS,ADAS_M17_01,M17,Long-chain dependency change,REQUIREMENT,Embedding_Context,11,35,1,0.0286,0.0909,0.0435,0.0,10,34,0.61
ADAS,ADAS_M17_01,M17,Long-chain dependency change,REQUIREMENT,Graph_Only,1,35,1,0.0286,1.0,0.0556,1.0,0,34,0.006
ADAS,ADAS_M17_01,M17,Long-chain dependency change,REQUIREMENT,Hybrid_AURA_Routed,1,35,1,0.0286,1.0,0.0556,1.0,0,34,0.021
ADAS,ADAS_M17_01,M17,Long-chain dependency change,REQUIREMENT,Hybrid_AURA_Fixed,11,35,1,0.0286,0.0909,0.0435,0.0,10,34,0.686
ADAS,ADAS_M18_01,M18,Cross-domain Req->ARXML->C->Test change,REQUIREMENT,Keyword,15,32,1,0.0312,0.0667,0.0426,0.0,14,31,0.55
ADAS,ADAS_M18_01,M18,Cross-domain Req->ARXML->C->Test change,REQUIREMENT,Embedding_Only,1,32,1,0.0312,1.0,0.0606,1.0,0,31,0.248
ADAS,ADAS_M18_01,M18,Cross-domain Req->ARXML->C->Test change,REQUIREMENT,Embedding_Context,11,32,1,0.0312,0.0909,0.0465,0.0,10,31,0.611
ADAS,ADAS_M18_01,M18,Cross-domain Req->ARXML->C->Test change,REQUIREMENT,Graph_Only,1,32,1,0.0312,1.0,0.0606,1.0,0,31,0.007
ADAS,ADAS_M18_01,M18,Cross-domain Req->ARXML->C->Test change,REQUIREMENT,Hybrid_AURA_Routed,11,32,1,0.0312,0.0909,0.0465,0.0,10,31,0.69
ADAS,ADAS_M18_01,M18,Cross-domain Req->ARXML->C->Test change,REQUIREMENT,Hybrid_AURA_Fixed,11,32,1,0.0312,0.0909,0.0465,0.0,10,31,0.667
ADAS,ADAS_M19_01,M19,Misleading semantic similarity,REQUIREMENT,Keyword,11,1,1,1.0,0.0909,0.1667,0.0,10,0,0.532
ADAS,ADAS_M19_01,M19,Misleading semantic similarity,REQUIREMENT,Embedding_Only,2,1,1,1.0,0.5,0.6667,0.9,1,0,0.229
ADAS,ADAS_M19_01,M19,Misleading semantic similarity,REQUIREMENT,Embedding_Context,11,1,1,1.0,0.0909,0.1667,0.0,10,0,0.552
ADAS,ADAS_M19_01,M19,Misleading semantic similarity,REQUIREMENT,Graph_Only,1,1,1,1.0,1.0,1.0,1.0,0,0,0.005
ADAS,ADAS_M19_01,M19,Misleading semantic similarity,REQUIREMENT,Hybrid_AURA_Routed,11,1,1,1.0,0.0909,0.1667,0.0,10,0,0.622
ADAS,ADAS_M19_01,M19,Misleading semantic similarity,REQUIREMENT,Hybrid_AURA_Fixed,11,1,1,1.0,0.0909,0.1667,0.0,10,0,0.628
ADAS,ADAS_M20_01,M20,Multiple simultaneous changes,C_CODE,Keyword,11,1,1,1.0,0.0909,0.1667,0.0,10,0,0.529
ADAS,ADAS_M20_01,M20,Multiple simultaneous changes,C_CODE,Embedding_Only,1,1,1,1.0,1.0,1.0,1.0,0,0,0.17
ADAS,ADAS_M20_01,M20,Multiple simultaneous changes,C_CODE,Embedding_Context,1,1,1,1.0,1.0,1.0,1.0,0,0,0.42
ADAS,ADAS_M20_01,M20,Multiple simultaneous changes,C_CODE,Graph_Only,1,1,1,1.0,1.0,1.0,1.0,0,0,0.005
ADAS,ADAS_M20_01,M20,Multiple simultaneous changes,C_CODE,Hybrid_AURA_Routed,1,1,1,1.0,1.0,1.0,1.0,0,0,0.545
ADAS,ADAS_M20_01,M20,Multiple simultaneous changes,C_CODE,Hybrid_AURA_Fixed,1,1,1,1.0,1.0,1.0,1.0,0,0,0.455
ADAS,ADAS_M21_01,M21,Lexical renaming,C_CODE,Keyword,5,34,1,0.0294,0.2,0.0513,0.6,4,33,0.547
ADAS,ADAS_M21_01,M21,Lexical renaming,C_CODE,Embedding_Only,1,34,1,0.0294,1.0,0.0571,1.0,0,33,0.167
ADAS,ADAS_M21_01,M21,Lexical renaming,C_CODE,Embedding_Context,1,34,1,0.0294,1.0,0.0571,1.0,0,33,1.609
ADAS,ADAS_M21_01,M21,Lexical renaming,C_CODE,Graph_Only,21,34,13,0.3824,0.619,0.4727,0.2,8,21,0.256
ADAS,ADAS_M21_01,M21,Lexical renaming,C_CODE,Hybrid_AURA_Routed,21,34,13,0.3824,0.619,0.4727,0.2,8,21,0.338
ADAS,ADAS_M21_01,M21,Lexical renaming,C_CODE,Hybrid_AURA_Fixed,21,34,13,0.3824,0.619,0.4727,0.2,8,21,2.166
ADAS,ADAS_M22_01,M22,Structural rename with same semantics,C_CODE,Keyword,5,38,1,0.0263,0.2,0.0465,0.6,4,37,0.891
ADAS,ADAS_M22_01,M22,Structural rename with same semantics,C_CODE,Embedding_Only,1,38,1,0.0263,1.0,0.0513,1.0,0,37,0.304
ADAS,ADAS_M22_01,M22,Structural rename with same semantics,C_CODE,Embedding_Context,10,38,1,0.0263,0.1,0.0417,0.1,9,37,2.959
ADAS,ADAS_M22_01,M22,Structural rename with same semantics,C_CODE,Graph_Only,21,38,13,0.3421,0.619,0.4407,0.2,8,25,0.376
ADAS,ADAS_M22_01,M22,Structural rename with same semantics,C_CODE,Hybrid_AURA_Routed,21,38,13,0.3421,0.619,0.4407,0.2,8,25,0.413
ADAS,ADAS_M22_01,M22,Structural rename with same semantics,C_CODE,Hybrid_AURA_Fixed,31,38,13,0.3421,0.4194,0.3768,0.0,18,25,3.521
ADAS,ADAS_M23_01,M23,Semantic requirement change with little textual overlap,REQUIREMENT,Keyword,17,35,1,0.0286,0.0588,0.0385,0.0,16,34,0.721
ADAS,ADAS_M23_01,M23,Semantic requirement change with little textual overlap,REQUIREMENT,Embedding_Only,11,35,1,0.0286,0.0909,0.0435,0.0,10,34,0.245
ADAS,ADAS_M23_01,M23,Semantic requirement change with little textual overlap,REQUIREMENT,Embedding_Context,11,35,1,0.0286,0.0909,0.0435,0.0,10,34,0.639
ADAS,ADAS_M23_01,M23,Semantic requirement change with little textual overlap,REQUIREMENT,Graph_Only,1,35,1,0.0286,1.0,0.0556,1.0,0,34,0.01
ADAS,ADAS_M23_01,M23,Semantic requirement change with little textual overlap,REQUIREMENT,Hybrid_AURA_Routed,11,35,1,0.0286,0.0909,0.0435,0.0,10,34,0.869
ADAS,ADAS_M23_01,M23,Semantic requirement change with little textual overlap,REQUIREMENT,Hybrid_AURA_Fixed,11,35,1,0.0286,0.0909,0.0435,0.0,10,34,0.693
ADAS,ADAS_M24_01,M24,Dead-code modification,C_CODE,Keyword,5,0,0,1.0,0.0,0.0,0.0,5,0,0.622
ADAS,ADAS_M24_01,M24,Dead-code modification,C_CODE,Embedding_Only,1,0,0,1.0,0.0,0.0,0.0,1,0,0.174
ADAS,ADAS_M24_01,M24,Dead-code modification,C_CODE,Embedding_Context,1,0,0,1.0,0.0,0.0,0.0,1,0,1.359
ADAS,ADAS_M24_01,M24,Dead-code modification,C_CODE,Graph_Only,19,0,0,1.0,0.0,0.0,0.0,19,0,0.224
ADAS,ADAS_M24_01,M24,Dead-code modification,C_CODE,Hybrid_AURA_Routed,0,0,0,1.0,1.0,1.0,1.0,0,0,0.009
ADAS,ADAS_M24_01,M24,Dead-code modification,C_CODE,Hybrid_AURA_Fixed,19,0,0,1.0,0.0,0.0,0.0,19,0,1.566
ADAS,ADAS_M25_01,M25,Documentation-only change,DOC,Keyword,1,0,0,1.0,0.0,0.0,0.0,1,0,0.609
ADAS,ADAS_M25_01,M25,Documentation-only change,DOC,Embedding_Only,1,0,0,1.0,0.0,0.0,0.0,1,0,0.231
ADAS,ADAS_M25_01,M25,Documentation-only change,DOC,Embedding_Context,3,0,0,1.0,0.0,0.0,0.0,3,0,0.547
ADAS,ADAS_M25_01,M25,Documentation-only change,DOC,Graph_Only,1,0,0,1.0,0.0,0.0,0.0,1,0,0.006
ADAS,ADAS_M25_01,M25,Documentation-only change,DOC,Hybrid_AURA_Routed,0,0,0,1.0,1.0,1.0,1.0,0,0,0.007
ADAS,ADAS_M25_01,M25,Documentation-only change,DOC,Hybrid_AURA_Fixed,3,0,0,1.0,0.0,0.0,0.0,3,0,0.592
ADAS,ADAS_M01_02,M01,Numeric requirement change,REQUIREMENT,Keyword,16,35,3,0.0857,0.1875,0.1176,0.0,13,32,0.609
ADAS,ADAS_M01_02,M01,Numeric requirement change,REQUIREMENT,Embedding_Only,11,35,1,0.0286,0.0909,0.0435,0.0,10,34,0.363
ADAS,ADAS_M01_02,M01,Numeric requirement change,REQUIREMENT,Embedding_Context,11,35,1,0.0286,0.0909,0.0435,0.0,10,34,0.736
ADAS,ADAS_M01_02,M01,Numeric requirement change,REQUIREMENT,Graph_Only,1,35,1,0.0286,1.0,0.0556,1.0,0,34,0.007
ADAS,ADAS_M01_02,M01,Numeric requirement change,REQUIREMENT,Hybrid_AURA_Routed,11,35,1,0.0286,0.0909,0.0435,0.0,10,34,0.79
ADAS,ADAS_M01_02,M01,Numeric requirement change,REQUIREMENT,Hybrid_AURA_Fixed,11,35,1,0.0286,0.0909,0.0435,0.0,10,34,0.794
ADAS,ADAS_M02_02,M02,Threshold change,REQUIREMENT,Keyword,11,35,1,0.0286,0.0909,0.0435,0.0,10,34,0.59
ADAS,ADAS_M02_02,M02,Threshold change,REQUIREMENT,Embedding_Only,2,35,1,0.0286,0.5,0.0541,0.9,1,34,0.362
ADAS,ADAS_M02_02,M02,Threshold change,REQUIREMENT,Embedding_Context,9,35,1,0.0286,0.1111,0.0455,0.2,8,34,0.697
ADAS,ADAS_M02_02,M02,Threshold change,REQUIREMENT,Graph_Only,1,35,1,0.0286,1.0,0.0556,1.0,0,34,0.007
ADAS,ADAS_M02_02,M02,Threshold change,REQUIREMENT,Hybrid_AURA_Routed,9,35,1,0.0286,0.1111,0.0455,0.2,8,34,0.775
ADAS,ADAS_M02_02,M02,Threshold change,REQUIREMENT,Hybrid_AURA_Fixed,9,35,1,0.0286,0.1111,0.0455,0.2,8,34,0.749
ADAS,ADAS_M03_02,M03,Semantic wording change,REQUIREMENT,Keyword,11,35,1,0.0286,0.0909,0.0435,0.0,10,34,0.557
ADAS,ADAS_M03_02,M03,Semantic wording change,REQUIREMENT,Embedding_Only,9,35,1,0.0286,0.1111,0.0455,0.2,8,34,0.301
ADAS,ADAS_M03_02,M03,Semantic wording change,REQUIREMENT,Embedding_Context,11,35,1,0.0286,0.0909,0.0435,0.0,10,34,0.953
ADAS,ADAS_M03_02,M03,Semantic wording change,REQUIREMENT,Graph_Only,1,35,1,0.0286,1.0,0.0556,1.0,0,34,0.007
ADAS,ADAS_M03_02,M03,Semantic wording change,REQUIREMENT,Hybrid_AURA_Routed,11,35,1,0.0286,0.0909,0.0435,0.0,10,34,0.77
ADAS,ADAS_M03_02,M03,Semantic wording change,REQUIREMENT,Hybrid_AURA_Fixed,11,35,1,0.0286,0.0909,0.0435,0.0,10,34,0.719
ADAS,ADAS_M04_02,M04,Requirement synonym replacement,REQUIREMENT,Keyword,13,35,1,0.0286,0.0769,0.0417,0.0,12,34,0.555
ADAS,ADAS_M04_02,M04,Requirement synonym replacement,REQUIREMENT,Embedding_Only,3,35,1,0.0286,0.3333,0.0526,0.8,2,34,0.229
ADAS,ADAS_M04_02,M04,Requirement synonym replacement,REQUIREMENT,Embedding_Context,11,35,1,0.0286,0.0909,0.0435,0.0,10,34,0.61
ADAS,ADAS_M04_02,M04,Requirement synonym replacement,REQUIREMENT,Graph_Only,1,35,1,0.0286,1.0,0.0556,1.0,0,34,0.006
ADAS,ADAS_M04_02,M04,Requirement synonym replacement,REQUIREMENT,Hybrid_AURA_Routed,11,35,1,0.0286,0.0909,0.0435,0.0,10,34,0.875
ADAS,ADAS_M04_02,M04,Requirement synonym replacement,REQUIREMENT,Hybrid_AURA_Fixed,11,35,1,0.0286,0.0909,0.0435,0.0,10,34,0.701
ADAS,ADAS_M05_02,M05,Requirement constraint addition,REQUIREMENT,Keyword,10,35,3,0.0857,0.3,0.1333,0.3,7,32,0.632
ADAS,ADAS_M05_02,M05,Requirement constraint addition,REQUIREMENT,Embedding_Only,1,35,1,0.0286,1.0,0.0556,1.0,0,34,0.41
ADAS,ADAS_M05_02,M05,Requirement constraint addition,REQUIREMENT,Embedding_Context,11,35,2,0.0571,0.1818,0.087,0.1,9,33,0.848
ADAS,ADAS_M05_02,M05,Requirement constraint addition,REQUIREMENT,Graph_Only,1,35,1,0.0286,1.0,0.0556,1.0,0,34,0.006
ADAS,ADAS_M05_02,M05,Requirement constraint addition,REQUIREMENT,Hybrid_AURA_Routed,11,35,2,0.0571,0.1818,0.087,0.1,9,33,0.898
ADAS,ADAS_M05_02,M05,Requirement constraint addition,REQUIREMENT,Hybrid_AURA_Fixed,11,35,2,0.0571,0.1818,0.087,0.1,9,33,0.89
ADAS,ADAS_M06_02,M06,ARXML datatype change,ARXML,Keyword,3,1,1,1.0,0.3333,0.5,0.8,2,0,0.521
ADAS,ADAS_M06_02,M06,ARXML datatype change,ARXML,Embedding_Only,1,1,1,1.0,1.0,1.0,1.0,0,0,0.215
ADAS,ADAS_M06_02,M06,ARXML datatype change,ARXML,Embedding_Context,3,1,1,1.0,0.3333,0.5,0.8,2,0,0.463
ADAS,ADAS_M06_02,M06,ARXML datatype change,ARXML,Graph_Only,1,1,1,1.0,1.0,1.0,1.0,0,0,0.005
ADAS,ADAS_M06_02,M06,ARXML datatype change,ARXML,Hybrid_AURA_Routed,1,1,1,1.0,1.0,1.0,1.0,0,0,0.019
ADAS,ADAS_M06_02,M06,ARXML datatype change,ARXML,Hybrid_AURA_Fixed,3,1,1,1.0,0.3333,0.5,0.8,2,0,0.518
ADAS,ADAS_M07_02,M07,ARXML scaling change,ARXML,Keyword,8,1,1,1.0,0.125,0.2222,0.3,7,0,0.485
ADAS,ADAS_M07_02,M07,ARXML scaling change,ARXML,Embedding_Only,1,1,1,1.0,1.0,1.0,1.0,0,0,0.166
ADAS,ADAS_M07_02,M07,ARXML scaling change,ARXML,Embedding_Context,1,1,1,1.0,1.0,1.0,1.0,0,0,0.399
ADAS,ADAS_M07_02,M07,ARXML scaling change,ARXML,Graph_Only,1,1,1,1.0,1.0,1.0,1.0,0,0,0.005
ADAS,ADAS_M07_02,M07,ARXML scaling change,ARXML,Hybrid_AURA_Routed,1,1,1,1.0,1.0,1.0,1.0,0,0,0.019
ADAS,ADAS_M07_02,M07,ARXML scaling change,ARXML,Hybrid_AURA_Fixed,1,1,1,1.0,1.0,1.0,1.0,0,0,0.434
ADAS,ADAS_M08_02,M08,Interface field change,ARXML,Keyword,5,1,1,1.0,0.2,0.3333,0.6,4,0,0.484
ADAS,ADAS_M08_02,M08,Interface field change,ARXML,Embedding_Only,1,1,1,1.0,1.0,1.0,1.0,0,0,0.232
ADAS,ADAS_M08_02,M08,Interface field change,ARXML,Embedding_Context,1,1,1,1.0,1.0,1.0,1.0,0,0,0.465
ADAS,ADAS_M08_02,M08,Interface field change,ARXML,Graph_Only,1,1,1,1.0,1.0,1.0,1.0,0,0,0.005
ADAS,ADAS_M08_02,M08,Interface field change,ARXML,Hybrid_AURA_Routed,1,1,1,1.0,1.0,1.0,1.0,0,0,0.023
ADAS,ADAS_M08_02,M08,Interface field change,ARXML,Hybrid_AURA_Fixed,1,1,1,1.0,1.0,1.0,1.0,0,0,0.482
ADAS,ADAS_M09_02,M09,Interface version change,ARXML,Keyword,5,1,1,1.0,0.2,0.3333,0.6,4,0,0.497
ADAS,ADAS_M09_02,M09,Interface version change,ARXML,Embedding_Only,1,1,1,1.0,1.0,1.0,1.0,0,0,0.178
ADAS,ADAS_M09_02,M09,Interface version change,ARXML,Embedding_Context,1,1,1,1.0,1.0,1.0,1.0,0,0,0.41
ADAS,ADAS_M09_02,M09,Interface version change,ARXML,Graph_Only,1,1,1,1.0,1.0,1.0,1.0,0,0,0.005
ADAS,ADAS_M09_02,M09,Interface version change,ARXML,Hybrid_AURA_Routed,1,1,1,1.0,1.0,1.0,1.0,0,0,0.019
ADAS,ADAS_M09_02,M09,Interface version change,ARXML,Hybrid_AURA_Fixed,1,1,1,1.0,1.0,1.0,1.0,0,0,0.775
ADAS,ADAS_M10_02,M10,C function signature change,C_CODE,Keyword,2,38,1,0.0263,0.5,0.05,0.9,1,37,0.783
ADAS,ADAS_M10_02,M10,C function signature change,C_CODE,Embedding_Only,1,38,1,0.0263,1.0,0.0513,1.0,0,37,0.295
ADAS,ADAS_M10_02,M10,C function signature change,C_CODE,Embedding_Context,10,38,4,0.1053,0.4,0.1667,0.4,6,34,2.6
ADAS,ADAS_M10_02,M10,C function signature change,C_CODE,Graph_Only,21,38,13,0.3421,0.619,0.4407,0.2,8,25,0.575
ADAS,ADAS_M10_02,M10,C function signature change,C_CODE,Hybrid_AURA_Routed,21,38,13,0.3421,0.619,0.4407,0.2,8,25,0.392
ADAS,ADAS_M10_02,M10,C function signature change,C_CODE,Hybrid_AURA_Fixed,29,38,15,0.3947,0.5172,0.4478,0.0,14,23,2.615
ADAS,ADAS_M11_02,M11,C constant change,C_CODE,Keyword,3,38,1,0.0263,0.3333,0.0488,0.8,2,37,0.595
ADAS,ADAS_M11_02,M11,C constant change,C_CODE,Embedding_Only,1,38,1,0.0263,1.0,0.0513,1.0,0,37,0.311
ADAS,ADAS_M11_02,M11,C constant change,C_CODE,Embedding_Context,10,38,6,0.1579,0.6,0.25,0.6,4,32,3.088
ADAS,ADAS_M11_02,M11,C constant change,C_CODE,Graph_Only,21,38,13,0.3421,0.619,0.4407,0.2,8,25,0.246
ADAS,ADAS_M11_02,M11,C constant change,C_CODE,Hybrid_AURA_Routed,21,38,13,0.3421,0.619,0.4407,0.2,8,25,0.327
ADAS,ADAS_M11_02,M11,C constant change,C_CODE,Hybrid_AURA_Fixed,29,38,16,0.4211,0.5517,0.4776,0.0,13,22,3.307
ADAS,ADAS_M12_02,M12,Function dependency change,C_CODE,Keyword,13,1,1,1.0,0.0769,0.1429,0.0,12,0,0.959
ADAS,ADAS_M12_02,M12,Function dependency change,C_CODE,Embedding_Only,2,1,1,1.0,0.5,0.6667,0.9,1,0,0.306
ADAS,ADAS_M12_02,M12,Function dependency change,C_CODE,Embedding_Context,5,1,1,1.0,0.2,0.3333,0.6,4,0,0.557
ADAS,ADAS_M12_02,M12,Function dependency change,C_CODE,Graph_Only,1,1,1,1.0,1.0,1.0,1.0,0,0,0.006
ADAS,ADAS_M12_02,M12,Function dependency change,C_CODE,Hybrid_AURA_Routed,1,1,1,1.0,1.0,1.0,1.0,0,0,0.022
ADAS,ADAS_M12_02,M12,Function dependency change,C_CODE,Hybrid_AURA_Fixed,5,1,1,1.0,0.2,0.3333,0.6,4,0,0.518
ADAS,ADAS_M13_02,M13,Variable dependency change,C_CODE,Keyword,8,36,1,0.0278,0.125,0.0455,0.3,7,35,0.605
ADAS,ADAS_M13_02,M13,Variable dependency change,C_CODE,Embedding_Only,1,36,1,0.0278,1.0,0.0541,1.0,0,35,0.22
ADAS,ADAS_M13_02,M13,Variable dependency change,C_CODE,Embedding_Context,1,36,1,0.0278,1.0,0.0541,1.0,0,35,1.828
ADAS,ADAS_M13_02,M13,Variable dependency change,C_CODE,Graph_Only,18,36,12,0.3333,0.6667,0.4444,0.4,6,24,0.217
ADAS,ADAS_M13_02,M13,Variable dependency change,C_CODE,Hybrid_AURA_Routed,18,36,12,0.3333,0.6667,0.4444,0.4,6,24,0.297
ADAS,ADAS_M13_02,M13,Variable dependency change,C_CODE,Hybrid_AURA_Fixed,18,36,12,0.3333,0.6667,0.4444,0.4,6,24,1.576
ADAS,ADAS_M14_02,M14,Test requirement modification,TEST,Keyword,86,52,3,0.0577,0.0349,0.0435,0.0,83,49,1.144
ADAS,ADAS_M14_02,M14,Test requirement modification,TEST,Embedding_Only,10,52,2,0.0385,0.2,0.0645,0.2,8,50,0.474
ADAS,ADAS_M14_02,M14,Test requirement modification,TEST,Embedding_Context,10,52,2,0.0385,0.2,0.0645,0.2,8,50,0.92
ADAS,ADAS_M14_02,M14,Test requirement modification,TEST,Graph_Only,22,52,12,0.2308,0.5455,0.3243,0.0,10,40,0.246
ADAS,ADAS_M14_02,M14,Test requirement modification,TEST,Hybrid_AURA_Routed,22,52,12,0.2308,0.5455,0.3243,0.0,10,40,0.342
ADAS,ADAS_M14_02,M14,Test requirement modification,TEST,Hybrid_AURA_Fixed,32,52,13,0.25,0.4062,0.3095,0.0,19,39,1.285
ADAS,ADAS_M15_02,M15,Unrelated/no-impact change,C_CODE,Keyword,5,0,0,1.0,0.0,0.0,0.0,5,0,0.575
ADAS,ADAS_M15_02,M15,Unrelated/no-impact change,C_CODE,Embedding_Only,1,0,0,1.0,0.0,0.0,0.0,1,0,0.235
ADAS,ADAS_M15_02,M15,Unrelated/no-impact change,C_CODE,Embedding_Context,1,0,0,1.0,0.0,0.0,0.0,1,0,0.744
ADAS,ADAS_M15_02,M15,Unrelated/no-impact change,C_CODE,Graph_Only,21,0,0,1.0,0.0,0.0,0.0,21,0,0.255
ADAS,ADAS_M15_02,M15,Unrelated/no-impact change,C_CODE,Hybrid_AURA_Routed,0,0,0,1.0,1.0,1.0,1.0,0,0,0.008
ADAS,ADAS_M15_02,M15,Unrelated/no-impact change,C_CODE,Hybrid_AURA_Fixed,21,0,0,1.0,0.0,0.0,0.0,21,0,1.1
ADAS,ADAS_M16_02,M16,Indirect dependency change,C_CODE,Keyword,5,38,1,0.0263,0.2,0.0465,0.6,4,37,0.508
ADAS,ADAS_M16_02,M16,Indirect dependency change,C_CODE,Embedding_Only,1,38,1,0.0263,1.0,0.0513,1.0,0,37,0.177
ADAS,ADAS_M16_02,M16,Indirect dependency change,C_CODE,Embedding_Context,1,38,1,0.0263,1.0,0.0513,1.0,0,37,2.256
ADAS,ADAS_M16_02,M16,Indirect dependency change,C_CODE,Graph_Only,21,38,13,0.3421,0.619,0.4407,0.2,8,25,0.252
ADAS,ADAS_M16_02,M16,Indirect dependency change,C_CODE,Hybrid_AURA_Routed,21,38,13,0.3421,0.619,0.4407,0.2,8,25,0.337
ADAS,ADAS_M16_02,M16,Indirect dependency change,C_CODE,Hybrid_AURA_Fixed,21,38,13,0.3421,0.619,0.4407,0.2,8,25,2.899
ADAS,ADAS_M17_02,M17,Long-chain dependency change,REQUIREMENT,Keyword,15,35,1,0.0286,0.0667,0.04,0.0,14,34,0.725
ADAS,ADAS_M17_02,M17,Long-chain dependency change,REQUIREMENT,Embedding_Only,1,35,1,0.0286,1.0,0.0556,1.0,0,34,0.381
ADAS,ADAS_M17_02,M17,Long-chain dependency change,REQUIREMENT,Embedding_Context,11,35,1,0.0286,0.0909,0.0435,0.0,10,34,0.652
ADAS,ADAS_M17_02,M17,Long-chain dependency change,REQUIREMENT,Graph_Only,1,35,1,0.0286,1.0,0.0556,1.0,0,34,0.007
ADAS,ADAS_M17_02,M17,Long-chain dependency change,REQUIREMENT,Hybrid_AURA_Routed,1,35,1,0.0286,1.0,0.0556,1.0,0,34,0.022
ADAS,ADAS_M17_02,M17,Long-chain dependency change,REQUIREMENT,Hybrid_AURA_Fixed,11,35,1,0.0286,0.0909,0.0435,0.0,10,34,0.714
ADAS,ADAS_M18_02,M18,Cross-domain Req->ARXML->C->Test change,REQUIREMENT,Keyword,15,35,1,0.0286,0.0667,0.04,0.0,14,34,0.603
ADAS,ADAS_M18_02,M18,Cross-domain Req->ARXML->C->Test change,REQUIREMENT,Embedding_Only,1,35,1,0.0286,1.0,0.0556,1.0,0,34,0.249
ADAS,ADAS_M18_02,M18,Cross-domain Req->ARXML->C->Test change,REQUIREMENT,Embedding_Context,11,35,1,0.0286,0.0909,0.0435,0.0,10,34,0.628
ADAS,ADAS_M18_02,M18,Cross-domain Req->ARXML->C->Test change,REQUIREMENT,Graph_Only,1,35,1,0.0286,1.0,0.0556,1.0,0,34,0.006
ADAS,ADAS_M18_02,M18,Cross-domain Req->ARXML->C->Test change,REQUIREMENT,Hybrid_AURA_Routed,11,35,1,0.0286,0.0909,0.0435,0.0,10,34,0.688
ADAS,ADAS_M18_02,M18,Cross-domain Req->ARXML->C->Test change,REQUIREMENT,Hybrid_AURA_Fixed,11,35,1,0.0286,0.0909,0.0435,0.0,10,34,0.668
ADAS,ADAS_M19_02,M19,Misleading semantic similarity,REQUIREMENT,Keyword,11,1,1,1.0,0.0909,0.1667,0.0,10,0,0.538
ADAS,ADAS_M19_02,M19,Misleading semantic similarity,REQUIREMENT,Embedding_Only,2,1,1,1.0,0.5,0.6667,0.9,1,0,0.197
ADAS,ADAS_M19_02,M19,Misleading semantic similarity,REQUIREMENT,Embedding_Context,11,1,1,1.0,0.0909,0.1667,0.0,10,0,0.551
ADAS,ADAS_M19_02,M19,Misleading semantic similarity,REQUIREMENT,Graph_Only,1,1,1,1.0,1.0,1.0,1.0,0,0,0.006
ADAS,ADAS_M19_02,M19,Misleading semantic similarity,REQUIREMENT,Hybrid_AURA_Routed,11,1,1,1.0,0.0909,0.1667,0.0,10,0,0.615
ADAS,ADAS_M19_02,M19,Misleading semantic similarity,REQUIREMENT,Hybrid_AURA_Fixed,11,1,1,1.0,0.0909,0.1667,0.0,10,0,0.621
ADAS,ADAS_M20_02,M20,Multiple simultaneous changes,C_CODE,Keyword,2,38,1,0.0263,0.5,0.05,0.9,1,37,0.611
ADAS,ADAS_M20_02,M20,Multiple simultaneous changes,C_CODE,Embedding_Only,1,38,1,0.0263,1.0,0.0513,1.0,0,37,0.188
ADAS,ADAS_M20_02,M20,Multiple simultaneous changes,C_CODE,Embedding_Context,4,38,1,0.0263,0.25,0.0476,0.7,3,37,2.874
ADAS,ADAS_M20_02,M20,Multiple simultaneous changes,C_CODE,Graph_Only,21,38,13,0.3421,0.619,0.4407,0.2,8,25,0.303
ADAS,ADAS_M20_02,M20,Multiple simultaneous changes,C_CODE,Hybrid_AURA_Routed,24,38,13,0.3421,0.5417,0.4194,0.0,11,25,3.243
ADAS,ADAS_M20_02,M20,Multiple simultaneous changes,C_CODE,Hybrid_AURA_Fixed,24,38,13,0.3421,0.5417,0.4194,0.0,11,25,2.539
ADAS,ADAS_M21_02,M21,Lexical renaming,C_CODE,Keyword,10,1,1,1.0,0.1,0.1818,0.1,9,0,0.697
ADAS,ADAS_M21_02,M21,Lexical renaming,C_CODE,Embedding_Only,1,1,1,1.0,1.0,1.0,1.0,0,0,0.185
ADAS,ADAS_M21_02,M21,Lexical renaming,C_CODE,Embedding_Context,1,1,1,1.0,1.0,1.0,1.0,0,0,0.44
ADAS,ADAS_M21_02,M21,Lexical renaming,C_CODE,Graph_Only,1,1,1,1.0,1.0,1.0,1.0,0,0,0.006
ADAS,ADAS_M21_02,M21,Lexical renaming,C_CODE,Hybrid_AURA_Routed,1,1,1,1.0,1.0,1.0,1.0,0,0,0.021
ADAS,ADAS_M21_02,M21,Lexical renaming,C_CODE,Hybrid_AURA_Fixed,1,1,1,1.0,1.0,1.0,1.0,0,0,0.438
ADAS,ADAS_M22_02,M22,Structural rename with same semantics,C_CODE,Keyword,11,1,1,1.0,0.0909,0.1667,0.0,10,0,0.585
ADAS,ADAS_M22_02,M22,Structural rename with same semantics,C_CODE,Embedding_Only,3,1,1,1.0,0.3333,0.5,0.8,2,0,0.174
ADAS,ADAS_M22_02,M22,Structural rename with same semantics,C_CODE,Embedding_Context,9,1,1,1.0,0.1111,0.2,0.2,8,0,0.452
ADAS,ADAS_M22_02,M22,Structural rename with same semantics,C_CODE,Graph_Only,1,1,1,1.0,1.0,1.0,1.0,0,0,0.006
ADAS,ADAS_M22_02,M22,Structural rename with same semantics,C_CODE,Hybrid_AURA_Routed,1,1,1,1.0,1.0,1.0,1.0,0,0,0.018
ADAS,ADAS_M22_02,M22,Structural rename with same semantics,C_CODE,Hybrid_AURA_Fixed,9,1,1,1.0,0.1111,0.2,0.2,8,0,0.516
ADAS,ADAS_M23_02,M23,Semantic requirement change with little textual overlap,REQUIREMENT,Keyword,17,35,1,0.0286,0.0588,0.0385,0.0,16,34,0.544
ADAS,ADAS_M23_02,M23,Semantic requirement change with little textual overlap,REQUIREMENT,Embedding_Only,11,35,1,0.0286,0.0909,0.0435,0.0,10,34,0.222
ADAS,ADAS_M23_02,M23,Semantic requirement change with little textual overlap,REQUIREMENT,Embedding_Context,11,35,1,0.0286,0.0909,0.0435,0.0,10,34,0.561
ADAS,ADAS_M23_02,M23,Semantic requirement change with little textual overlap,REQUIREMENT,Graph_Only,1,35,1,0.0286,1.0,0.0556,1.0,0,34,0.006
ADAS,ADAS_M23_02,M23,Semantic requirement change with little textual overlap,REQUIREMENT,Hybrid_AURA_Routed,11,35,1,0.0286,0.0909,0.0435,0.0,10,34,0.641
ADAS,ADAS_M23_02,M23,Semantic requirement change with little textual overlap,REQUIREMENT,Hybrid_AURA_Fixed,11,35,1,0.0286,0.0909,0.0435,0.0,10,34,0.602
ADAS,ADAS_M24_02,M24,Dead-code modification,C_CODE,Keyword,5,0,0,1.0,0.0,0.0,0.0,5,0,0.495
ADAS,ADAS_M24_02,M24,Dead-code modification,C_CODE,Embedding_Only,1,0,0,1.0,0.0,0.0,0.0,1,0,0.172
ADAS,ADAS_M24_02,M24,Dead-code modification,C_CODE,Embedding_Context,1,0,0,1.0,0.0,0.0,0.0,1,0,1.322
ADAS,ADAS_M24_02,M24,Dead-code modification,C_CODE,Graph_Only,20,0,0,1.0,0.0,0.0,0.0,20,0,0.308
ADAS,ADAS_M24_02,M24,Dead-code modification,C_CODE,Hybrid_AURA_Routed,0,0,0,1.0,1.0,1.0,1.0,0,0,0.009
ADAS,ADAS_M24_02,M24,Dead-code modification,C_CODE,Hybrid_AURA_Fixed,20,0,0,1.0,0.0,0.0,0.0,20,0,1.443
ADAS,ADAS_M25_02,M25,Documentation-only change,DOC,Keyword,1,0,0,1.0,0.0,0.0,0.0,1,0,0.545
ADAS,ADAS_M25_02,M25,Documentation-only change,DOC,Embedding_Only,1,0,0,1.0,0.0,0.0,0.0,1,0,0.232
ADAS,ADAS_M25_02,M25,Documentation-only change,DOC,Embedding_Context,3,0,0,1.0,0.0,0.0,0.0,3,0,0.552
ADAS,ADAS_M25_02,M25,Documentation-only change,DOC,Graph_Only,1,0,0,1.0,0.0,0.0,0.0,1,0,0.006
ADAS,ADAS_M25_02,M25,Documentation-only change,DOC,Hybrid_AURA_Routed,0,0,0,1.0,1.0,1.0,1.0,0,0,0.007
ADAS,ADAS_M25_02,M25,Documentation-only change,DOC,Hybrid_AURA_Fixed,3,0,0,1.0,0.0,0.0,0.0,3,0,0.66
POWERTRAIN,POWERTRAIN_M01_01,M01,Numeric requirement change,REQUIREMENT,Keyword,52,15,1,0.0667,0.0192,0.0299,0.0,51,14,1.872
POWERTRAIN,POWERTRAIN_M01_01,M01,Numeric requirement change,REQUIREMENT,Embedding_Only,11,15,1,0.0667,0.0909,0.0769,0.0,10,14,0.552
POWERTRAIN,POWERTRAIN_M01_01,M01,Numeric requirement change,REQUIREMENT,Embedding_Context,11,15,1,0.0667,0.0909,0.0769,0.0,10,14,1.185
POWERTRAIN,POWERTRAIN_M01_01,M01,Numeric requirement change,REQUIREMENT,Graph_Only,18,15,7,0.4667,0.3889,0.4242,0.0,11,8,0.184
POWERTRAIN,POWERTRAIN_M01_01,M01,Numeric requirement change,REQUIREMENT,Hybrid_AURA_Routed,28,15,7,0.4667,0.25,0.3256,0.0,21,8,1.342
POWERTRAIN,POWERTRAIN_M01_01,M01,Numeric requirement change,REQUIREMENT,Hybrid_AURA_Fixed,28,15,7,0.4667,0.25,0.3256,0.0,21,8,1.397
POWERTRAIN,POWERTRAIN_M02_01,M02,Threshold change,REQUIREMENT,Keyword,52,15,1,0.0667,0.0192,0.0299,0.0,51,14,0.719
POWERTRAIN,POWERTRAIN_M02_01,M02,Threshold change,REQUIREMENT,Embedding_Only,10,15,1,0.0667,0.1,0.08,0.1,9,14,0.377
POWERTRAIN,POWERTRAIN_M02_01,M02,Threshold change,REQUIREMENT,Embedding_Context,10,15,1,0.0667,0.1,0.08,0.1,9,14,0.979
POWERTRAIN,POWERTRAIN_M02_01,M02,Threshold change,REQUIREMENT,Graph_Only,18,15,7,0.4667,0.3889,0.4242,0.0,11,8,0.176
POWERTRAIN,POWERTRAIN_M02_01,M02,Threshold change,REQUIREMENT,Hybrid_AURA_Routed,28,15,7,0.4667,0.25,0.3256,0.0,21,8,1.294
POWERTRAIN,POWERTRAIN_M02_01,M02,Threshold change,REQUIREMENT,Hybrid_AURA_Fixed,28,15,7,0.4667,0.25,0.3256,0.0,21,8,1.261
POWERTRAIN,POWERTRAIN_M03_01,M03,Semantic wording change,REQUIREMENT,Keyword,12,15,1,0.0667,0.0833,0.0741,0.0,11,14,0.753
POWERTRAIN,POWERTRAIN_M03_01,M03,Semantic wording change,REQUIREMENT,Embedding_Only,1,15,1,0.0667,1.0,0.125,1.0,0,14,0.293
POWERTRAIN,POWERTRAIN_M03_01,M03,Semantic wording change,REQUIREMENT,Embedding_Context,8,15,1,0.0667,0.125,0.087,0.3,7,14,0.938
POWERTRAIN,POWERTRAIN_M03_01,M03,Semantic wording change,REQUIREMENT,Graph_Only,18,15,7,0.4667,0.3889,0.4242,0.0,11,8,0.175
POWERTRAIN,POWERTRAIN_M03_01,M03,Semantic wording change,REQUIREMENT,Hybrid_AURA_Routed,25,15,7,0.4667,0.28,0.35,0.0,18,8,1.299
POWERTRAIN,POWERTRAIN_M03_01,M03,Semantic wording change,REQUIREMENT,Hybrid_AURA_Fixed,25,15,7,0.4667,0.28,0.35,0.0,18,8,1.403
POWERTRAIN,POWERTRAIN_M04_01,M04,Requirement synonym replacement,REQUIREMENT,Keyword,9,15,1,0.0667,0.1111,0.0833,0.2,8,14,0.664
POWERTRAIN,POWERTRAIN_M04_01,M04,Requirement synonym replacement,REQUIREMENT,Embedding_Only,1,15,1,0.0667,1.0,0.125,1.0,0,14,0.236
POWERTRAIN,POWERTRAIN_M04_01,M04,Requirement synonym replacement,REQUIREMENT,Embedding_Context,11,15,1,0.0667,0.0909,0.0769,0.0,10,14,1.346
POWERTRAIN,POWERTRAIN_M04_01,M04,Requirement synonym replacement,REQUIREMENT,Graph_Only,18,15,7,0.4667,0.3889,0.4242,0.0,11,8,0.189
POWERTRAIN,POWERTRAIN_M04_01,M04,Requirement synonym replacement,REQUIREMENT,Hybrid_AURA_Routed,28,15,7,0.4667,0.25,0.3256,0.0,21,8,1.633
POWERTRAIN,POWERTRAIN_M04_01,M04,Requirement synonym replacement,REQUIREMENT,Hybrid_AURA_Fixed,28,15,7,0.4667,0.25,0.3256,0.0,21,8,1.611
POWERTRAIN,POWERTRAIN_M05_01,M05,Requirement constraint addition,REQUIREMENT,Keyword,52,15,1,0.0667,0.0192,0.0299,0.0,51,14,0.741
POWERTRAIN,POWERTRAIN_M05_01,M05,Requirement constraint addition,REQUIREMENT,Embedding_Only,10,15,1,0.0667,0.1,0.08,0.1,9,14,0.467
POWERTRAIN,POWERTRAIN_M05_01,M05,Requirement constraint addition,REQUIREMENT,Embedding_Context,10,15,1,0.0667,0.1,0.08,0.1,9,14,1.084
POWERTRAIN,POWERTRAIN_M05_01,M05,Requirement constraint addition,REQUIREMENT,Graph_Only,18,15,7,0.4667,0.3889,0.4242,0.0,11,8,0.175
POWERTRAIN,POWERTRAIN_M05_01,M05,Requirement constraint addition,REQUIREMENT,Hybrid_AURA_Routed,28,15,7,0.4667,0.25,0.3256,0.0,21,8,1.373
POWERTRAIN,POWERTRAIN_M05_01,M05,Requirement constraint addition,REQUIREMENT,Hybrid_AURA_Fixed,28,15,7,0.4667,0.25,0.3256,0.0,21,8,1.633
POWERTRAIN,POWERTRAIN_M06_01,M06,ARXML datatype change,ARXML,Keyword,2,1,1,1.0,0.5,0.6667,0.9,1,0,0.79
POWERTRAIN,POWERTRAIN_M06_01,M06,ARXML datatype change,ARXML,Embedding_Only,1,1,1,1.0,1.0,1.0,1.0,0,0,0.309
POWERTRAIN,POWERTRAIN_M06_01,M06,ARXML datatype change,ARXML,Embedding_Context,2,1,1,1.0,0.5,0.6667,0.9,1,0,0.636
POWERTRAIN,POWERTRAIN_M06_01,M06,ARXML datatype change,ARXML,Graph_Only,1,1,1,1.0,1.0,1.0,1.0,0,0,0.007
POWERTRAIN,POWERTRAIN_M06_01,M06,ARXML datatype change,ARXML,Hybrid_AURA_Routed,1,1,1,1.0,1.0,1.0,1.0,0,0,0.024
POWERTRAIN,POWERTRAIN_M06_01,M06,ARXML datatype change,ARXML,Hybrid_AURA_Fixed,2,1,1,1.0,0.5,0.6667,0.9,1,0,0.636
POWERTRAIN,POWERTRAIN_M07_01,M07,ARXML scaling change,ARXML,Keyword,12,1,1,1.0,0.0833,0.1538,0.0,11,0,0.819
POWERTRAIN,POWERTRAIN_M07_01,M07,ARXML scaling change,ARXML,Embedding_Only,1,1,1,1.0,1.0,1.0,1.0,0,0,0.212
POWERTRAIN,POWERTRAIN_M07_01,M07,ARXML scaling change,ARXML,Embedding_Context,1,1,1,1.0,1.0,1.0,1.0,0,0,0.492
POWERTRAIN,POWERTRAIN_M07_01,M07,ARXML scaling change,ARXML,Graph_Only,1,1,1,1.0,1.0,1.0,1.0,0,0,0.007
POWERTRAIN,POWERTRAIN_M07_01,M07,ARXML scaling change,ARXML,Hybrid_AURA_Routed,1,1,1,1.0,1.0,1.0,1.0,0,0,0.023
POWERTRAIN,POWERTRAIN_M07_01,M07,ARXML scaling change,ARXML,Hybrid_AURA_Fixed,1,1,1,1.0,1.0,1.0,1.0,0,0,0.469
POWERTRAIN,POWERTRAIN_M08_01,M08,Interface field change,ARXML,Keyword,12,1,1,1.0,0.0833,0.1538,0.0,11,0,0.617
POWERTRAIN,POWERTRAIN_M08_01,M08,Interface field change,ARXML,Embedding_Only,1,1,1,1.0,1.0,1.0,1.0,0,0,0.254
POWERTRAIN,POWERTRAIN_M08_01,M08,Interface field change,ARXML,Embedding_Context,1,1,1,1.0,1.0,1.0,1.0,0,0,0.515
POWERTRAIN,POWERTRAIN_M08_01,M08,Interface field change,ARXML,Graph_Only,1,1,1,1.0,1.0,1.0,1.0,0,0,0.005
POWERTRAIN,POWERTRAIN_M08_01,M08,Interface field change,ARXML,Hybrid_AURA_Routed,1,1,1,1.0,1.0,1.0,1.0,0,0,0.021
POWERTRAIN,POWERTRAIN_M08_01,M08,Interface field change,ARXML,Hybrid_AURA_Fixed,1,1,1,1.0,1.0,1.0,1.0,0,0,0.515
POWERTRAIN,POWERTRAIN_M09_01,M09,Interface version change,ARXML,Keyword,22,1,1,1.0,0.0455,0.087,0.0,21,0,0.66
POWERTRAIN,POWERTRAIN_M09_01,M09,Interface version change,ARXML,Embedding_Only,1,1,1,1.0,1.0,1.0,1.0,0,0,0.192
POWERTRAIN,POWERTRAIN_M09_01,M09,Interface version change,ARXML,Embedding_Context,1,1,1,1.0,1.0,1.0,1.0,0,0,0.453
POWERTRAIN,POWERTRAIN_M09_01,M09,Interface version change,ARXML,Graph_Only,1,1,1,1.0,1.0,1.0,1.0,0,0,0.006
POWERTRAIN,POWERTRAIN_M09_01,M09,Interface version change,ARXML,Hybrid_AURA_Routed,1,1,1,1.0,1.0,1.0,1.0,0,0,0.021
POWERTRAIN,POWERTRAIN_M09_01,M09,Interface version change,ARXML,Hybrid_AURA_Fixed,1,1,1,1.0,1.0,1.0,1.0,0,0,0.459
POWERTRAIN,POWERTRAIN_M10_01,M10,C function signature change,C_CODE,Keyword,7,11,1,0.0909,0.1429,0.1111,0.4,6,10,0.56
POWERTRAIN,POWERTRAIN_M10_01,M10,C function signature change,C_CODE,Embedding_Only,1,11,1,0.0909,1.0,0.1667,1.0,0,10,0.209
POWERTRAIN,POWERTRAIN_M10_01,M10,C function signature change,C_CODE,Embedding_Context,2,11,1,0.0909,0.5,0.1538,0.9,1,10,1.408
POWERTRAIN,POWERTRAIN_M10_01,M10,C function signature change,C_CODE,Graph_Only,21,11,6,0.5455,0.2857,0.375,0.0,15,5,0.22
POWERTRAIN,POWERTRAIN_M10_01,M10,C function signature change,C_CODE,Hybrid_AURA_Routed,21,11,6,0.5455,0.2857,0.375,0.0,15,5,0.312
POWERTRAIN,POWERTRAIN_M10_01,M10,C function signature change,C_CODE,Hybrid_AURA_Fixed,22,11,6,0.5455,0.2727,0.3636,0.0,16,5,1.701
POWERTRAIN,POWERTRAIN_M11_01,M11,C constant change,C_CODE,Keyword,12,11,1,0.0909,0.0833,0.087,0.0,11,10,0.521
POWERTRAIN,POWERTRAIN_M11_01,M11,C constant change,C_CODE,Embedding_Only,1,11,1,0.0909,1.0,0.1667,1.0,0,10,0.16
POWERTRAIN,POWERTRAIN_M11_01,M11,C constant change,C_CODE,Embedding_Context,3,11,1,0.0909,0.3333,0.1429,0.8,2,10,1.943
POWERTRAIN,POWERTRAIN_M11_01,M11,C constant change,C_CODE,Graph_Only,21,11,6,0.5455,0.2857,0.375,0.0,15,5,0.231
POWERTRAIN,POWERTRAIN_M11_01,M11,C constant change,C_CODE,Hybrid_AURA_Routed,21,11,6,0.5455,0.2857,0.375,0.0,15,5,0.304
POWERTRAIN,POWERTRAIN_M11_01,M11,C constant change,C_CODE,Hybrid_AURA_Fixed,23,11,6,0.5455,0.2609,0.3529,0.0,17,5,2.173
POWERTRAIN,POWERTRAIN_M12_01,M12,Function dependency change,C_CODE,Keyword,6,11,1,0.0909,0.1667,0.1176,0.5,5,10,0.762
POWERTRAIN,POWERTRAIN_M12_01,M12,Function dependency change,C_CODE,Embedding_Only,1,11,1,0.0909,1.0,0.1667,1.0,0,10,0.242
POWERTRAIN,POWERTRAIN_M12_01,M12,Function dependency change,C_CODE,Embedding_Context,4,11,1,0.0909,0.25,0.1333,0.7,3,10,1.713
POWERTRAIN,POWERTRAIN_M12_01,M12,Function dependency change,C_CODE,Graph_Only,21,11,6,0.5455,0.2857,0.375,0.0,15,5,0.235
POWERTRAIN,POWERTRAIN_M12_01,M12,Function dependency change,C_CODE,Hybrid_AURA_Routed,21,11,6,0.5455,0.2857,0.375,0.0,15,5,0.312
POWERTRAIN,POWERTRAIN_M12_01,M12,Function dependency change,C_CODE,Hybrid_AURA_Fixed,23,11,6,0.5455,0.2609,0.3529,0.0,17,5,1.966
POWERTRAIN,POWERTRAIN_M13_01,M13,Variable dependency change,C_CODE,Keyword,2,11,1,0.0909,0.5,0.1538,0.9,1,10,0.571
POWERTRAIN,POWERTRAIN_M13_01,M13,Variable dependency change,C_CODE,Embedding_Only,1,11,1,0.0909,1.0,0.1667,1.0,0,10,0.155
POWERTRAIN,POWERTRAIN_M13_01,M13,Variable dependency change,C_CODE,Embedding_Context,3,11,1,0.0909,0.3333,0.1429,0.8,2,10,0.903
POWERTRAIN,POWERTRAIN_M13_01,M13,Variable dependency change,C_CODE,Graph_Only,21,11,6,0.5455,0.2857,0.375,0.0,15,5,0.22
POWERTRAIN,POWERTRAIN_M13_01,M13,Variable dependency change,C_CODE,Hybrid_AURA_Routed,21,11,6,0.5455,0.2857,0.375,0.0,15,5,0.301
POWERTRAIN,POWERTRAIN_M13_01,M13,Variable dependency change,C_CODE,Hybrid_AURA_Fixed,22,11,6,0.5455,0.2727,0.3636,0.0,16,5,1.183
POWERTRAIN,POWERTRAIN_M14_01,M14,Test requirement modification,TEST,Keyword,81,21,3,0.1429,0.037,0.0588,0.0,78,18,0.802
POWERTRAIN,POWERTRAIN_M14_01,M14,Test requirement modification,TEST,Embedding_Only,10,21,1,0.0476,0.1,0.0645,0.1,9,20,0.322
POWERTRAIN,POWERTRAIN_M14_01,M14,Test requirement modification,TEST,Embedding_Context,10,21,1,0.0476,0.1,0.0645,0.1,9,20,0.817
POWERTRAIN,POWERTRAIN_M14_01,M14,Test requirement modification,TEST,Graph_Only,29,21,12,0.5714,0.4138,0.48,0.0,17,9,0.285
POWERTRAIN,POWERTRAIN_M14_01,M14,Test requirement modification,TEST,Hybrid_AURA_Routed,29,21,12,0.5714,0.4138,0.48,0.0,17,9,0.4
POWERTRAIN,POWERTRAIN_M14_01,M14,Test requirement modification,TEST,Hybrid_AURA_Fixed,39,21,12,0.5714,0.3077,0.4,0.0,27,9,1.35
POWERTRAIN,POWERTRAIN_M15_01,M15,Unrelated/no-impact change,C_CODE,Keyword,2,0,0,1.0,0.0,0.0,0.0,2,0,0.672
POWERTRAIN,POWERTRAIN_M15_01,M15,Unrelated/no-impact change,C_CODE,Embedding_Only,1,0,0,1.0,0.0,0.0,0.0,1,0,0.248
POWERTRAIN,POWERTRAIN_M15_01,M15,Unrelated/no-impact change,C_CODE,Embedding_Context,1,0,0,1.0,0.0,0.0,0.0,1,0,1.007
POWERTRAIN,POWERTRAIN_M15_01,M15,Unrelated/no-impact change,C_CODE,Graph_Only,18,0,0,1.0,0.0,0.0,0.0,18,0,0.185
POWERTRAIN,POWERTRAIN_M15_01,M15,Unrelated/no-impact change,C_CODE,Hybrid_AURA_Routed,0,0,0,1.0,1.0,1.0,1.0,0,0,0.008
POWERTRAIN,POWERTRAIN_M15_01,M15,Unrelated/no-impact change,C_CODE,Hybrid_AURA_Fixed,18,0,0,1.0,0.0,0.0,0.0,18,0,1.262
POWERTRAIN,POWERTRAIN_M16_01,M16,Indirect dependency change,C_CODE,Keyword,12,11,1,0.0909,0.0833,0.087,0.0,11,10,0.727
POWERTRAIN,POWERTRAIN_M16_01,M16,Indirect dependency change,C_CODE,Embedding_Only,1,11,1,0.0909,1.0,0.1667,1.0,0,10,0.196
POWERTRAIN,POWERTRAIN_M16_01,M16,Indirect dependency change,C_CODE,Embedding_Context,2,11,1,0.0909,0.5,0.1538,0.9,1,10,1.035
POWERTRAIN,POWERTRAIN_M16_01,M16,Indirect dependency change,C_CODE,Graph_Only,21,11,6,0.5455,0.2857,0.375,0.0,15,5,0.226
POWERTRAIN,POWERTRAIN_M16_01,M16,Indirect dependency change,C_CODE,Hybrid_AURA_Routed,21,11,6,0.5455,0.2857,0.375,0.0,15,5,0.299
POWERTRAIN,POWERTRAIN_M16_01,M16,Indirect dependency change,C_CODE,Hybrid_AURA_Fixed,22,11,6,0.5455,0.2727,0.3636,0.0,16,5,1.163
POWERTRAIN,POWERTRAIN_M17_01,M17,Long-chain dependency change,REQUIREMENT,Keyword,2,15,1,0.0667,0.5,0.1176,0.9,1,14,0.553
POWERTRAIN,POWERTRAIN_M17_01,M17,Long-chain dependency change,REQUIREMENT,Embedding_Only,1,15,1,0.0667,1.0,0.125,1.0,0,14,0.275
POWERTRAIN,POWERTRAIN_M17_01,M17,Long-chain dependency change,REQUIREMENT,Embedding_Context,1,15,1,0.0667,1.0,0.125,1.0,0,14,0.767
POWERTRAIN,POWERTRAIN_M17_01,M17,Long-chain dependency change,REQUIREMENT,Graph_Only,18,15,7,0.4667,0.3889,0.4242,0.0,11,8,0.183
POWERTRAIN,POWERTRAIN_M17_01,M17,Long-chain dependency change,REQUIREMENT,Hybrid_AURA_Routed,18,15,7,0.4667,0.3889,0.4242,0.0,11,8,0.25
POWERTRAIN,POWERTRAIN_M17_01,M17,Long-chain dependency change,REQUIREMENT,Hybrid_AURA_Fixed,18,15,7,0.4667,0.3889,0.4242,0.0,11,8,1.245
POWERTRAIN,POWERTRAIN_M18_01,M18,Cross-domain Req->ARXML->C->Test change,REQUIREMENT,Keyword,12,15,1,0.0667,0.0833,0.0741,0.0,11,14,0.653
POWERTRAIN,POWERTRAIN_M18_01,M18,Cross-domain Req->ARXML->C->Test change,REQUIREMENT,Embedding_Only,1,15,1,0.0667,1.0,0.125,1.0,0,14,0.267
POWERTRAIN,POWERTRAIN_M18_01,M18,Cross-domain Req->ARXML->C->Test change,REQUIREMENT,Embedding_Context,4,15,1,0.0667,0.25,0.1053,0.7,3,14,1.221
POWERTRAIN,POWERTRAIN_M18_01,M18,Cross-domain Req->ARXML->C->Test change,REQUIREMENT,Graph_Only,18,15,7,0.4667,0.3889,0.4242,0.0,11,8,0.19
POWERTRAIN,POWERTRAIN_M18_01,M18,Cross-domain Req->ARXML->C->Test change,REQUIREMENT,Hybrid_AURA_Routed,21,15,7,0.4667,0.3333,0.3889,0.0,14,8,1.479
POWERTRAIN,POWERTRAIN_M18_01,M18,Cross-domain Req->ARXML->C->Test change,REQUIREMENT,Hybrid_AURA_Fixed,21,15,7,0.4667,0.3333,0.3889,0.0,14,8,1.535
POWERTRAIN,POWERTRAIN_M19_01,M19,Misleading semantic similarity,REQUIREMENT,Keyword,3,1,1,1.0,0.3333,0.5,0.8,2,0,0.558
POWERTRAIN,POWERTRAIN_M19_01,M19,Misleading semantic similarity,REQUIREMENT,Embedding_Only,1,1,1,1.0,1.0,1.0,1.0,0,0,0.21
POWERTRAIN,POWERTRAIN_M19_01,M19,Misleading semantic similarity,REQUIREMENT,Embedding_Context,1,1,1,1.0,1.0,1.0,1.0,0,0,0.744
POWERTRAIN,POWERTRAIN_M19_01,M19,Misleading semantic similarity,REQUIREMENT,Graph_Only,18,1,1,1.0,0.0556,0.1053,0.0,17,0,0.176
POWERTRAIN,POWERTRAIN_M19_01,M19,Misleading semantic similarity,REQUIREMENT,Hybrid_AURA_Routed,18,1,1,1.0,0.0556,0.1053,0.0,17,0,1.012
POWERTRAIN,POWERTRAIN_M19_01,M19,Misleading semantic similarity,REQUIREMENT,Hybrid_AURA_Fixed,18,1,1,1.0,0.0556,0.1053,0.0,17,0,1.095
POWERTRAIN,POWERTRAIN_M20_01,M20,Multiple simultaneous changes,C_CODE,Keyword,7,11,1,0.0909,0.1429,0.1111,0.4,6,10,0.605
POWERTRAIN,POWERTRAIN_M20_01,M20,Multiple simultaneous changes,C_CODE,Embedding_Only,1,11,1,0.0909,1.0,0.1667,1.0,0,10,0.201
POWERTRAIN,POWERTRAIN_M20_01,M20,Multiple simultaneous changes,C_CODE,Embedding_Context,2,11,1,0.0909,0.5,0.1538,0.9,1,10,1.871
POWERTRAIN,POWERTRAIN_M20_01,M20,Multiple simultaneous changes,C_CODE,Graph_Only,21,11,6,0.5455,0.2857,0.375,0.0,15,5,0.226
POWERTRAIN,POWERTRAIN_M20_01,M20,Multiple simultaneous changes,C_CODE,Hybrid_AURA_Routed,22,11,6,0.5455,0.2727,0.3636,0.0,16,5,2.167
POWERTRAIN,POWERTRAIN_M20_01,M20,Multiple simultaneous changes,C_CODE,Hybrid_AURA_Fixed,22,11,6,0.5455,0.2727,0.3636,0.0,16,5,2.106
POWERTRAIN,POWERTRAIN_M21_01,M21,Lexical renaming,C_CODE,Keyword,3,1,1,1.0,0.3333,0.5,0.8,2,0,0.549
POWERTRAIN,POWERTRAIN_M21_01,M21,Lexical renaming,C_CODE,Embedding_Only,1,1,1,1.0,1.0,1.0,1.0,0,0,0.152
POWERTRAIN,POWERTRAIN_M21_01,M21,Lexical renaming,C_CODE,Embedding_Context,2,1,1,1.0,0.5,0.6667,0.9,1,0,0.41
POWERTRAIN,POWERTRAIN_M21_01,M21,Lexical renaming,C_CODE,Graph_Only,1,1,1,1.0,1.0,1.0,1.0,0,0,0.006
POWERTRAIN,POWERTRAIN_M21_01,M21,Lexical renaming,C_CODE,Hybrid_AURA_Routed,1,1,1,1.0,1.0,1.0,1.0,0,0,0.018
POWERTRAIN,POWERTRAIN_M21_01,M21,Lexical renaming,C_CODE,Hybrid_AURA_Fixed,2,1,1,1.0,0.5,0.6667,0.9,1,0,0.445
POWERTRAIN,POWERTRAIN_M22_01,M22,Structural rename with same semantics,C_CODE,Keyword,3,1,1,1.0,0.3333,0.5,0.8,2,0,0.487
POWERTRAIN,POWERTRAIN_M22_01,M22,Structural rename with same semantics,C_CODE,Embedding_Only,2,1,1,1.0,0.5,0.6667,0.9,1,0,0.176
POWERTRAIN,POWERTRAIN_M22_01,M22,Structural rename with same semantics,C_CODE,Embedding_Context,4,1,1,1.0,0.25,0.4,0.7,3,0,0.419
POWERTRAIN,POWERTRAIN_M22_01,M22,Structural rename with same semantics,C_CODE,Graph_Only,1,1,1,1.0,1.0,1.0,1.0,0,0,0.005
POWERTRAIN,POWERTRAIN_M22_01,M22,Structural rename with same semantics,C_CODE,Hybrid_AURA_Routed,1,1,1,1.0,1.0,1.0,1.0,0,0,0.018
POWERTRAIN,POWERTRAIN_M22_01,M22,Structural rename with same semantics,C_CODE,Hybrid_AURA_Fixed,4,1,1,1.0,0.25,0.4,0.7,3,0,0.497
POWERTRAIN,POWERTRAIN_M23_01,M23,Semantic requirement change with little textual overlap,REQUIREMENT,Keyword,2,15,1,0.0667,0.5,0.1176,0.9,1,14,0.506
POWERTRAIN,POWERTRAIN_M23_01,M23,Semantic requirement change with little textual overlap,REQUIREMENT,Embedding_Only,4,15,1,0.0667,0.25,0.1053,0.7,3,14,0.222
POWERTRAIN,POWERTRAIN_M23_01,M23,Semantic requirement change with little textual overlap,REQUIREMENT,Embedding_Context,11,15,1,0.0667,0.0909,0.0769,0.0,10,14,1.65
POWERTRAIN,POWERTRAIN_M23_01,M23,Semantic requirement change with little textual overlap,REQUIREMENT,Graph_Only,18,15,7,0.4667,0.3889,0.4242,0.0,11,8,0.18
POWERTRAIN,POWERTRAIN_M23_01,M23,Semantic requirement change with little textual overlap,REQUIREMENT,Hybrid_AURA_Routed,28,15,7,0.4667,0.25,0.3256,0.0,21,8,1.761
POWERTRAIN,POWERTRAIN_M23_01,M23,Semantic requirement change with little textual overlap,REQUIREMENT,Hybrid_AURA_Fixed,28,15,7,0.4667,0.25,0.3256,0.0,21,8,1.865
POWERTRAIN,POWERTRAIN_M24_01,M24,Dead-code modification,C_CODE,Keyword,12,0,0,1.0,0.0,0.0,0.0,12,0,0.664
POWERTRAIN,POWERTRAIN_M24_01,M24,Dead-code modification,C_CODE,Embedding_Only,1,0,0,1.0,0.0,0.0,0.0,1,0,0.175
POWERTRAIN,POWERTRAIN_M24_01,M24,Dead-code modification,C_CODE,Embedding_Context,1,0,0,1.0,0.0,0.0,0.0,1,0,0.793
POWERTRAIN,POWERTRAIN_M24_01,M24,Dead-code modification,C_CODE,Graph_Only,21,0,0,1.0,0.0,0.0,0.0,21,0,0.226
POWERTRAIN,POWERTRAIN_M24_01,M24,Dead-code modification,C_CODE,Hybrid_AURA_Routed,0,0,0,1.0,1.0,1.0,1.0,0,0,0.007
POWERTRAIN,POWERTRAIN_M24_01,M24,Dead-code modification,C_CODE,Hybrid_AURA_Fixed,21,0,0,1.0,0.0,0.0,0.0,21,0,1.093
POWERTRAIN,POWERTRAIN_M25_01,M25,Documentation-only change,DOC,Keyword,12,0,0,1.0,0.0,0.0,0.0,12,0,0.576
POWERTRAIN,POWERTRAIN_M25_01,M25,Documentation-only change,DOC,Embedding_Only,1,0,0,1.0,0.0,0.0,0.0,1,0,0.224
POWERTRAIN,POWERTRAIN_M25_01,M25,Documentation-only change,DOC,Embedding_Context,1,0,0,1.0,0.0,0.0,0.0,1,0,0.958
POWERTRAIN,POWERTRAIN_M25_01,M25,Documentation-only change,DOC,Graph_Only,18,0,0,1.0,0.0,0.0,0.0,18,0,0.175
POWERTRAIN,POWERTRAIN_M25_01,M25,Documentation-only change,DOC,Hybrid_AURA_Routed,0,0,0,1.0,1.0,1.0,1.0,0,0,0.007
POWERTRAIN,POWERTRAIN_M25_01,M25,Documentation-only change,DOC,Hybrid_AURA_Fixed,18,0,0,1.0,0.0,0.0,0.0,18,0,1.2
POWERTRAIN,POWERTRAIN_M01_02,M01,Numeric requirement change,REQUIREMENT,Keyword,52,15,1,0.0667,0.0192,0.0299,0.0,51,14,0.652
POWERTRAIN,POWERTRAIN_M01_02,M01,Numeric requirement change,REQUIREMENT,Embedding_Only,10,15,1,0.0667,0.1,0.08,0.1,9,14,0.387
POWERTRAIN,POWERTRAIN_M01_02,M01,Numeric requirement change,REQUIREMENT,Embedding_Context,10,15,1,0.0667,0.1,0.08,0.1,9,14,0.936
POWERTRAIN,POWERTRAIN_M01_02,M01,Numeric requirement change,REQUIREMENT,Graph_Only,18,15,7,0.4667,0.3889,0.4242,0.0,11,8,0.189
POWERTRAIN,POWERTRAIN_M01_02,M01,Numeric requirement change,REQUIREMENT,Hybrid_AURA_Routed,28,15,7,0.4667,0.25,0.3256,0.0,21,8,1.271
POWERTRAIN,POWERTRAIN_M01_02,M01,Numeric requirement change,REQUIREMENT,Hybrid_AURA_Fixed,28,15,7,0.4667,0.25,0.3256,0.0,21,8,1.446
POWERTRAIN,POWERTRAIN_M02_02,M02,Threshold change,REQUIREMENT,Keyword,52,15,1,0.0667,0.0192,0.0299,0.0,51,14,0.863
POWERTRAIN,POWERTRAIN_M02_02,M02,Threshold change,REQUIREMENT,Embedding_Only,10,15,1,0.0667,0.1,0.08,0.1,9,14,0.438
POWERTRAIN,POWERTRAIN_M02_02,M02,Threshold change,REQUIREMENT,Embedding_Context,10,15,1,0.0667,0.1,0.08,0.1,9,14,1.049
POWERTRAIN,POWERTRAIN_M02_02,M02,Threshold change,REQUIREMENT,Graph_Only,18,15,7,0.4667,0.3889,0.4242,0.0,11,8,0.196
POWERTRAIN,POWERTRAIN_M02_02,M02,Threshold change,REQUIREMENT,Hybrid_AURA_Routed,28,15,7,0.4667,0.25,0.3256,0.0,21,8,1.581
POWERTRAIN,POWERTRAIN_M02_02,M02,Threshold change,REQUIREMENT,Hybrid_AURA_Fixed,28,15,7,0.4667,0.25,0.3256,0.0,21,8,1.394
POWERTRAIN,POWERTRAIN_M03_02,M03,Semantic wording change,REQUIREMENT,Keyword,12,15,1,0.0667,0.0833,0.0741,0.0,11,14,0.654
POWERTRAIN,POWERTRAIN_M03_02,M03,Semantic wording change,REQUIREMENT,Embedding_Only,1,15,1,0.0667,1.0,0.125,1.0,0,14,0.283
POWERTRAIN,POWERTRAIN_M03_02,M03,Semantic wording change,REQUIREMENT,Embedding_Context,8,15,1,0.0667,0.125,0.087,0.3,7,14,0.988
POWERTRAIN,POWERTRAIN_M03_02,M03,Semantic wording change,REQUIREMENT,Graph_Only,18,15,7,0.4667,0.3889,0.4242,0.0,11,8,0.184
POWERTRAIN,POWERTRAIN_M03_02,M03,Semantic wording change,REQUIREMENT,Hybrid_AURA_Routed,25,15,7,0.4667,0.28,0.35,0.0,18,8,1.312
POWERTRAIN,POWERTRAIN_M03_02,M03,Semantic wording change,REQUIREMENT,Hybrid_AURA_Fixed,25,15,7,0.4667,0.28,0.35,0.0,18,8,1.298
POWERTRAIN,POWERTRAIN_M04_02,M04,Requirement synonym replacement,REQUIREMENT,Keyword,9,15,1,0.0667,0.1111,0.0833,0.2,8,14,0.594
POWERTRAIN,POWERTRAIN_M04_02,M04,Requirement synonym replacement,REQUIREMENT,Embedding_Only,1,15,1,0.0667,1.0,0.125,1.0,0,14,0.207
POWERTRAIN,POWERTRAIN_M04_02,M04,Requirement synonym replacement,REQUIREMENT,Embedding_Context,11,15,1,0.0667,0.0909,0.0769,0.0,10,14,1.37
POWERTRAIN,POWERTRAIN_M04_02,M04,Requirement synonym replacement,REQUIREMENT,Graph_Only,18,15,7,0.4667,0.3889,0.4242,0.0,11,8,0.178
POWERTRAIN,POWERTRAIN_M04_02,M04,Requirement synonym replacement,REQUIREMENT,Hybrid_AURA_Routed,28,15,7,0.4667,0.25,0.3256,0.0,21,8,1.658
POWERTRAIN,POWERTRAIN_M04_02,M04,Requirement synonym replacement,REQUIREMENT,Hybrid_AURA_Fixed,28,15,7,0.4667,0.25,0.3256,0.0,21,8,2.016
POWERTRAIN,POWERTRAIN_M05_02,M05,Requirement constraint addition,REQUIREMENT,Keyword,52,15,1,0.0667,0.0192,0.0299,0.0,51,14,0.89
POWERTRAIN,POWERTRAIN_M05_02,M05,Requirement constraint addition,REQUIREMENT,Embedding_Only,10,15,1,0.0667,0.1,0.08,0.1,9,14,0.493
POWERTRAIN,POWERTRAIN_M05_02,M05,Requirement constraint addition,REQUIREMENT,Embedding_Context,10,15,1,0.0667,0.1,0.08,0.1,9,14,1.282
POWERTRAIN,POWERTRAIN_M05_02,M05,Requirement constraint addition,REQUIREMENT,Graph_Only,18,15,7,0.4667,0.3889,0.4242,0.0,11,8,0.198
POWERTRAIN,POWERTRAIN_M05_02,M05,Requirement constraint addition,REQUIREMENT,Hybrid_AURA_Routed,28,15,7,0.4667,0.25,0.3256,0.0,21,8,1.514
POWERTRAIN,POWERTRAIN_M05_02,M05,Requirement constraint addition,REQUIREMENT,Hybrid_AURA_Fixed,28,15,7,0.4667,0.25,0.3256,0.0,21,8,1.371
POWERTRAIN,POWERTRAIN_M06_02,M06,ARXML datatype change,ARXML,Keyword,2,1,1,1.0,0.5,0.6667,0.9,1,0,0.591
POWERTRAIN,POWERTRAIN_M06_02,M06,ARXML datatype change,ARXML,Embedding_Only,1,1,1,1.0,1.0,1.0,1.0,0,0,0.223
POWERTRAIN,POWERTRAIN_M06_02,M06,ARXML datatype change,ARXML,Embedding_Context,2,1,1,1.0,0.5,0.6667,0.9,1,0,0.482
POWERTRAIN,POWERTRAIN_M06_02,M06,ARXML datatype change,ARXML,Graph_Only,1,1,1,1.0,1.0,1.0,1.0,0,0,0.005
POWERTRAIN,POWERTRAIN_M06_02,M06,ARXML datatype change,ARXML,Hybrid_AURA_Routed,1,1,1,1.0,1.0,1.0,1.0,0,0,0.02
POWERTRAIN,POWERTRAIN_M06_02,M06,ARXML datatype change,ARXML,Hybrid_AURA_Fixed,2,1,1,1.0,0.5,0.6667,0.9,1,0,0.508
POWERTRAIN,POWERTRAIN_M07_02,M07,ARXML scaling change,ARXML,Keyword,12,1,1,1.0,0.0833,0.1538,0.0,11,0,0.532
POWERTRAIN,POWERTRAIN_M07_02,M07,ARXML scaling change,ARXML,Embedding_Only,1,1,1,1.0,1.0,1.0,1.0,0,0,0.167
POWERTRAIN,POWERTRAIN_M07_02,M07,ARXML scaling change,ARXML,Embedding_Context,1,1,1,1.0,1.0,1.0,1.0,0,0,0.425
POWERTRAIN,POWERTRAIN_M07_02,M07,ARXML scaling change,ARXML,Graph_Only,1,1,1,1.0,1.0,1.0,1.0,0,0,0.006
POWERTRAIN,POWERTRAIN_M07_02,M07,ARXML scaling change,ARXML,Hybrid_AURA_Routed,1,1,1,1.0,1.0,1.0,1.0,0,0,0.02
POWERTRAIN,POWERTRAIN_M07_02,M07,ARXML scaling change,ARXML,Hybrid_AURA_Fixed,1,1,1,1.0,1.0,1.0,1.0,0,0,0.425
POWERTRAIN,POWERTRAIN_M08_02,M08,Interface field change,ARXML,Keyword,12,1,1,1.0,0.0833,0.1538,0.0,11,0,0.519
POWERTRAIN,POWERTRAIN_M08_02,M08,Interface field change,ARXML,Embedding_Only,1,1,1,1.0,1.0,1.0,1.0,0,0,0.247
POWERTRAIN,POWERTRAIN_M08_02,M08,Interface field change,ARXML,Embedding_Context,1,1,1,1.0,1.0,1.0,1.0,0,0,0.526
POWERTRAIN,POWERTRAIN_M08_02,M08,Interface field change,ARXML,Graph_Only,1,1,1,1.0,1.0,1.0,1.0,0,0,0.005
POWERTRAIN,POWERTRAIN_M08_02,M08,Interface field change,ARXML,Hybrid_AURA_Routed,1,1,1,1.0,1.0,1.0,1.0,0,0,0.019
POWERTRAIN,POWERTRAIN_M08_02,M08,Interface field change,ARXML,Hybrid_AURA_Fixed,1,1,1,1.0,1.0,1.0,1.0,0,0,0.52
POWERTRAIN,POWERTRAIN_M09_02,M09,Interface version change,ARXML,Keyword,22,1,1,1.0,0.0455,0.087,0.0,21,0,0.522
POWERTRAIN,POWERTRAIN_M09_02,M09,Interface version change,ARXML,Embedding_Only,1,1,1,1.0,1.0,1.0,1.0,0,0,0.184
POWERTRAIN,POWERTRAIN_M09_02,M09,Interface version change,ARXML,Embedding_Context,1,1,1,1.0,1.0,1.0,1.0,0,0,0.44
POWERTRAIN,POWERTRAIN_M09_02,M09,Interface version change,ARXML,Graph_Only,1,1,1,1.0,1.0,1.0,1.0,0,0,0.005
POWERTRAIN,POWERTRAIN_M09_02,M09,Interface version change,ARXML,Hybrid_AURA_Routed,1,1,1,1.0,1.0,1.0,1.0,0,0,0.02
POWERTRAIN,POWERTRAIN_M09_02,M09,Interface version change,ARXML,Hybrid_AURA_Fixed,1,1,1,1.0,1.0,1.0,1.0,0,0,0.449
POWERTRAIN,POWERTRAIN_M10_02,M10,C function signature change,C_CODE,Keyword,7,11,1,0.0909,0.1429,0.1111,0.4,6,10,0.537
POWERTRAIN,POWERTRAIN_M10_02,M10,C function signature change,C_CODE,Embedding_Only,1,11,1,0.0909,1.0,0.1667,1.0,0,10,0.208
POWERTRAIN,POWERTRAIN_M10_02,M10,C function signature change,C_CODE,Embedding_Context,1,11,1,0.0909,1.0,0.1667,1.0,0,10,1.431
POWERTRAIN,POWERTRAIN_M10_02,M10,C function signature change,C_CODE,Graph_Only,20,11,6,0.5455,0.3,0.3871,0.0,14,5,0.224
POWERTRAIN,POWERTRAIN_M10_02,M10,C function signature change,C_CODE,Hybrid_AURA_Routed,20,11,6,0.5455,0.3,0.3871,0.0,14,5,0.306
POWERTRAIN,POWERTRAIN_M10_02,M10,C function signature change,C_CODE,Hybrid_AURA_Fixed,20,11,6,0.5455,0.3,0.3871,0.0,14,5,1.534
POWERTRAIN,POWERTRAIN_M11_02,M11,C constant change,C_CODE,Keyword,12,11,1,0.0909,0.0833,0.087,0.0,11,10,0.733
POWERTRAIN,POWERTRAIN_M11_02,M11,C constant change,C_CODE,Embedding_Only,1,11,1,0.0909,1.0,0.1667,1.0,0,10,0.192
POWERTRAIN,POWERTRAIN_M11_02,M11,C constant change,C_CODE,Embedding_Context,2,11,1,0.0909,0.5,0.1538,0.9,1,10,1.561
POWERTRAIN,POWERTRAIN_M11_02,M11,C constant change,C_CODE,Graph_Only,21,11,6,0.5455,0.2857,0.375,0.0,15,5,0.237
POWERTRAIN,POWERTRAIN_M11_02,M11,C constant change,C_CODE,Hybrid_AURA_Routed,21,11,6,0.5455,0.2857,0.375,0.0,15,5,0.299
POWERTRAIN,POWERTRAIN_M11_02,M11,C constant change,C_CODE,Hybrid_AURA_Fixed,22,11,6,0.5455,0.2727,0.3636,0.0,16,5,1.896
POWERTRAIN,POWERTRAIN_M12_02,M12,Function dependency change,C_CODE,Keyword,3,1,1,1.0,0.3333,0.5,0.8,2,0,0.554
POWERTRAIN,POWERTRAIN_M12_02,M12,Function dependency change,C_CODE,Embedding_Only,3,1,1,1.0,0.3333,0.5,0.8,2,0,0.215
POWERTRAIN,POWERTRAIN_M12_02,M12,Function dependency change,C_CODE,Embedding_Context,8,1,1,1.0,0.125,0.2222,0.3,7,0,0.489
POWERTRAIN,POWERTRAIN_M12_02,M12,Function dependency change,C_CODE,Graph_Only,1,1,1,1.0,1.0,1.0,1.0,0,0,0.006
POWERTRAIN,POWERTRAIN_M12_02,M12,Function dependency change,C_CODE,Hybrid_AURA_Routed,1,1,1,1.0,1.0,1.0,1.0,0,0,0.02
POWERTRAIN,POWERTRAIN_M12_02,M12,Function dependency change,C_CODE,Hybrid_AURA_Fixed,8,1,1,1.0,0.125,0.2222,0.3,7,0,0.749
POWERTRAIN,POWERTRAIN_M13_02,M13,Variable dependency change,C_CODE,Keyword,2,11,1,0.0909,0.5,0.1538,0.9,1,10,0.656
POWERTRAIN,POWERTRAIN_M13_02,M13,Variable dependency change,C_CODE,Embedding_Only,1,11,1,0.0909,1.0,0.1667,1.0,0,10,0.149
POWERTRAIN,POWERTRAIN_M13_02,M13,Variable dependency change,C_CODE,Embedding_Context,3,11,1,0.0909,0.3333,0.1429,0.8,2,10,0.982
POWERTRAIN,POWERTRAIN_M13_02,M13,Variable dependency change,C_CODE,Graph_Only,18,11,6,0.5455,0.3333,0.4138,0.0,12,5,0.201
POWERTRAIN,POWERTRAIN_M13_02,M13,Variable dependency change,C_CODE,Hybrid_AURA_Routed,18,11,6,0.5455,0.3333,0.4138,0.0,12,5,0.264
POWERTRAIN,POWERTRAIN_M13_02,M13,Variable dependency change,C_CODE,Hybrid_AURA_Fixed,20,11,6,0.5455,0.3,0.3871,0.0,14,5,1.24
POWERTRAIN,POWERTRAIN_M14_02,M14,Test requirement modification,TEST,Keyword,81,17,2,0.1176,0.0247,0.0408,0.0,79,15,0.787
POWERTRAIN,POWERTRAIN_M14_02,M14,Test requirement modification,TEST,Embedding_Only,10,17,1,0.0588,0.1,0.0741,0.1,9,16,0.32
POWERTRAIN,POWERTRAIN_M14_02,M14,Test requirement modification,TEST,Embedding_Context,10,17,1,0.0588,0.1,0.0741,0.1,9,16,0.794
POWERTRAIN,POWERTRAIN_M14_02,M14,Test requirement modification,TEST,Graph_Only,22,17,8,0.4706,0.3636,0.4103,0.0,14,9,0.226
POWERTRAIN,POWERTRAIN_M14_02,M14,Test requirement modification,TEST,Hybrid_AURA_Routed,22,17,8,0.4706,0.3636,0.4103,0.0,14,9,0.549
POWERTRAIN,POWERTRAIN_M14_02,M14,Test requirement modification,TEST,Hybrid_AURA_Fixed,32,17,8,0.4706,0.25,0.3265,0.0,24,9,1.566
POWERTRAIN,POWERTRAIN_M15_02,M15,Unrelated/no-impact change,C_CODE,Keyword,3,0,0,1.0,0.0,0.0,0.0,3,0,0.663
POWERTRAIN,POWERTRAIN_M15_02,M15,Unrelated/no-impact change,C_CODE,Embedding_Only,1,0,0,1.0,0.0,0.0,0.0,1,0,0.257
POWERTRAIN,POWERTRAIN_M15_02,M15,Unrelated/no-impact change,C_CODE,Embedding_Context,1,0,0,1.0,0.0,0.0,0.0,1,0,0.606
POWERTRAIN,POWERTRAIN_M15_02,M15,Unrelated/no-impact change,C_CODE,Graph_Only,1,0,0,1.0,0.0,0.0,0.0,1,0,0.019
POWERTRAIN,POWERTRAIN_M15_02,M15,Unrelated/no-impact change,C_CODE,Hybrid_AURA_Routed,0,0,0,1.0,1.0,1.0,1.0,0,0,0.01
POWERTRAIN,POWERTRAIN_M15_02,M15,Unrelated/no-impact change,C_CODE,Hybrid_AURA_Fixed,1,0,0,1.0,0.0,0.0,0.0,1,0,0.552
POWERTRAIN,POWERTRAIN_M16_02,M16,Indirect dependency change,C_CODE,Keyword,12,11,1,0.0909,0.0833,0.087,0.0,11,10,0.604
POWERTRAIN,POWERTRAIN_M16_02,M16,Indirect dependency change,C_CODE,Embedding_Only,1,11,1,0.0909,1.0,0.1667,1.0,0,10,0.179
POWERTRAIN,POWERTRAIN_M16_02,M16,Indirect dependency change,C_CODE,Embedding_Context,2,11,1,0.0909,0.5,0.1538,0.9,1,10,0.832
POWERTRAIN,POWERTRAIN_M16_02,M16,Indirect dependency change,C_CODE,Graph_Only,21,11,6,0.5455,0.2857,0.375,0.0,15,5,0.231
POWERTRAIN,POWERTRAIN_M16_02,M16,Indirect dependency change,C_CODE,Hybrid_AURA_Routed,21,11,6,0.5455,0.2857,0.375,0.0,15,5,0.313
POWERTRAIN,POWERTRAIN_M16_02,M16,Indirect dependency change,C_CODE,Hybrid_AURA_Fixed,22,11,6,0.5455,0.2727,0.3636,0.0,16,5,1.112
POWERTRAIN,POWERTRAIN_M17_02,M17,Long-chain dependency change,REQUIREMENT,Keyword,2,15,1,0.0667,0.5,0.1176,0.9,1,14,0.555
POWERTRAIN,POWERTRAIN_M17_02,M17,Long-chain dependency change,REQUIREMENT,Embedding_Only,1,15,1,0.0667,1.0,0.125,1.0,0,14,0.25
POWERTRAIN,POWERTRAIN_M17_02,M17,Long-chain dependency change,REQUIREMENT,Embedding_Context,1,15,1,0.0667,1.0,0.125,1.0,0,14,0.87
POWERTRAIN,POWERTRAIN_M17_02,M17,Long-chain dependency change,REQUIREMENT,Graph_Only,18,15,7,0.4667,0.3889,0.4242,0.0,11,8,0.275
POWERTRAIN,POWERTRAIN_M17_02,M17,Long-chain dependency change,REQUIREMENT,Hybrid_AURA_Routed,18,15,7,0.4667,0.3889,0.4242,0.0,11,8,0.278
POWERTRAIN,POWERTRAIN_M17_02,M17,Long-chain dependency change,REQUIREMENT,Hybrid_AURA_Fixed,18,15,7,0.4667,0.3889,0.4242,0.0,11,8,1.198
POWERTRAIN,POWERTRAIN_M18_02,M18,Cross-domain Req->ARXML->C->Test change,REQUIREMENT,Keyword,12,15,1,0.0667,0.0833,0.0741,0.0,11,14,0.575
POWERTRAIN,POWERTRAIN_M18_02,M18,Cross-domain Req->ARXML->C->Test change,REQUIREMENT,Embedding_Only,1,15,1,0.0667,1.0,0.125,1.0,0,14,0.258
POWERTRAIN,POWERTRAIN_M18_02,M18,Cross-domain Req->ARXML->C->Test change,REQUIREMENT,Embedding_Context,4,15,1,0.0667,0.25,0.1053,0.7,3,14,1.191
POWERTRAIN,POWERTRAIN_M18_02,M18,Cross-domain Req->ARXML->C->Test change,REQUIREMENT,Graph_Only,18,15,7,0.4667,0.3889,0.4242,0.0,11,8,0.178
POWERTRAIN,POWERTRAIN_M18_02,M18,Cross-domain Req->ARXML->C->Test change,REQUIREMENT,Hybrid_AURA_Routed,21,15,7,0.4667,0.3333,0.3889,0.0,14,8,1.417
POWERTRAIN,POWERTRAIN_M18_02,M18,Cross-domain Req->ARXML->C->Test change,REQUIREMENT,Hybrid_AURA_Fixed,21,15,7,0.4667,0.3333,0.3889,0.0,14,8,1.699
POWERTRAIN,POWERTRAIN_M19_02,M19,Misleading semantic similarity,REQUIREMENT,Keyword,3,1,1,1.0,0.3333,0.5,0.8,2,0,0.569
POWERTRAIN,POWERTRAIN_M19_02,M19,Misleading semantic similarity,REQUIREMENT,Embedding_Only,1,1,1,1.0,1.0,1.0,1.0,0,0,0.201
POWERTRAIN,POWERTRAIN_M19_02,M19,Misleading semantic similarity,REQUIREMENT,Embedding_Context,1,1,1,1.0,1.0,1.0,1.0,0,0,0.75
POWERTRAIN,POWERTRAIN_M19_02,M19,Misleading semantic similarity,REQUIREMENT,Graph_Only,18,1,1,1.0,0.0556,0.1053,0.0,17,0,0.175
POWERTRAIN,POWERTRAIN_M19_02,M19,Misleading semantic similarity,REQUIREMENT,Hybrid_AURA_Routed,18,1,1,1.0,0.0556,0.1053,0.0,17,0,1.007
POWERTRAIN,POWERTRAIN_M19_02,M19,Misleading semantic similarity,REQUIREMENT,Hybrid_AURA_Fixed,18,1,1,1.0,0.0556,0.1053,0.0,17,0,1.114
POWERTRAIN,POWERTRAIN_M20_02,M20,Multiple simultaneous changes,C_CODE,Keyword,6,11,1,0.0909,0.1667,0.1176,0.5,5,10,0.617
POWERTRAIN,POWERTRAIN_M20_02,M20,Multiple simultaneous changes,C_CODE,Embedding_Only,1,11,1,0.0909,1.0,0.1667,1.0,0,10,0.191
POWERTRAIN,POWERTRAIN_M20_02,M20,Multiple simultaneous changes,C_CODE,Embedding_Context,2,11,1,0.0909,0.5,0.1538,0.9,1,10,2.315
POWERTRAIN,POWERTRAIN_M20_02,M20,Multiple simultaneous changes,C_CODE,Graph_Only,21,11,6,0.5455,0.2857,0.375,0.0,15,5,0.225
POWERTRAIN,POWERTRAIN_M20_02,M20,Multiple simultaneous changes,C_CODE,Hybrid_AURA_Routed,22,11,6,0.5455,0.2727,0.3636,0.0,16,5,3.058
POWERTRAIN,POWERTRAIN_M20_02,M20,Multiple simultaneous changes,C_CODE,Hybrid_AURA_Fixed,22,11,6,0.5455,0.2727,0.3636,0.0,16,5,2.913
POWERTRAIN,POWERTRAIN_M21_02,M21,Lexical renaming,C_CODE,Keyword,2,11,1,0.0909,0.5,0.1538,0.9,1,10,0.577
POWERTRAIN,POWERTRAIN_M21_02,M21,Lexical renaming,C_CODE,Embedding_Only,1,11,1,0.0909,1.0,0.1667,1.0,0,10,0.197
POWERTRAIN,POWERTRAIN_M21_02,M21,Lexical renaming,C_CODE,Embedding_Context,2,11,1,0.0909,0.5,0.1538,0.9,1,10,1.059
POWERTRAIN,POWERTRAIN_M21_02,M21,Lexical renaming,C_CODE,Graph_Only,20,11,6,0.5455,0.3,0.3871,0.0,14,5,0.217
POWERTRAIN,POWERTRAIN_M21_02,M21,Lexical renaming,C_CODE,Hybrid_AURA_Routed,20,11,6,0.5455,0.3,0.3871,0.0,14,5,0.598
POWERTRAIN,POWERTRAIN_M21_02,M21,Lexical renaming,C_CODE,Hybrid_AURA_Fixed,20,11,6,0.5455,0.3,0.3871,0.0,14,5,1.383
POWERTRAIN,POWERTRAIN_M22_02,M22,Structural rename with same semantics,C_CODE,Keyword,12,11,1,0.0909,0.0833,0.087,0.0,11,10,0.581
POWERTRAIN,POWERTRAIN_M22_02,M22,Structural rename with same semantics,C_CODE,Embedding_Only,1,11,1,0.0909,1.0,0.1667,1.0,0,10,0.165
POWERTRAIN,POWERTRAIN_M22_02,M22,Structural rename with same semantics,C_CODE,Embedding_Context,8,11,1,0.0909,0.125,0.1053,0.3,7,10,2.624
POWERTRAIN,POWERTRAIN_M22_02,M22,Structural rename with same semantics,C_CODE,Graph_Only,21,11,6,0.5455,0.2857,0.375,0.0,15,5,0.224
POWERTRAIN,POWERTRAIN_M22_02,M22,Structural rename with same semantics,C_CODE,Hybrid_AURA_Routed,21,11,6,0.5455,0.2857,0.375,0.0,15,5,0.314
POWERTRAIN,POWERTRAIN_M22_02,M22,Structural rename with same semantics,C_CODE,Hybrid_AURA_Fixed,28,11,6,0.5455,0.2143,0.3077,0.0,22,5,2.909
POWERTRAIN,POWERTRAIN_M23_02,M23,Semantic requirement change with little textual overlap,REQUIREMENT,Keyword,2,15,1,0.0667,0.5,0.1176,0.9,1,14,1.196
POWERTRAIN,POWERTRAIN_M23_02,M23,Semantic requirement change with little textual overlap,REQUIREMENT,Embedding_Only,4,15,1,0.0667,0.25,0.1053,0.7,3,14,0.321
POWERTRAIN,POWERTRAIN_M23_02,M23,Semantic requirement change with little textual overlap,REQUIREMENT,Embedding_Context,11,15,1,0.0667,0.0909,0.0769,0.0,10,14,2.488
POWERTRAIN,POWERTRAIN_M23_02,M23,Semantic requirement change with little textual overlap,REQUIREMENT,Graph_Only,18,15,7,0.4667,0.3889,0.4242,0.0,11,8,0.205
POWERTRAIN,POWERTRAIN_M23_02,M23,Semantic requirement change with little textual overlap,REQUIREMENT,Hybrid_AURA_Routed,28,15,7,0.4667,0.25,0.3256,0.0,21,8,1.98
POWERTRAIN,POWERTRAIN_M23_02,M23,Semantic requirement change with little textual overlap,REQUIREMENT,Hybrid_AURA_Fixed,28,15,7,0.4667,0.25,0.3256,0.0,21,8,1.998
POWERTRAIN,POWERTRAIN_M24_02,M24,Dead-code modification,C_CODE,Keyword,12,0,0,1.0,0.0,0.0,0.0,12,0,0.73
POWERTRAIN,POWERTRAIN_M24_02,M24,Dead-code modification,C_CODE,Embedding_Only,1,0,0,1.0,0.0,0.0,0.0,1,0,0.184
POWERTRAIN,POWERTRAIN_M24_02,M24,Dead-code modification,C_CODE,Embedding_Context,1,0,0,1.0,0.0,0.0,0.0,1,0,0.838
POWERTRAIN,POWERTRAIN_M24_02,M24,Dead-code modification,C_CODE,Graph_Only,21,0,0,1.0,0.0,0.0,0.0,21,0,0.23
POWERTRAIN,POWERTRAIN_M24_02,M24,Dead-code modification,C_CODE,Hybrid_AURA_Routed,0,0,0,1.0,1.0,1.0,1.0,0,0,0.062
POWERTRAIN,POWERTRAIN_M24_02,M24,Dead-code modification,C_CODE,Hybrid_AURA_Fixed,21,0,0,1.0,0.0,0.0,0.0,21,0,1.342
POWERTRAIN,POWERTRAIN_M25_02,M25,Documentation-only change,DOC,Keyword,12,0,0,1.0,0.0,0.0,0.0,12,0,0.652
POWERTRAIN,POWERTRAIN_M25_02,M25,Documentation-only change,DOC,Embedding_Only,1,0,0,1.0,0.0,0.0,0.0,1,0,0.251
POWERTRAIN,POWERTRAIN_M25_02,M25,Documentation-only change,DOC,Embedding_Context,1,0,0,1.0,0.0,0.0,0.0,1,0,1.025
POWERTRAIN,POWERTRAIN_M25_02,M25,Documentation-only change,DOC,Graph_Only,18,0,0,1.0,0.0,0.0,0.0,18,0,0.178
POWERTRAIN,POWERTRAIN_M25_02,M25,Documentation-only change,DOC,Hybrid_AURA_Routed,0,0,0,1.0,1.0,1.0,1.0,0,0,0.008
POWERTRAIN,POWERTRAIN_M25_02,M25,Documentation-only change,DOC,Hybrid_AURA_Fixed,18,0,0,1.0,0.0,0.0,0.0,18,0,1.204
BATTERY_EV,BATTERY_EV_M01_01,M01,Numeric requirement change,REQUIREMENT,Keyword,50,15,1,0.0667,0.02,0.0308,0.0,49,14,0.766
BATTERY_EV,BATTERY_EV_M01_01,M01,Numeric requirement change,REQUIREMENT,Embedding_Only,10,15,1,0.0667,0.1,0.08,0.1,9,14,0.439
BATTERY_EV,BATTERY_EV_M01_01,M01,Numeric requirement change,REQUIREMENT,Embedding_Context,10,15,1,0.0667,0.1,0.08,0.1,9,14,1.113
BATTERY_EV,BATTERY_EV_M01_01,M01,Numeric requirement change,REQUIREMENT,Graph_Only,18,15,7,0.4667,0.3889,0.4242,0.0,11,8,0.186
BATTERY_EV,BATTERY_EV_M01_01,M01,Numeric requirement change,REQUIREMENT,Hybrid_AURA_Routed,28,15,7,0.4667,0.25,0.3256,0.0,21,8,1.545
BATTERY_EV,BATTERY_EV_M01_01,M01,Numeric requirement change,REQUIREMENT,Hybrid_AURA_Fixed,28,15,7,0.4667,0.25,0.3256,0.0,21,8,1.644
BATTERY_EV,BATTERY_EV_M02_01,M02,Threshold change,REQUIREMENT,Keyword,50,15,1,0.0667,0.02,0.0308,0.0,49,14,0.738
BATTERY_EV,BATTERY_EV_M02_01,M02,Threshold change,REQUIREMENT,Embedding_Only,10,15,1,0.0667,0.1,0.08,0.1,9,14,0.434
BATTERY_EV,BATTERY_EV_M02_01,M02,Threshold change,REQUIREMENT,Embedding_Context,10,15,1,0.0667,0.1,0.08,0.1,9,14,1.291
BATTERY_EV,BATTERY_EV_M02_01,M02,Threshold change,REQUIREMENT,Graph_Only,18,15,7,0.4667,0.3889,0.4242,0.0,11,8,0.277
BATTERY_EV,BATTERY_EV_M02_01,M02,Threshold change,REQUIREMENT,Hybrid_AURA_Routed,28,15,7,0.4667,0.25,0.3256,0.0,21,8,1.419
BATTERY_EV,BATTERY_EV_M02_01,M02,Threshold change,REQUIREMENT,Hybrid_AURA_Fixed,28,15,7,0.4667,0.25,0.3256,0.0,21,8,1.361
BATTERY_EV,BATTERY_EV_M03_01,M03,Semantic wording change,REQUIREMENT,Keyword,3,15,1,0.0667,0.3333,0.1111,0.8,2,14,0.671
BATTERY_EV,BATTERY_EV_M03_01,M03,Semantic wording change,REQUIREMENT,Embedding_Only,1,15,1,0.0667,1.0,0.125,1.0,0,14,0.299
BATTERY_EV,BATTERY_EV_M03_01,M03,Semantic wording change,REQUIREMENT,Embedding_Context,1,15,1,0.0667,1.0,0.125,1.0,0,14,0.949
BATTERY_EV,BATTERY_EV_M03_01,M03,Semantic wording change,REQUIREMENT,Graph_Only,18,15,7,0.4667,0.3889,0.4242,0.0,11,8,0.186
BATTERY_EV,BATTERY_EV_M03_01,M03,Semantic wording change,REQUIREMENT,Hybrid_AURA_Routed,18,15,7,0.4667,0.3889,0.4242,0.0,11,8,1.208
BATTERY_EV,BATTERY_EV_M03_01,M03,Semantic wording change,REQUIREMENT,Hybrid_AURA_Fixed,18,15,7,0.4667,0.3889,0.4242,0.0,11,8,1.157
BATTERY_EV,BATTERY_EV_M04_01,M04,Requirement synonym replacement,REQUIREMENT,Keyword,3,15,1,0.0667,0.3333,0.1111,0.8,2,14,0.579
BATTERY_EV,BATTERY_EV_M04_01,M04,Requirement synonym replacement,REQUIREMENT,Embedding_Only,1,15,1,0.0667,1.0,0.125,1.0,0,14,0.212
BATTERY_EV,BATTERY_EV_M04_01,M04,Requirement synonym replacement,REQUIREMENT,Embedding_Context,1,15,1,0.0667,1.0,0.125,1.0,0,14,1.129
BATTERY_EV,BATTERY_EV_M04_01,M04,Requirement synonym replacement,REQUIREMENT,Graph_Only,18,15,7,0.4667,0.3889,0.4242,0.0,11,8,0.188
BATTERY_EV,BATTERY_EV_M04_01,M04,Requirement synonym replacement,REQUIREMENT,Hybrid_AURA_Routed,18,15,7,0.4667,0.3889,0.4242,0.0,11,8,1.403
BATTERY_EV,BATTERY_EV_M04_01,M04,Requirement synonym replacement,REQUIREMENT,Hybrid_AURA_Fixed,18,15,7,0.4667,0.3889,0.4242,0.0,11,8,1.366
BATTERY_EV,BATTERY_EV_M05_01,M05,Requirement constraint addition,REQUIREMENT,Keyword,50,15,1,0.0667,0.02,0.0308,0.0,49,14,0.69
BATTERY_EV,BATTERY_EV_M05_01,M05,Requirement constraint addition,REQUIREMENT,Embedding_Only,10,15,1,0.0667,0.1,0.08,0.1,9,14,0.49
BATTERY_EV,BATTERY_EV_M05_01,M05,Requirement constraint addition,REQUIREMENT,Embedding_Context,10,15,1,0.0667,0.1,0.08,0.1,9,14,1.102
BATTERY_EV,BATTERY_EV_M05_01,M05,Requirement constraint addition,REQUIREMENT,Graph_Only,18,15,7,0.4667,0.3889,0.4242,0.0,11,8,0.183
BATTERY_EV,BATTERY_EV_M05_01,M05,Requirement constraint addition,REQUIREMENT,Hybrid_AURA_Routed,28,15,7,0.4667,0.25,0.3256,0.0,21,8,1.781
BATTERY_EV,BATTERY_EV_M05_01,M05,Requirement constraint addition,REQUIREMENT,Hybrid_AURA_Fixed,28,15,7,0.4667,0.25,0.3256,0.0,21,8,1.455
BATTERY_EV,BATTERY_EV_M06_01,M06,ARXML datatype change,ARXML,Keyword,3,1,1,1.0,0.3333,0.5,0.8,2,0,0.561
BATTERY_EV,BATTERY_EV_M06_01,M06,ARXML datatype change,ARXML,Embedding_Only,1,1,1,1.0,1.0,1.0,1.0,0,0,0.219
BATTERY_EV,BATTERY_EV_M06_01,M06,ARXML datatype change,ARXML,Embedding_Context,2,1,1,1.0,0.5,0.6667,0.9,1,0,0.602
BATTERY_EV,BATTERY_EV_M06_01,M06,ARXML datatype change,ARXML,Graph_Only,1,1,1,1.0,1.0,1.0,1.0,0,0,0.006
BATTERY_EV,BATTERY_EV_M06_01,M06,ARXML datatype change,ARXML,Hybrid_AURA_Routed,1,1,1,1.0,1.0,1.0,1.0,0,0,0.021
BATTERY_EV,BATTERY_EV_M06_01,M06,ARXML datatype change,ARXML,Hybrid_AURA_Fixed,2,1,1,1.0,0.5,0.6667,0.9,1,0,0.53
BATTERY_EV,BATTERY_EV_M07_01,M07,ARXML scaling change,ARXML,Keyword,3,1,1,1.0,0.3333,0.5,0.8,2,0,0.695
BATTERY_EV,BATTERY_EV_M07_01,M07,ARXML scaling change,ARXML,Embedding_Only,1,1,1,1.0,1.0,1.0,1.0,0,0,0.208
BATTERY_EV,BATTERY_EV_M07_01,M07,ARXML scaling change,ARXML,Embedding_Context,2,1,1,1.0,0.5,0.6667,0.9,1,0,0.489
BATTERY_EV,BATTERY_EV_M07_01,M07,ARXML scaling change,ARXML,Graph_Only,1,1,1,1.0,1.0,1.0,1.0,0,0,0.007
BATTERY_EV,BATTERY_EV_M07_01,M07,ARXML scaling change,ARXML,Hybrid_AURA_Routed,1,1,1,1.0,1.0,1.0,1.0,0,0,0.022
BATTERY_EV,BATTERY_EV_M07_01,M07,ARXML scaling change,ARXML,Hybrid_AURA_Fixed,2,1,1,1.0,0.5,0.6667,0.9,1,0,0.485
BATTERY_EV,BATTERY_EV_M08_01,M08,Interface field change,ARXML,Keyword,3,1,1,1.0,0.3333,0.5,0.8,2,0,0.591
BATTERY_EV,BATTERY_EV_M08_01,M08,Interface field change,ARXML,Embedding_Only,1,1,1,1.0,1.0,1.0,1.0,0,0,0.256
BATTERY_EV,BATTERY_EV_M08_01,M08,Interface field change,ARXML,Embedding_Context,1,1,1,1.0,1.0,1.0,1.0,0,0,0.498
BATTERY_EV,BATTERY_EV_M08_01,M08,Interface field change,ARXML,Graph_Only,1,1,1,1.0,1.0,1.0,1.0,0,0,0.005
BATTERY_EV,BATTERY_EV_M08_01,M08,Interface field change,ARXML,Hybrid_AURA_Routed,1,1,1,1.0,1.0,1.0,1.0,0,0,0.02
BATTERY_EV,BATTERY_EV_M08_01,M08,Interface field change,ARXML,Hybrid_AURA_Fixed,1,1,1,1.0,1.0,1.0,1.0,0,0,0.5
BATTERY_EV,BATTERY_EV_M09_01,M09,Interface version change,ARXML,Keyword,2,1,1,1.0,0.5,0.6667,0.9,1,0,0.493
BATTERY_EV,BATTERY_EV_M09_01,M09,Interface version change,ARXML,Embedding_Only,1,1,1,1.0,1.0,1.0,1.0,0,0,0.182
BATTERY_EV,BATTERY_EV_M09_01,M09,Interface version change,ARXML,Embedding_Context,1,1,1,1.0,1.0,1.0,1.0,0,0,0.607
BATTERY_EV,BATTERY_EV_M09_01,M09,Interface version change,ARXML,Graph_Only,1,1,1,1.0,1.0,1.0,1.0,0,0,0.006
BATTERY_EV,BATTERY_EV_M09_01,M09,Interface version change,ARXML,Hybrid_AURA_Routed,1,1,1,1.0,1.0,1.0,1.0,0,0,0.022
BATTERY_EV,BATTERY_EV_M09_01,M09,Interface version change,ARXML,Hybrid_AURA_Fixed,1,1,1,1.0,1.0,1.0,1.0,0,0,0.514
BATTERY_EV,BATTERY_EV_M10_01,M10,C function signature change,C_CODE,Keyword,3,11,1,0.0909,0.3333,0.1429,0.8,2,10,0.626
BATTERY_EV,BATTERY_EV_M10_01,M10,C function signature change,C_CODE,Embedding_Only,1,11,1,0.0909,1.0,0.1667,1.0,0,10,0.212
BATTERY_EV,BATTERY_EV_M10_01,M10,C function signature change,C_CODE,Embedding_Context,4,11,1,0.0909,0.25,0.1333,0.7,3,10,2.266
BATTERY_EV,BATTERY_EV_M10_01,M10,C function signature change,C_CODE,Graph_Only,21,11,6,0.5455,0.2857,0.375,0.0,15,5,0.23
BATTERY_EV,BATTERY_EV_M10_01,M10,C function signature change,C_CODE,Hybrid_AURA_Routed,21,11,6,0.5455,0.2857,0.375,0.0,15,5,0.323
BATTERY_EV,BATTERY_EV_M10_01,M10,C function signature change,C_CODE,Hybrid_AURA_Fixed,24,11,6,0.5455,0.25,0.3429,0.0,18,5,2.901
BATTERY_EV,BATTERY_EV_M11_01,M11,C constant change,C_CODE,Keyword,3,11,1,0.0909,0.3333,0.1429,0.8,2,10,0.567
BATTERY_EV,BATTERY_EV_M11_01,M11,C constant change,C_CODE,Embedding_Only,2,11,1,0.0909,0.5,0.1538,0.9,1,10,0.213
BATTERY_EV,BATTERY_EV_M11_01,M11,C constant change,C_CODE,Embedding_Context,10,11,2,0.1818,0.2,0.1905,0.2,8,9,2.579
BATTERY_EV,BATTERY_EV_M11_01,M11,C constant change,C_CODE,Graph_Only,21,11,6,0.5455,0.2857,0.375,0.0,15,5,0.235
BATTERY_EV,BATTERY_EV_M11_01,M11,C constant change,C_CODE,Hybrid_AURA_Routed,21,11,6,0.5455,0.2857,0.375,0.0,15,5,0.314
BATTERY_EV,BATTERY_EV_M11_01,M11,C constant change,C_CODE,Hybrid_AURA_Fixed,29,11,6,0.5455,0.2069,0.3,0.0,23,5,2.536
BATTERY_EV,BATTERY_EV_M12_01,M12,Function dependency change,C_CODE,Keyword,2,11,1,0.0909,0.5,0.1538,0.9,1,10,0.591
BATTERY_EV,BATTERY_EV_M12_01,M12,Function dependency change,C_CODE,Embedding_Only,1,11,1,0.0909,1.0,0.1667,1.0,0,10,0.213
BATTERY_EV,BATTERY_EV_M12_01,M12,Function dependency change,C_CODE,Embedding_Context,1,11,1,0.0909,1.0,0.1667,1.0,0,10,2.33
BATTERY_EV,BATTERY_EV_M12_01,M12,Function dependency change,C_CODE,Graph_Only,21,11,6,0.5455,0.2857,0.375,0.0,15,5,0.239
BATTERY_EV,BATTERY_EV_M12_01,M12,Function dependency change,C_CODE,Hybrid_AURA_Routed,21,11,6,0.5455,0.2857,0.375,0.0,15,5,0.311
BATTERY_EV,BATTERY_EV_M12_01,M12,Function dependency change,C_CODE,Hybrid_AURA_Fixed,21,11,6,0.5455,0.2857,0.375,0.0,15,5,2.745
BATTERY_EV,BATTERY_EV_M13_01,M13,Variable dependency change,C_CODE,Keyword,2,11,1,0.0909,0.5,0.1538,0.9,1,10,0.547
BATTERY_EV,BATTERY_EV_M13_01,M13,Variable dependency change,C_CODE,Embedding_Only,1,11,1,0.0909,1.0,0.1667,1.0,0,10,0.178
BATTERY_EV,BATTERY_EV_M13_01,M13,Variable dependency change,C_CODE,Embedding_Context,3,11,1,0.0909,0.3333,0.1429,0.8,2,10,3.273
BATTERY_EV,BATTERY_EV_M13_01,M13,Variable dependency change,C_CODE,Graph_Only,21,11,6,0.5455,0.2857,0.375,0.0,15,5,0.262
BATTERY_EV,BATTERY_EV_M13_01,M13,Variable dependency change,C_CODE,Hybrid_AURA_Routed,21,11,6,0.5455,0.2857,0.375,0.0,15,5,0.355
BATTERY_EV,BATTERY_EV_M13_01,M13,Variable dependency change,C_CODE,Hybrid_AURA_Fixed,23,11,6,0.5455,0.2609,0.3529,0.0,17,5,3.004
BATTERY_EV,BATTERY_EV_M14_01,M14,Test requirement modification,TEST,Keyword,81,28,3,0.1071,0.037,0.055,0.0,78,25,1.061
BATTERY_EV,BATTERY_EV_M14_01,M14,Test requirement modification,TEST,Embedding_Only,10,28,1,0.0357,0.1,0.0526,0.1,9,27,0.395
BATTERY_EV,BATTERY_EV_M14_01,M14,Test requirement modification,TEST,Embedding_Context,10,28,1,0.0357,0.1,0.0526,0.1,9,27,0.879
BATTERY_EV,BATTERY_EV_M14_01,M14,Test requirement modification,TEST,Graph_Only,35,28,13,0.4643,0.3714,0.4127,0.0,22,15,0.357
BATTERY_EV,BATTERY_EV_M14_01,M14,Test requirement modification,TEST,Hybrid_AURA_Routed,35,28,13,0.4643,0.3714,0.4127,0.0,22,15,0.477
BATTERY_EV,BATTERY_EV_M14_01,M14,Test requirement modification,TEST,Hybrid_AURA_Fixed,45,28,13,0.4643,0.2889,0.3562,0.0,32,15,1.546
BATTERY_EV,BATTERY_EV_M15_01,M15,Unrelated/no-impact change,C_CODE,Keyword,2,0,0,1.0,0.0,0.0,0.0,2,0,0.634
BATTERY_EV,BATTERY_EV_M15_01,M15,Unrelated/no-impact change,C_CODE,Embedding_Only,1,0,0,1.0,0.0,0.0,0.0,1,0,0.246
BATTERY_EV,BATTERY_EV_M15_01,M15,Unrelated/no-impact change,C_CODE,Embedding_Context,1,0,0,1.0,0.0,0.0,0.0,1,0,1.408
BATTERY_EV,BATTERY_EV_M15_01,M15,Unrelated/no-impact change,C_CODE,Graph_Only,21,0,0,1.0,0.0,0.0,0.0,21,0,0.227
BATTERY_EV,BATTERY_EV_M15_01,M15,Unrelated/no-impact change,C_CODE,Hybrid_AURA_Routed,0,0,0,1.0,1.0,1.0,1.0,0,0,0.007
BATTERY_EV,BATTERY_EV_M15_01,M15,Unrelated/no-impact change,C_CODE,Hybrid_AURA_Fixed,21,0,0,1.0,0.0,0.0,0.0,21,0,1.618
BATTERY_EV,BATTERY_EV_M16_01,M16,Indirect dependency change,C_CODE,Keyword,3,11,1,0.0909,0.3333,0.1429,0.8,2,10,0.513
BATTERY_EV,BATTERY_EV_M16_01,M16,Indirect dependency change,C_CODE,Embedding_Only,1,11,1,0.0909,1.0,0.1667,1.0,0,10,0.173
BATTERY_EV,BATTERY_EV_M16_01,M16,Indirect dependency change,C_CODE,Embedding_Context,1,11,1,0.0909,1.0,0.1667,1.0,0,10,1.484
BATTERY_EV,BATTERY_EV_M16_01,M16,Indirect dependency change,C_CODE,Graph_Only,18,11,6,0.5455,0.3333,0.4138,0.0,12,5,2.008
BATTERY_EV,BATTERY_EV_M16_01,M16,Indirect dependency change,C_CODE,Hybrid_AURA_Routed,18,11,6,0.5455,0.3333,0.4138,0.0,12,5,0.5
BATTERY_EV,BATTERY_EV_M16_01,M16,Indirect dependency change,C_CODE,Hybrid_AURA_Fixed,18,11,6,0.5455,0.3333,0.4138,0.0,12,5,1.976
BATTERY_EV,BATTERY_EV_M17_01,M17,Long-chain dependency change,REQUIREMENT,Keyword,3,15,1,0.0667,0.3333,0.1111,0.8,2,14,0.767
BATTERY_EV,BATTERY_EV_M17_01,M17,Long-chain dependency change,REQUIREMENT,Embedding_Only,1,15,1,0.0667,1.0,0.125,1.0,0,14,0.318
BATTERY_EV,BATTERY_EV_M17_01,M17,Long-chain dependency change,REQUIREMENT,Embedding_Context,2,15,1,0.0667,0.5,0.1176,0.9,1,14,0.935
BATTERY_EV,BATTERY_EV_M17_01,M17,Long-chain dependency change,REQUIREMENT,Graph_Only,18,15,7,0.4667,0.3889,0.4242,0.0,11,8,0.195
BATTERY_EV,BATTERY_EV_M17_01,M17,Long-chain dependency change,REQUIREMENT,Hybrid_AURA_Routed,18,15,7,0.4667,0.3889,0.4242,0.0,11,8,0.26
BATTERY_EV,BATTERY_EV_M17_01,M17,Long-chain dependency change,REQUIREMENT,Hybrid_AURA_Fixed,19,15,7,0.4667,0.3684,0.4118,0.0,12,8,1.167
BATTERY_EV,BATTERY_EV_M18_01,M18,Cross-domain Req->ARXML->C->Test change,REQUIREMENT,Keyword,3,15,1,0.0667,0.3333,0.1111,0.8,2,14,0.604
BATTERY_EV,BATTERY_EV_M18_01,M18,Cross-domain Req->ARXML->C->Test change,REQUIREMENT,Embedding_Only,1,15,1,0.0667,1.0,0.125,1.0,0,14,0.344
BATTERY_EV,BATTERY_EV_M18_01,M18,Cross-domain Req->ARXML->C->Test change,REQUIREMENT,Embedding_Context,1,15,1,0.0667,1.0,0.125,1.0,0,14,1.187
BATTERY_EV,BATTERY_EV_M18_01,M18,Cross-domain Req->ARXML->C->Test change,REQUIREMENT,Graph_Only,18,15,7,0.4667,0.3889,0.4242,0.0,11,8,0.188
BATTERY_EV,BATTERY_EV_M18_01,M18,Cross-domain Req->ARXML->C->Test change,REQUIREMENT,Hybrid_AURA_Routed,18,15,7,0.4667,0.3889,0.4242,0.0,11,8,1.419
BATTERY_EV,BATTERY_EV_M18_01,M18,Cross-domain Req->ARXML->C->Test change,REQUIREMENT,Hybrid_AURA_Fixed,18,15,7,0.4667,0.3889,0.4242,0.0,11,8,1.361
BATTERY_EV,BATTERY_EV_M19_01,M19,Misleading semantic similarity,REQUIREMENT,Keyword,3,1,1,1.0,0.3333,0.5,0.8,2,0,0.555
BATTERY_EV,BATTERY_EV_M19_01,M19,Misleading semantic similarity,REQUIREMENT,Embedding_Only,1,1,1,1.0,1.0,1.0,1.0,0,0,0.193
BATTERY_EV,BATTERY_EV_M19_01,M19,Misleading semantic similarity,REQUIREMENT,Embedding_Context,3,1,1,1.0,0.3333,0.5,0.8,2,0,1.174
BATTERY_EV,BATTERY_EV_M19_01,M19,Misleading semantic similarity,REQUIREMENT,Graph_Only,18,1,1,1.0,0.0556,0.1053,0.0,17,0,0.186
BATTERY_EV,BATTERY_EV_M19_01,M19,Misleading semantic similarity,REQUIREMENT,Hybrid_AURA_Routed,20,1,1,1.0,0.05,0.0952,0.0,19,0,1.024
BATTERY_EV,BATTERY_EV_M19_01,M19,Misleading semantic similarity,REQUIREMENT,Hybrid_AURA_Fixed,20,1,1,1.0,0.05,0.0952,0.0,19,0,0.981
BATTERY_EV,BATTERY_EV_M20_01,M20,Multiple simultaneous changes,C_CODE,Keyword,3,11,1,0.0909,0.3333,0.1429,0.8,2,10,0.626
BATTERY_EV,BATTERY_EV_M20_01,M20,Multiple simultaneous changes,C_CODE,Embedding_Only,1,11,1,0.0909,1.0,0.1667,1.0,0,10,0.209
BATTERY_EV,BATTERY_EV_M20_01,M20,Multiple simultaneous changes,C_CODE,Embedding_Context,6,11,1,0.0909,0.1667,0.1176,0.5,5,10,2.367
BATTERY_EV,BATTERY_EV_M20_01,M20,Multiple simultaneous changes,C_CODE,Graph_Only,21,11,6,0.5455,0.2857,0.375,0.0,15,5,0.235
BATTERY_EV,BATTERY_EV_M20_01,M20,Multiple simultaneous changes,C_CODE,Hybrid_AURA_Routed,26,11,6,0.5455,0.2308,0.3243,0.0,20,5,2.663
BATTERY_EV,BATTERY_EV_M20_01,M20,Multiple simultaneous changes,C_CODE,Hybrid_AURA_Fixed,26,11,6,0.5455,0.2308,0.3243,0.0,20,5,2.636
BATTERY_EV,BATTERY_EV_M21_01,M21,Lexical renaming,C_CODE,Keyword,11,11,1,0.0909,0.0909,0.0909,0.0,10,10,0.646
BATTERY_EV,BATTERY_EV_M21_01,M21,Lexical renaming,C_CODE,Embedding_Only,1,11,1,0.0909,1.0,0.1667,1.0,0,10,0.181
BATTERY_EV,BATTERY_EV_M21_01,M21,Lexical renaming,C_CODE,Embedding_Context,1,11,1,0.0909,1.0,0.1667,1.0,0,10,1.072
BATTERY_EV,BATTERY_EV_M21_01,M21,Lexical renaming,C_CODE,Graph_Only,21,11,6,0.5455,0.2857,0.375,0.0,15,5,0.23
BATTERY_EV,BATTERY_EV_M21_01,M21,Lexical renaming,C_CODE,Hybrid_AURA_Routed,21,11,6,0.5455,0.2857,0.375,0.0,15,5,0.309
BATTERY_EV,BATTERY_EV_M21_01,M21,Lexical renaming,C_CODE,Hybrid_AURA_Fixed,21,11,6,0.5455,0.2857,0.375,0.0,15,5,1.357
BATTERY_EV,BATTERY_EV_M22_01,M22,Structural rename with same semantics,C_CODE,Keyword,3,11,1,0.0909,0.3333,0.1429,0.8,2,10,0.773
BATTERY_EV,BATTERY_EV_M22_01,M22,Structural rename with same semantics,C_CODE,Embedding_Only,2,11,1,0.0909,0.5,0.1538,0.9,1,10,0.194
BATTERY_EV,BATTERY_EV_M22_01,M22,Structural rename with same semantics,C_CODE,Embedding_Context,10,11,6,0.5455,0.6,0.5714,0.6,4,5,1.977
BATTERY_EV,BATTERY_EV_M22_01,M22,Structural rename with same semantics,C_CODE,Graph_Only,21,11,6,0.5455,0.2857,0.375,0.0,15,5,0.228
BATTERY_EV,BATTERY_EV_M22_01,M22,Structural rename with same semantics,C_CODE,Hybrid_AURA_Routed,21,11,6,0.5455,0.2857,0.375,0.0,15,5,0.313
BATTERY_EV,BATTERY_EV_M22_01,M22,Structural rename with same semantics,C_CODE,Hybrid_AURA_Fixed,26,11,6,0.5455,0.2308,0.3243,0.0,20,5,2.352
BATTERY_EV,BATTERY_EV_M23_01,M23,Semantic requirement change with little textual overlap,REQUIREMENT,Keyword,3,15,1,0.0667,0.3333,0.1111,0.8,2,14,0.624
BATTERY_EV,BATTERY_EV_M23_01,M23,Semantic requirement change with little textual overlap,REQUIREMENT,Embedding_Only,1,15,1,0.0667,1.0,0.125,1.0,0,14,0.195
BATTERY_EV,BATTERY_EV_M23_01,M23,Semantic requirement change with little textual overlap,REQUIREMENT,Embedding_Context,4,15,1,0.0667,0.25,0.1053,0.7,3,14,1.402
BATTERY_EV,BATTERY_EV_M23_01,M23,Semantic requirement change with little textual overlap,REQUIREMENT,Graph_Only,18,15,7,0.4667,0.3889,0.4242,0.0,11,8,0.188
BATTERY_EV,BATTERY_EV_M23_01,M23,Semantic requirement change with little textual overlap,REQUIREMENT,Hybrid_AURA_Routed,21,15,7,0.4667,0.3333,0.3889,0.0,14,8,1.591
BATTERY_EV,BATTERY_EV_M23_01,M23,Semantic requirement change with little textual overlap,REQUIREMENT,Hybrid_AURA_Fixed,21,15,7,0.4667,0.3333,0.3889,0.0,14,8,1.576
BATTERY_EV,BATTERY_EV_M24_01,M24,Dead-code modification,C_CODE,Keyword,3,0,0,1.0,0.0,0.0,0.0,3,0,0.583
BATTERY_EV,BATTERY_EV_M24_01,M24,Dead-code modification,C_CODE,Embedding_Only,1,0,0,1.0,0.0,0.0,0.0,1,0,0.164
BATTERY_EV,BATTERY_EV_M24_01,M24,Dead-code modification,C_CODE,Embedding_Context,1,0,0,1.0,0.0,0.0,0.0,1,0,0.678
BATTERY_EV,BATTERY_EV_M24_01,M24,Dead-code modification,C_CODE,Graph_Only,21,0,0,1.0,0.0,0.0,0.0,21,0,0.228
BATTERY_EV,BATTERY_EV_M24_01,M24,Dead-code modification,C_CODE,Hybrid_AURA_Routed,0,0,0,1.0,1.0,1.0,1.0,0,0,0.007
BATTERY_EV,BATTERY_EV_M24_01,M24,Dead-code modification,C_CODE,Hybrid_AURA_Fixed,21,0,0,1.0,0.0,0.0,0.0,21,0,0.988
BATTERY_EV,BATTERY_EV_M25_01,M25,Documentation-only change,DOC,Keyword,3,0,0,1.0,0.0,0.0,0.0,3,0,0.566
BATTERY_EV,BATTERY_EV_M25_01,M25,Documentation-only change,DOC,Embedding_Only,1,0,0,1.0,0.0,0.0,0.0,1,0,0.302
BATTERY_EV,BATTERY_EV_M25_01,M25,Documentation-only change,DOC,Embedding_Context,3,0,0,1.0,0.0,0.0,0.0,3,0,0.683
BATTERY_EV,BATTERY_EV_M25_01,M25,Documentation-only change,DOC,Graph_Only,18,0,0,1.0,0.0,0.0,0.0,18,0,0.182
BATTERY_EV,BATTERY_EV_M25_01,M25,Documentation-only change,DOC,Hybrid_AURA_Routed,0,0,0,1.0,1.0,1.0,1.0,0,0,0.008
BATTERY_EV,BATTERY_EV_M25_01,M25,Documentation-only change,DOC,Hybrid_AURA_Fixed,20,0,0,1.0,0.0,0.0,0.0,20,0,0.964
BATTERY_EV,BATTERY_EV_M01_02,M01,Numeric requirement change,REQUIREMENT,Keyword,50,15,1,0.0667,0.02,0.0308,0.0,49,14,0.714
BATTERY_EV,BATTERY_EV_M01_02,M01,Numeric requirement change,REQUIREMENT,Embedding_Only,10,15,1,0.0667,0.1,0.08,0.1,9,14,0.409
BATTERY_EV,BATTERY_EV_M01_02,M01,Numeric requirement change,REQUIREMENT,Embedding_Context,10,15,1,0.0667,0.1,0.08,0.1,9,14,1.069
BATTERY_EV,BATTERY_EV_M01_02,M01,Numeric requirement change,REQUIREMENT,Graph_Only,18,15,7,0.4667,0.3889,0.4242,0.0,11,8,0.183
BATTERY_EV,BATTERY_EV_M01_02,M01,Numeric requirement change,REQUIREMENT,Hybrid_AURA_Routed,28,15,7,0.4667,0.25,0.3256,0.0,21,8,1.578
BATTERY_EV,BATTERY_EV_M01_02,M01,Numeric requirement change,REQUIREMENT,Hybrid_AURA_Fixed,28,15,7,0.4667,0.25,0.3256,0.0,21,8,1.421
BATTERY_EV,BATTERY_EV_M02_02,M02,Threshold change,REQUIREMENT,Keyword,50,15,1,0.0667,0.02,0.0308,0.0,49,14,0.791
BATTERY_EV,BATTERY_EV_M02_02,M02,Threshold change,REQUIREMENT,Embedding_Only,10,15,1,0.0667,0.1,0.08,0.1,9,14,0.409
BATTERY_EV,BATTERY_EV_M02_02,M02,Threshold change,REQUIREMENT,Embedding_Context,10,15,1,0.0667,0.1,0.08,0.1,9,14,1.036
BATTERY_EV,BATTERY_EV_M02_02,M02,Threshold change,REQUIREMENT,Graph_Only,18,15,7,0.4667,0.3889,0.4242,0.0,11,8,0.187
BATTERY_EV,BATTERY_EV_M02_02,M02,Threshold change,REQUIREMENT,Hybrid_AURA_Routed,28,15,7,0.4667,0.25,0.3256,0.0,21,8,1.351
BATTERY_EV,BATTERY_EV_M02_02,M02,Threshold change,REQUIREMENT,Hybrid_AURA_Fixed,28,15,7,0.4667,0.25,0.3256,0.0,21,8,1.337
BATTERY_EV,BATTERY_EV_M03_02,M03,Semantic wording change,REQUIREMENT,Keyword,3,15,1,0.0667,0.3333,0.1111,0.8,2,14,0.584
BATTERY_EV,BATTERY_EV_M03_02,M03,Semantic wording change,REQUIREMENT,Embedding_Only,1,15,1,0.0667,1.0,0.125,1.0,0,14,0.281
BATTERY_EV,BATTERY_EV_M03_02,M03,Semantic wording change,REQUIREMENT,Embedding_Context,1,15,1,0.0667,1.0,0.125,1.0,0,14,0.939
BATTERY_EV,BATTERY_EV_M03_02,M03,Semantic wording change,REQUIREMENT,Graph_Only,18,15,7,0.4667,0.3889,0.4242,0.0,11,8,0.181
BATTERY_EV,BATTERY_EV_M03_02,M03,Semantic wording change,REQUIREMENT,Hybrid_AURA_Routed,18,15,7,0.4667,0.3889,0.4242,0.0,11,8,1.169
BATTERY_EV,BATTERY_EV_M03_02,M03,Semantic wording change,REQUIREMENT,Hybrid_AURA_Fixed,18,15,7,0.4667,0.3889,0.4242,0.0,11,8,1.264
BATTERY_EV,BATTERY_EV_M04_02,M04,Requirement synonym replacement,REQUIREMENT,Keyword,3,15,1,0.0667,0.3333,0.1111,0.8,2,14,0.666
BATTERY_EV,BATTERY_EV_M04_02,M04,Requirement synonym replacement,REQUIREMENT,Embedding_Only,1,15,1,0.0667,1.0,0.125,1.0,0,14,0.225
BATTERY_EV,BATTERY_EV_M04_02,M04,Requirement synonym replacement,REQUIREMENT,Embedding_Context,1,15,1,0.0667,1.0,0.125,1.0,0,14,0.954
BATTERY_EV,BATTERY_EV_M04_02,M04,Requirement synonym replacement,REQUIREMENT,Graph_Only,18,15,7,0.4667,0.3889,0.4242,0.0,11,8,0.19
BATTERY_EV,BATTERY_EV_M04_02,M04,Requirement synonym replacement,REQUIREMENT,Hybrid_AURA_Routed,18,15,7,0.4667,0.3889,0.4242,0.0,11,8,1.23
BATTERY_EV,BATTERY_EV_M04_02,M04,Requirement synonym replacement,REQUIREMENT,Hybrid_AURA_Fixed,18,15,7,0.4667,0.3889,0.4242,0.0,11,8,1.24
BATTERY_EV,BATTERY_EV_M05_02,M05,Requirement constraint addition,REQUIREMENT,Keyword,50,15,1,0.0667,0.02,0.0308,0.0,49,14,0.763
BATTERY_EV,BATTERY_EV_M05_02,M05,Requirement constraint addition,REQUIREMENT,Embedding_Only,10,15,1,0.0667,0.1,0.08,0.1,9,14,0.504
BATTERY_EV,BATTERY_EV_M05_02,M05,Requirement constraint addition,REQUIREMENT,Embedding_Context,10,15,1,0.0667,0.1,0.08,0.1,9,14,1.138
BATTERY_EV,BATTERY_EV_M05_02,M05,Requirement constraint addition,REQUIREMENT,Graph_Only,18,15,7,0.4667,0.3889,0.4242,0.0,11,8,0.178
BATTERY_EV,BATTERY_EV_M05_02,M05,Requirement constraint addition,REQUIREMENT,Hybrid_AURA_Routed,28,15,7,0.4667,0.25,0.3256,0.0,21,8,1.432
BATTERY_EV,BATTERY_EV_M05_02,M05,Requirement constraint addition,REQUIREMENT,Hybrid_AURA_Fixed,28,15,7,0.4667,0.25,0.3256,0.0,21,8,1.45
BATTERY_EV,BATTERY_EV_M06_02,M06,ARXML datatype change,ARXML,Keyword,3,1,1,1.0,0.3333,0.5,0.8,2,0,0.574
BATTERY_EV,BATTERY_EV_M06_02,M06,ARXML datatype change,ARXML,Embedding_Only,1,1,1,1.0,1.0,1.0,1.0,0,0,0.215
BATTERY_EV,BATTERY_EV_M06_02,M06,ARXML datatype change,ARXML,Embedding_Context,2,1,1,1.0,0.5,0.6667,0.9,1,0,0.478
BATTERY_EV,BATTERY_EV_M06_02,M06,ARXML datatype change,ARXML,Graph_Only,1,1,1,1.0,1.0,1.0,1.0,0,0,0.005
BATTERY_EV,BATTERY_EV_M06_02,M06,ARXML datatype change,ARXML,Hybrid_AURA_Routed,1,1,1,1.0,1.0,1.0,1.0,0,0,0.019
BATTERY_EV,BATTERY_EV_M06_02,M06,ARXML datatype change,ARXML,Hybrid_AURA_Fixed,2,1,1,1.0,0.5,0.6667,0.9,1,0,0.536
BATTERY_EV,BATTERY_EV_M07_02,M07,ARXML scaling change,ARXML,Keyword,3,1,1,1.0,0.3333,0.5,0.8,2,0,0.502
BATTERY_EV,BATTERY_EV_M07_02,M07,ARXML scaling change,ARXML,Embedding_Only,1,1,1,1.0,1.0,1.0,1.0,0,0,0.161
BATTERY_EV,BATTERY_EV_M07_02,M07,ARXML scaling change,ARXML,Embedding_Context,2,1,1,1.0,0.5,0.6667,0.9,1,0,0.427
BATTERY_EV,BATTERY_EV_M07_02,M07,ARXML scaling change,ARXML,Graph_Only,1,1,1,1.0,1.0,1.0,1.0,0,0,0.005
BATTERY_EV,BATTERY_EV_M07_02,M07,ARXML scaling change,ARXML,Hybrid_AURA_Routed,1,1,1,1.0,1.0,1.0,1.0,0,0,0.018
BATTERY_EV,BATTERY_EV_M07_02,M07,ARXML scaling change,ARXML,Hybrid_AURA_Fixed,2,1,1,1.0,0.5,0.6667,0.9,1,0,0.451
BATTERY_EV,BATTERY_EV_M08_02,M08,Interface field change,ARXML,Keyword,3,1,1,1.0,0.3333,0.5,0.8,2,0,0.522
BATTERY_EV,BATTERY_EV_M08_02,M08,Interface field change,ARXML,Embedding_Only,1,1,1,1.0,1.0,1.0,1.0,0,0,0.228
BATTERY_EV,BATTERY_EV_M08_02,M08,Interface field change,ARXML,Embedding_Context,1,1,1,1.0,1.0,1.0,1.0,0,0,0.478
BATTERY_EV,BATTERY_EV_M08_02,M08,Interface field change,ARXML,Graph_Only,1,1,1,1.0,1.0,1.0,1.0,0,0,0.005
BATTERY_EV,BATTERY_EV_M08_02,M08,Interface field change,ARXML,Hybrid_AURA_Routed,1,1,1,1.0,1.0,1.0,1.0,0,0,0.018
BATTERY_EV,BATTERY_EV_M08_02,M08,Interface field change,ARXML,Hybrid_AURA_Fixed,1,1,1,1.0,1.0,1.0,1.0,0,0,0.517
BATTERY_EV,BATTERY_EV_M09_02,M09,Interface version change,ARXML,Keyword,2,1,1,1.0,0.5,0.6667,0.9,1,0,0.66
BATTERY_EV,BATTERY_EV_M09_02,M09,Interface version change,ARXML,Embedding_Only,1,1,1,1.0,1.0,1.0,1.0,0,0,0.211
BATTERY_EV,BATTERY_EV_M09_02,M09,Interface version change,ARXML,Embedding_Context,1,1,1,1.0,1.0,1.0,1.0,0,0,0.489
BATTERY_EV,BATTERY_EV_M09_02,M09,Interface version change,ARXML,Graph_Only,1,1,1,1.0,1.0,1.0,1.0,0,0,0.006
BATTERY_EV,BATTERY_EV_M09_02,M09,Interface version change,ARXML,Hybrid_AURA_Routed,1,1,1,1.0,1.0,1.0,1.0,0,0,0.02
BATTERY_EV,BATTERY_EV_M09_02,M09,Interface version change,ARXML,Hybrid_AURA_Fixed,1,1,1,1.0,1.0,1.0,1.0,0,0,0.458
BATTERY_EV,BATTERY_EV_M10_02,M10,C function signature change,C_CODE,Keyword,3,11,1,0.0909,0.3333,0.1429,0.8,2,10,0.519
BATTERY_EV,BATTERY_EV_M10_02,M10,C function signature change,C_CODE,Embedding_Only,1,11,1,0.0909,1.0,0.1667,1.0,0,10,0.217
BATTERY_EV,BATTERY_EV_M10_02,M10,C function signature change,C_CODE,Embedding_Context,10,11,1,0.0909,0.1,0.0952,0.1,9,10,1.921
BATTERY_EV,BATTERY_EV_M10_02,M10,C function signature change,C_CODE,Graph_Only,21,11,6,0.5455,0.2857,0.375,0.0,15,5,0.24
BATTERY_EV,BATTERY_EV_M10_02,M10,C function signature change,C_CODE,Hybrid_AURA_Routed,21,11,6,0.5455,0.2857,0.375,0.0,15,5,0.316
BATTERY_EV,BATTERY_EV_M10_02,M10,C function signature change,C_CODE,Hybrid_AURA_Fixed,29,11,6,0.5455,0.2069,0.3,0.0,23,5,2.251
BATTERY_EV,BATTERY_EV_M11_02,M11,C constant change,C_CODE,Keyword,3,11,1,0.0909,0.3333,0.1429,0.8,2,10,0.6
BATTERY_EV,BATTERY_EV_M11_02,M11,C constant change,C_CODE,Embedding_Only,2,11,1,0.0909,0.5,0.1538,0.9,1,10,0.184
BATTERY_EV,BATTERY_EV_M11_02,M11,C constant change,C_CODE,Embedding_Context,10,11,3,0.2727,0.3,0.2857,0.3,7,8,2.862
BATTERY_EV,BATTERY_EV_M11_02,M11,C constant change,C_CODE,Graph_Only,19,11,6,0.5455,0.3158,0.4,0.0,13,5,0.215
BATTERY_EV,BATTERY_EV_M11_02,M11,C constant change,C_CODE,Hybrid_AURA_Routed,19,11,6,0.5455,0.3158,0.4,0.0,13,5,0.288
BATTERY_EV,BATTERY_EV_M11_02,M11,C constant change,C_CODE,Hybrid_AURA_Fixed,26,11,6,0.5455,0.2308,0.3243,0.0,20,5,2.796
BATTERY_EV,BATTERY_EV_M12_02,M12,Function dependency change,C_CODE,Keyword,2,11,1,0.0909,0.5,0.1538,0.9,1,10,0.66
BATTERY_EV,BATTERY_EV_M12_02,M12,Function dependency change,C_CODE,Embedding_Only,1,11,1,0.0909,1.0,0.1667,1.0,0,10,0.222
BATTERY_EV,BATTERY_EV_M12_02,M12,Function dependency change,C_CODE,Embedding_Context,1,11,1,0.0909,1.0,0.1667,1.0,0,10,2.54
BATTERY_EV,BATTERY_EV_M12_02,M12,Function dependency change,C_CODE,Graph_Only,21,11,6,0.5455,0.2857,0.375,0.0,15,5,0.242
BATTERY_EV,BATTERY_EV_M12_02,M12,Function dependency change,C_CODE,Hybrid_AURA_Routed,21,11,6,0.5455,0.2857,0.375,0.0,15,5,0.321
BATTERY_EV,BATTERY_EV_M12_02,M12,Function dependency change,C_CODE,Hybrid_AURA_Fixed,21,11,6,0.5455,0.2857,0.375,0.0,15,5,2.9
BATTERY_EV,BATTERY_EV_M13_02,M13,Variable dependency change,C_CODE,Keyword,3,1,1,1.0,0.3333,0.5,0.8,2,0,0.724
BATTERY_EV,BATTERY_EV_M13_02,M13,Variable dependency change,C_CODE,Embedding_Only,1,1,1,1.0,1.0,1.0,1.0,0,0,0.172
BATTERY_EV,BATTERY_EV_M13_02,M13,Variable dependency change,C_CODE,Embedding_Context,3,1,1,1.0,0.3333,0.5,0.8,2,0,0.436
BATTERY_EV,BATTERY_EV_M13_02,M13,Variable dependency change,C_CODE,Graph_Only,1,1,1,1.0,1.0,1.0,1.0,0,0,0.007
BATTERY_EV,BATTERY_EV_M13_02,M13,Variable dependency change,C_CODE,Hybrid_AURA_Routed,1,1,1,1.0,1.0,1.0,1.0,0,0,0.022
BATTERY_EV,BATTERY_EV_M13_02,M13,Variable dependency change,C_CODE,Hybrid_AURA_Fixed,3,1,1,1.0,0.3333,0.5,0.8,2,0,0.458
BATTERY_EV,BATTERY_EV_M14_02,M14,Test requirement modification,TEST,Keyword,81,17,2,0.1176,0.0247,0.0408,0.0,79,15,0.848
BATTERY_EV,BATTERY_EV_M14_02,M14,Test requirement modification,TEST,Embedding_Only,10,17,1,0.0588,0.1,0.0741,0.1,9,16,0.349
BATTERY_EV,BATTERY_EV_M14_02,M14,Test requirement modification,TEST,Embedding_Context,10,17,1,0.0588,0.1,0.0741,0.1,9,16,0.849
BATTERY_EV,BATTERY_EV_M14_02,M14,Test requirement modification,TEST,Graph_Only,22,17,8,0.4706,0.3636,0.4103,0.0,14,9,0.232
BATTERY_EV,BATTERY_EV_M14_02,M14,Test requirement modification,TEST,Hybrid_AURA_Routed,22,17,8,0.4706,0.3636,0.4103,0.0,14,9,0.369
BATTERY_EV,BATTERY_EV_M14_02,M14,Test requirement modification,TEST,Hybrid_AURA_Fixed,32,17,8,0.4706,0.25,0.3265,0.0,24,9,1.224
BATTERY_EV,BATTERY_EV_M15_02,M15,Unrelated/no-impact change,C_CODE,Keyword,2,0,0,1.0,0.0,0.0,0.0,2,0,0.558
BATTERY_EV,BATTERY_EV_M15_02,M15,Unrelated/no-impact change,C_CODE,Embedding_Only,1,0,0,1.0,0.0,0.0,0.0,1,0,0.218
BATTERY_EV,BATTERY_EV_M15_02,M15,Unrelated/no-impact change,C_CODE,Embedding_Context,1,0,0,1.0,0.0,0.0,0.0,1,0,1.352
BATTERY_EV,BATTERY_EV_M15_02,M15,Unrelated/no-impact change,C_CODE,Graph_Only,21,0,0,1.0,0.0,0.0,0.0,21,0,0.237
BATTERY_EV,BATTERY_EV_M15_02,M15,Unrelated/no-impact change,C_CODE,Hybrid_AURA_Routed,0,0,0,1.0,1.0,1.0,1.0,0,0,0.008
BATTERY_EV,BATTERY_EV_M15_02,M15,Unrelated/no-impact change,C_CODE,Hybrid_AURA_Fixed,21,0,0,1.0,0.0,0.0,0.0,21,0,1.668
BATTERY_EV,BATTERY_EV_M16_02,M16,Indirect dependency change,C_CODE,Keyword,3,11,1,0.0909,0.3333,0.1429,0.8,2,10,0.641
BATTERY_EV,BATTERY_EV_M16_02,M16,Indirect dependency change,C_CODE,Embedding_Only,1,11,1,0.0909,1.0,0.1667,1.0,0,10,0.189
BATTERY_EV,BATTERY_EV_M16_02,M16,Indirect dependency change,C_CODE,Embedding_Context,1,11,1,0.0909,1.0,0.1667,1.0,0,10,1.299
BATTERY_EV,BATTERY_EV_M16_02,M16,Indirect dependency change,C_CODE,Graph_Only,21,11,6,0.5455,0.2857,0.375,0.0,15,5,0.238
BATTERY_EV,BATTERY_EV_M16_02,M16,Indirect dependency change,C_CODE,Hybrid_AURA_Routed,21,11,6,0.5455,0.2857,0.375,0.0,15,5,0.319
BATTERY_EV,BATTERY_EV_M16_02,M16,Indirect dependency change,C_CODE,Hybrid_AURA_Fixed,21,11,6,0.5455,0.2857,0.375,0.0,15,5,1.6
BATTERY_EV,BATTERY_EV_M17_02,M17,Long-chain dependency change,REQUIREMENT,Keyword,3,15,1,0.0667,0.3333,0.1111,0.8,2,14,0.799
BATTERY_EV,BATTERY_EV_M17_02,M17,Long-chain dependency change,REQUIREMENT,Embedding_Only,1,15,1,0.0667,1.0,0.125,1.0,0,14,0.306
BATTERY_EV,BATTERY_EV_M17_02,M17,Long-chain dependency change,REQUIREMENT,Embedding_Context,2,15,1,0.0667,0.5,0.1176,0.9,1,14,0.99
BATTERY_EV,BATTERY_EV_M17_02,M17,Long-chain dependency change,REQUIREMENT,Graph_Only,18,15,7,0.4667,0.3889,0.4242,0.0,11,8,0.203
BATTERY_EV,BATTERY_EV_M17_02,M17,Long-chain dependency change,REQUIREMENT,Hybrid_AURA_Routed,18,15,7,0.4667,0.3889,0.4242,0.0,11,8,0.269
BATTERY_EV,BATTERY_EV_M17_02,M17,Long-chain dependency change,REQUIREMENT,Hybrid_AURA_Fixed,19,15,7,0.4667,0.3684,0.4118,0.0,12,8,1.21
BATTERY_EV,BATTERY_EV_M18_02,M18,Cross-domain Req->ARXML->C->Test change,REQUIREMENT,Keyword,3,15,1,0.0667,0.3333,0.1111,0.8,2,14,0.579
BATTERY_EV,BATTERY_EV_M18_02,M18,Cross-domain Req->ARXML->C->Test change,REQUIREMENT,Embedding_Only,1,15,1,0.0667,1.0,0.125,1.0,0,14,0.259
BATTERY_EV,BATTERY_EV_M18_02,M18,Cross-domain Req->ARXML->C->Test change,REQUIREMENT,Embedding_Context,1,15,1,0.0667,1.0,0.125,1.0,0,14,0.947
BATTERY_EV,BATTERY_EV_M18_02,M18,Cross-domain Req->ARXML->C->Test change,REQUIREMENT,Graph_Only,18,15,7,0.4667,0.3889,0.4242,0.0,11,8,0.189
BATTERY_EV,BATTERY_EV_M18_02,M18,Cross-domain Req->ARXML->C->Test change,REQUIREMENT,Hybrid_AURA_Routed,18,15,7,0.4667,0.3889,0.4242,0.0,11,8,1.249
BATTERY_EV,BATTERY_EV_M18_02,M18,Cross-domain Req->ARXML->C->Test change,REQUIREMENT,Hybrid_AURA_Fixed,18,15,7,0.4667,0.3889,0.4242,0.0,11,8,1.181
BATTERY_EV,BATTERY_EV_M19_02,M19,Misleading semantic similarity,REQUIREMENT,Keyword,3,1,1,1.0,0.3333,0.5,0.8,2,0,0.519
BATTERY_EV,BATTERY_EV_M19_02,M19,Misleading semantic similarity,REQUIREMENT,Embedding_Only,1,1,1,1.0,1.0,1.0,1.0,0,0,0.192
BATTERY_EV,BATTERY_EV_M19_02,M19,Misleading semantic similarity,REQUIREMENT,Embedding_Context,3,1,1,1.0,0.3333,0.5,0.8,2,0,0.785
BATTERY_EV,BATTERY_EV_M19_02,M19,Misleading semantic similarity,REQUIREMENT,Graph_Only,18,1,1,1.0,0.0556,0.1053,0.0,17,0,0.185
BATTERY_EV,BATTERY_EV_M19_02,M19,Misleading semantic similarity,REQUIREMENT,Hybrid_AURA_Routed,20,1,1,1.0,0.05,0.0952,0.0,19,0,1.007
BATTERY_EV,BATTERY_EV_M19_02,M19,Misleading semantic similarity,REQUIREMENT,Hybrid_AURA_Fixed,20,1,1,1.0,0.05,0.0952,0.0,19,0,1.056
BATTERY_EV,BATTERY_EV_M20_02,M20,Multiple simultaneous changes,C_CODE,Keyword,3,11,1,0.0909,0.3333,0.1429,0.8,2,10,0.675
BATTERY_EV,BATTERY_EV_M20_02,M20,Multiple simultaneous changes,C_CODE,Embedding_Only,1,11,1,0.0909,1.0,0.1667,1.0,0,10,0.201
BATTERY_EV,BATTERY_EV_M20_02,M20,Multiple simultaneous changes,C_CODE,Embedding_Context,10,11,3,0.2727,0.3,0.2857,0.3,7,8,2.049
BATTERY_EV,BATTERY_EV_M20_02,M20,Multiple simultaneous changes,C_CODE,Graph_Only,21,11,6,0.5455,0.2857,0.375,0.0,15,5,0.229
BATTERY_EV,BATTERY_EV_M20_02,M20,Multiple simultaneous changes,C_CODE,Hybrid_AURA_Routed,29,11,6,0.5455,0.2069,0.3,0.0,23,5,2.491
BATTERY_EV,BATTERY_EV_M20_02,M20,Multiple simultaneous changes,C_CODE,Hybrid_AURA_Fixed,29,11,6,0.5455,0.2069,0.3,0.0,23,5,2.49
BATTERY_EV,BATTERY_EV_M21_02,M21,Lexical renaming,C_CODE,Keyword,11,11,1,0.0909,0.0909,0.0909,0.0,10,10,0.672
BATTERY_EV,BATTERY_EV_M21_02,M21,Lexical renaming,C_CODE,Embedding_Only,1,11,1,0.0909,1.0,0.1667,1.0,0,10,0.231
BATTERY_EV,BATTERY_EV_M21_02,M21,Lexical renaming,C_CODE,Embedding_Context,1,11,1,0.0909,1.0,0.1667,1.0,0,10,1.149
BATTERY_EV,BATTERY_EV_M21_02,M21,Lexical renaming,C_CODE,Graph_Only,21,11,6,0.5455,0.2857,0.375,0.0,15,5,0.227
BATTERY_EV,BATTERY_EV_M21_02,M21,Lexical renaming,C_CODE,Hybrid_AURA_Routed,21,11,6,0.5455,0.2857,0.375,0.0,15,5,0.301
BATTERY_EV,BATTERY_EV_M21_02,M21,Lexical renaming,C_CODE,Hybrid_AURA_Fixed,21,11,6,0.5455,0.2857,0.375,0.0,15,5,1.428
BATTERY_EV,BATTERY_EV_M22_02,M22,Structural rename with same semantics,C_CODE,Keyword,3,11,1,0.0909,0.3333,0.1429,0.8,2,10,0.553
BATTERY_EV,BATTERY_EV_M22_02,M22,Structural rename with same semantics,C_CODE,Embedding_Only,1,11,1,0.0909,1.0,0.1667,1.0,0,10,0.162
BATTERY_EV,BATTERY_EV_M22_02,M22,Structural rename with same semantics,C_CODE,Embedding_Context,10,11,1,0.0909,0.1,0.0952,0.1,9,10,2.39
BATTERY_EV,BATTERY_EV_M22_02,M22,Structural rename with same semantics,C_CODE,Graph_Only,21,11,6,0.5455,0.2857,0.375,0.0,15,5,0.227
BATTERY_EV,BATTERY_EV_M22_02,M22,Structural rename with same semantics,C_CODE,Hybrid_AURA_Routed,21,11,6,0.5455,0.2857,0.375,0.0,15,5,0.426
BATTERY_EV,BATTERY_EV_M22_02,M22,Structural rename with same semantics,C_CODE,Hybrid_AURA_Fixed,29,11,6,0.5455,0.2069,0.3,0.0,23,5,2.741
BATTERY_EV,BATTERY_EV_M23_02,M23,Semantic requirement change with little textual overlap,REQUIREMENT,Keyword,3,15,1,0.0667,0.3333,0.1111,0.8,2,14,0.819
BATTERY_EV,BATTERY_EV_M23_02,M23,Semantic requirement change with little textual overlap,REQUIREMENT,Embedding_Only,1,15,1,0.0667,1.0,0.125,1.0,0,14,0.238
BATTERY_EV,BATTERY_EV_M23_02,M23,Semantic requirement change with little textual overlap,REQUIREMENT,Embedding_Context,4,15,1,0.0667,0.25,0.1053,0.7,3,14,1.522
BATTERY_EV,BATTERY_EV_M23_02,M23,Semantic requirement change with little textual overlap,REQUIREMENT,Graph_Only,18,15,7,0.4667,0.3889,0.4242,0.0,11,8,0.193
BATTERY_EV,BATTERY_EV_M23_02,M23,Semantic requirement change with little textual overlap,REQUIREMENT,Hybrid_AURA_Routed,21,15,7,0.4667,0.3333,0.3889,0.0,14,8,1.831
BATTERY_EV,BATTERY_EV_M23_02,M23,Semantic requirement change with little textual overlap,REQUIREMENT,Hybrid_AURA_Fixed,21,15,7,0.4667,0.3333,0.3889,0.0,14,8,1.775
BATTERY_EV,BATTERY_EV_M24_02,M24,Dead-code modification,C_CODE,Keyword,3,0,0,1.0,0.0,0.0,0.0,3,0,0.597
BATTERY_EV,BATTERY_EV_M24_02,M24,Dead-code modification,C_CODE,Embedding_Only,1,0,0,1.0,0.0,0.0,0.0,1,0,0.257
BATTERY_EV,BATTERY_EV_M24_02,M24,Dead-code modification,C_CODE,Embedding_Context,1,0,0,1.0,0.0,0.0,0.0,1,0,0.757
BATTERY_EV,BATTERY_EV_M24_02,M24,Dead-code modification,C_CODE,Graph_Only,21,0,0,1.0,0.0,0.0,0.0,21,0,0.234
BATTERY_EV,BATTERY_EV_M24_02,M24,Dead-code modification,C_CODE,Hybrid_AURA_Routed,0,0,0,1.0,1.0,1.0,1.0,0,0,0.007
BATTERY_EV,BATTERY_EV_M24_02,M24,Dead-code modification,C_CODE,Hybrid_AURA_Fixed,21,0,0,1.0,0.0,0.0,0.0,21,0,1.049
BATTERY_EV,BATTERY_EV_M25_02,M25,Documentation-only change,DOC,Keyword,3,0,0,1.0,0.0,0.0,0.0,3,0,0.534
BATTERY_EV,BATTERY_EV_M25_02,M25,Documentation-only change,DOC,Embedding_Only,1,0,0,1.0,0.0,0.0,0.0,1,0,0.241
BATTERY_EV,BATTERY_EV_M25_02,M25,Documentation-only change,DOC,Embedding_Context,3,0,0,1.0,0.0,0.0,0.0,3,0,0.639
BATTERY_EV,BATTERY_EV_M25_02,M25,Documentation-only change,DOC,Graph_Only,18,0,0,1.0,0.0,0.0,0.0,18,0,0.182
BATTERY_EV,BATTERY_EV_M25_02,M25,Documentation-only change,DOC,Hybrid_AURA_Routed,0,0,0,1.0,1.0,1.0,1.0,0,0,0.008
BATTERY_EV,BATTERY_EV_M25_02,M25,Documentation-only change,DOC,Hybrid_AURA_Fixed,20,0,0,1.0,0.0,0.0,0.0,20,0,0.943
