case_id,benchmark_class,sub_category,project_id,method,lexical_overlap_category,token_overlap_score,recall,precision,f1,false_positive_rate,test_reduction,safety_recall,latency_ms
V3_EXP_0001,EXPLICIT_STRUCTURAL,S_DIRECT_PATH,ADAS,B0_Full_Suite,MEDIUM,0.25,1.0,0.0023,0.0045,1.0,0.0,1.0,0.1
V3_EXP_0001,EXPLICIT_STRUCTURAL,S_DIRECT_PATH,ADAS,B1_Keyword,MEDIUM,0.25,1.0,0.0435,0.0833,1.0,0.7529,1.0,0.678
V3_EXP_0001,EXPLICIT_STRUCTURAL,S_DIRECT_PATH,ADAS,B2_Raw_Embedding,MEDIUM,0.25,0.0,0.0,0.0,1.0,0.8824,1.0,0.96
V3_EXP_0001,EXPLICIT_STRUCTURAL,S_DIRECT_PATH,ADAS,B3_Graph_Only,MEDIUM,0.25,1.0,0.0556,0.1053,1.0,0.8588,1.0,0.09
V3_EXP_0001,EXPLICIT_STRUCTURAL,S_DIRECT_PATH,ADAS,B4_Contextual_Embedding,MEDIUM,0.25,0.0,0.0,0.0,1.0,0.8824,1.0,314.418
V3_EXP_0001,EXPLICIT_STRUCTURAL,S_DIRECT_PATH,ADAS,B5_AURA_Hybrid,MEDIUM,0.25,1.0,0.0556,0.1053,1.0,0.8588,1.0,0.157
V3_EXP_0002,EXPLICIT_STRUCTURAL,S_DIRECT_PATH,ADAS,B0_Full_Suite,LOW,0.0435,1.0,0.0023,0.0045,1.0,0.0,1.0,0.1
V3_EXP_0002,EXPLICIT_STRUCTURAL,S_DIRECT_PATH,ADAS,B1_Keyword,LOW,0.0435,0.0,0.0,0.0,1.0,0.7412,1.0,0.753
V3_EXP_0002,EXPLICIT_STRUCTURAL,S_DIRECT_PATH,ADAS,B2_Raw_Embedding,LOW,0.0435,0.0,0.0,0.0,1.0,0.8824,1.0,0.778
V3_EXP_0002,EXPLICIT_STRUCTURAL,S_DIRECT_PATH,ADAS,B3_Graph_Only,LOW,0.0435,1.0,0.0556,0.1053,1.0,0.8588,1.0,0.056
V3_EXP_0002,EXPLICIT_STRUCTURAL,S_DIRECT_PATH,ADAS,B4_Contextual_Embedding,LOW,0.0435,0.0,0.0,0.0,1.0,0.8824,1.0,238.383
V3_EXP_0002,EXPLICIT_STRUCTURAL,S_DIRECT_PATH,ADAS,B5_AURA_Hybrid,LOW,0.0435,1.0,0.0556,0.1053,1.0,0.8588,1.0,0.118
V3_EXP_0003,EXPLICIT_STRUCTURAL,S_DIRECT_PATH,ADAS,B0_Full_Suite,LOW,0.0435,1.0,0.0023,0.0045,1.0,0.0,1.0,0.1
V3_EXP_0003,EXPLICIT_STRUCTURAL,S_DIRECT_PATH,ADAS,B1_Keyword,LOW,0.0435,0.0,0.0,0.0,1.0,0.7647,1.0,0.804
V3_EXP_0003,EXPLICIT_STRUCTURAL,S_DIRECT_PATH,ADAS,B2_Raw_Embedding,LOW,0.0435,0.0,0.0,0.0,1.0,0.8824,1.0,0.852
V3_EXP_0003,EXPLICIT_STRUCTURAL,S_DIRECT_PATH,ADAS,B3_Graph_Only,LOW,0.0435,1.0,0.0556,0.1053,1.0,0.8588,1.0,0.043
V3_EXP_0003,EXPLICIT_STRUCTURAL,S_DIRECT_PATH,ADAS,B4_Contextual_Embedding,LOW,0.0435,0.0,0.0,0.0,1.0,0.8824,1.0,1745.509
V3_EXP_0003,EXPLICIT_STRUCTURAL,S_DIRECT_PATH,ADAS,B5_AURA_Hybrid,LOW,0.0435,1.0,0.0556,0.1053,1.0,0.8588,1.0,14.682
V3_EXP_0004,EXPLICIT_STRUCTURAL,S_DIRECT_PATH,ADAS,B0_Full_Suite,LOW,0.0909,1.0,0.0023,0.0045,1.0,0.0,1.0,0.1
V3_EXP_0004,EXPLICIT_STRUCTURAL,S_DIRECT_PATH,ADAS,B1_Keyword,LOW,0.0909,0.0,0.0,0.0,1.0,0.7412,1.0,14.746
V3_EXP_0004,EXPLICIT_STRUCTURAL,S_DIRECT_PATH,ADAS,B2_Raw_Embedding,LOW,0.0909,0.0,0.0,0.0,1.0,0.8824,1.0,29.653
V3_EXP_0004,EXPLICIT_STRUCTURAL,S_DIRECT_PATH,ADAS,B3_Graph_Only,LOW,0.0909,1.0,0.0455,0.087,1.0,0.8588,1.0,0.279
V3_EXP_0004,EXPLICIT_STRUCTURAL,S_DIRECT_PATH,ADAS,B4_Contextual_Embedding,LOW,0.0909,0.0,0.0,0.0,1.0,0.8824,1.0,1554.6
V3_EXP_0004,EXPLICIT_STRUCTURAL,S_DIRECT_PATH,ADAS,B5_AURA_Hybrid,LOW,0.0909,1.0,0.0455,0.087,1.0,0.8588,1.0,5.941
V3_EXP_0005,EXPLICIT_STRUCTURAL,S_DIRECT_PATH,ADAS,B0_Full_Suite,LOW,0.0435,1.0,0.0023,0.0045,1.0,0.0,1.0,0.1
V3_EXP_0005,EXPLICIT_STRUCTURAL,S_DIRECT_PATH,ADAS,B1_Keyword,LOW,0.0435,0.0,0.0,0.0,1.0,0.7529,1.0,15.536
V3_EXP_0005,EXPLICIT_STRUCTURAL,S_DIRECT_PATH,ADAS,B2_Raw_Embedding,LOW,0.0435,0.0,0.0,0.0,1.0,0.8824,1.0,10.156
V3_EXP_0005,EXPLICIT_STRUCTURAL,S_DIRECT_PATH,ADAS,B3_Graph_Only,LOW,0.0435,1.0,0.0455,0.087,1.0,0.8588,1.0,0.257
V3_EXP_0005,EXPLICIT_STRUCTURAL,S_DIRECT_PATH,ADAS,B4_Contextual_Embedding,LOW,0.0435,0.0,0.0,0.0,1.0,0.8824,1.0,341.108
V3_EXP_0005,EXPLICIT_STRUCTURAL,S_DIRECT_PATH,ADAS,B5_AURA_Hybrid,LOW,0.0435,1.0,0.0455,0.087,1.0,0.8588,1.0,0.274
V3_EXP_0006,EXPLICIT_STRUCTURAL,S_DIRECT_PATH,ADAS,B0_Full_Suite,LOW,0.0909,1.0,0.0023,0.0045,1.0,0.0,1.0,0.1
V3_EXP_0006,EXPLICIT_STRUCTURAL,S_DIRECT_PATH,ADAS,B1_Keyword,LOW,0.0909,0.0,0.0,0.0,1.0,0.7412,1.0,1.67
V3_EXP_0006,EXPLICIT_STRUCTURAL,S_DIRECT_PATH,ADAS,B2_Raw_Embedding,LOW,0.0909,0.0,0.0,0.0,1.0,0.8824,1.0,1.035
V3_EXP_0006,EXPLICIT_STRUCTURAL,S_DIRECT_PATH,ADAS,B3_Graph_Only,LOW,0.0909,1.0,0.0455,0.087,1.0,0.8706,1.0,0.078
V3_EXP_0006,EXPLICIT_STRUCTURAL,S_DIRECT_PATH,ADAS,B4_Contextual_Embedding,LOW,0.0909,0.0,0.0,0.0,1.0,0.8824,1.0,234.68
V3_EXP_0006,EXPLICIT_STRUCTURAL,S_DIRECT_PATH,ADAS,B5_AURA_Hybrid,LOW,0.0909,1.0,0.0455,0.087,1.0,0.8706,1.0,0.213
V3_EXP_0007,EXPLICIT_STRUCTURAL,S_DIRECT_PATH,ADAS,B0_Full_Suite,LOW,0.0909,1.0,0.0023,0.0045,1.0,0.0,1.0,0.1
V3_EXP_0007,EXPLICIT_STRUCTURAL,S_DIRECT_PATH,ADAS,B1_Keyword,LOW,0.0909,0.0,0.0,0.0,1.0,0.7529,1.0,0.749
V3_EXP_0007,EXPLICIT_STRUCTURAL,S_DIRECT_PATH,ADAS,B2_Raw_Embedding,LOW,0.0909,0.0,0.0,0.0,1.0,0.8824,1.0,0.773
V3_EXP_0007,EXPLICIT_STRUCTURAL,S_DIRECT_PATH,ADAS,B3_Graph_Only,LOW,0.0909,1.0,0.0455,0.087,1.0,0.8706,1.0,0.051
V3_EXP_0007,EXPLICIT_STRUCTURAL,S_DIRECT_PATH,ADAS,B4_Contextual_Embedding,LOW,0.0909,0.0,0.0,0.0,1.0,0.8824,1.0,229.026
V3_EXP_0007,EXPLICIT_STRUCTURAL,S_DIRECT_PATH,ADAS,B5_AURA_Hybrid,LOW,0.0909,1.0,0.0455,0.087,1.0,0.8706,1.0,0.126
V3_EXP_0008,EXPLICIT_STRUCTURAL,S_DIRECT_PATH,ADAS,B0_Full_Suite,LOW,0.0417,1.0,0.0023,0.0045,1.0,0.0,1.0,0.1
V3_EXP_0008,EXPLICIT_STRUCTURAL,S_DIRECT_PATH,ADAS,B1_Keyword,LOW,0.0417,0.0,0.0,0.0,1.0,0.7412,1.0,0.618
V3_EXP_0008,EXPLICIT_STRUCTURAL,S_DIRECT_PATH,ADAS,B2_Raw_Embedding,LOW,0.0417,0.0,0.0,0.0,1.0,0.8824,1.0,0.613
V3_EXP_0008,EXPLICIT_STRUCTURAL,S_DIRECT_PATH,ADAS,B3_Graph_Only,LOW,0.0417,1.0,0.0455,0.087,1.0,0.8706,1.0,0.043
V3_EXP_0008,EXPLICIT_STRUCTURAL,S_DIRECT_PATH,ADAS,B4_Contextual_Embedding,LOW,0.0417,0.0,0.0,0.0,1.0,0.8824,1.0,608.962
V3_EXP_0008,EXPLICIT_STRUCTURAL,S_DIRECT_PATH,ADAS,B5_AURA_Hybrid,LOW,0.0417,1.0,0.0455,0.087,1.0,0.8706,1.0,0.39
V3_EXP_0009,EXPLICIT_STRUCTURAL,S_DIRECT_PATH,ADAS,B0_Full_Suite,LOW,0.0455,1.0,0.0023,0.0045,1.0,0.0,1.0,0.1
V3_EXP_0009,EXPLICIT_STRUCTURAL,S_DIRECT_PATH,ADAS,B1_Keyword,LOW,0.0455,0.0,0.0,0.0,1.0,0.6706,1.0,2.01
V3_EXP_0009,EXPLICIT_STRUCTURAL,S_DIRECT_PATH,ADAS,B2_Raw_Embedding,LOW,0.0455,0.0,0.0,0.0,1.0,0.8824,1.0,1.871
V3_EXP_0009,EXPLICIT_STRUCTURAL,S_DIRECT_PATH,ADAS,B3_Graph_Only,LOW,0.0455,1.0,0.0455,0.087,1.0,0.8706,1.0,0.149
V3_EXP_0009,EXPLICIT_STRUCTURAL,S_DIRECT_PATH,ADAS,B4_Contextual_Embedding,LOW,0.0455,0.0,0.0,0.0,1.0,0.8824,1.0,1244.662
V3_EXP_0009,EXPLICIT_STRUCTURAL,S_DIRECT_PATH,ADAS,B5_AURA_Hybrid,LOW,0.0455,1.0,0.0455,0.087,1.0,0.8706,1.0,0.401
V3_EXP_0010,EXPLICIT_STRUCTURAL,S_DIRECT_PATH,ADAS,B0_Full_Suite,LOW,0.0952,1.0,0.0023,0.0045,1.0,0.0,1.0,0.1
V3_EXP_0010,EXPLICIT_STRUCTURAL,S_DIRECT_PATH,ADAS,B1_Keyword,LOW,0.0952,0.0,0.0,0.0,1.0,0.6941,1.0,1.962
V3_EXP_0010,EXPLICIT_STRUCTURAL,S_DIRECT_PATH,ADAS,B2_Raw_Embedding,LOW,0.0952,0.0,0.0,0.0,1.0,0.8824,1.0,2.101
V3_EXP_0010,EXPLICIT_STRUCTURAL,S_DIRECT_PATH,ADAS,B3_Graph_Only,LOW,0.0952,1.0,0.0455,0.087,1.0,0.8706,1.0,0.17
V3_EXP_0010,EXPLICIT_STRUCTURAL,S_DIRECT_PATH,ADAS,B4_Contextual_Embedding,LOW,0.0952,0.0,0.0,0.0,1.0,0.8824,1.0,1388.295
V3_EXP_0010,EXPLICIT_STRUCTURAL,S_DIRECT_PATH,ADAS,B5_AURA_Hybrid,LOW,0.0952,1.0,0.0455,0.087,1.0,0.8706,1.0,0.418
V3_EXP_0011,EXPLICIT_STRUCTURAL,S_DIRECT_PATH,ADAS,B0_Full_Suite,LOW,0.0435,1.0,0.0023,0.0045,1.0,0.0,1.0,0.1
V3_EXP_0011,EXPLICIT_STRUCTURAL,S_DIRECT_PATH,ADAS,B1_Keyword,LOW,0.0435,0.0,0.0,0.0,1.0,0.6706,1.0,1.686
V3_EXP_0011,EXPLICIT_STRUCTURAL,S_DIRECT_PATH,ADAS,B2_Raw_Embedding,LOW,0.0435,0.0,0.0,0.0,1.0,0.8824,1.0,3.475
V3_EXP_0011,EXPLICIT_STRUCTURAL,S_DIRECT_PATH,ADAS,B3_Graph_Only,LOW,0.0435,1.0,0.0556,0.1053,1.0,0.8588,1.0,0.233
V3_EXP_0011,EXPLICIT_STRUCTURAL,S_DIRECT_PATH,ADAS,B4_Contextual_Embedding,LOW,0.0435,0.0,0.0,0.0,1.0,0.8824,1.0,1162.46
V3_EXP_0011,EXPLICIT_STRUCTURAL,S_DIRECT_PATH,ADAS,B5_AURA_Hybrid,LOW,0.0435,1.0,0.0556,0.1053,1.0,0.8588,1.0,0.32
V3_EXP_0012,EXPLICIT_STRUCTURAL,S_DIRECT_PATH,ADAS,B0_Full_Suite,MEDIUM,0.3529,1.0,0.0023,0.0045,1.0,0.0,1.0,0.1
V3_EXP_0012,EXPLICIT_STRUCTURAL,S_DIRECT_PATH,ADAS,B1_Keyword,MEDIUM,0.3529,1.0,0.0333,0.0645,1.0,0.6824,1.0,1.53
V3_EXP_0012,EXPLICIT_STRUCTURAL,S_DIRECT_PATH,ADAS,B2_Raw_Embedding,MEDIUM,0.3529,0.0,0.0,0.0,1.0,0.8824,1.0,2.016
V3_EXP_0012,EXPLICIT_STRUCTURAL,S_DIRECT_PATH,ADAS,B3_Graph_Only,MEDIUM,0.3529,1.0,0.0556,0.1053,1.0,0.8588,1.0,0.128
V3_EXP_0012,EXPLICIT_STRUCTURAL,S_DIRECT_PATH,ADAS,B4_Contextual_Embedding,MEDIUM,0.3529,1.0,0.1,0.1818,0.9,0.8941,1.0,813.116
V3_EXP_0012,EXPLICIT_STRUCTURAL,S_DIRECT_PATH,ADAS,B5_AURA_Hybrid,MEDIUM,0.3529,1.0,0.0556,0.1053,1.0,0.8588,1.0,0.343
V3_EXP_0013,EXPLICIT_STRUCTURAL,S_DIRECT_PATH,ADAS,B0_Full_Suite,LOW,0.0952,1.0,0.0023,0.0045,1.0,0.0,1.0,0.1
V3_EXP_0013,EXPLICIT_STRUCTURAL,S_DIRECT_PATH,ADAS,B1_Keyword,LOW,0.0952,0.0,0.0,0.0,1.0,0.6706,1.0,1.618
V3_EXP_0013,EXPLICIT_STRUCTURAL,S_DIRECT_PATH,ADAS,B2_Raw_Embedding,LOW,0.0952,0.0,0.0,0.0,1.0,0.8824,1.0,1.809
V3_EXP_0013,EXPLICIT_STRUCTURAL,S_DIRECT_PATH,ADAS,B3_Graph_Only,LOW,0.0952,1.0,0.0556,0.1053,1.0,0.8588,1.0,0.159
V3_EXP_0013,EXPLICIT_STRUCTURAL,S_DIRECT_PATH,ADAS,B4_Contextual_Embedding,LOW,0.0952,0.0,0.0,0.0,1.0,0.8824,1.0,882.518
V3_EXP_0013,EXPLICIT_STRUCTURAL,S_DIRECT_PATH,ADAS,B5_AURA_Hybrid,LOW,0.0952,1.0,0.0556,0.1053,1.0,0.8588,1.0,0.438
V3_EXP_0014,EXPLICIT_STRUCTURAL,S_DIRECT_PATH,ADAS,B0_Full_Suite,LOW,0.0952,1.0,0.0023,0.0045,1.0,0.0,1.0,0.1
V3_EXP_0014,EXPLICIT_STRUCTURAL,S_DIRECT_PATH,ADAS,B1_Keyword,LOW,0.0952,0.0,0.0,0.0,1.0,0.6824,1.0,2.455
V3_EXP_0014,EXPLICIT_STRUCTURAL,S_DIRECT_PATH,ADAS,B2_Raw_Embedding,LOW,0.0952,0.0,0.0,0.0,1.0,0.8824,1.0,2.681
V3_EXP_0014,EXPLICIT_STRUCTURAL,S_DIRECT_PATH,ADAS,B3_Graph_Only,LOW,0.0952,1.0,0.0455,0.087,1.0,0.8588,1.0,0.161
V3_EXP_0014,EXPLICIT_STRUCTURAL,S_DIRECT_PATH,ADAS,B4_Contextual_Embedding,LOW,0.0952,1.0,0.1,0.1818,0.9,0.8941,1.0,910.788
V3_EXP_0014,EXPLICIT_STRUCTURAL,S_DIRECT_PATH,ADAS,B5_AURA_Hybrid,LOW,0.0952,1.0,0.0455,0.087,1.0,0.8588,1.0,0.403
V3_EXP_0015,EXPLICIT_STRUCTURAL,S_DIRECT_PATH,ADAS,B0_Full_Suite,LOW,0.0455,1.0,0.0023,0.0045,1.0,0.0,1.0,0.1
V3_EXP_0015,EXPLICIT_STRUCTURAL,S_DIRECT_PATH,ADAS,B1_Keyword,LOW,0.0455,0.0,0.0,0.0,1.0,0.6706,1.0,1.614
V3_EXP_0015,EXPLICIT_STRUCTURAL,S_DIRECT_PATH,ADAS,B2_Raw_Embedding,LOW,0.0455,0.0,0.0,0.0,1.0,0.8824,1.0,1.988
V3_EXP_0015,EXPLICIT_STRUCTURAL,S_DIRECT_PATH,ADAS,B3_Graph_Only,LOW,0.0455,1.0,0.0455,0.087,1.0,0.8588,1.0,0.18
V3_EXP_0015,EXPLICIT_STRUCTURAL,S_DIRECT_PATH,ADAS,B4_Contextual_Embedding,LOW,0.0455,0.0,0.0,0.0,1.0,0.8824,1.0,724.441
V3_EXP_0015,EXPLICIT_STRUCTURAL,S_DIRECT_PATH,ADAS,B5_AURA_Hybrid,LOW,0.0455,1.0,0.0455,0.087,1.0,0.8588,1.0,0.334
V3_EXP_0016,EXPLICIT_STRUCTURAL,S_DIRECT_PATH,ADAS,B0_Full_Suite,LOW,0.0455,1.0,0.0023,0.0045,1.0,0.0,1.0,0.1
V3_EXP_0016,EXPLICIT_STRUCTURAL,S_DIRECT_PATH,ADAS,B1_Keyword,LOW,0.0455,0.0,0.0,0.0,1.0,0.6706,1.0,1.559
V3_EXP_0016,EXPLICIT_STRUCTURAL,S_DIRECT_PATH,ADAS,B2_Raw_Embedding,LOW,0.0455,0.0,0.0,0.0,1.0,0.8824,1.0,1.946
V3_EXP_0016,EXPLICIT_STRUCTURAL,S_DIRECT_PATH,ADAS,B3_Graph_Only,LOW,0.0455,1.0,0.0455,0.087,1.0,0.8706,1.0,0.141
V3_EXP_0016,EXPLICIT_STRUCTURAL,S_DIRECT_PATH,ADAS,B4_Contextual_Embedding,LOW,0.0455,0.0,0.0,0.0,1.0,0.8824,1.0,1711.996
V3_EXP_0016,EXPLICIT_STRUCTURAL,S_DIRECT_PATH,ADAS,B5_AURA_Hybrid,LOW,0.0455,1.0,0.0455,0.087,1.0,0.8706,1.0,0.383
V3_EXP_0017,EXPLICIT_STRUCTURAL,S_DIRECT_PATH,ADAS,B0_Full_Suite,LOW,0.0455,1.0,0.0023,0.0045,1.0,0.0,1.0,0.1
V3_EXP_0017,EXPLICIT_STRUCTURAL,S_DIRECT_PATH,ADAS,B1_Keyword,LOW,0.0455,0.0,0.0,0.0,1.0,0.7529,1.0,1.642
V3_EXP_0017,EXPLICIT_STRUCTURAL,S_DIRECT_PATH,ADAS,B2_Raw_Embedding,LOW,0.0455,0.0,0.0,0.0,1.0,0.8941,1.0,1.995
V3_EXP_0017,EXPLICIT_STRUCTURAL,S_DIRECT_PATH,ADAS,B3_Graph_Only,LOW,0.0455,1.0,0.0455,0.087,1.0,0.8706,1.0,0.071
V3_EXP_0017,EXPLICIT_STRUCTURAL,S_DIRECT_PATH,ADAS,B4_Contextual_Embedding,LOW,0.0455,0.0,0.0,0.0,1.0,0.8824,1.0,1141.787
V3_EXP_0017,EXPLICIT_STRUCTURAL,S_DIRECT_PATH,ADAS,B5_AURA_Hybrid,LOW,0.0455,1.0,0.0455,0.087,1.0,0.8706,1.0,0.395
V3_EXP_0018,EXPLICIT_STRUCTURAL,S_DIRECT_PATH,ADAS,B0_Full_Suite,LOW,0.0435,1.0,0.0023,0.0045,1.0,0.0,1.0,0.1
V3_EXP_0018,EXPLICIT_STRUCTURAL,S_DIRECT_PATH,ADAS,B1_Keyword,LOW,0.0435,0.0,0.0,0.0,1.0,0.7412,1.0,1.601
V3_EXP_0018,EXPLICIT_STRUCTURAL,S_DIRECT_PATH,ADAS,B2_Raw_Embedding,LOW,0.0435,0.0,0.0,0.0,1.0,0.8941,1.0,1.994
V3_EXP_0018,EXPLICIT_STRUCTURAL,S_DIRECT_PATH,ADAS,B3_Graph_Only,LOW,0.0435,1.0,0.0455,0.087,1.0,0.8706,1.0,0.151
V3_EXP_0018,EXPLICIT_STRUCTURAL,S_DIRECT_PATH,ADAS,B4_Contextual_Embedding,LOW,0.0435,0.0,0.0,0.0,1.0,0.8824,1.0,1577.551
V3_EXP_0018,EXPLICIT_STRUCTURAL,S_DIRECT_PATH,ADAS,B5_AURA_Hybrid,LOW,0.0435,1.0,0.0455,0.087,1.0,0.8706,1.0,0.429
V3_EXP_0019,EXPLICIT_STRUCTURAL,S_DIRECT_PATH,ADAS,B0_Full_Suite,LOW,0.0952,1.0,0.0023,0.0045,1.0,0.0,1.0,0.1
V3_EXP_0019,EXPLICIT_STRUCTURAL,S_DIRECT_PATH,ADAS,B1_Keyword,LOW,0.0952,0.0,0.0,0.0,1.0,0.7647,1.0,1.641
V3_EXP_0019,EXPLICIT_STRUCTURAL,S_DIRECT_PATH,ADAS,B2_Raw_Embedding,LOW,0.0952,0.0,0.0,0.0,1.0,0.8941,1.0,1.997
V3_EXP_0019,EXPLICIT_STRUCTURAL,S_DIRECT_PATH,ADAS,B3_Graph_Only,LOW,0.0952,1.0,0.0455,0.087,1.0,0.8706,1.0,0.159
V3_EXP_0019,EXPLICIT_STRUCTURAL,S_DIRECT_PATH,ADAS,B4_Contextual_Embedding,LOW,0.0952,1.0,0.1,0.1818,0.9,0.8941,1.0,907.631
V3_EXP_0019,EXPLICIT_STRUCTURAL,S_DIRECT_PATH,ADAS,B5_AURA_Hybrid,LOW,0.0952,1.0,0.0455,0.087,1.0,0.8706,1.0,0.482
V3_EXP_0020,EXPLICIT_STRUCTURAL,S_DIRECT_PATH,ADAS,B0_Full_Suite,LOW,0.0455,1.0,0.0023,0.0045,1.0,0.0,1.0,0.1
V3_EXP_0020,EXPLICIT_STRUCTURAL,S_DIRECT_PATH,ADAS,B1_Keyword,LOW,0.0455,0.0,0.0,0.0,1.0,0.7412,1.0,2.249
V3_EXP_0020,EXPLICIT_STRUCTURAL,S_DIRECT_PATH,ADAS,B2_Raw_Embedding,LOW,0.0455,0.0,0.0,0.0,1.0,0.8941,1.0,2.187
V3_EXP_0020,EXPLICIT_STRUCTURAL,S_DIRECT_PATH,ADAS,B3_Graph_Only,LOW,0.0455,1.0,0.0455,0.087,1.0,0.8706,1.0,0.156
V3_EXP_0020,EXPLICIT_STRUCTURAL,S_DIRECT_PATH,ADAS,B4_Contextual_Embedding,LOW,0.0455,0.0,0.0,0.0,1.0,0.8824,1.0,688.56
V3_EXP_0020,EXPLICIT_STRUCTURAL,S_DIRECT_PATH,ADAS,B5_AURA_Hybrid,LOW,0.0455,1.0,0.0455,0.087,1.0,0.8706,1.0,0.431
V3_EXP_0021,EXPLICIT_STRUCTURAL,S_DIRECT_PATH,ADAS,B0_Full_Suite,LOW,0.0909,1.0,0.0023,0.0045,1.0,0.0,1.0,0.1
V3_EXP_0021,EXPLICIT_STRUCTURAL,S_DIRECT_PATH,ADAS,B1_Keyword,LOW,0.0909,0.0,0.0,0.0,1.0,0.7647,1.0,2.236
V3_EXP_0021,EXPLICIT_STRUCTURAL,S_DIRECT_PATH,ADAS,B2_Raw_Embedding,LOW,0.0909,0.0,0.0,0.0,1.0,0.8941,1.0,2.412
V3_EXP_0021,EXPLICIT_STRUCTURAL,S_DIRECT_PATH,ADAS,B3_Graph_Only,LOW,0.0909,1.0,0.0556,0.1053,1.0,0.8588,1.0,0.147
V3_EXP_0021,EXPLICIT_STRUCTURAL,S_DIRECT_PATH,ADAS,B4_Contextual_Embedding,LOW,0.0909,0.0,0.0,0.0,1.0,0.8824,1.0,1530.821
V3_EXP_0021,EXPLICIT_STRUCTURAL,S_DIRECT_PATH,ADAS,B5_AURA_Hybrid,LOW,0.0909,1.0,0.0556,0.1053,1.0,0.8588,1.0,0.372
V3_EXP_0022,EXPLICIT_STRUCTURAL,S_DIRECT_PATH,ADAS,B0_Full_Suite,LOW,0.0952,1.0,0.0023,0.0045,1.0,0.0,1.0,0.1
V3_EXP_0022,EXPLICIT_STRUCTURAL,S_DIRECT_PATH,ADAS,B1_Keyword,LOW,0.0952,0.0,0.0,0.0,1.0,0.7412,1.0,1.576
V3_EXP_0022,EXPLICIT_STRUCTURAL,S_DIRECT_PATH,ADAS,B2_Raw_Embedding,LOW,0.0952,0.0,0.0,0.0,1.0,0.8941,1.0,2.262
V3_EXP_0022,EXPLICIT_STRUCTURAL,S_DIRECT_PATH,ADAS,B3_Graph_Only,LOW,0.0952,1.0,0.0556,0.1053,1.0,0.8588,1.0,0.135
V3_EXP_0022,EXPLICIT_STRUCTURAL,S_DIRECT_PATH,ADAS,B4_Contextual_Embedding,LOW,0.0952,0.0,0.0,0.0,1.0,0.8824,1.0,1259.246
V3_EXP_0022,EXPLICIT_STRUCTURAL,S_DIRECT_PATH,ADAS,B5_AURA_Hybrid,LOW,0.0952,1.0,0.0556,0.1053,1.0,0.8588,1.0,0.366
V3_EXP_0023,EXPLICIT_STRUCTURAL,S_DIRECT_PATH,ADAS,B0_Full_Suite,HIGH,0.4375,1.0,0.0023,0.0045,1.0,0.0,1.0,0.1
V3_EXP_0023,EXPLICIT_STRUCTURAL,S_DIRECT_PATH,ADAS,B1_Keyword,HIGH,0.4375,1.0,0.0435,0.0833,1.0,0.7412,1.0,1.831
V3_EXP_0023,EXPLICIT_STRUCTURAL,S_DIRECT_PATH,ADAS,B2_Raw_Embedding,HIGH,0.4375,1.0,0.1,0.1818,0.9,0.8941,1.0,2.208
V3_EXP_0023,EXPLICIT_STRUCTURAL,S_DIRECT_PATH,ADAS,B3_Graph_Only,HIGH,0.4375,1.0,0.0556,0.1053,1.0,0.8588,1.0,0.134
V3_EXP_0023,EXPLICIT_STRUCTURAL,S_DIRECT_PATH,ADAS,B4_Contextual_Embedding,HIGH,0.4375,1.0,0.1,0.1818,0.9,0.8941,1.0,919.048
V3_EXP_0023,EXPLICIT_STRUCTURAL,S_DIRECT_PATH,ADAS,B5_AURA_Hybrid,HIGH,0.4375,1.0,0.0556,0.1053,1.0,0.8588,1.0,0.336
V3_EXP_0024,EXPLICIT_STRUCTURAL,S_DIRECT_PATH,ADAS,B0_Full_Suite,LOW,0.0455,1.0,0.0023,0.0045,1.0,0.0,1.0,0.1
V3_EXP_0024,EXPLICIT_STRUCTURAL,S_DIRECT_PATH,ADAS,B1_Keyword,LOW,0.0455,0.0,0.0,0.0,1.0,0.7412,1.0,1.647
V3_EXP_0024,EXPLICIT_STRUCTURAL,S_DIRECT_PATH,ADAS,B2_Raw_Embedding,LOW,0.0455,0.0,0.0,0.0,1.0,0.8941,1.0,1.921
V3_EXP_0024,EXPLICIT_STRUCTURAL,S_DIRECT_PATH,ADAS,B3_Graph_Only,LOW,0.0455,1.0,0.0455,0.087,1.0,0.8588,1.0,0.155
V3_EXP_0024,EXPLICIT_STRUCTURAL,S_DIRECT_PATH,ADAS,B4_Contextual_Embedding,LOW,0.0455,0.0,0.0,0.0,1.0,0.8824,1.0,1019.13
V3_EXP_0024,EXPLICIT_STRUCTURAL,S_DIRECT_PATH,ADAS,B5_AURA_Hybrid,LOW,0.0455,1.0,0.0455,0.087,1.0,0.8588,1.0,0.412
V3_EXP_0025,EXPLICIT_STRUCTURAL,S_DIRECT_PATH,ADAS,B0_Full_Suite,LOW,0.0909,1.0,0.0023,0.0045,1.0,0.0,1.0,0.1
V3_EXP_0025,EXPLICIT_STRUCTURAL,S_DIRECT_PATH,ADAS,B1_Keyword,LOW,0.0909,0.0,0.0,0.0,1.0,0.7529,1.0,1.931
V3_EXP_0025,EXPLICIT_STRUCTURAL,S_DIRECT_PATH,ADAS,B2_Raw_Embedding,LOW,0.0909,0.0,0.0,0.0,1.0,0.8824,1.0,2.0
V3_EXP_0025,EXPLICIT_STRUCTURAL,S_DIRECT_PATH,ADAS,B3_Graph_Only,LOW,0.0909,1.0,0.0455,0.087,1.0,0.8588,1.0,0.175
V3_EXP_0025,EXPLICIT_STRUCTURAL,S_DIRECT_PATH,ADAS,B4_Contextual_Embedding,LOW,0.0909,0.0,0.0,0.0,1.0,0.8824,1.0,881.407
V3_EXP_0025,EXPLICIT_STRUCTURAL,S_DIRECT_PATH,ADAS,B5_AURA_Hybrid,LOW,0.0909,1.0,0.0455,0.087,1.0,0.8588,1.0,0.331
V3_EXP_0026,EXPLICIT_STRUCTURAL,S_DIRECT_PATH,ADAS,B0_Full_Suite,LOW,0.0435,1.0,0.0023,0.0045,1.0,0.0,1.0,0.1
V3_EXP_0026,EXPLICIT_STRUCTURAL,S_DIRECT_PATH,ADAS,B1_Keyword,LOW,0.0435,0.0,0.0,0.0,1.0,0.7529,1.0,1.571
V3_EXP_0026,EXPLICIT_STRUCTURAL,S_DIRECT_PATH,ADAS,B2_Raw_Embedding,LOW,0.0435,0.0,0.0,0.0,1.0,0.8824,1.0,2.054
V3_EXP_0026,EXPLICIT_STRUCTURAL,S_DIRECT_PATH,ADAS,B3_Graph_Only,LOW,0.0435,1.0,0.0455,0.087,1.0,0.8706,1.0,0.14
V3_EXP_0026,EXPLICIT_STRUCTURAL,S_DIRECT_PATH,ADAS,B4_Contextual_Embedding,LOW,0.0435,0.0,0.0,0.0,1.0,0.8824,1.0,665.725
V3_EXP_0026,EXPLICIT_STRUCTURAL,S_DIRECT_PATH,ADAS,B5_AURA_Hybrid,LOW,0.0435,1.0,0.0455,0.087,1.0,0.8706,1.0,0.42
V3_EXP_0027,EXPLICIT_STRUCTURAL,S_DIRECT_PATH,ADAS,B0_Full_Suite,LOW,0.0435,1.0,0.0023,0.0045,1.0,0.0,1.0,0.1
V3_EXP_0027,EXPLICIT_STRUCTURAL,S_DIRECT_PATH,ADAS,B1_Keyword,LOW,0.0435,0.0,0.0,0.0,1.0,0.7529,1.0,1.668
V3_EXP_0027,EXPLICIT_STRUCTURAL,S_DIRECT_PATH,ADAS,B2_Raw_Embedding,LOW,0.0435,0.0,0.0,0.0,1.0,0.8824,1.0,1.928
V3_EXP_0027,EXPLICIT_STRUCTURAL,S_DIRECT_PATH,ADAS,B3_Graph_Only,LOW,0.0435,1.0,0.0455,0.087,1.0,0.8706,1.0,0.15
V3_EXP_0027,EXPLICIT_STRUCTURAL,S_DIRECT_PATH,ADAS,B4_Contextual_Embedding,LOW,0.0435,0.0,0.0,0.0,1.0,0.8824,1.0,589.7
V3_EXP_0027,EXPLICIT_STRUCTURAL,S_DIRECT_PATH,ADAS,B5_AURA_Hybrid,LOW,0.0435,1.0,0.0455,0.087,1.0,0.8706,1.0,0.228
V3_EXP_0028,EXPLICIT_STRUCTURAL,S_DIRECT_PATH,ADAS,B0_Full_Suite,LOW,0.0417,1.0,0.0023,0.0045,1.0,0.0,1.0,0.1
V3_EXP_0028,EXPLICIT_STRUCTURAL,S_DIRECT_PATH,ADAS,B1_Keyword,LOW,0.0417,0.0,0.0,0.0,1.0,0.7529,1.0,1.597
V3_EXP_0028,EXPLICIT_STRUCTURAL,S_DIRECT_PATH,ADAS,B2_Raw_Embedding,LOW,0.0417,0.0,0.0,0.0,1.0,0.8824,1.0,1.883
V3_EXP_0028,EXPLICIT_STRUCTURAL,S_DIRECT_PATH,ADAS,B3_Graph_Only,LOW,0.0417,1.0,0.0455,0.087,1.0,0.8706,1.0,0.148
V3_EXP_0028,EXPLICIT_STRUCTURAL,S_DIRECT_PATH,ADAS,B4_Contextual_Embedding,LOW,0.0417,0.0,0.0,0.0,1.0,0.8824,1.0,635.474
V3_EXP_0028,EXPLICIT_STRUCTURAL,S_DIRECT_PATH,ADAS,B5_AURA_Hybrid,LOW,0.0417,1.0,0.0455,0.087,1.0,0.8706,1.0,0.392
V3_EXP_0029,EXPLICIT_STRUCTURAL,S_DIRECT_PATH,ADAS,B0_Full_Suite,LOW,0.0435,1.0,0.0023,0.0045,1.0,0.0,1.0,0.1
V3_EXP_0029,EXPLICIT_STRUCTURAL,S_DIRECT_PATH,ADAS,B1_Keyword,LOW,0.0435,0.0,0.0,0.0,1.0,0.7529,1.0,1.584
V3_EXP_0029,EXPLICIT_STRUCTURAL,S_DIRECT_PATH,ADAS,B2_Raw_Embedding,LOW,0.0435,0.0,0.0,0.0,1.0,0.8824,1.0,1.833
V3_EXP_0029,EXPLICIT_STRUCTURAL,S_DIRECT_PATH,ADAS,B3_Graph_Only,LOW,0.0435,1.0,0.0455,0.087,1.0,0.8706,1.0,0.142
V3_EXP_0029,EXPLICIT_STRUCTURAL,S_DIRECT_PATH,ADAS,B4_Contextual_Embedding,LOW,0.0435,0.0,0.0,0.0,1.0,0.8824,1.0,665.691
V3_EXP_0029,EXPLICIT_STRUCTURAL,S_DIRECT_PATH,ADAS,B5_AURA_Hybrid,LOW,0.0435,1.0,0.0455,0.087,1.0,0.8706,1.0,0.395
V3_EXP_0030,EXPLICIT_STRUCTURAL,S_DIRECT_PATH,ADAS,B0_Full_Suite,LOW,0.0435,1.0,0.0023,0.0045,1.0,0.0,1.0,0.1
V3_EXP_0030,EXPLICIT_STRUCTURAL,S_DIRECT_PATH,ADAS,B1_Keyword,LOW,0.0435,0.0,0.0,0.0,1.0,0.7529,1.0,1.658
V3_EXP_0030,EXPLICIT_STRUCTURAL,S_DIRECT_PATH,ADAS,B2_Raw_Embedding,LOW,0.0435,0.0,0.0,0.0,1.0,0.8824,1.0,1.868
V3_EXP_0030,EXPLICIT_STRUCTURAL,S_DIRECT_PATH,ADAS,B3_Graph_Only,LOW,0.0435,1.0,0.0455,0.087,1.0,0.8706,1.0,0.146
V3_EXP_0030,EXPLICIT_STRUCTURAL,S_DIRECT_PATH,ADAS,B4_Contextual_Embedding,LOW,0.0435,0.0,0.0,0.0,1.0,0.8824,1.0,644.191
V3_EXP_0030,EXPLICIT_STRUCTURAL,S_DIRECT_PATH,ADAS,B5_AURA_Hybrid,LOW,0.0435,1.0,0.0455,0.087,1.0,0.8706,1.0,0.371
V3_EXP_0031,EXPLICIT_STRUCTURAL,S_DIRECT_PATH,POWERTRAIN,B0_Full_Suite,LOW,0.0455,1.0,0.0031,0.0062,1.0,0.0,1.0,0.1
V3_EXP_0031,EXPLICIT_STRUCTURAL,S_DIRECT_PATH,POWERTRAIN,B1_Keyword,LOW,0.0455,0.0,0.0,0.0,1.0,0.0,1.0,1.666
V3_EXP_0031,EXPLICIT_STRUCTURAL,S_DIRECT_PATH,POWERTRAIN,B2_Raw_Embedding,LOW,0.0455,0.0,0.0,0.0,1.0,0.5125,1.0,1.64
V3_EXP_0031,EXPLICIT_STRUCTURAL,S_DIRECT_PATH,POWERTRAIN,B3_Graph_Only,LOW,0.0455,1.0,0.0714,0.1333,1.0,0.8625,1.0,0.124
V3_EXP_0031,EXPLICIT_STRUCTURAL,S_DIRECT_PATH,POWERTRAIN,B4_Contextual_Embedding,LOW,0.0455,0.0,0.0,0.0,1.0,0.525,1.0,571.904
V3_EXP_0031,EXPLICIT_STRUCTURAL,S_DIRECT_PATH,POWERTRAIN,B5_AURA_Hybrid,LOW,0.0455,1.0,0.0714,0.1333,1.0,0.8625,1.0,0.274
V3_EXP_0032,EXPLICIT_STRUCTURAL,S_DIRECT_PATH,POWERTRAIN,B0_Full_Suite,LOW,0.05,1.0,0.0031,0.0062,1.0,0.0,1.0,0.1
V3_EXP_0032,EXPLICIT_STRUCTURAL,S_DIRECT_PATH,POWERTRAIN,B1_Keyword,LOW,0.05,0.0,0.0,0.0,1.0,0.0,1.0,1.569
V3_EXP_0032,EXPLICIT_STRUCTURAL,S_DIRECT_PATH,POWERTRAIN,B2_Raw_Embedding,LOW,0.05,0.0,0.0,0.0,1.0,0.5125,1.0,1.682
V3_EXP_0032,EXPLICIT_STRUCTURAL,S_DIRECT_PATH,POWERTRAIN,B3_Graph_Only,LOW,0.05,1.0,0.0714,0.1333,1.0,0.8625,1.0,0.111
V3_EXP_0032,EXPLICIT_STRUCTURAL,S_DIRECT_PATH,POWERTRAIN,B4_Contextual_Embedding,LOW,0.05,0.0,0.0,0.0,1.0,0.525,1.0,1014.082
V3_EXP_0032,EXPLICIT_STRUCTURAL,S_DIRECT_PATH,POWERTRAIN,B5_AURA_Hybrid,LOW,0.05,1.0,0.0714,0.1333,1.0,0.8625,1.0,0.762
V3_EXP_0033,EXPLICIT_STRUCTURAL,S_DIRECT_PATH,POWERTRAIN,B0_Full_Suite,LOW,0.0,1.0,0.0031,0.0062,1.0,0.0,1.0,0.1
V3_EXP_0033,EXPLICIT_STRUCTURAL,S_DIRECT_PATH,POWERTRAIN,B1_Keyword,LOW,0.0,0.0,0.0,0.0,1.0,0.0,1.0,1.529
V3_EXP_0033,EXPLICIT_STRUCTURAL,S_DIRECT_PATH,POWERTRAIN,B2_Raw_Embedding,LOW,0.0,0.0,0.0,0.0,1.0,0.5125,1.0,1.678
V3_EXP_0033,EXPLICIT_STRUCTURAL,S_DIRECT_PATH,POWERTRAIN,B3_Graph_Only,LOW,0.0,1.0,0.0714,0.1333,1.0,0.8625,1.0,0.114
V3_EXP_0033,EXPLICIT_STRUCTURAL,S_DIRECT_PATH,POWERTRAIN,B4_Contextual_Embedding,LOW,0.0,0.0,0.0,0.0,1.0,0.525,1.0,612.029
V3_EXP_0033,EXPLICIT_STRUCTURAL,S_DIRECT_PATH,POWERTRAIN,B5_AURA_Hybrid,LOW,0.0,1.0,0.0714,0.1333,1.0,0.8625,1.0,0.296
V3_EXP_0034,EXPLICIT_STRUCTURAL,S_DIRECT_PATH,POWERTRAIN,B0_Full_Suite,LOW,0.0,1.0,0.0031,0.0062,1.0,0.0,1.0,0.1
V3_EXP_0034,EXPLICIT_STRUCTURAL,S_DIRECT_PATH,POWERTRAIN,B1_Keyword,LOW,0.0,0.0,0.0,0.0,1.0,0.0,1.0,1.511
V3_EXP_0034,EXPLICIT_STRUCTURAL,S_DIRECT_PATH,POWERTRAIN,B2_Raw_Embedding,LOW,0.0,0.0,0.0,0.0,1.0,0.5125,1.0,1.614
V3_EXP_0034,EXPLICIT_STRUCTURAL,S_DIRECT_PATH,POWERTRAIN,B3_Graph_Only,LOW,0.0,1.0,0.0714,0.1333,1.0,0.8625,1.0,0.112
V3_EXP_0034,EXPLICIT_STRUCTURAL,S_DIRECT_PATH,POWERTRAIN,B4_Contextual_Embedding,LOW,0.0,0.0,0.0,0.0,1.0,0.525,1.0,562.365
V3_EXP_0034,EXPLICIT_STRUCTURAL,S_DIRECT_PATH,POWERTRAIN,B5_AURA_Hybrid,LOW,0.0,1.0,0.0714,0.1333,1.0,0.8625,1.0,0.319
V3_EXP_0035,EXPLICIT_STRUCTURAL,S_DIRECT_PATH,POWERTRAIN,B0_Full_Suite,LOW,0.0,1.0,0.0031,0.0062,1.0,0.0,1.0,0.1
V3_EXP_0035,EXPLICIT_STRUCTURAL,S_DIRECT_PATH,POWERTRAIN,B1_Keyword,LOW,0.0,0.0,0.0,0.0,1.0,0.0,1.0,1.654
V3_EXP_0035,EXPLICIT_STRUCTURAL,S_DIRECT_PATH,POWERTRAIN,B2_Raw_Embedding,LOW,0.0,0.0,0.0,0.0,1.0,0.5125,1.0,1.78
V3_EXP_0035,EXPLICIT_STRUCTURAL,S_DIRECT_PATH,POWERTRAIN,B3_Graph_Only,LOW,0.0,1.0,0.0714,0.1333,1.0,0.8625,1.0,0.127
V3_EXP_0035,EXPLICIT_STRUCTURAL,S_DIRECT_PATH,POWERTRAIN,B4_Contextual_Embedding,LOW,0.0,0.0,0.0,0.0,1.0,0.525,1.0,776.53
V3_EXP_0035,EXPLICIT_STRUCTURAL,S_DIRECT_PATH,POWERTRAIN,B5_AURA_Hybrid,LOW,0.0,1.0,0.0714,0.1333,1.0,0.8625,1.0,0.314
V3_EXP_0036,EXPLICIT_STRUCTURAL,S_DIRECT_PATH,POWERTRAIN,B0_Full_Suite,LOW,0.0476,1.0,0.0031,0.0062,1.0,0.0,1.0,0.1
V3_EXP_0036,EXPLICIT_STRUCTURAL,S_DIRECT_PATH,POWERTRAIN,B1_Keyword,LOW,0.0476,0.0,0.0,0.0,1.0,0.0,1.0,1.604
V3_EXP_0036,EXPLICIT_STRUCTURAL,S_DIRECT_PATH,POWERTRAIN,B2_Raw_Embedding,LOW,0.0476,0.0,0.0,0.0,1.0,0.5125,1.0,1.618
V3_EXP_0036,EXPLICIT_STRUCTURAL,S_DIRECT_PATH,POWERTRAIN,B3_Graph_Only,LOW,0.0476,1.0,0.0714,0.1333,1.0,0.8625,1.0,0.125
V3_EXP_0036,EXPLICIT_STRUCTURAL,S_DIRECT_PATH,POWERTRAIN,B4_Contextual_Embedding,LOW,0.0476,0.0,0.0,0.0,1.0,0.525,1.0,918.02
V3_EXP_0036,EXPLICIT_STRUCTURAL,S_DIRECT_PATH,POWERTRAIN,B5_AURA_Hybrid,LOW,0.0476,1.0,0.0714,0.1333,1.0,0.8625,1.0,0.54
V3_EXP_0037,EXPLICIT_STRUCTURAL,S_DIRECT_PATH,POWERTRAIN,B0_Full_Suite,LOW,0.0,1.0,0.0031,0.0062,1.0,0.0,1.0,0.1
V3_EXP_0037,EXPLICIT_STRUCTURAL,S_DIRECT_PATH,POWERTRAIN,B1_Keyword,LOW,0.0,0.0,0.0,0.0,1.0,0.0,1.0,3.208
V3_EXP_0037,EXPLICIT_STRUCTURAL,S_DIRECT_PATH,POWERTRAIN,B2_Raw_Embedding,LOW,0.0,0.0,0.0,0.0,1.0,0.5125,1.0,2.921
V3_EXP_0037,EXPLICIT_STRUCTURAL,S_DIRECT_PATH,POWERTRAIN,B3_Graph_Only,LOW,0.0,1.0,0.0714,0.1333,1.0,0.8625,1.0,0.215
V3_EXP_0037,EXPLICIT_STRUCTURAL,S_DIRECT_PATH,POWERTRAIN,B4_Contextual_Embedding,LOW,0.0,0.0,0.0,0.0,1.0,0.525,1.0,1017.506
V3_EXP_0037,EXPLICIT_STRUCTURAL,S_DIRECT_PATH,POWERTRAIN,B5_AURA_Hybrid,LOW,0.0,1.0,0.0714,0.1333,1.0,0.8625,1.0,0.285
V3_EXP_0038,EXPLICIT_STRUCTURAL,S_DIRECT_PATH,POWERTRAIN,B0_Full_Suite,LOW,0.0455,1.0,0.0031,0.0062,1.0,0.0,1.0,0.1
V3_EXP_0038,EXPLICIT_STRUCTURAL,S_DIRECT_PATH,POWERTRAIN,B1_Keyword,LOW,0.0455,0.0,0.0,0.0,1.0,0.0,1.0,1.596
V3_EXP_0038,EXPLICIT_STRUCTURAL,S_DIRECT_PATH,POWERTRAIN,B2_Raw_Embedding,LOW,0.0455,0.0,0.0,0.0,1.0,0.5125,1.0,1.685
V3_EXP_0038,EXPLICIT_STRUCTURAL,S_DIRECT_PATH,POWERTRAIN,B3_Graph_Only,LOW,0.0455,1.0,0.0714,0.1333,1.0,0.8625,1.0,0.12
V3_EXP_0038,EXPLICIT_STRUCTURAL,S_DIRECT_PATH,POWERTRAIN,B4_Contextual_Embedding,LOW,0.0455,0.0,0.0,0.0,1.0,0.525,1.0,631.553
V3_EXP_0038,EXPLICIT_STRUCTURAL,S_DIRECT_PATH,POWERTRAIN,B5_AURA_Hybrid,LOW,0.0455,1.0,0.0714,0.1333,1.0,0.8625,1.0,0.397
V3_EXP_0039,EXPLICIT_STRUCTURAL,S_DIRECT_PATH,POWERTRAIN,B0_Full_Suite,LOW,0.05,1.0,0.0031,0.0062,1.0,0.0,1.0,0.1
V3_EXP_0039,EXPLICIT_STRUCTURAL,S_DIRECT_PATH,POWERTRAIN,B1_Keyword,LOW,0.05,0.0,0.0,0.0,1.0,0.0,1.0,1.717
V3_EXP_0039,EXPLICIT_STRUCTURAL,S_DIRECT_PATH,POWERTRAIN,B2_Raw_Embedding,LOW,0.05,0.0,0.0,0.0,1.0,0.5125,1.0,1.985
V3_EXP_0039,EXPLICIT_STRUCTURAL,S_DIRECT_PATH,POWERTRAIN,B3_Graph_Only,LOW,0.05,1.0,0.0714,0.1333,1.0,0.8625,1.0,0.125
V3_EXP_0039,EXPLICIT_STRUCTURAL,S_DIRECT_PATH,POWERTRAIN,B4_Contextual_Embedding,LOW,0.05,0.0,0.0,0.0,1.0,0.525,1.0,646.392
V3_EXP_0039,EXPLICIT_STRUCTURAL,S_DIRECT_PATH,POWERTRAIN,B5_AURA_Hybrid,LOW,0.05,1.0,0.0714,0.1333,1.0,0.8625,1.0,0.306
V3_EXP_0040,EXPLICIT_STRUCTURAL,S_DIRECT_PATH,POWERTRAIN,B0_Full_Suite,LOW,0.0,1.0,0.0031,0.0062,1.0,0.0,1.0,0.1
V3_EXP_0040,EXPLICIT_STRUCTURAL,S_DIRECT_PATH,POWERTRAIN,B1_Keyword,LOW,0.0,0.0,0.0,0.0,1.0,0.0,1.0,1.624
V3_EXP_0040,EXPLICIT_STRUCTURAL,S_DIRECT_PATH,POWERTRAIN,B2_Raw_Embedding,LOW,0.0,0.0,0.0,0.0,1.0,0.5125,1.0,1.736
V3_EXP_0040,EXPLICIT_STRUCTURAL,S_DIRECT_PATH,POWERTRAIN,B3_Graph_Only,LOW,0.0,1.0,0.0714,0.1333,1.0,0.8625,1.0,0.126
V3_EXP_0040,EXPLICIT_STRUCTURAL,S_DIRECT_PATH,POWERTRAIN,B4_Contextual_Embedding,LOW,0.0,0.0,0.0,0.0,1.0,0.525,1.0,807.905
V3_EXP_0040,EXPLICIT_STRUCTURAL,S_DIRECT_PATH,POWERTRAIN,B5_AURA_Hybrid,LOW,0.0,1.0,0.0714,0.1333,1.0,0.8625,1.0,0.308
V3_EXP_0041,EXPLICIT_STRUCTURAL,S_DIRECT_PATH,POWERTRAIN,B0_Full_Suite,LOW,0.0,1.0,0.0031,0.0062,1.0,0.0,1.0,0.1
V3_EXP_0041,EXPLICIT_STRUCTURAL,S_DIRECT_PATH,POWERTRAIN,B1_Keyword,LOW,0.0,0.0,0.0,0.0,1.0,0.0,1.0,3.823
V3_EXP_0041,EXPLICIT_STRUCTURAL,S_DIRECT_PATH,POWERTRAIN,B2_Raw_Embedding,LOW,0.0,0.0,0.0,0.0,1.0,0.5125,1.0,2.172
V3_EXP_0041,EXPLICIT_STRUCTURAL,S_DIRECT_PATH,POWERTRAIN,B3_Graph_Only,LOW,0.0,1.0,0.0714,0.1333,1.0,0.8625,1.0,0.13
V3_EXP_0041,EXPLICIT_STRUCTURAL,S_DIRECT_PATH,POWERTRAIN,B4_Contextual_Embedding,LOW,0.0,0.0,0.0,0.0,1.0,0.525,1.0,607.798
V3_EXP_0041,EXPLICIT_STRUCTURAL,S_DIRECT_PATH,POWERTRAIN,B5_AURA_Hybrid,LOW,0.0,1.0,0.0714,0.1333,1.0,0.8625,1.0,0.292
V3_EXP_0042,EXPLICIT_STRUCTURAL,S_DIRECT_PATH,POWERTRAIN,B0_Full_Suite,LOW,0.0,1.0,0.0031,0.0062,1.0,0.0,1.0,0.1
V3_EXP_0042,EXPLICIT_STRUCTURAL,S_DIRECT_PATH,POWERTRAIN,B1_Keyword,LOW,0.0,0.0,0.0,0.0,1.0,0.0,1.0,1.545
V3_EXP_0042,EXPLICIT_STRUCTURAL,S_DIRECT_PATH,POWERTRAIN,B2_Raw_Embedding,LOW,0.0,0.0,0.0,0.0,1.0,0.5125,1.0,2.199
V3_EXP_0042,EXPLICIT_STRUCTURAL,S_DIRECT_PATH,POWERTRAIN,B3_Graph_Only,LOW,0.0,1.0,0.0714,0.1333,1.0,0.8625,1.0,0.147
V3_EXP_0042,EXPLICIT_STRUCTURAL,S_DIRECT_PATH,POWERTRAIN,B4_Contextual_Embedding,LOW,0.0,0.0,0.0,0.0,1.0,0.525,1.0,225.476
V3_EXP_0042,EXPLICIT_STRUCTURAL,S_DIRECT_PATH,POWERTRAIN,B5_AURA_Hybrid,LOW,0.0,1.0,0.0714,0.1333,1.0,0.8625,1.0,0.1
V3_EXP_0043,EXPLICIT_STRUCTURAL,S_DIRECT_PATH,POWERTRAIN,B0_Full_Suite,LOW,0.0476,1.0,0.0031,0.0062,1.0,0.0,1.0,0.1
V3_EXP_0043,EXPLICIT_STRUCTURAL,S_DIRECT_PATH,POWERTRAIN,B1_Keyword,LOW,0.0476,0.0,0.0,0.0,1.0,0.0,1.0,0.65
V3_EXP_0043,EXPLICIT_STRUCTURAL,S_DIRECT_PATH,POWERTRAIN,B2_Raw_Embedding,LOW,0.0476,0.0,0.0,0.0,1.0,0.5125,1.0,0.546
V3_EXP_0043,EXPLICIT_STRUCTURAL,S_DIRECT_PATH,POWERTRAIN,B3_Graph_Only,LOW,0.0476,1.0,0.0714,0.1333,1.0,0.8625,1.0,0.04
V3_EXP_0043,EXPLICIT_STRUCTURAL,S_DIRECT_PATH,POWERTRAIN,B4_Contextual_Embedding,LOW,0.0476,0.0,0.0,0.0,1.0,0.525,1.0,252.769
V3_EXP_0043,EXPLICIT_STRUCTURAL,S_DIRECT_PATH,POWERTRAIN,B5_AURA_Hybrid,LOW,0.0476,1.0,0.0714,0.1333,1.0,0.8625,1.0,0.094
V3_EXP_0044,EXPLICIT_STRUCTURAL,S_DIRECT_PATH,POWERTRAIN,B0_Full_Suite,LOW,0.0,1.0,0.0031,0.0062,1.0,0.0,1.0,0.1
V3_EXP_0044,EXPLICIT_STRUCTURAL,S_DIRECT_PATH,POWERTRAIN,B1_Keyword,LOW,0.0,0.0,0.0,0.0,1.0,0.0,1.0,0.694
V3_EXP_0044,EXPLICIT_STRUCTURAL,S_DIRECT_PATH,POWERTRAIN,B2_Raw_Embedding,LOW,0.0,0.0,0.0,0.0,1.0,0.5125,1.0,0.675
V3_EXP_0044,EXPLICIT_STRUCTURAL,S_DIRECT_PATH,POWERTRAIN,B3_Graph_Only,LOW,0.0,1.0,0.0714,0.1333,1.0,0.8625,1.0,0.048
V3_EXP_0044,EXPLICIT_STRUCTURAL,S_DIRECT_PATH,POWERTRAIN,B4_Contextual_Embedding,LOW,0.0,0.0,0.0,0.0,1.0,0.525,1.0,249.7
V3_EXP_0044,EXPLICIT_STRUCTURAL,S_DIRECT_PATH,POWERTRAIN,B5_AURA_Hybrid,LOW,0.0,1.0,0.0714,0.1333,1.0,0.8625,1.0,0.18
V3_EXP_0045,EXPLICIT_STRUCTURAL,S_DIRECT_PATH,POWERTRAIN,B0_Full_Suite,LOW,0.0455,1.0,0.0031,0.0062,1.0,0.0,1.0,0.1
V3_EXP_0045,EXPLICIT_STRUCTURAL,S_DIRECT_PATH,POWERTRAIN,B1_Keyword,LOW,0.0455,0.0,0.0,0.0,1.0,0.0,1.0,0.842
V3_EXP_0045,EXPLICIT_STRUCTURAL,S_DIRECT_PATH,POWERTRAIN,B2_Raw_Embedding,LOW,0.0455,0.0,0.0,0.0,1.0,0.5125,1.0,1.007
V3_EXP_0045,EXPLICIT_STRUCTURAL,S_DIRECT_PATH,POWERTRAIN,B3_Graph_Only,LOW,0.0455,1.0,0.0714,0.1333,1.0,0.8625,1.0,0.044
V3_EXP_0045,EXPLICIT_STRUCTURAL,S_DIRECT_PATH,POWERTRAIN,B4_Contextual_Embedding,LOW,0.0455,0.0,0.0,0.0,1.0,0.525,1.0,180.91
V3_EXP_0045,EXPLICIT_STRUCTURAL,S_DIRECT_PATH,POWERTRAIN,B5_AURA_Hybrid,LOW,0.0455,1.0,0.0714,0.1333,1.0,0.8625,1.0,0.15
V3_EXP_0046,EXPLICIT_STRUCTURAL,S_DIRECT_PATH,POWERTRAIN,B0_Full_Suite,LOW,0.05,1.0,0.0031,0.0062,1.0,0.0,1.0,0.1
V3_EXP_0046,EXPLICIT_STRUCTURAL,S_DIRECT_PATH,POWERTRAIN,B1_Keyword,LOW,0.05,0.0,0.0,0.0,1.0,0.0,1.0,0.738
V3_EXP_0046,EXPLICIT_STRUCTURAL,S_DIRECT_PATH,POWERTRAIN,B2_Raw_Embedding,LOW,0.05,0.0,0.0,0.0,1.0,0.5125,1.0,0.646
V3_EXP_0046,EXPLICIT_STRUCTURAL,S_DIRECT_PATH,POWERTRAIN,B3_Graph_Only,LOW,0.05,1.0,0.0714,0.1333,1.0,0.8625,1.0,0.04
V3_EXP_0046,EXPLICIT_STRUCTURAL,S_DIRECT_PATH,POWERTRAIN,B4_Contextual_Embedding,LOW,0.05,0.0,0.0,0.0,1.0,0.525,1.0,210.292
V3_EXP_0046,EXPLICIT_STRUCTURAL,S_DIRECT_PATH,POWERTRAIN,B5_AURA_Hybrid,LOW,0.05,1.0,0.0714,0.1333,1.0,0.8625,1.0,0.138
V3_EXP_0047,EXPLICIT_STRUCTURAL,S_DIRECT_PATH,POWERTRAIN,B0_Full_Suite,LOW,0.0,1.0,0.0031,0.0062,1.0,0.0,1.0,0.1
V3_EXP_0047,EXPLICIT_STRUCTURAL,S_DIRECT_PATH,POWERTRAIN,B1_Keyword,LOW,0.0,0.0,0.0,0.0,1.0,0.0,1.0,0.847
V3_EXP_0047,EXPLICIT_STRUCTURAL,S_DIRECT_PATH,POWERTRAIN,B2_Raw_Embedding,LOW,0.0,0.0,0.0,0.0,1.0,0.5125,1.0,0.975
V3_EXP_0047,EXPLICIT_STRUCTURAL,S_DIRECT_PATH,POWERTRAIN,B3_Graph_Only,LOW,0.0,1.0,0.0714,0.1333,1.0,0.8625,1.0,0.064
V3_EXP_0047,EXPLICIT_STRUCTURAL,S_DIRECT_PATH,POWERTRAIN,B4_Contextual_Embedding,LOW,0.0,0.0,0.0,0.0,1.0,0.525,1.0,208.865
V3_EXP_0047,EXPLICIT_STRUCTURAL,S_DIRECT_PATH,POWERTRAIN,B5_AURA_Hybrid,LOW,0.0,1.0,0.0714,0.1333,1.0,0.8625,1.0,0.136
V3_EXP_0048,EXPLICIT_STRUCTURAL,S_DIRECT_PATH,POWERTRAIN,B0_Full_Suite,LOW,0.0,1.0,0.0031,0.0062,1.0,0.0,1.0,0.1
V3_EXP_0048,EXPLICIT_STRUCTURAL,S_DIRECT_PATH,POWERTRAIN,B1_Keyword,LOW,0.0,0.0,0.0,0.0,1.0,0.0,1.0,0.81
V3_EXP_0048,EXPLICIT_STRUCTURAL,S_DIRECT_PATH,POWERTRAIN,B2_Raw_Embedding,LOW,0.0,0.0,0.0,0.0,1.0,0.5125,1.0,0.708
V3_EXP_0048,EXPLICIT_STRUCTURAL,S_DIRECT_PATH,POWERTRAIN,B3_Graph_Only,LOW,0.0,1.0,0.0714,0.1333,1.0,0.8625,1.0,0.05
V3_EXP_0048,EXPLICIT_STRUCTURAL,S_DIRECT_PATH,POWERTRAIN,B4_Contextual_Embedding,LOW,0.0,0.0,0.0,0.0,1.0,0.525,1.0,214.345
V3_EXP_0048,EXPLICIT_STRUCTURAL,S_DIRECT_PATH,POWERTRAIN,B5_AURA_Hybrid,LOW,0.0,1.0,0.0714,0.1333,1.0,0.8625,1.0,0.09
V3_EXP_0049,EXPLICIT_STRUCTURAL,S_DIRECT_PATH,POWERTRAIN,B0_Full_Suite,LOW,0.0,1.0,0.0031,0.0062,1.0,0.0,1.0,0.1
V3_EXP_0049,EXPLICIT_STRUCTURAL,S_DIRECT_PATH,POWERTRAIN,B1_Keyword,LOW,0.0,0.0,0.0,0.0,1.0,0.0,1.0,0.67
V3_EXP_0049,EXPLICIT_STRUCTURAL,S_DIRECT_PATH,POWERTRAIN,B2_Raw_Embedding,LOW,0.0,0.0,0.0,0.0,1.0,0.5125,1.0,0.658
V3_EXP_0049,EXPLICIT_STRUCTURAL,S_DIRECT_PATH,POWERTRAIN,B3_Graph_Only,LOW,0.0,1.0,0.0714,0.1333,1.0,0.8625,1.0,0.04
V3_EXP_0049,EXPLICIT_STRUCTURAL,S_DIRECT_PATH,POWERTRAIN,B4_Contextual_Embedding,LOW,0.0,0.0,0.0,0.0,1.0,0.525,1.0,226.949
V3_EXP_0049,EXPLICIT_STRUCTURAL,S_DIRECT_PATH,POWERTRAIN,B5_AURA_Hybrid,LOW,0.0,1.0,0.0714,0.1333,1.0,0.8625,1.0,0.133
V3_EXP_0050,EXPLICIT_STRUCTURAL,S_DIRECT_PATH,POWERTRAIN,B0_Full_Suite,LOW,0.0476,1.0,0.0031,0.0062,1.0,0.0,1.0,0.1
V3_EXP_0050,EXPLICIT_STRUCTURAL,S_DIRECT_PATH,POWERTRAIN,B1_Keyword,LOW,0.0476,0.0,0.0,0.0,1.0,0.0,1.0,0.904
V3_EXP_0050,EXPLICIT_STRUCTURAL,S_DIRECT_PATH,POWERTRAIN,B2_Raw_Embedding,LOW,0.0476,0.0,0.0,0.0,1.0,0.5125,1.0,0.785
V3_EXP_0050,EXPLICIT_STRUCTURAL,S_DIRECT_PATH,POWERTRAIN,B3_Graph_Only,LOW,0.0476,1.0,0.0714,0.1333,1.0,0.8625,1.0,0.065
V3_EXP_0050,EXPLICIT_STRUCTURAL,S_DIRECT_PATH,POWERTRAIN,B4_Contextual_Embedding,LOW,0.0476,0.0,0.0,0.0,1.0,0.525,1.0,215.796
V3_EXP_0050,EXPLICIT_STRUCTURAL,S_DIRECT_PATH,POWERTRAIN,B5_AURA_Hybrid,LOW,0.0476,1.0,0.0714,0.1333,1.0,0.8625,1.0,0.099
V3_EXP_0051,EXPLICIT_STRUCTURAL,S_DIRECT_PATH,POWERTRAIN,B0_Full_Suite,LOW,0.0,1.0,0.0031,0.0062,1.0,0.0,1.0,0.1
V3_EXP_0051,EXPLICIT_STRUCTURAL,S_DIRECT_PATH,POWERTRAIN,B1_Keyword,LOW,0.0,0.0,0.0,0.0,1.0,0.0,1.0,0.704
V3_EXP_0051,EXPLICIT_STRUCTURAL,S_DIRECT_PATH,POWERTRAIN,B2_Raw_Embedding,LOW,0.0,0.0,0.0,0.0,1.0,0.5125,1.0,0.608
V3_EXP_0051,EXPLICIT_STRUCTURAL,S_DIRECT_PATH,POWERTRAIN,B3_Graph_Only,LOW,0.0,1.0,0.0714,0.1333,1.0,0.8625,1.0,0.042
V3_EXP_0051,EXPLICIT_STRUCTURAL,S_DIRECT_PATH,POWERTRAIN,B4_Contextual_Embedding,LOW,0.0,0.0,0.0,0.0,1.0,0.525,1.0,214.292
V3_EXP_0051,EXPLICIT_STRUCTURAL,S_DIRECT_PATH,POWERTRAIN,B5_AURA_Hybrid,LOW,0.0,1.0,0.0714,0.1333,1.0,0.8625,1.0,0.11
V3_EXP_0052,EXPLICIT_STRUCTURAL,S_DIRECT_PATH,POWERTRAIN,B0_Full_Suite,LOW,0.0455,1.0,0.0031,0.0062,1.0,0.0,1.0,0.1
V3_EXP_0052,EXPLICIT_STRUCTURAL,S_DIRECT_PATH,POWERTRAIN,B1_Keyword,LOW,0.0455,0.0,0.0,0.0,1.0,0.0,1.0,0.655
V3_EXP_0052,EXPLICIT_STRUCTURAL,S_DIRECT_PATH,POWERTRAIN,B2_Raw_Embedding,LOW,0.0455,0.0,0.0,0.0,1.0,0.5125,1.0,0.618
V3_EXP_0052,EXPLICIT_STRUCTURAL,S_DIRECT_PATH,POWERTRAIN,B3_Graph_Only,LOW,0.0455,1.0,0.0714,0.1333,1.0,0.8625,1.0,0.043
V3_EXP_0052,EXPLICIT_STRUCTURAL,S_DIRECT_PATH,POWERTRAIN,B4_Contextual_Embedding,LOW,0.0455,0.0,0.0,0.0,1.0,0.525,1.0,203.029
V3_EXP_0052,EXPLICIT_STRUCTURAL,S_DIRECT_PATH,POWERTRAIN,B5_AURA_Hybrid,LOW,0.0455,1.0,0.0714,0.1333,1.0,0.8625,1.0,0.095
V3_EXP_0053,EXPLICIT_STRUCTURAL,S_DIRECT_PATH,POWERTRAIN,B0_Full_Suite,LOW,0.05,1.0,0.0031,0.0062,1.0,0.0,1.0,0.1
V3_EXP_0053,EXPLICIT_STRUCTURAL,S_DIRECT_PATH,POWERTRAIN,B1_Keyword,LOW,0.05,0.0,0.0,0.0,1.0,0.0,1.0,0.582
V3_EXP_0053,EXPLICIT_STRUCTURAL,S_DIRECT_PATH,POWERTRAIN,B2_Raw_Embedding,LOW,0.05,0.0,0.0,0.0,1.0,0.5125,1.0,0.544
V3_EXP_0053,EXPLICIT_STRUCTURAL,S_DIRECT_PATH,POWERTRAIN,B3_Graph_Only,LOW,0.05,1.0,0.0714,0.1333,1.0,0.8625,1.0,0.037
V3_EXP_0053,EXPLICIT_STRUCTURAL,S_DIRECT_PATH,POWERTRAIN,B4_Contextual_Embedding,LOW,0.05,0.0,0.0,0.0,1.0,0.525,1.0,195.684
V3_EXP_0053,EXPLICIT_STRUCTURAL,S_DIRECT_PATH,POWERTRAIN,B5_AURA_Hybrid,LOW,0.05,1.0,0.0714,0.1333,1.0,0.8625,1.0,0.103
V3_EXP_0054,EXPLICIT_STRUCTURAL,S_DIRECT_PATH,POWERTRAIN,B0_Full_Suite,LOW,0.0,1.0,0.0031,0.0062,1.0,0.0,1.0,0.1
V3_EXP_0054,EXPLICIT_STRUCTURAL,S_DIRECT_PATH,POWERTRAIN,B1_Keyword,LOW,0.0,0.0,0.0,0.0,1.0,0.0,1.0,0.62
V3_EXP_0054,EXPLICIT_STRUCTURAL,S_DIRECT_PATH,POWERTRAIN,B2_Raw_Embedding,LOW,0.0,0.0,0.0,0.0,1.0,0.5125,1.0,0.57
V3_EXP_0054,EXPLICIT_STRUCTURAL,S_DIRECT_PATH,POWERTRAIN,B3_Graph_Only,LOW,0.0,1.0,0.0714,0.1333,1.0,0.8625,1.0,0.04
V3_EXP_0054,EXPLICIT_STRUCTURAL,S_DIRECT_PATH,POWERTRAIN,B4_Contextual_Embedding,LOW,0.0,0.0,0.0,0.0,1.0,0.525,1.0,285.579
V3_EXP_0054,EXPLICIT_STRUCTURAL,S_DIRECT_PATH,POWERTRAIN,B5_AURA_Hybrid,LOW,0.0,1.0,0.0714,0.1333,1.0,0.8625,1.0,0.101
V3_EXP_0055,EXPLICIT_STRUCTURAL,S_DIRECT_PATH,POWERTRAIN,B0_Full_Suite,LOW,0.0,1.0,0.0031,0.0062,1.0,0.0,1.0,0.1
V3_EXP_0055,EXPLICIT_STRUCTURAL,S_DIRECT_PATH,POWERTRAIN,B1_Keyword,LOW,0.0,0.0,0.0,0.0,1.0,0.0,1.0,0.612
V3_EXP_0055,EXPLICIT_STRUCTURAL,S_DIRECT_PATH,POWERTRAIN,B2_Raw_Embedding,LOW,0.0,0.0,0.0,0.0,1.0,0.5125,1.0,0.552
V3_EXP_0055,EXPLICIT_STRUCTURAL,S_DIRECT_PATH,POWERTRAIN,B3_Graph_Only,LOW,0.0,1.0,0.0714,0.1333,1.0,0.8625,1.0,0.04
V3_EXP_0055,EXPLICIT_STRUCTURAL,S_DIRECT_PATH,POWERTRAIN,B4_Contextual_Embedding,LOW,0.0,0.0,0.0,0.0,1.0,0.525,1.0,222.304
V3_EXP_0055,EXPLICIT_STRUCTURAL,S_DIRECT_PATH,POWERTRAIN,B5_AURA_Hybrid,LOW,0.0,1.0,0.0714,0.1333,1.0,0.8625,1.0,0.118
V3_EXP_0056,EXPLICIT_STRUCTURAL,S_DIRECT_PATH,POWERTRAIN,B0_Full_Suite,LOW,0.0,1.0,0.0031,0.0062,1.0,0.0,1.0,0.1
V3_EXP_0056,EXPLICIT_STRUCTURAL,S_DIRECT_PATH,POWERTRAIN,B1_Keyword,LOW,0.0,0.0,0.0,0.0,1.0,0.0,1.0,0.762
V3_EXP_0056,EXPLICIT_STRUCTURAL,S_DIRECT_PATH,POWERTRAIN,B2_Raw_Embedding,LOW,0.0,0.0,0.0,0.0,1.0,0.5125,1.0,0.832
V3_EXP_0056,EXPLICIT_STRUCTURAL,S_DIRECT_PATH,POWERTRAIN,B3_Graph_Only,LOW,0.0,1.0,0.0714,0.1333,1.0,0.8625,1.0,0.243
V3_EXP_0056,EXPLICIT_STRUCTURAL,S_DIRECT_PATH,POWERTRAIN,B4_Contextual_Embedding,LOW,0.0,0.0,0.0,0.0,1.0,0.525,1.0,204.422
V3_EXP_0056,EXPLICIT_STRUCTURAL,S_DIRECT_PATH,POWERTRAIN,B5_AURA_Hybrid,LOW,0.0,1.0,0.0714,0.1333,1.0,0.8625,1.0,0.104
V3_EXP_0057,EXPLICIT_STRUCTURAL,S_DIRECT_PATH,POWERTRAIN,B0_Full_Suite,LOW,0.0476,1.0,0.0031,0.0062,1.0,0.0,1.0,0.1
V3_EXP_0057,EXPLICIT_STRUCTURAL,S_DIRECT_PATH,POWERTRAIN,B1_Keyword,LOW,0.0476,0.0,0.0,0.0,1.0,0.0,1.0,0.625
V3_EXP_0057,EXPLICIT_STRUCTURAL,S_DIRECT_PATH,POWERTRAIN,B2_Raw_Embedding,LOW,0.0476,0.0,0.0,0.0,1.0,0.5125,1.0,0.614
V3_EXP_0057,EXPLICIT_STRUCTURAL,S_DIRECT_PATH,POWERTRAIN,B3_Graph_Only,LOW,0.0476,1.0,0.0714,0.1333,1.0,0.8625,1.0,0.04
V3_EXP_0057,EXPLICIT_STRUCTURAL,S_DIRECT_PATH,POWERTRAIN,B4_Contextual_Embedding,LOW,0.0476,0.0,0.0,0.0,1.0,0.525,1.0,214.77
V3_EXP_0057,EXPLICIT_STRUCTURAL,S_DIRECT_PATH,POWERTRAIN,B5_AURA_Hybrid,LOW,0.0476,1.0,0.0714,0.1333,1.0,0.8625,1.0,0.104
V3_EXP_0058,EXPLICIT_STRUCTURAL,S_DIRECT_PATH,POWERTRAIN,B0_Full_Suite,LOW,0.0,1.0,0.0031,0.0062,1.0,0.0,1.0,0.1
V3_EXP_0058,EXPLICIT_STRUCTURAL,S_DIRECT_PATH,POWERTRAIN,B1_Keyword,LOW,0.0,0.0,0.0,0.0,1.0,0.0,1.0,0.654
V3_EXP_0058,EXPLICIT_STRUCTURAL,S_DIRECT_PATH,POWERTRAIN,B2_Raw_Embedding,LOW,0.0,0.0,0.0,0.0,1.0,0.5125,1.0,0.575
V3_EXP_0058,EXPLICIT_STRUCTURAL,S_DIRECT_PATH,POWERTRAIN,B3_Graph_Only,LOW,0.0,1.0,0.0714,0.1333,1.0,0.8625,1.0,0.041
V3_EXP_0058,EXPLICIT_STRUCTURAL,S_DIRECT_PATH,POWERTRAIN,B4_Contextual_Embedding,LOW,0.0,0.0,0.0,0.0,1.0,0.525,1.0,210.252
V3_EXP_0058,EXPLICIT_STRUCTURAL,S_DIRECT_PATH,POWERTRAIN,B5_AURA_Hybrid,LOW,0.0,1.0,0.0714,0.1333,1.0,0.8625,1.0,0.101
V3_EXP_0059,EXPLICIT_STRUCTURAL,S_DIRECT_PATH,POWERTRAIN,B0_Full_Suite,LOW,0.0455,1.0,0.0031,0.0062,1.0,0.0,1.0,0.1
V3_EXP_0059,EXPLICIT_STRUCTURAL,S_DIRECT_PATH,POWERTRAIN,B1_Keyword,LOW,0.0455,0.0,0.0,0.0,1.0,0.0,1.0,0.68
V3_EXP_0059,EXPLICIT_STRUCTURAL,S_DIRECT_PATH,POWERTRAIN,B2_Raw_Embedding,LOW,0.0455,0.0,0.0,0.0,1.0,0.525,1.0,0.611
V3_EXP_0059,EXPLICIT_STRUCTURAL,S_DIRECT_PATH,POWERTRAIN,B3_Graph_Only,LOW,0.0455,1.0,0.0714,0.1333,1.0,0.8625,1.0,0.036
V3_EXP_0059,EXPLICIT_STRUCTURAL,S_DIRECT_PATH,POWERTRAIN,B4_Contextual_Embedding,LOW,0.0455,0.0,0.0,0.0,1.0,0.525,1.0,208.339
V3_EXP_0059,EXPLICIT_STRUCTURAL,S_DIRECT_PATH,POWERTRAIN,B5_AURA_Hybrid,LOW,0.0455,1.0,0.0714,0.1333,1.0,0.8625,1.0,0.122
V3_EXP_0060,EXPLICIT_STRUCTURAL,S_DIRECT_PATH,POWERTRAIN,B0_Full_Suite,LOW,0.05,1.0,0.0031,0.0062,1.0,0.0,1.0,0.1
V3_EXP_0060,EXPLICIT_STRUCTURAL,S_DIRECT_PATH,POWERTRAIN,B1_Keyword,LOW,0.05,0.0,0.0,0.0,1.0,0.0,1.0,0.668
V3_EXP_0060,EXPLICIT_STRUCTURAL,S_DIRECT_PATH,POWERTRAIN,B2_Raw_Embedding,LOW,0.05,0.0,0.0,0.0,1.0,0.5125,1.0,0.624
V3_EXP_0060,EXPLICIT_STRUCTURAL,S_DIRECT_PATH,POWERTRAIN,B3_Graph_Only,LOW,0.05,1.0,0.0714,0.1333,1.0,0.8625,1.0,0.041
V3_EXP_0060,EXPLICIT_STRUCTURAL,S_DIRECT_PATH,POWERTRAIN,B4_Contextual_Embedding,LOW,0.05,0.0,0.0,0.0,1.0,0.525,1.0,188.165
V3_EXP_0060,EXPLICIT_STRUCTURAL,S_DIRECT_PATH,POWERTRAIN,B5_AURA_Hybrid,LOW,0.05,1.0,0.0714,0.1333,1.0,0.8625,1.0,0.21
V3_EXP_0061,EXPLICIT_STRUCTURAL,S_DIRECT_PATH,BATTERY_EV,B0_Full_Suite,LOW,0.0909,1.0,0.0031,0.0062,1.0,0.0,1.0,0.1
V3_EXP_0061,EXPLICIT_STRUCTURAL,S_DIRECT_PATH,BATTERY_EV,B1_Keyword,LOW,0.0909,0.0,0.0,0.0,1.0,0.0,1.0,0.776
V3_EXP_0061,EXPLICIT_STRUCTURAL,S_DIRECT_PATH,BATTERY_EV,B2_Raw_Embedding,LOW,0.0909,0.0,0.0,0.0,1.0,0.4875,1.0,0.621
V3_EXP_0061,EXPLICIT_STRUCTURAL,S_DIRECT_PATH,BATTERY_EV,B3_Graph_Only,LOW,0.0909,1.0,0.0714,0.1333,1.0,0.8625,1.0,0.05
V3_EXP_0061,EXPLICIT_STRUCTURAL,S_DIRECT_PATH,BATTERY_EV,B4_Contextual_Embedding,LOW,0.0909,0.0,0.0,0.0,1.0,0.5,1.0,206.313
V3_EXP_0061,EXPLICIT_STRUCTURAL,S_DIRECT_PATH,BATTERY_EV,B5_AURA_Hybrid,LOW,0.0909,1.0,0.0714,0.1333,1.0,0.8625,1.0,0.267
V3_EXP_0062,EXPLICIT_STRUCTURAL,S_DIRECT_PATH,BATTERY_EV,B0_Full_Suite,LOW,0.1053,1.0,0.0031,0.0062,1.0,0.0,1.0,0.1
V3_EXP_0062,EXPLICIT_STRUCTURAL,S_DIRECT_PATH,BATTERY_EV,B1_Keyword,LOW,0.1053,0.0,0.0,0.0,1.0,0.0,1.0,0.698
V3_EXP_0062,EXPLICIT_STRUCTURAL,S_DIRECT_PATH,BATTERY_EV,B2_Raw_Embedding,LOW,0.1053,0.0,0.0,0.0,1.0,0.4875,1.0,0.601
V3_EXP_0062,EXPLICIT_STRUCTURAL,S_DIRECT_PATH,BATTERY_EV,B3_Graph_Only,LOW,0.1053,1.0,0.0714,0.1333,1.0,0.8625,1.0,0.037
V3_EXP_0062,EXPLICIT_STRUCTURAL,S_DIRECT_PATH,BATTERY_EV,B4_Contextual_Embedding,LOW,0.1053,0.0,0.0,0.0,1.0,0.5,1.0,206.208
V3_EXP_0062,EXPLICIT_STRUCTURAL,S_DIRECT_PATH,BATTERY_EV,B5_AURA_Hybrid,LOW,0.1053,1.0,0.0714,0.1333,1.0,0.8625,1.0,0.188
V3_EXP_0063,EXPLICIT_STRUCTURAL,S_DIRECT_PATH,BATTERY_EV,B0_Full_Suite,LOW,0.0476,1.0,0.0031,0.0062,1.0,0.0,1.0,0.1
V3_EXP_0063,EXPLICIT_STRUCTURAL,S_DIRECT_PATH,BATTERY_EV,B1_Keyword,LOW,0.0476,0.0,0.0,0.0,1.0,0.0,1.0,0.923
V3_EXP_0063,EXPLICIT_STRUCTURAL,S_DIRECT_PATH,BATTERY_EV,B2_Raw_Embedding,LOW,0.0476,0.0,0.0,0.0,1.0,0.4875,1.0,0.738
V3_EXP_0063,EXPLICIT_STRUCTURAL,S_DIRECT_PATH,BATTERY_EV,B3_Graph_Only,LOW,0.0476,1.0,0.0714,0.1333,1.0,0.8625,1.0,0.049
V3_EXP_0063,EXPLICIT_STRUCTURAL,S_DIRECT_PATH,BATTERY_EV,B4_Contextual_Embedding,LOW,0.0476,0.0,0.0,0.0,1.0,0.5,1.0,192.97
V3_EXP_0063,EXPLICIT_STRUCTURAL,S_DIRECT_PATH,BATTERY_EV,B5_AURA_Hybrid,LOW,0.0476,1.0,0.0714,0.1333,1.0,0.8625,1.0,0.133
V3_EXP_0064,EXPLICIT_STRUCTURAL,S_DIRECT_PATH,BATTERY_EV,B0_Full_Suite,LOW,0.0476,1.0,0.0031,0.0062,1.0,0.0,1.0,0.1
V3_EXP_0064,EXPLICIT_STRUCTURAL,S_DIRECT_PATH,BATTERY_EV,B1_Keyword,LOW,0.0476,0.0,0.0,0.0,1.0,0.0,1.0,0.71
V3_EXP_0064,EXPLICIT_STRUCTURAL,S_DIRECT_PATH,BATTERY_EV,B2_Raw_Embedding,LOW,0.0476,0.0,0.0,0.0,1.0,0.4875,1.0,0.672
V3_EXP_0064,EXPLICIT_STRUCTURAL,S_DIRECT_PATH,BATTERY_EV,B3_Graph_Only,LOW,0.0476,1.0,0.0714,0.1333,1.0,0.8625,1.0,0.051
V3_EXP_0064,EXPLICIT_STRUCTURAL,S_DIRECT_PATH,BATTERY_EV,B4_Contextual_Embedding,LOW,0.0476,0.0,0.0,0.0,1.0,0.5,1.0,197.238
V3_EXP_0064,EXPLICIT_STRUCTURAL,S_DIRECT_PATH,BATTERY_EV,B5_AURA_Hybrid,LOW,0.0476,1.0,0.0714,0.1333,1.0,0.8625,1.0,0.115
V3_EXP_0065,EXPLICIT_STRUCTURAL,S_DIRECT_PATH,BATTERY_EV,B0_Full_Suite,MEDIUM,0.1579,1.0,0.0031,0.0062,1.0,0.0,1.0,0.1
V3_EXP_0065,EXPLICIT_STRUCTURAL,S_DIRECT_PATH,BATTERY_EV,B1_Keyword,MEDIUM,0.1579,0.0,0.0,0.0,1.0,0.0,1.0,0.728
V3_EXP_0065,EXPLICIT_STRUCTURAL,S_DIRECT_PATH,BATTERY_EV,B2_Raw_Embedding,MEDIUM,0.1579,0.0,0.0,0.0,1.0,0.4875,1.0,0.642
V3_EXP_0065,EXPLICIT_STRUCTURAL,S_DIRECT_PATH,BATTERY_EV,B3_Graph_Only,MEDIUM,0.1579,1.0,0.0714,0.1333,1.0,0.8625,1.0,0.043
V3_EXP_0065,EXPLICIT_STRUCTURAL,S_DIRECT_PATH,BATTERY_EV,B4_Contextual_Embedding,MEDIUM,0.1579,0.0,0.0,0.0,1.0,0.5,1.0,237.205
V3_EXP_0065,EXPLICIT_STRUCTURAL,S_DIRECT_PATH,BATTERY_EV,B5_AURA_Hybrid,MEDIUM,0.1579,1.0,0.0714,0.1333,1.0,0.8625,1.0,0.089
V3_EXP_0066,EXPLICIT_STRUCTURAL,S_DIRECT_PATH,BATTERY_EV,B0_Full_Suite,LOW,0.0,1.0,0.0031,0.0062,1.0,0.0,1.0,0.1
V3_EXP_0066,EXPLICIT_STRUCTURAL,S_DIRECT_PATH,BATTERY_EV,B1_Keyword,LOW,0.0,0.0,0.0,0.0,1.0,0.0,1.0,0.8
V3_EXP_0066,EXPLICIT_STRUCTURAL,S_DIRECT_PATH,BATTERY_EV,B2_Raw_Embedding,LOW,0.0,0.0,0.0,0.0,1.0,0.4875,1.0,0.71
V3_EXP_0066,EXPLICIT_STRUCTURAL,S_DIRECT_PATH,BATTERY_EV,B3_Graph_Only,LOW,0.0,1.0,0.0714,0.1333,1.0,0.8625,1.0,0.053
V3_EXP_0066,EXPLICIT_STRUCTURAL,S_DIRECT_PATH,BATTERY_EV,B4_Contextual_Embedding,LOW,0.0,0.0,0.0,0.0,1.0,0.5,1.0,211.106
V3_EXP_0066,EXPLICIT_STRUCTURAL,S_DIRECT_PATH,BATTERY_EV,B5_AURA_Hybrid,LOW,0.0,1.0,0.0714,0.1333,1.0,0.8625,1.0,0.102
V3_EXP_0067,EXPLICIT_STRUCTURAL,S_DIRECT_PATH,BATTERY_EV,B0_Full_Suite,LOW,0.0909,1.0,0.0031,0.0062,1.0,0.0,1.0,0.1
V3_EXP_0067,EXPLICIT_STRUCTURAL,S_DIRECT_PATH,BATTERY_EV,B1_Keyword,LOW,0.0909,0.0,0.0,0.0,1.0,0.0,1.0,0.79
V3_EXP_0067,EXPLICIT_STRUCTURAL,S_DIRECT_PATH,BATTERY_EV,B2_Raw_Embedding,LOW,0.0909,0.0,0.0,0.0,1.0,0.4875,1.0,0.742
V3_EXP_0067,EXPLICIT_STRUCTURAL,S_DIRECT_PATH,BATTERY_EV,B3_Graph_Only,LOW,0.0909,1.0,0.0714,0.1333,1.0,0.8625,1.0,0.045
V3_EXP_0067,EXPLICIT_STRUCTURAL,S_DIRECT_PATH,BATTERY_EV,B4_Contextual_Embedding,LOW,0.0909,0.0,0.0,0.0,1.0,0.5,1.0,212.352
V3_EXP_0067,EXPLICIT_STRUCTURAL,S_DIRECT_PATH,BATTERY_EV,B5_AURA_Hybrid,LOW,0.0909,1.0,0.0714,0.1333,1.0,0.8625,1.0,0.096
V3_EXP_0068,EXPLICIT_STRUCTURAL,S_DIRECT_PATH,BATTERY_EV,B0_Full_Suite,LOW,0.1053,1.0,0.0031,0.0062,1.0,0.0,1.0,0.1
V3_EXP_0068,EXPLICIT_STRUCTURAL,S_DIRECT_PATH,BATTERY_EV,B1_Keyword,LOW,0.1053,0.0,0.0,0.0,1.0,0.0,1.0,0.586
V3_EXP_0068,EXPLICIT_STRUCTURAL,S_DIRECT_PATH,BATTERY_EV,B2_Raw_Embedding,LOW,0.1053,0.0,0.0,0.0,1.0,0.4875,1.0,0.52
V3_EXP_0068,EXPLICIT_STRUCTURAL,S_DIRECT_PATH,BATTERY_EV,B3_Graph_Only,LOW,0.1053,1.0,0.0714,0.1333,1.0,0.8625,1.0,0.036
V3_EXP_0068,EXPLICIT_STRUCTURAL,S_DIRECT_PATH,BATTERY_EV,B4_Contextual_Embedding,LOW,0.1053,0.0,0.0,0.0,1.0,0.5,1.0,213.925
V3_EXP_0068,EXPLICIT_STRUCTURAL,S_DIRECT_PATH,BATTERY_EV,B5_AURA_Hybrid,LOW,0.1053,1.0,0.0714,0.1333,1.0,0.8625,1.0,0.095
V3_EXP_0069,EXPLICIT_STRUCTURAL,S_DIRECT_PATH,BATTERY_EV,B0_Full_Suite,LOW,0.0476,1.0,0.0031,0.0062,1.0,0.0,1.0,0.1
V3_EXP_0069,EXPLICIT_STRUCTURAL,S_DIRECT_PATH,BATTERY_EV,B1_Keyword,LOW,0.0476,0.0,0.0,0.0,1.0,0.0,1.0,0.595
V3_EXP_0069,EXPLICIT_STRUCTURAL,S_DIRECT_PATH,BATTERY_EV,B2_Raw_Embedding,LOW,0.0476,0.0,0.0,0.0,1.0,0.4875,1.0,0.497
V3_EXP_0069,EXPLICIT_STRUCTURAL,S_DIRECT_PATH,BATTERY_EV,B3_Graph_Only,LOW,0.0476,1.0,0.0714,0.1333,1.0,0.8625,1.0,0.035
V3_EXP_0069,EXPLICIT_STRUCTURAL,S_DIRECT_PATH,BATTERY_EV,B4_Contextual_Embedding,LOW,0.0476,0.0,0.0,0.0,1.0,0.5,1.0,557.401
V3_EXP_0069,EXPLICIT_STRUCTURAL,S_DIRECT_PATH,BATTERY_EV,B5_AURA_Hybrid,LOW,0.0476,1.0,0.0714,0.1333,1.0,0.8625,1.0,0.27
V3_EXP_0070,EXPLICIT_STRUCTURAL,S_DIRECT_PATH,BATTERY_EV,B0_Full_Suite,LOW,0.0476,1.0,0.0031,0.0062,1.0,0.0,1.0,0.1
V3_EXP_0070,EXPLICIT_STRUCTURAL,S_DIRECT_PATH,BATTERY_EV,B1_Keyword,LOW,0.0476,0.0,0.0,0.0,1.0,0.0,1.0,1.908
V3_EXP_0070,EXPLICIT_STRUCTURAL,S_DIRECT_PATH,BATTERY_EV,B2_Raw_Embedding,LOW,0.0476,0.0,0.0,0.0,1.0,0.4875,1.0,1.785
V3_EXP_0070,EXPLICIT_STRUCTURAL,S_DIRECT_PATH,BATTERY_EV,B3_Graph_Only,LOW,0.0476,1.0,0.0714,0.1333,1.0,0.8625,1.0,0.122
V3_EXP_0070,EXPLICIT_STRUCTURAL,S_DIRECT_PATH,BATTERY_EV,B4_Contextual_Embedding,LOW,0.0476,0.0,0.0,0.0,1.0,0.5,1.0,582.777
V3_EXP_0070,EXPLICIT_STRUCTURAL,S_DIRECT_PATH,BATTERY_EV,B5_AURA_Hybrid,LOW,0.0476,1.0,0.0714,0.1333,1.0,0.8625,1.0,0.289
V3_EXP_0071,EXPLICIT_STRUCTURAL,S_DIRECT_PATH,BATTERY_EV,B0_Full_Suite,MEDIUM,0.1579,1.0,0.0031,0.0062,1.0,0.0,1.0,0.1
V3_EXP_0071,EXPLICIT_STRUCTURAL,S_DIRECT_PATH,BATTERY_EV,B1_Keyword,MEDIUM,0.1579,0.0,0.0,0.0,1.0,0.0,1.0,1.597
V3_EXP_0071,EXPLICIT_STRUCTURAL,S_DIRECT_PATH,BATTERY_EV,B2_Raw_Embedding,MEDIUM,0.1579,0.0,0.0,0.0,1.0,0.4875,1.0,1.647
V3_EXP_0071,EXPLICIT_STRUCTURAL,S_DIRECT_PATH,BATTERY_EV,B3_Graph_Only,MEDIUM,0.1579,1.0,0.0714,0.1333,1.0,0.8625,1.0,0.122
V3_EXP_0071,EXPLICIT_STRUCTURAL,S_DIRECT_PATH,BATTERY_EV,B4_Contextual_Embedding,MEDIUM,0.1579,0.0,0.0,0.0,1.0,0.5,1.0,545.67
V3_EXP_0071,EXPLICIT_STRUCTURAL,S_DIRECT_PATH,BATTERY_EV,B5_AURA_Hybrid,MEDIUM,0.1579,1.0,0.0714,0.1333,1.0,0.8625,1.0,0.321
V3_EXP_0072,EXPLICIT_STRUCTURAL,S_DIRECT_PATH,BATTERY_EV,B0_Full_Suite,LOW,0.0,1.0,0.0031,0.0062,1.0,0.0,1.0,0.1
V3_EXP_0072,EXPLICIT_STRUCTURAL,S_DIRECT_PATH,BATTERY_EV,B1_Keyword,LOW,0.0,0.0,0.0,0.0,1.0,0.0,1.0,1.116
V3_EXP_0072,EXPLICIT_STRUCTURAL,S_DIRECT_PATH,BATTERY_EV,B2_Raw_Embedding,LOW,0.0,0.0,0.0,0.0,1.0,0.4875,1.0,1.638
V3_EXP_0072,EXPLICIT_STRUCTURAL,S_DIRECT_PATH,BATTERY_EV,B3_Graph_Only,LOW,0.0,1.0,0.0714,0.1333,1.0,0.8625,1.0,0.125
V3_EXP_0072,EXPLICIT_STRUCTURAL,S_DIRECT_PATH,BATTERY_EV,B4_Contextual_Embedding,LOW,0.0,0.0,0.0,0.0,1.0,0.5,1.0,828.689
V3_EXP_0072,EXPLICIT_STRUCTURAL,S_DIRECT_PATH,BATTERY_EV,B5_AURA_Hybrid,LOW,0.0,1.0,0.0714,0.1333,1.0,0.8625,1.0,0.474
V3_EXP_0073,EXPLICIT_STRUCTURAL,S_DIRECT_PATH,BATTERY_EV,B0_Full_Suite,LOW,0.0909,1.0,0.0031,0.0062,1.0,0.0,1.0,0.1
V3_EXP_0073,EXPLICIT_STRUCTURAL,S_DIRECT_PATH,BATTERY_EV,B1_Keyword,LOW,0.0909,0.0,0.0,0.0,1.0,0.0,1.0,17.949
V3_EXP_0073,EXPLICIT_STRUCTURAL,S_DIRECT_PATH,BATTERY_EV,B2_Raw_Embedding,LOW,0.0909,0.0,0.0,0.0,1.0,0.4875,1.0,12.986
V3_EXP_0073,EXPLICIT_STRUCTURAL,S_DIRECT_PATH,BATTERY_EV,B3_Graph_Only,LOW,0.0909,1.0,0.0714,0.1333,1.0,0.8625,1.0,0.2
V3_EXP_0073,EXPLICIT_STRUCTURAL,S_DIRECT_PATH,BATTERY_EV,B4_Contextual_Embedding,LOW,0.0909,0.0,0.0,0.0,1.0,0.5,1.0,607.913
V3_EXP_0073,EXPLICIT_STRUCTURAL,S_DIRECT_PATH,BATTERY_EV,B5_AURA_Hybrid,LOW,0.0909,1.0,0.0714,0.1333,1.0,0.8625,1.0,0.3
V3_EXP_0074,EXPLICIT_STRUCTURAL,S_DIRECT_PATH,BATTERY_EV,B0_Full_Suite,LOW,0.1053,1.0,0.0031,0.0062,1.0,0.0,1.0,0.1
V3_EXP_0074,EXPLICIT_STRUCTURAL,S_DIRECT_PATH,BATTERY_EV,B1_Keyword,LOW,0.1053,0.0,0.0,0.0,1.0,0.0,1.0,1.824
V3_EXP_0074,EXPLICIT_STRUCTURAL,S_DIRECT_PATH,BATTERY_EV,B2_Raw_Embedding,LOW,0.1053,0.0,0.0,0.0,1.0,0.4875,1.0,1.785
V3_EXP_0074,EXPLICIT_STRUCTURAL,S_DIRECT_PATH,BATTERY_EV,B3_Graph_Only,LOW,0.1053,1.0,0.0714,0.1333,1.0,0.8625,1.0,0.127
V3_EXP_0074,EXPLICIT_STRUCTURAL,S_DIRECT_PATH,BATTERY_EV,B4_Contextual_Embedding,LOW,0.1053,0.0,0.0,0.0,1.0,0.5,1.0,556.846
V3_EXP_0074,EXPLICIT_STRUCTURAL,S_DIRECT_PATH,BATTERY_EV,B5_AURA_Hybrid,LOW,0.1053,1.0,0.0714,0.1333,1.0,0.8625,1.0,0.284
V3_EXP_0075,EXPLICIT_STRUCTURAL,S_DIRECT_PATH,BATTERY_EV,B0_Full_Suite,LOW,0.0476,1.0,0.0031,0.0062,1.0,0.0,1.0,0.1
V3_EXP_0075,EXPLICIT_STRUCTURAL,S_DIRECT_PATH,BATTERY_EV,B1_Keyword,LOW,0.0476,0.0,0.0,0.0,1.0,0.0,1.0,1.594
V3_EXP_0075,EXPLICIT_STRUCTURAL,S_DIRECT_PATH,BATTERY_EV,B2_Raw_Embedding,LOW,0.0476,0.0,0.0,0.0,1.0,0.4875,1.0,1.677
V3_EXP_0075,EXPLICIT_STRUCTURAL,S_DIRECT_PATH,BATTERY_EV,B3_Graph_Only,LOW,0.0476,1.0,0.0714,0.1333,1.0,0.8625,1.0,0.121
V3_EXP_0075,EXPLICIT_STRUCTURAL,S_DIRECT_PATH,BATTERY_EV,B4_Contextual_Embedding,LOW,0.0476,0.0,0.0,0.0,1.0,0.5,1.0,607.648
V3_EXP_0075,EXPLICIT_STRUCTURAL,S_DIRECT_PATH,BATTERY_EV,B5_AURA_Hybrid,LOW,0.0476,1.0,0.0714,0.1333,1.0,0.8625,1.0,0.298
V3_EXP_0076,EXPLICIT_STRUCTURAL,S_DIRECT_PATH,BATTERY_EV,B0_Full_Suite,LOW,0.0476,1.0,0.0031,0.0062,1.0,0.0,1.0,0.1
V3_EXP_0076,EXPLICIT_STRUCTURAL,S_DIRECT_PATH,BATTERY_EV,B1_Keyword,LOW,0.0476,0.0,0.0,0.0,1.0,0.0,1.0,1.607
V3_EXP_0076,EXPLICIT_STRUCTURAL,S_DIRECT_PATH,BATTERY_EV,B2_Raw_Embedding,LOW,0.0476,0.0,0.0,0.0,1.0,0.4875,1.0,1.695
V3_EXP_0076,EXPLICIT_STRUCTURAL,S_DIRECT_PATH,BATTERY_EV,B3_Graph_Only,LOW,0.0476,1.0,0.0714,0.1333,1.0,0.8625,1.0,0.118
V3_EXP_0076,EXPLICIT_STRUCTURAL,S_DIRECT_PATH,BATTERY_EV,B4_Contextual_Embedding,LOW,0.0476,0.0,0.0,0.0,1.0,0.5,1.0,602.03
V3_EXP_0076,EXPLICIT_STRUCTURAL,S_DIRECT_PATH,BATTERY_EV,B5_AURA_Hybrid,LOW,0.0476,1.0,0.0714,0.1333,1.0,0.8625,1.0,0.302
V3_EXP_0077,EXPLICIT_STRUCTURAL,S_DIRECT_PATH,BATTERY_EV,B0_Full_Suite,MEDIUM,0.1579,1.0,0.0031,0.0062,1.0,0.0,1.0,0.1
V3_EXP_0077,EXPLICIT_STRUCTURAL,S_DIRECT_PATH,BATTERY_EV,B1_Keyword,MEDIUM,0.1579,0.0,0.0,0.0,1.0,0.0,1.0,1.672
V3_EXP_0077,EXPLICIT_STRUCTURAL,S_DIRECT_PATH,BATTERY_EV,B2_Raw_Embedding,MEDIUM,0.1579,0.0,0.0,0.0,1.0,0.4875,1.0,1.756
V3_EXP_0077,EXPLICIT_STRUCTURAL,S_DIRECT_PATH,BATTERY_EV,B3_Graph_Only,MEDIUM,0.1579,1.0,0.0714,0.1333,1.0,0.8625,1.0,0.122
V3_EXP_0077,EXPLICIT_STRUCTURAL,S_DIRECT_PATH,BATTERY_EV,B4_Contextual_Embedding,MEDIUM,0.1579,0.0,0.0,0.0,1.0,0.5,1.0,625.01
V3_EXP_0077,EXPLICIT_STRUCTURAL,S_DIRECT_PATH,BATTERY_EV,B5_AURA_Hybrid,MEDIUM,0.1579,1.0,0.0714,0.1333,1.0,0.8625,1.0,0.298
V3_EXP_0078,EXPLICIT_STRUCTURAL,S_DIRECT_PATH,BATTERY_EV,B0_Full_Suite,LOW,0.0,1.0,0.0031,0.0062,1.0,0.0,1.0,0.1
V3_EXP_0078,EXPLICIT_STRUCTURAL,S_DIRECT_PATH,BATTERY_EV,B1_Keyword,LOW,0.0,0.0,0.0,0.0,1.0,0.0,1.0,1.815
V3_EXP_0078,EXPLICIT_STRUCTURAL,S_DIRECT_PATH,BATTERY_EV,B2_Raw_Embedding,LOW,0.0,0.0,0.0,0.0,1.0,0.4875,1.0,1.789
V3_EXP_0078,EXPLICIT_STRUCTURAL,S_DIRECT_PATH,BATTERY_EV,B3_Graph_Only,LOW,0.0,1.0,0.0714,0.1333,1.0,0.8625,1.0,0.117
V3_EXP_0078,EXPLICIT_STRUCTURAL,S_DIRECT_PATH,BATTERY_EV,B4_Contextual_Embedding,LOW,0.0,0.0,0.0,0.0,1.0,0.5,1.0,582.606
V3_EXP_0078,EXPLICIT_STRUCTURAL,S_DIRECT_PATH,BATTERY_EV,B5_AURA_Hybrid,LOW,0.0,1.0,0.0714,0.1333,1.0,0.8625,1.0,0.297
V3_EXP_0079,EXPLICIT_STRUCTURAL,S_DIRECT_PATH,BATTERY_EV,B0_Full_Suite,LOW,0.0909,1.0,0.0031,0.0062,1.0,0.0,1.0,0.1
V3_EXP_0079,EXPLICIT_STRUCTURAL,S_DIRECT_PATH,BATTERY_EV,B1_Keyword,LOW,0.0909,0.0,0.0,0.0,1.0,0.0,1.0,1.654
V3_EXP_0079,EXPLICIT_STRUCTURAL,S_DIRECT_PATH,BATTERY_EV,B2_Raw_Embedding,LOW,0.0909,0.0,0.0,0.0,1.0,0.8625,1.0,1.841
V3_EXP_0079,EXPLICIT_STRUCTURAL,S_DIRECT_PATH,BATTERY_EV,B3_Graph_Only,LOW,0.0909,1.0,0.0714,0.1333,1.0,0.8625,1.0,0.124
V3_EXP_0079,EXPLICIT_STRUCTURAL,S_DIRECT_PATH,BATTERY_EV,B4_Contextual_Embedding,LOW,0.0909,0.0,0.0,0.0,1.0,0.5,1.0,638.771
V3_EXP_0079,EXPLICIT_STRUCTURAL,S_DIRECT_PATH,BATTERY_EV,B5_AURA_Hybrid,LOW,0.0909,1.0,0.0714,0.1333,1.0,0.8625,1.0,0.404
V3_EXP_0080,EXPLICIT_STRUCTURAL,S_DIRECT_PATH,BATTERY_EV,B0_Full_Suite,LOW,0.1053,1.0,0.0031,0.0062,1.0,0.0,1.0,0.1
V3_EXP_0080,EXPLICIT_STRUCTURAL,S_DIRECT_PATH,BATTERY_EV,B1_Keyword,LOW,0.1053,0.0,0.0,0.0,1.0,0.0,1.0,1.798
V3_EXP_0080,EXPLICIT_STRUCTURAL,S_DIRECT_PATH,BATTERY_EV,B2_Raw_Embedding,LOW,0.1053,0.0,0.0,0.0,1.0,0.4875,1.0,1.937
V3_EXP_0080,EXPLICIT_STRUCTURAL,S_DIRECT_PATH,BATTERY_EV,B3_Graph_Only,LOW,0.1053,1.0,0.0714,0.1333,1.0,0.8625,1.0,0.124
V3_EXP_0080,EXPLICIT_STRUCTURAL,S_DIRECT_PATH,BATTERY_EV,B4_Contextual_Embedding,LOW,0.1053,0.0,0.0,0.0,1.0,0.5,1.0,618.466
V3_EXP_0080,EXPLICIT_STRUCTURAL,S_DIRECT_PATH,BATTERY_EV,B5_AURA_Hybrid,LOW,0.1053,1.0,0.0714,0.1333,1.0,0.8625,1.0,1.293
V3_EXP_0081,EXPLICIT_STRUCTURAL,S_DIRECT_PATH,BATTERY_EV,B0_Full_Suite,LOW,0.0476,1.0,0.0031,0.0062,1.0,0.0,1.0,0.1
V3_EXP_0081,EXPLICIT_STRUCTURAL,S_DIRECT_PATH,BATTERY_EV,B1_Keyword,LOW,0.0476,0.0,0.0,0.0,1.0,0.0,1.0,1.574
V3_EXP_0081,EXPLICIT_STRUCTURAL,S_DIRECT_PATH,BATTERY_EV,B2_Raw_Embedding,LOW,0.0476,0.0,0.0,0.0,1.0,0.4875,1.0,1.676
V3_EXP_0081,EXPLICIT_STRUCTURAL,S_DIRECT_PATH,BATTERY_EV,B3_Graph_Only,LOW,0.0476,1.0,0.0714,0.1333,1.0,0.8625,1.0,0.154
V3_EXP_0081,EXPLICIT_STRUCTURAL,S_DIRECT_PATH,BATTERY_EV,B4_Contextual_Embedding,LOW,0.0476,0.0,0.0,0.0,1.0,0.5,1.0,615.524
V3_EXP_0081,EXPLICIT_STRUCTURAL,S_DIRECT_PATH,BATTERY_EV,B5_AURA_Hybrid,LOW,0.0476,1.0,0.0714,0.1333,1.0,0.8625,1.0,0.277
V3_EXP_0082,EXPLICIT_STRUCTURAL,S_DIRECT_PATH,BATTERY_EV,B0_Full_Suite,LOW,0.0476,1.0,0.0031,0.0062,1.0,0.0,1.0,0.1
V3_EXP_0082,EXPLICIT_STRUCTURAL,S_DIRECT_PATH,BATTERY_EV,B1_Keyword,LOW,0.0476,0.0,0.0,0.0,1.0,0.0,1.0,1.658
V3_EXP_0082,EXPLICIT_STRUCTURAL,S_DIRECT_PATH,BATTERY_EV,B2_Raw_Embedding,LOW,0.0476,0.0,0.0,0.0,1.0,0.4875,1.0,1.741
V3_EXP_0082,EXPLICIT_STRUCTURAL,S_DIRECT_PATH,BATTERY_EV,B3_Graph_Only,LOW,0.0476,1.0,0.0714,0.1333,1.0,0.8625,1.0,0.121
V3_EXP_0082,EXPLICIT_STRUCTURAL,S_DIRECT_PATH,BATTERY_EV,B4_Contextual_Embedding,LOW,0.0476,0.0,0.0,0.0,1.0,0.5,1.0,802.898
V3_EXP_0082,EXPLICIT_STRUCTURAL,S_DIRECT_PATH,BATTERY_EV,B5_AURA_Hybrid,LOW,0.0476,1.0,0.0714,0.1333,1.0,0.8625,1.0,0.309
V3_EXP_0083,EXPLICIT_STRUCTURAL,S_DIRECT_PATH,BATTERY_EV,B0_Full_Suite,MEDIUM,0.1579,1.0,0.0031,0.0062,1.0,0.0,1.0,0.1
V3_EXP_0083,EXPLICIT_STRUCTURAL,S_DIRECT_PATH,BATTERY_EV,B1_Keyword,MEDIUM,0.1579,0.0,0.0,0.0,1.0,0.0,1.0,1.6
V3_EXP_0083,EXPLICIT_STRUCTURAL,S_DIRECT_PATH,BATTERY_EV,B2_Raw_Embedding,MEDIUM,0.1579,0.0,0.0,0.0,1.0,0.4875,1.0,1.713
V3_EXP_0083,EXPLICIT_STRUCTURAL,S_DIRECT_PATH,BATTERY_EV,B3_Graph_Only,MEDIUM,0.1579,1.0,0.0714,0.1333,1.0,0.8625,1.0,0.128
V3_EXP_0083,EXPLICIT_STRUCTURAL,S_DIRECT_PATH,BATTERY_EV,B4_Contextual_Embedding,MEDIUM,0.1579,0.0,0.0,0.0,1.0,0.5,1.0,657.585
V3_EXP_0083,EXPLICIT_STRUCTURAL,S_DIRECT_PATH,BATTERY_EV,B5_AURA_Hybrid,MEDIUM,0.1579,1.0,0.0714,0.1333,1.0,0.8625,1.0,0.292
V3_EXP_0084,EXPLICIT_STRUCTURAL,S_DIRECT_PATH,BATTERY_EV,B0_Full_Suite,LOW,0.0,1.0,0.0031,0.0062,1.0,0.0,1.0,0.1
V3_EXP_0084,EXPLICIT_STRUCTURAL,S_DIRECT_PATH,BATTERY_EV,B1_Keyword,LOW,0.0,0.0,0.0,0.0,1.0,0.0,1.0,1.667
V3_EXP_0084,EXPLICIT_STRUCTURAL,S_DIRECT_PATH,BATTERY_EV,B2_Raw_Embedding,LOW,0.0,0.0,0.0,0.0,1.0,0.4875,1.0,1.806
V3_EXP_0084,EXPLICIT_STRUCTURAL,S_DIRECT_PATH,BATTERY_EV,B3_Graph_Only,LOW,0.0,1.0,0.0714,0.1333,1.0,0.8625,1.0,0.127
V3_EXP_0084,EXPLICIT_STRUCTURAL,S_DIRECT_PATH,BATTERY_EV,B4_Contextual_Embedding,LOW,0.0,0.0,0.0,0.0,1.0,0.5,1.0,720.628
V3_EXP_0084,EXPLICIT_STRUCTURAL,S_DIRECT_PATH,BATTERY_EV,B5_AURA_Hybrid,LOW,0.0,1.0,0.0714,0.1333,1.0,0.8625,1.0,0.304
V3_EXP_0085,EXPLICIT_STRUCTURAL,S_DIRECT_PATH,BATTERY_EV,B0_Full_Suite,LOW,0.0909,1.0,0.0031,0.0062,1.0,0.0,1.0,0.1
V3_EXP_0085,EXPLICIT_STRUCTURAL,S_DIRECT_PATH,BATTERY_EV,B1_Keyword,LOW,0.0909,0.0,0.0,0.0,1.0,0.0,1.0,1.983
V3_EXP_0085,EXPLICIT_STRUCTURAL,S_DIRECT_PATH,BATTERY_EV,B2_Raw_Embedding,LOW,0.0909,0.0,0.0,0.0,1.0,0.4875,1.0,1.685
V3_EXP_0085,EXPLICIT_STRUCTURAL,S_DIRECT_PATH,BATTERY_EV,B3_Graph_Only,LOW,0.0909,1.0,0.0714,0.1333,1.0,0.8625,1.0,0.125
V3_EXP_0085,EXPLICIT_STRUCTURAL,S_DIRECT_PATH,BATTERY_EV,B4_Contextual_Embedding,LOW,0.0909,0.0,0.0,0.0,1.0,0.5,1.0,562.274
V3_EXP_0085,EXPLICIT_STRUCTURAL,S_DIRECT_PATH,BATTERY_EV,B5_AURA_Hybrid,LOW,0.0909,1.0,0.0714,0.1333,1.0,0.8625,1.0,0.407
V3_EXP_0086,EXPLICIT_STRUCTURAL,S_DIRECT_PATH,BATTERY_EV,B0_Full_Suite,LOW,0.1053,1.0,0.0031,0.0062,1.0,0.0,1.0,0.1
V3_EXP_0086,EXPLICIT_STRUCTURAL,S_DIRECT_PATH,BATTERY_EV,B1_Keyword,LOW,0.1053,0.0,0.0,0.0,1.0,0.0,1.0,3.302
V3_EXP_0086,EXPLICIT_STRUCTURAL,S_DIRECT_PATH,BATTERY_EV,B2_Raw_Embedding,LOW,0.1053,0.0,0.0,0.0,1.0,0.4875,1.0,1.74
V3_EXP_0086,EXPLICIT_STRUCTURAL,S_DIRECT_PATH,BATTERY_EV,B3_Graph_Only,LOW,0.1053,1.0,0.0714,0.1333,1.0,0.8625,1.0,0.122
V3_EXP_0086,EXPLICIT_STRUCTURAL,S_DIRECT_PATH,BATTERY_EV,B4_Contextual_Embedding,LOW,0.1053,0.0,0.0,0.0,1.0,0.5,1.0,602.459
V3_EXP_0086,EXPLICIT_STRUCTURAL,S_DIRECT_PATH,BATTERY_EV,B5_AURA_Hybrid,LOW,0.1053,1.0,0.0714,0.1333,1.0,0.8625,1.0,0.292
V3_EXP_0087,EXPLICIT_STRUCTURAL,S_DIRECT_PATH,BATTERY_EV,B0_Full_Suite,LOW,0.0476,1.0,0.0031,0.0062,1.0,0.0,1.0,0.1
V3_EXP_0087,EXPLICIT_STRUCTURAL,S_DIRECT_PATH,BATTERY_EV,B1_Keyword,LOW,0.0476,0.0,0.0,0.0,1.0,0.0,1.0,1.645
V3_EXP_0087,EXPLICIT_STRUCTURAL,S_DIRECT_PATH,BATTERY_EV,B2_Raw_Embedding,LOW,0.0476,0.0,0.0,0.0,1.0,0.4875,1.0,2.285
V3_EXP_0087,EXPLICIT_STRUCTURAL,S_DIRECT_PATH,BATTERY_EV,B3_Graph_Only,LOW,0.0476,1.0,0.0714,0.1333,1.0,0.8625,1.0,0.116
V3_EXP_0087,EXPLICIT_STRUCTURAL,S_DIRECT_PATH,BATTERY_EV,B4_Contextual_Embedding,LOW,0.0476,0.0,0.0,0.0,1.0,0.5,1.0,606.856
V3_EXP_0087,EXPLICIT_STRUCTURAL,S_DIRECT_PATH,BATTERY_EV,B5_AURA_Hybrid,LOW,0.0476,1.0,0.0714,0.1333,1.0,0.8625,1.0,0.296
V3_EXP_0088,EXPLICIT_STRUCTURAL,S_DIRECT_PATH,BATTERY_EV,B0_Full_Suite,LOW,0.0476,1.0,0.0031,0.0062,1.0,0.0,1.0,0.1
V3_EXP_0088,EXPLICIT_STRUCTURAL,S_DIRECT_PATH,BATTERY_EV,B1_Keyword,LOW,0.0476,0.0,0.0,0.0,1.0,0.0,1.0,1.671
V3_EXP_0088,EXPLICIT_STRUCTURAL,S_DIRECT_PATH,BATTERY_EV,B2_Raw_Embedding,LOW,0.0476,0.0,0.0,0.0,1.0,0.4875,1.0,2.237
V3_EXP_0088,EXPLICIT_STRUCTURAL,S_DIRECT_PATH,BATTERY_EV,B3_Graph_Only,LOW,0.0476,1.0,0.0714,0.1333,1.0,0.8625,1.0,0.131
V3_EXP_0088,EXPLICIT_STRUCTURAL,S_DIRECT_PATH,BATTERY_EV,B4_Contextual_Embedding,LOW,0.0476,0.0,0.0,0.0,1.0,0.5,1.0,695.639
V3_EXP_0088,EXPLICIT_STRUCTURAL,S_DIRECT_PATH,BATTERY_EV,B5_AURA_Hybrid,LOW,0.0476,1.0,0.0714,0.1333,1.0,0.8625,1.0,0.298
V3_EXP_0089,EXPLICIT_STRUCTURAL,S_DIRECT_PATH,BATTERY_EV,B0_Full_Suite,MEDIUM,0.1579,1.0,0.0031,0.0062,1.0,0.0,1.0,0.1
V3_EXP_0089,EXPLICIT_STRUCTURAL,S_DIRECT_PATH,BATTERY_EV,B1_Keyword,MEDIUM,0.1579,0.0,0.0,0.0,1.0,0.0,1.0,1.645
V3_EXP_0089,EXPLICIT_STRUCTURAL,S_DIRECT_PATH,BATTERY_EV,B2_Raw_Embedding,MEDIUM,0.1579,0.0,0.0,0.0,1.0,0.4875,1.0,1.883
V3_EXP_0089,EXPLICIT_STRUCTURAL,S_DIRECT_PATH,BATTERY_EV,B3_Graph_Only,MEDIUM,0.1579,1.0,0.0714,0.1333,1.0,0.8625,1.0,0.126
V3_EXP_0089,EXPLICIT_STRUCTURAL,S_DIRECT_PATH,BATTERY_EV,B4_Contextual_Embedding,MEDIUM,0.1579,0.0,0.0,0.0,1.0,0.5,1.0,599.901
V3_EXP_0089,EXPLICIT_STRUCTURAL,S_DIRECT_PATH,BATTERY_EV,B5_AURA_Hybrid,MEDIUM,0.1579,1.0,0.0714,0.1333,1.0,0.8625,1.0,0.372
V3_EXP_0090,EXPLICIT_STRUCTURAL,S_DIRECT_PATH,BATTERY_EV,B0_Full_Suite,LOW,0.0,1.0,0.0031,0.0062,1.0,0.0,1.0,0.1
V3_EXP_0090,EXPLICIT_STRUCTURAL,S_DIRECT_PATH,BATTERY_EV,B1_Keyword,LOW,0.0,0.0,0.0,0.0,1.0,0.0,1.0,1.638
V3_EXP_0090,EXPLICIT_STRUCTURAL,S_DIRECT_PATH,BATTERY_EV,B2_Raw_Embedding,LOW,0.0,0.0,0.0,0.0,1.0,0.4875,1.0,1.832
V3_EXP_0090,EXPLICIT_STRUCTURAL,S_DIRECT_PATH,BATTERY_EV,B3_Graph_Only,LOW,0.0,1.0,0.0714,0.1333,1.0,0.8625,1.0,0.14
V3_EXP_0090,EXPLICIT_STRUCTURAL,S_DIRECT_PATH,BATTERY_EV,B4_Contextual_Embedding,LOW,0.0,0.0,0.0,0.0,1.0,0.5,1.0,745.861
V3_EXP_0090,EXPLICIT_STRUCTURAL,S_DIRECT_PATH,BATTERY_EV,B5_AURA_Hybrid,LOW,0.0,1.0,0.0714,0.1333,1.0,0.8625,1.0,0.296
V3_EXP_0091,EXPLICIT_STRUCTURAL,S_DIRECT_PATH,BODY_ELECTRONICS,B0_Full_Suite,LOW,0.0,1.0,0.0063,0.0126,1.0,0.0,1.0,0.1
V3_EXP_0091,EXPLICIT_STRUCTURAL,S_DIRECT_PATH,BODY_ELECTRONICS,B1_Keyword,LOW,0.0,0.0,0.0,0.0,1.0,0.7917,1.0,1.519
V3_EXP_0091,EXPLICIT_STRUCTURAL,S_DIRECT_PATH,BODY_ELECTRONICS,B2_Raw_Embedding,LOW,0.0,0.0,0.0,0.0,1.0,0.7917,1.0,1.428
V3_EXP_0091,EXPLICIT_STRUCTURAL,S_DIRECT_PATH,BODY_ELECTRONICS,B3_Graph_Only,LOW,0.0,0.0,0.0,0.0,0.19999999999999996,0.9792,1.0,0.041
V3_EXP_0091,EXPLICIT_STRUCTURAL,S_DIRECT_PATH,BODY_ELECTRONICS,B4_Contextual_Embedding,LOW,0.0,0.0,0.0,0.0,1.0,0.7917,1.0,226.035
V3_EXP_0091,EXPLICIT_STRUCTURAL,S_DIRECT_PATH,BODY_ELECTRONICS,B5_AURA_Hybrid,LOW,0.0,0.0,0.0,0.0,0.19999999999999996,0.9792,1.0,0.095
V3_EXP_0092,EXPLICIT_STRUCTURAL,S_DIRECT_PATH,BODY_ELECTRONICS,B0_Full_Suite,LOW,0.0,1.0,0.0063,0.0126,1.0,0.0,1.0,0.1
V3_EXP_0092,EXPLICIT_STRUCTURAL,S_DIRECT_PATH,BODY_ELECTRONICS,B1_Keyword,LOW,0.0,0.0,0.0,0.0,1.0,0.7917,1.0,1.516
V3_EXP_0092,EXPLICIT_STRUCTURAL,S_DIRECT_PATH,BODY_ELECTRONICS,B2_Raw_Embedding,LOW,0.0,0.0,0.0,0.0,1.0,0.7917,1.0,1.759
V3_EXP_0092,EXPLICIT_STRUCTURAL,S_DIRECT_PATH,BODY_ELECTRONICS,B3_Graph_Only,LOW,0.0,0.0,0.0,0.0,0.19999999999999996,0.9792,1.0,0.032
V3_EXP_0092,EXPLICIT_STRUCTURAL,S_DIRECT_PATH,BODY_ELECTRONICS,B4_Contextual_Embedding,LOW,0.0,0.0,0.0,0.0,1.0,0.7917,1.0,225.924
V3_EXP_0092,EXPLICIT_STRUCTURAL,S_DIRECT_PATH,BODY_ELECTRONICS,B5_AURA_Hybrid,LOW,0.0,0.0,0.0,0.0,0.19999999999999996,0.9792,1.0,0.089
V3_EXP_0093,EXPLICIT_STRUCTURAL,S_DIRECT_PATH,BODY_ELECTRONICS,B0_Full_Suite,LOW,0.0,1.0,0.0063,0.0126,1.0,0.0,1.0,0.1
V3_EXP_0093,EXPLICIT_STRUCTURAL,S_DIRECT_PATH,BODY_ELECTRONICS,B1_Keyword,LOW,0.0,0.0,0.0,0.0,1.0,0.7917,1.0,1.522
V3_EXP_0093,EXPLICIT_STRUCTURAL,S_DIRECT_PATH,BODY_ELECTRONICS,B2_Raw_Embedding,LOW,0.0,0.0,0.0,0.0,1.0,0.7917,1.0,1.408
V3_EXP_0093,EXPLICIT_STRUCTURAL,S_DIRECT_PATH,BODY_ELECTRONICS,B3_Graph_Only,LOW,0.0,0.0,0.0,0.0,0.19999999999999996,0.9792,1.0,0.03
V3_EXP_0093,EXPLICIT_STRUCTURAL,S_DIRECT_PATH,BODY_ELECTRONICS,B4_Contextual_Embedding,LOW,0.0,0.0,0.0,0.0,1.0,0.7917,1.0,212.728
V3_EXP_0093,EXPLICIT_STRUCTURAL,S_DIRECT_PATH,BODY_ELECTRONICS,B5_AURA_Hybrid,LOW,0.0,0.0,0.0,0.0,0.19999999999999996,0.9792,1.0,0.097
V3_EXP_0094,EXPLICIT_STRUCTURAL,S_DIRECT_PATH,BODY_ELECTRONICS,B0_Full_Suite,LOW,0.0,1.0,0.0063,0.0126,1.0,0.0,1.0,0.1
V3_EXP_0094,EXPLICIT_STRUCTURAL,S_DIRECT_PATH,BODY_ELECTRONICS,B1_Keyword,LOW,0.0,0.0,0.0,0.0,1.0,0.7917,1.0,1.66
V3_EXP_0094,EXPLICIT_STRUCTURAL,S_DIRECT_PATH,BODY_ELECTRONICS,B2_Raw_Embedding,LOW,0.0,0.0,0.0,0.0,1.0,0.7917,1.0,1.575
V3_EXP_0094,EXPLICIT_STRUCTURAL,S_DIRECT_PATH,BODY_ELECTRONICS,B3_Graph_Only,LOW,0.0,0.0,0.0,0.0,0.19999999999999996,0.9792,1.0,0.033
V3_EXP_0094,EXPLICIT_STRUCTURAL,S_DIRECT_PATH,BODY_ELECTRONICS,B4_Contextual_Embedding,LOW,0.0,0.0,0.0,0.0,1.0,0.7917,1.0,224.797
V3_EXP_0094,EXPLICIT_STRUCTURAL,S_DIRECT_PATH,BODY_ELECTRONICS,B5_AURA_Hybrid,LOW,0.0,0.0,0.0,0.0,0.19999999999999996,0.9792,1.0,0.09
V3_EXP_0095,EXPLICIT_STRUCTURAL,S_DIRECT_PATH,BODY_ELECTRONICS,B0_Full_Suite,LOW,0.0,1.0,0.0063,0.0126,1.0,0.0,1.0,0.1
V3_EXP_0095,EXPLICIT_STRUCTURAL,S_DIRECT_PATH,BODY_ELECTRONICS,B1_Keyword,LOW,0.0,0.0,0.0,0.0,1.0,0.7917,1.0,1.693
V3_EXP_0095,EXPLICIT_STRUCTURAL,S_DIRECT_PATH,BODY_ELECTRONICS,B2_Raw_Embedding,LOW,0.0,0.0,0.0,0.0,1.0,0.7917,1.0,1.706
V3_EXP_0095,EXPLICIT_STRUCTURAL,S_DIRECT_PATH,BODY_ELECTRONICS,B3_Graph_Only,LOW,0.0,0.0,0.0,0.0,0.19999999999999996,0.9792,1.0,0.036
V3_EXP_0095,EXPLICIT_STRUCTURAL,S_DIRECT_PATH,BODY_ELECTRONICS,B4_Contextual_Embedding,LOW,0.0,0.0,0.0,0.0,1.0,0.7917,1.0,214.038
V3_EXP_0095,EXPLICIT_STRUCTURAL,S_DIRECT_PATH,BODY_ELECTRONICS,B5_AURA_Hybrid,LOW,0.0,0.0,0.0,0.0,0.19999999999999996,0.9792,1.0,0.104
V3_EXP_0096,EXPLICIT_STRUCTURAL,S_DIRECT_PATH,BODY_ELECTRONICS,B0_Full_Suite,LOW,0.0,1.0,0.0063,0.0126,1.0,0.0,1.0,0.1
V3_EXP_0096,EXPLICIT_STRUCTURAL,S_DIRECT_PATH,BODY_ELECTRONICS,B1_Keyword,LOW,0.0,0.0,0.0,0.0,1.0,0.7917,1.0,1.69
V3_EXP_0096,EXPLICIT_STRUCTURAL,S_DIRECT_PATH,BODY_ELECTRONICS,B2_Raw_Embedding,LOW,0.0,0.0,0.0,0.0,1.0,0.7917,1.0,2.562
V3_EXP_0096,EXPLICIT_STRUCTURAL,S_DIRECT_PATH,BODY_ELECTRONICS,B3_Graph_Only,LOW,0.0,0.0,0.0,0.0,0.19999999999999996,0.9792,1.0,0.037
V3_EXP_0096,EXPLICIT_STRUCTURAL,S_DIRECT_PATH,BODY_ELECTRONICS,B4_Contextual_Embedding,LOW,0.0,0.0,0.0,0.0,1.0,0.7917,1.0,230.329
V3_EXP_0096,EXPLICIT_STRUCTURAL,S_DIRECT_PATH,BODY_ELECTRONICS,B5_AURA_Hybrid,LOW,0.0,0.0,0.0,0.0,0.19999999999999996,0.9792,1.0,0.158
V3_EXP_0097,EXPLICIT_STRUCTURAL,S_DIRECT_PATH,BODY_ELECTRONICS,B0_Full_Suite,LOW,0.0,1.0,0.0063,0.0126,1.0,0.0,1.0,0.1
V3_EXP_0097,EXPLICIT_STRUCTURAL,S_DIRECT_PATH,BODY_ELECTRONICS,B1_Keyword,LOW,0.0,0.0,0.0,0.0,1.0,0.7917,1.0,2.803
V3_EXP_0097,EXPLICIT_STRUCTURAL,S_DIRECT_PATH,BODY_ELECTRONICS,B2_Raw_Embedding,LOW,0.0,0.0,0.0,0.0,1.0,0.7917,1.0,2.454
V3_EXP_0097,EXPLICIT_STRUCTURAL,S_DIRECT_PATH,BODY_ELECTRONICS,B3_Graph_Only,LOW,0.0,0.0,0.0,0.0,0.19999999999999996,0.9792,1.0,0.054
V3_EXP_0097,EXPLICIT_STRUCTURAL,S_DIRECT_PATH,BODY_ELECTRONICS,B4_Contextual_Embedding,LOW,0.0,0.0,0.0,0.0,1.0,0.7917,1.0,229.826
V3_EXP_0097,EXPLICIT_STRUCTURAL,S_DIRECT_PATH,BODY_ELECTRONICS,B5_AURA_Hybrid,LOW,0.0,0.0,0.0,0.0,0.19999999999999996,0.9792,1.0,0.097
V3_EXP_0098,EXPLICIT_STRUCTURAL,S_DIRECT_PATH,BODY_ELECTRONICS,B0_Full_Suite,LOW,0.0,1.0,0.0063,0.0126,1.0,0.0,1.0,0.1
V3_EXP_0098,EXPLICIT_STRUCTURAL,S_DIRECT_PATH,BODY_ELECTRONICS,B1_Keyword,LOW,0.0,0.0,0.0,0.0,0.9,0.8125,1.0,1.477
V3_EXP_0098,EXPLICIT_STRUCTURAL,S_DIRECT_PATH,BODY_ELECTRONICS,B2_Raw_Embedding,LOW,0.0,0.0,0.0,0.0,1.0,0.7917,1.0,1.429
V3_EXP_0098,EXPLICIT_STRUCTURAL,S_DIRECT_PATH,BODY_ELECTRONICS,B3_Graph_Only,LOW,0.0,0.0,0.0,0.0,0.19999999999999996,0.9792,1.0,0.032
V3_EXP_0098,EXPLICIT_STRUCTURAL,S_DIRECT_PATH,BODY_ELECTRONICS,B4_Contextual_Embedding,LOW,0.0,0.0,0.0,0.0,1.0,0.7917,1.0,214.413
V3_EXP_0098,EXPLICIT_STRUCTURAL,S_DIRECT_PATH,BODY_ELECTRONICS,B5_AURA_Hybrid,LOW,0.0,0.0,0.0,0.0,0.19999999999999996,0.9792,1.0,0.094
V3_EXP_0099,EXPLICIT_STRUCTURAL,S_DIRECT_PATH,BODY_ELECTRONICS,B0_Full_Suite,LOW,0.0,1.0,0.0063,0.0126,1.0,0.0,1.0,0.1
V3_EXP_0099,EXPLICIT_STRUCTURAL,S_DIRECT_PATH,BODY_ELECTRONICS,B1_Keyword,LOW,0.0,0.0,0.0,0.0,0.9,0.8125,1.0,1.516
V3_EXP_0099,EXPLICIT_STRUCTURAL,S_DIRECT_PATH,BODY_ELECTRONICS,B2_Raw_Embedding,LOW,0.0,0.0,0.0,0.0,1.0,0.7917,1.0,1.443
V3_EXP_0099,EXPLICIT_STRUCTURAL,S_DIRECT_PATH,BODY_ELECTRONICS,B3_Graph_Only,LOW,0.0,0.0,0.0,0.0,0.19999999999999996,0.9792,1.0,0.034
V3_EXP_0099,EXPLICIT_STRUCTURAL,S_DIRECT_PATH,BODY_ELECTRONICS,B4_Contextual_Embedding,LOW,0.0,0.0,0.0,0.0,1.0,0.8125,1.0,326.984
V3_EXP_0099,EXPLICIT_STRUCTURAL,S_DIRECT_PATH,BODY_ELECTRONICS,B5_AURA_Hybrid,LOW,0.0,0.0,0.0,0.0,0.19999999999999996,0.9792,1.0,0.093
V3_EXP_0100,EXPLICIT_STRUCTURAL,S_DIRECT_PATH,BODY_ELECTRONICS,B0_Full_Suite,LOW,0.0,1.0,0.0063,0.0126,1.0,0.0,1.0,0.1
V3_EXP_0100,EXPLICIT_STRUCTURAL,S_DIRECT_PATH,BODY_ELECTRONICS,B1_Keyword,LOW,0.0,0.0,0.0,0.0,0.9,0.8125,1.0,1.872
V3_EXP_0100,EXPLICIT_STRUCTURAL,S_DIRECT_PATH,BODY_ELECTRONICS,B2_Raw_Embedding,LOW,0.0,0.0,0.0,0.0,1.0,0.7917,1.0,1.634
V3_EXP_0100,EXPLICIT_STRUCTURAL,S_DIRECT_PATH,BODY_ELECTRONICS,B3_Graph_Only,LOW,0.0,0.0,0.0,0.0,0.19999999999999996,0.9792,1.0,0.036
V3_EXP_0100,EXPLICIT_STRUCTURAL,S_DIRECT_PATH,BODY_ELECTRONICS,B4_Contextual_Embedding,LOW,0.0,0.0,0.0,0.0,1.0,0.8125,1.0,199.331
V3_EXP_0100,EXPLICIT_STRUCTURAL,S_DIRECT_PATH,BODY_ELECTRONICS,B5_AURA_Hybrid,LOW,0.0,0.0,0.0,0.0,0.19999999999999996,0.9792,1.0,0.091
V3_EXP_0101,EXPLICIT_STRUCTURAL,S_DIRECT_PATH,BODY_ELECTRONICS,B0_Full_Suite,LOW,0.0,1.0,0.0063,0.0126,1.0,0.0,1.0,0.1
V3_EXP_0101,EXPLICIT_STRUCTURAL,S_DIRECT_PATH,BODY_ELECTRONICS,B1_Keyword,LOW,0.0,0.0,0.0,0.0,0.9,0.8125,1.0,1.584
V3_EXP_0101,EXPLICIT_STRUCTURAL,S_DIRECT_PATH,BODY_ELECTRONICS,B2_Raw_Embedding,LOW,0.0,0.0,0.0,0.0,1.0,0.7917,1.0,1.622
V3_EXP_0101,EXPLICIT_STRUCTURAL,S_DIRECT_PATH,BODY_ELECTRONICS,B3_Graph_Only,LOW,0.0,0.0,0.0,0.0,0.19999999999999996,0.9792,1.0,0.034
V3_EXP_0101,EXPLICIT_STRUCTURAL,S_DIRECT_PATH,BODY_ELECTRONICS,B4_Contextual_Embedding,LOW,0.0,0.0,0.0,0.0,1.0,0.8125,1.0,205.4
V3_EXP_0101,EXPLICIT_STRUCTURAL,S_DIRECT_PATH,BODY_ELECTRONICS,B5_AURA_Hybrid,LOW,0.0,0.0,0.0,0.0,0.19999999999999996,0.9792,1.0,0.106
V3_EXP_0102,EXPLICIT_STRUCTURAL,S_DIRECT_PATH,BODY_ELECTRONICS,B0_Full_Suite,LOW,0.0,1.0,0.0063,0.0126,1.0,0.0,1.0,0.1
V3_EXP_0102,EXPLICIT_STRUCTURAL,S_DIRECT_PATH,BODY_ELECTRONICS,B1_Keyword,LOW,0.0,0.0,0.0,0.0,0.9,0.8125,1.0,1.658
V3_EXP_0102,EXPLICIT_STRUCTURAL,S_DIRECT_PATH,BODY_ELECTRONICS,B2_Raw_Embedding,LOW,0.0,0.0,0.0,0.0,1.0,0.7917,1.0,1.432
V3_EXP_0102,EXPLICIT_STRUCTURAL,S_DIRECT_PATH,BODY_ELECTRONICS,B3_Graph_Only,LOW,0.0,0.0,0.0,0.0,0.19999999999999996,0.9792,1.0,0.032
V3_EXP_0102,EXPLICIT_STRUCTURAL,S_DIRECT_PATH,BODY_ELECTRONICS,B4_Contextual_Embedding,LOW,0.0,0.0,0.0,0.0,1.0,0.8125,1.0,204.666
V3_EXP_0102,EXPLICIT_STRUCTURAL,S_DIRECT_PATH,BODY_ELECTRONICS,B5_AURA_Hybrid,LOW,0.0,0.0,0.0,0.0,0.19999999999999996,0.9792,1.0,0.089
V3_EXP_0103,EXPLICIT_STRUCTURAL,S_DIRECT_PATH,BODY_ELECTRONICS,B0_Full_Suite,LOW,0.0,1.0,0.0063,0.0126,1.0,0.0,1.0,0.1
V3_EXP_0103,EXPLICIT_STRUCTURAL,S_DIRECT_PATH,BODY_ELECTRONICS,B1_Keyword,LOW,0.0,0.0,0.0,0.0,0.9,0.8125,1.0,1.449
V3_EXP_0103,EXPLICIT_STRUCTURAL,S_DIRECT_PATH,BODY_ELECTRONICS,B2_Raw_Embedding,LOW,0.0,0.0,0.0,0.0,1.0,0.7917,1.0,1.535
V3_EXP_0103,EXPLICIT_STRUCTURAL,S_DIRECT_PATH,BODY_ELECTRONICS,B3_Graph_Only,LOW,0.0,0.0,0.0,0.0,0.19999999999999996,0.9792,1.0,0.034
V3_EXP_0103,EXPLICIT_STRUCTURAL,S_DIRECT_PATH,BODY_ELECTRONICS,B4_Contextual_Embedding,LOW,0.0,0.0,0.0,0.0,1.0,0.8125,1.0,197.499
V3_EXP_0103,EXPLICIT_STRUCTURAL,S_DIRECT_PATH,BODY_ELECTRONICS,B5_AURA_Hybrid,LOW,0.0,0.0,0.0,0.0,0.19999999999999996,0.9792,1.0,0.096
V3_EXP_0104,EXPLICIT_STRUCTURAL,S_DIRECT_PATH,BODY_ELECTRONICS,B0_Full_Suite,LOW,0.0,1.0,0.0063,0.0126,1.0,0.0,1.0,0.1
V3_EXP_0104,EXPLICIT_STRUCTURAL,S_DIRECT_PATH,BODY_ELECTRONICS,B1_Keyword,LOW,0.0,0.0,0.0,0.0,0.9,0.8125,1.0,1.514
V3_EXP_0104,EXPLICIT_STRUCTURAL,S_DIRECT_PATH,BODY_ELECTRONICS,B2_Raw_Embedding,LOW,0.0,0.0,0.0,0.0,1.0,0.7917,1.0,1.385
V3_EXP_0104,EXPLICIT_STRUCTURAL,S_DIRECT_PATH,BODY_ELECTRONICS,B3_Graph_Only,LOW,0.0,0.0,0.0,0.0,0.19999999999999996,0.9792,1.0,0.031
V3_EXP_0104,EXPLICIT_STRUCTURAL,S_DIRECT_PATH,BODY_ELECTRONICS,B4_Contextual_Embedding,LOW,0.0,0.0,0.0,0.0,1.0,0.8125,1.0,206.888
V3_EXP_0104,EXPLICIT_STRUCTURAL,S_DIRECT_PATH,BODY_ELECTRONICS,B5_AURA_Hybrid,LOW,0.0,0.0,0.0,0.0,0.19999999999999996,0.9792,1.0,0.124
V3_EXP_0105,EXPLICIT_STRUCTURAL,S_DIRECT_PATH,BODY_ELECTRONICS,B0_Full_Suite,LOW,0.0,1.0,0.0063,0.0126,1.0,0.0,1.0,0.1
V3_EXP_0105,EXPLICIT_STRUCTURAL,S_DIRECT_PATH,BODY_ELECTRONICS,B1_Keyword,LOW,0.0,0.0,0.0,0.0,0.9,0.8125,1.0,2.143
V3_EXP_0105,EXPLICIT_STRUCTURAL,S_DIRECT_PATH,BODY_ELECTRONICS,B2_Raw_Embedding,LOW,0.0,0.0,0.0,0.0,1.0,0.7917,1.0,1.56
V3_EXP_0105,EXPLICIT_STRUCTURAL,S_DIRECT_PATH,BODY_ELECTRONICS,B3_Graph_Only,LOW,0.0,0.0,0.0,0.0,0.19999999999999996,0.9792,1.0,0.036
V3_EXP_0105,EXPLICIT_STRUCTURAL,S_DIRECT_PATH,BODY_ELECTRONICS,B4_Contextual_Embedding,LOW,0.0,0.0,0.0,0.0,1.0,0.8125,1.0,394.675
V3_EXP_0105,EXPLICIT_STRUCTURAL,S_DIRECT_PATH,BODY_ELECTRONICS,B5_AURA_Hybrid,LOW,0.0,0.0,0.0,0.0,0.19999999999999996,0.9792,1.0,0.09
V3_EXP_0106,EXPLICIT_STRUCTURAL,S_DIRECT_PATH,BODY_ELECTRONICS,B0_Full_Suite,LOW,0.0,1.0,0.0063,0.0126,1.0,0.0,1.0,0.1
V3_EXP_0106,EXPLICIT_STRUCTURAL,S_DIRECT_PATH,BODY_ELECTRONICS,B1_Keyword,LOW,0.0,0.0,0.0,0.0,0.9,0.8125,1.0,1.584
V3_EXP_0106,EXPLICIT_STRUCTURAL,S_DIRECT_PATH,BODY_ELECTRONICS,B2_Raw_Embedding,LOW,0.0,0.0,0.0,0.0,1.0,0.7917,1.0,1.577
V3_EXP_0106,EXPLICIT_STRUCTURAL,S_DIRECT_PATH,BODY_ELECTRONICS,B3_Graph_Only,LOW,0.0,0.0,0.0,0.0,0.19999999999999996,0.9792,1.0,0.049
V3_EXP_0106,EXPLICIT_STRUCTURAL,S_DIRECT_PATH,BODY_ELECTRONICS,B4_Contextual_Embedding,LOW,0.0,0.0,0.0,0.0,1.0,0.8125,1.0,438.96
V3_EXP_0106,EXPLICIT_STRUCTURAL,S_DIRECT_PATH,BODY_ELECTRONICS,B5_AURA_Hybrid,LOW,0.0,0.0,0.0,0.0,0.19999999999999996,0.9792,1.0,0.089
V3_EXP_0107,EXPLICIT_STRUCTURAL,S_DIRECT_PATH,BODY_ELECTRONICS,B0_Full_Suite,LOW,0.0,1.0,0.0063,0.0126,1.0,0.0,1.0,0.1
V3_EXP_0107,EXPLICIT_STRUCTURAL,S_DIRECT_PATH,BODY_ELECTRONICS,B1_Keyword,LOW,0.0,0.0,0.0,0.0,1.0,0.7917,1.0,1.674
V3_EXP_0107,EXPLICIT_STRUCTURAL,S_DIRECT_PATH,BODY_ELECTRONICS,B2_Raw_Embedding,LOW,0.0,0.0,0.0,0.0,1.0,0.7917,1.0,1.148
V3_EXP_0107,EXPLICIT_STRUCTURAL,S_DIRECT_PATH,BODY_ELECTRONICS,B3_Graph_Only,LOW,0.0,0.0,0.0,0.0,0.19999999999999996,0.9792,1.0,0.11
V3_EXP_0107,EXPLICIT_STRUCTURAL,S_DIRECT_PATH,BODY_ELECTRONICS,B4_Contextual_Embedding,LOW,0.0,0.0,0.0,0.0,1.0,0.7917,1.0,238.648
V3_EXP_0107,EXPLICIT_STRUCTURAL,S_DIRECT_PATH,BODY_ELECTRONICS,B5_AURA_Hybrid,LOW,0.0,0.0,0.0,0.0,0.19999999999999996,0.9792,1.0,0.155
V3_EXP_0108,EXPLICIT_STRUCTURAL,S_DIRECT_PATH,BODY_ELECTRONICS,B0_Full_Suite,LOW,0.0,1.0,0.0063,0.0126,1.0,0.0,1.0,0.1
V3_EXP_0108,EXPLICIT_STRUCTURAL,S_DIRECT_PATH,BODY_ELECTRONICS,B1_Keyword,LOW,0.0,0.0,0.0,0.0,1.0,0.7917,1.0,2.686
V3_EXP_0108,EXPLICIT_STRUCTURAL,S_DIRECT_PATH,BODY_ELECTRONICS,B2_Raw_Embedding,LOW,0.0,0.0,0.0,0.0,1.0,0.7917,1.0,2.521
V3_EXP_0108,EXPLICIT_STRUCTURAL,S_DIRECT_PATH,BODY_ELECTRONICS,B3_Graph_Only,LOW,0.0,0.0,0.0,0.0,0.19999999999999996,0.9792,1.0,0.074
V3_EXP_0108,EXPLICIT_STRUCTURAL,S_DIRECT_PATH,BODY_ELECTRONICS,B4_Contextual_Embedding,LOW,0.0,0.0,0.0,0.0,1.0,0.7917,1.0,524.072
V3_EXP_0108,EXPLICIT_STRUCTURAL,S_DIRECT_PATH,BODY_ELECTRONICS,B5_AURA_Hybrid,LOW,0.0,0.0,0.0,0.0,0.19999999999999996,0.9792,1.0,0.094
V3_EXP_0109,EXPLICIT_STRUCTURAL,S_DIRECT_PATH,BODY_ELECTRONICS,B0_Full_Suite,LOW,0.0,1.0,0.0063,0.0126,1.0,0.0,1.0,0.1
V3_EXP_0109,EXPLICIT_STRUCTURAL,S_DIRECT_PATH,BODY_ELECTRONICS,B1_Keyword,LOW,0.0,0.0,0.0,0.0,1.0,0.7917,1.0,1.553
V3_EXP_0109,EXPLICIT_STRUCTURAL,S_DIRECT_PATH,BODY_ELECTRONICS,B2_Raw_Embedding,LOW,0.0,0.0,0.0,0.0,1.0,0.7917,1.0,3.096
V3_EXP_0109,EXPLICIT_STRUCTURAL,S_DIRECT_PATH,BODY_ELECTRONICS,B3_Graph_Only,LOW,0.0,0.0,0.0,0.0,0.19999999999999996,0.9792,1.0,0.041
V3_EXP_0109,EXPLICIT_STRUCTURAL,S_DIRECT_PATH,BODY_ELECTRONICS,B4_Contextual_Embedding,LOW,0.0,0.0,0.0,0.0,1.0,0.7917,1.0,394.009
V3_EXP_0109,EXPLICIT_STRUCTURAL,S_DIRECT_PATH,BODY_ELECTRONICS,B5_AURA_Hybrid,LOW,0.0,0.0,0.0,0.0,0.19999999999999996,0.9792,1.0,0.097
V3_EXP_0110,EXPLICIT_STRUCTURAL,S_DIRECT_PATH,BODY_ELECTRONICS,B0_Full_Suite,LOW,0.0,1.0,0.0063,0.0126,1.0,0.0,1.0,0.1
V3_EXP_0110,EXPLICIT_STRUCTURAL,S_DIRECT_PATH,BODY_ELECTRONICS,B1_Keyword,LOW,0.0,0.0,0.0,0.0,1.0,0.7917,1.0,1.548
V3_EXP_0110,EXPLICIT_STRUCTURAL,S_DIRECT_PATH,BODY_ELECTRONICS,B2_Raw_Embedding,LOW,0.0,0.0,0.0,0.0,1.0,0.7917,1.0,1.865
V3_EXP_0110,EXPLICIT_STRUCTURAL,S_DIRECT_PATH,BODY_ELECTRONICS,B3_Graph_Only,LOW,0.0,0.0,0.0,0.0,0.19999999999999996,0.9792,1.0,0.037
V3_EXP_0110,EXPLICIT_STRUCTURAL,S_DIRECT_PATH,BODY_ELECTRONICS,B4_Contextual_Embedding,LOW,0.0,0.0,0.0,0.0,1.0,0.7917,1.0,216.295
V3_EXP_0110,EXPLICIT_STRUCTURAL,S_DIRECT_PATH,BODY_ELECTRONICS,B5_AURA_Hybrid,LOW,0.0,0.0,0.0,0.0,0.19999999999999996,0.9792,1.0,0.041
V3_EXP_0111,EXPLICIT_STRUCTURAL,S_DIRECT_PATH,BODY_ELECTRONICS,B0_Full_Suite,LOW,0.0,1.0,0.0063,0.0126,1.0,0.0,1.0,0.1
V3_EXP_0111,EXPLICIT_STRUCTURAL,S_DIRECT_PATH,BODY_ELECTRONICS,B1_Keyword,LOW,0.0,0.0,0.0,0.0,1.0,0.7917,1.0,1.572
V3_EXP_0111,EXPLICIT_STRUCTURAL,S_DIRECT_PATH,BODY_ELECTRONICS,B2_Raw_Embedding,LOW,0.0,0.0,0.0,0.0,1.0,0.7917,1.0,1.458
V3_EXP_0111,EXPLICIT_STRUCTURAL,S_DIRECT_PATH,BODY_ELECTRONICS,B3_Graph_Only,LOW,0.0,0.0,0.0,0.0,0.19999999999999996,0.9792,1.0,0.016
V3_EXP_0111,EXPLICIT_STRUCTURAL,S_DIRECT_PATH,BODY_ELECTRONICS,B4_Contextual_Embedding,LOW,0.0,0.0,0.0,0.0,1.0,0.7917,1.0,308.0
V3_EXP_0111,EXPLICIT_STRUCTURAL,S_DIRECT_PATH,BODY_ELECTRONICS,B5_AURA_Hybrid,LOW,0.0,0.0,0.0,0.0,0.19999999999999996,0.9792,1.0,0.094
V3_EXP_0112,EXPLICIT_STRUCTURAL,S_DIRECT_PATH,BODY_ELECTRONICS,B0_Full_Suite,LOW,0.0,1.0,0.0063,0.0126,1.0,0.0,1.0,0.1
V3_EXP_0112,EXPLICIT_STRUCTURAL,S_DIRECT_PATH,BODY_ELECTRONICS,B1_Keyword,LOW,0.0,0.0,0.0,0.0,1.0,0.7917,1.0,1.476
V3_EXP_0112,EXPLICIT_STRUCTURAL,S_DIRECT_PATH,BODY_ELECTRONICS,B2_Raw_Embedding,LOW,0.0,0.0,0.0,0.0,1.0,0.7917,1.0,1.36
V3_EXP_0112,EXPLICIT_STRUCTURAL,S_DIRECT_PATH,BODY_ELECTRONICS,B3_Graph_Only,LOW,0.0,0.0,0.0,0.0,0.19999999999999996,0.9792,1.0,0.03
V3_EXP_0112,EXPLICIT_STRUCTURAL,S_DIRECT_PATH,BODY_ELECTRONICS,B4_Contextual_Embedding,LOW,0.0,0.0,0.0,0.0,1.0,0.7917,1.0,204.262
V3_EXP_0112,EXPLICIT_STRUCTURAL,S_DIRECT_PATH,BODY_ELECTRONICS,B5_AURA_Hybrid,LOW,0.0,0.0,0.0,0.0,0.19999999999999996,0.9792,1.0,0.098
V3_EXP_0113,EXPLICIT_STRUCTURAL,S_DIRECT_PATH,BODY_ELECTRONICS,B0_Full_Suite,LOW,0.0,1.0,0.0063,0.0126,1.0,0.0,1.0,0.1
V3_EXP_0113,EXPLICIT_STRUCTURAL,S_DIRECT_PATH,BODY_ELECTRONICS,B1_Keyword,LOW,0.0,0.0,0.0,0.0,1.0,0.7917,1.0,1.581
V3_EXP_0113,EXPLICIT_STRUCTURAL,S_DIRECT_PATH,BODY_ELECTRONICS,B2_Raw_Embedding,LOW,0.0,0.0,0.0,0.0,1.0,0.7917,1.0,1.455
V3_EXP_0113,EXPLICIT_STRUCTURAL,S_DIRECT_PATH,BODY_ELECTRONICS,B3_Graph_Only,LOW,0.0,0.0,0.0,0.0,0.19999999999999996,0.9792,1.0,0.035
V3_EXP_0113,EXPLICIT_STRUCTURAL,S_DIRECT_PATH,BODY_ELECTRONICS,B4_Contextual_Embedding,LOW,0.0,0.0,0.0,0.0,1.0,0.7917,1.0,205.544
V3_EXP_0113,EXPLICIT_STRUCTURAL,S_DIRECT_PATH,BODY_ELECTRONICS,B5_AURA_Hybrid,LOW,0.0,0.0,0.0,0.0,0.19999999999999996,0.9792,1.0,0.105
V3_EXP_0114,EXPLICIT_STRUCTURAL,S_DIRECT_PATH,BODY_ELECTRONICS,B0_Full_Suite,LOW,0.0,1.0,0.0063,0.0126,1.0,0.0,1.0,0.1
V3_EXP_0114,EXPLICIT_STRUCTURAL,S_DIRECT_PATH,BODY_ELECTRONICS,B1_Keyword,LOW,0.0,0.0,0.0,0.0,0.9,0.8125,1.0,1.464
V3_EXP_0114,EXPLICIT_STRUCTURAL,S_DIRECT_PATH,BODY_ELECTRONICS,B2_Raw_Embedding,LOW,0.0,0.0,0.0,0.0,1.0,0.7917,1.0,1.363
V3_EXP_0114,EXPLICIT_STRUCTURAL,S_DIRECT_PATH,BODY_ELECTRONICS,B3_Graph_Only,LOW,0.0,0.0,0.0,0.0,0.19999999999999996,0.9792,1.0,0.032
V3_EXP_0114,EXPLICIT_STRUCTURAL,S_DIRECT_PATH,BODY_ELECTRONICS,B4_Contextual_Embedding,LOW,0.0,0.0,0.0,0.0,1.0,0.7917,1.0,296.826
V3_EXP_0114,EXPLICIT_STRUCTURAL,S_DIRECT_PATH,BODY_ELECTRONICS,B5_AURA_Hybrid,LOW,0.0,0.0,0.0,0.0,0.19999999999999996,0.9792,1.0,0.092
V3_EXP_0115,EXPLICIT_STRUCTURAL,S_DIRECT_PATH,BODY_ELECTRONICS,B0_Full_Suite,LOW,0.0,1.0,0.0063,0.0126,1.0,0.0,1.0,0.1
V3_EXP_0115,EXPLICIT_STRUCTURAL,S_DIRECT_PATH,BODY_ELECTRONICS,B1_Keyword,LOW,0.0,0.0,0.0,0.0,1.0,0.7708,1.0,1.609
V3_EXP_0115,EXPLICIT_STRUCTURAL,S_DIRECT_PATH,BODY_ELECTRONICS,B2_Raw_Embedding,LOW,0.0,0.0,0.0,0.0,1.0,0.7917,1.0,3.44
V3_EXP_0115,EXPLICIT_STRUCTURAL,S_DIRECT_PATH,BODY_ELECTRONICS,B3_Graph_Only,LOW,0.0,0.0,0.0,0.0,0.19999999999999996,0.9792,1.0,0.041
V3_EXP_0115,EXPLICIT_STRUCTURAL,S_DIRECT_PATH,BODY_ELECTRONICS,B4_Contextual_Embedding,LOW,0.0,0.0,0.0,0.0,1.0,0.8125,1.0,212.38
V3_EXP_0115,EXPLICIT_STRUCTURAL,S_DIRECT_PATH,BODY_ELECTRONICS,B5_AURA_Hybrid,LOW,0.0,0.0,0.0,0.0,0.19999999999999996,0.9792,1.0,0.093
V3_EXP_0116,EXPLICIT_STRUCTURAL,S_DIRECT_PATH,BODY_ELECTRONICS,B0_Full_Suite,LOW,0.0,1.0,0.0063,0.0126,1.0,0.0,1.0,0.1
V3_EXP_0116,EXPLICIT_STRUCTURAL,S_DIRECT_PATH,BODY_ELECTRONICS,B1_Keyword,LOW,0.0,0.0,0.0,0.0,1.0,0.7708,1.0,1.474
V3_EXP_0116,EXPLICIT_STRUCTURAL,S_DIRECT_PATH,BODY_ELECTRONICS,B2_Raw_Embedding,LOW,0.0,0.0,0.0,0.0,1.0,0.7917,1.0,2.001
V3_EXP_0116,EXPLICIT_STRUCTURAL,S_DIRECT_PATH,BODY_ELECTRONICS,B3_Graph_Only,LOW,0.0,0.0,0.0,0.0,0.19999999999999996,0.9792,1.0,0.033
V3_EXP_0116,EXPLICIT_STRUCTURAL,S_DIRECT_PATH,BODY_ELECTRONICS,B4_Contextual_Embedding,LOW,0.0,0.0,0.0,0.0,1.0,0.8125,1.0,327.706
V3_EXP_0116,EXPLICIT_STRUCTURAL,S_DIRECT_PATH,BODY_ELECTRONICS,B5_AURA_Hybrid,LOW,0.0,0.0,0.0,0.0,0.19999999999999996,0.9792,1.0,0.096
V3_EXP_0117,EXPLICIT_STRUCTURAL,S_DIRECT_PATH,BODY_ELECTRONICS,B0_Full_Suite,LOW,0.0,1.0,0.0063,0.0126,1.0,0.0,1.0,0.1
V3_EXP_0117,EXPLICIT_STRUCTURAL,S_DIRECT_PATH,BODY_ELECTRONICS,B1_Keyword,LOW,0.0,0.0,0.0,0.0,1.0,0.7708,1.0,1.494
V3_EXP_0117,EXPLICIT_STRUCTURAL,S_DIRECT_PATH,BODY_ELECTRONICS,B2_Raw_Embedding,LOW,0.0,0.0,0.0,0.0,1.0,0.7917,1.0,1.309
V3_EXP_0117,EXPLICIT_STRUCTURAL,S_DIRECT_PATH,BODY_ELECTRONICS,B3_Graph_Only,LOW,0.0,0.0,0.0,0.0,0.19999999999999996,0.9792,1.0,0.035
V3_EXP_0117,EXPLICIT_STRUCTURAL,S_DIRECT_PATH,BODY_ELECTRONICS,B4_Contextual_Embedding,LOW,0.0,0.0,0.0,0.0,1.0,0.8125,1.0,292.671
V3_EXP_0117,EXPLICIT_STRUCTURAL,S_DIRECT_PATH,BODY_ELECTRONICS,B5_AURA_Hybrid,LOW,0.0,0.0,0.0,0.0,0.19999999999999996,0.9792,1.0,0.099
V3_EXP_0118,EXPLICIT_STRUCTURAL,S_DIRECT_PATH,BODY_ELECTRONICS,B0_Full_Suite,LOW,0.0,1.0,0.0063,0.0126,1.0,0.0,1.0,0.1
V3_EXP_0118,EXPLICIT_STRUCTURAL,S_DIRECT_PATH,BODY_ELECTRONICS,B1_Keyword,LOW,0.0,0.0,0.0,0.0,1.0,0.7708,1.0,1.588
V3_EXP_0118,EXPLICIT_STRUCTURAL,S_DIRECT_PATH,BODY_ELECTRONICS,B2_Raw_Embedding,LOW,0.0,0.0,0.0,0.0,1.0,0.7917,1.0,1.519
V3_EXP_0118,EXPLICIT_STRUCTURAL,S_DIRECT_PATH,BODY_ELECTRONICS,B3_Graph_Only,LOW,0.0,0.0,0.0,0.0,0.19999999999999996,0.9792,1.0,0.033
V3_EXP_0118,EXPLICIT_STRUCTURAL,S_DIRECT_PATH,BODY_ELECTRONICS,B4_Contextual_Embedding,LOW,0.0,0.0,0.0,0.0,1.0,0.8125,1.0,196.227
V3_EXP_0118,EXPLICIT_STRUCTURAL,S_DIRECT_PATH,BODY_ELECTRONICS,B5_AURA_Hybrid,LOW,0.0,0.0,0.0,0.0,0.19999999999999996,0.9792,1.0,0.094
V3_EXP_0119,EXPLICIT_STRUCTURAL,S_DIRECT_PATH,BODY_ELECTRONICS,B0_Full_Suite,LOW,0.0,1.0,0.0063,0.0126,1.0,0.0,1.0,0.1
V3_EXP_0119,EXPLICIT_STRUCTURAL,S_DIRECT_PATH,BODY_ELECTRONICS,B1_Keyword,LOW,0.0,0.0,0.0,0.0,1.0,0.7708,1.0,1.447
V3_EXP_0119,EXPLICIT_STRUCTURAL,S_DIRECT_PATH,BODY_ELECTRONICS,B2_Raw_Embedding,LOW,0.0,0.0,0.0,0.0,1.0,0.7917,1.0,0.916
V3_EXP_0119,EXPLICIT_STRUCTURAL,S_DIRECT_PATH,BODY_ELECTRONICS,B3_Graph_Only,LOW,0.0,0.0,0.0,0.0,0.19999999999999996,0.9792,1.0,0.032
V3_EXP_0119,EXPLICIT_STRUCTURAL,S_DIRECT_PATH,BODY_ELECTRONICS,B4_Contextual_Embedding,LOW,0.0,0.0,0.0,0.0,1.0,0.8125,1.0,234.115
V3_EXP_0119,EXPLICIT_STRUCTURAL,S_DIRECT_PATH,BODY_ELECTRONICS,B5_AURA_Hybrid,LOW,0.0,0.0,0.0,0.0,0.19999999999999996,0.9792,1.0,0.096
V3_EXP_0120,EXPLICIT_STRUCTURAL,S_DIRECT_PATH,BODY_ELECTRONICS,B0_Full_Suite,LOW,0.0,1.0,0.0063,0.0126,1.0,0.0,1.0,0.1
V3_EXP_0120,EXPLICIT_STRUCTURAL,S_DIRECT_PATH,BODY_ELECTRONICS,B1_Keyword,LOW,0.0,0.0,0.0,0.0,1.0,0.7708,1.0,1.466
V3_EXP_0120,EXPLICIT_STRUCTURAL,S_DIRECT_PATH,BODY_ELECTRONICS,B2_Raw_Embedding,LOW,0.0,0.0,0.0,0.0,1.0,0.7917,1.0,1.397
V3_EXP_0120,EXPLICIT_STRUCTURAL,S_DIRECT_PATH,BODY_ELECTRONICS,B3_Graph_Only,LOW,0.0,0.0,0.0,0.0,0.19999999999999996,0.9792,1.0,0.034
V3_EXP_0120,EXPLICIT_STRUCTURAL,S_DIRECT_PATH,BODY_ELECTRONICS,B4_Contextual_Embedding,LOW,0.0,0.0,0.0,0.0,1.0,0.8125,1.0,205.431
V3_EXP_0120,EXPLICIT_STRUCTURAL,S_DIRECT_PATH,BODY_ELECTRONICS,B5_AURA_Hybrid,LOW,0.0,0.0,0.0,0.0,0.19999999999999996,0.9792,1.0,0.093
V3_HIDDEN_0121,HIDDEN_SEMANTIC,H1,ADAS,B0_Full_Suite,LOW,0.0,1.0,0.0023,0.0045,1.0,0.0,1.0,0.1
V3_HIDDEN_0121,HIDDEN_SEMANTIC,H1,ADAS,B1_Keyword,LOW,0.0,0.0,0.0,0.0,0.0,0.9882,1.0,1.726
V3_HIDDEN_0121,HIDDEN_SEMANTIC,H1,ADAS,B2_Raw_Embedding,LOW,0.0,0.0,0.0,0.0,1.0,0.8706,1.0,2.194
V3_HIDDEN_0121,HIDDEN_SEMANTIC,H1,ADAS,B3_Graph_Only,LOW,0.0,0.0,0.0,0.0,0.0,0.9882,1.0,0.009
V3_HIDDEN_0121,HIDDEN_SEMANTIC,H1,ADAS,B4_Contextual_Embedding,LOW,0.0,0.0,0.0,0.0,1.0,0.8706,1.0,2.749
V3_HIDDEN_0121,HIDDEN_SEMANTIC,H1,ADAS,B5_AURA_Hybrid,LOW,0.0,0.0,0.0,0.0,1.0,0.8706,1.0,3.095
V3_HIDDEN_0122,HIDDEN_SEMANTIC,H2,POWERTRAIN,B0_Full_Suite,LOW,0.0909,1.0,0.0031,0.0062,1.0,0.0,1.0,0.1
V3_HIDDEN_0122,HIDDEN_SEMANTIC,H2,POWERTRAIN,B1_Keyword,LOW,0.0909,1.0,0.05,0.0952,1.0,0.8375,1.0,1.392
V3_HIDDEN_0122,HIDDEN_SEMANTIC,H2,POWERTRAIN,B2_Raw_Embedding,LOW,0.0909,1.0,0.1,0.1818,0.9,0.875,1.0,2.088
V3_HIDDEN_0122,HIDDEN_SEMANTIC,H2,POWERTRAIN,B3_Graph_Only,LOW,0.0909,0.0,0.0,0.0,0.0,0.9875,1.0,0.009
V3_HIDDEN_0122,HIDDEN_SEMANTIC,H2,POWERTRAIN,B4_Contextual_Embedding,LOW,0.0909,1.0,0.1,0.1818,0.9,0.875,1.0,2.371
V3_HIDDEN_0122,HIDDEN_SEMANTIC,H2,POWERTRAIN,B5_AURA_Hybrid,LOW,0.0909,1.0,0.1,0.1818,0.9,0.875,1.0,2.752
V3_HIDDEN_0123,HIDDEN_SEMANTIC,H3,ADAS,B0_Full_Suite,LOW,0.0476,1.0,0.0023,0.0045,1.0,0.0,1.0,0.1
V3_HIDDEN_0123,HIDDEN_SEMANTIC,H3,ADAS,B1_Keyword,LOW,0.0476,0.0,0.0,0.0,0.09999999999999998,0.9765,1.0,1.334
V3_HIDDEN_0123,HIDDEN_SEMANTIC,H3,ADAS,B2_Raw_Embedding,LOW,0.0476,1.0,0.1,0.1818,0.9,0.8824,1.0,1.883
V3_HIDDEN_0123,HIDDEN_SEMANTIC,H3,ADAS,B3_Graph_Only,LOW,0.0476,0.0,0.0,0.0,0.0,0.9882,1.0,0.007
V3_HIDDEN_0123,HIDDEN_SEMANTIC,H3,ADAS,B4_Contextual_Embedding,LOW,0.0476,1.0,0.1,0.1818,0.9,0.8824,1.0,2.527
V3_HIDDEN_0123,HIDDEN_SEMANTIC,H3,ADAS,B5_AURA_Hybrid,LOW,0.0476,1.0,0.1,0.1818,0.9,0.8824,1.0,2.306
V3_HIDDEN_0124,HIDDEN_SEMANTIC,H4,ADAS,B0_Full_Suite,LOW,0.1,1.0,0.0023,0.0045,1.0,0.0,1.0,0.1
V3_HIDDEN_0124,HIDDEN_SEMANTIC,H4,ADAS,B1_Keyword,LOW,0.1,0.0,0.0,0.0,0.0,0.9882,1.0,0.885
V3_HIDDEN_0124,HIDDEN_SEMANTIC,H4,ADAS,B2_Raw_Embedding,LOW,0.1,0.0,0.0,0.0,1.0,0.8706,1.0,1.808
V3_HIDDEN_0124,HIDDEN_SEMANTIC,H4,ADAS,B3_Graph_Only,LOW,0.1,0.0,0.0,0.0,0.0,0.9882,1.0,0.008
V3_HIDDEN_0124,HIDDEN_SEMANTIC,H4,ADAS,B4_Contextual_Embedding,LOW,0.1,1.0,0.1,0.1818,0.9,0.8824,1.0,3.418
V3_HIDDEN_0124,HIDDEN_SEMANTIC,H4,ADAS,B5_AURA_Hybrid,LOW,0.1,1.0,0.1,0.1818,0.9,0.8824,1.0,2.819
V3_HIDDEN_0125,HIDDEN_SEMANTIC,H5,BATTERY_EV,B0_Full_Suite,LOW,0.1429,1.0,0.0031,0.0062,1.0,0.0,1.0,0.1
V3_HIDDEN_0125,HIDDEN_SEMANTIC,H5,BATTERY_EV,B1_Keyword,LOW,0.1429,0.0,0.0,0.0,1.0,0.825,1.0,1.402
V3_HIDDEN_0125,HIDDEN_SEMANTIC,H5,BATTERY_EV,B2_Raw_Embedding,LOW,0.1429,0.0,0.0,0.0,1.0,0.9,1.0,1.808
V3_HIDDEN_0125,HIDDEN_SEMANTIC,H5,BATTERY_EV,B3_Graph_Only,LOW,0.1429,0.0,0.0,0.0,0.0,0.9875,1.0,0.007
V3_HIDDEN_0125,HIDDEN_SEMANTIC,H5,BATTERY_EV,B4_Contextual_Embedding,LOW,0.1429,0.0,0.0,0.0,1.0,0.8625,1.0,2.203
V3_HIDDEN_0125,HIDDEN_SEMANTIC,H5,BATTERY_EV,B5_AURA_Hybrid,LOW,0.1429,0.0,0.0,0.0,1.0,0.8625,1.0,2.437
V3_HIDDEN_0126,HIDDEN_SEMANTIC,H6,BODY_ELECTRONICS,B0_Full_Suite,LOW,0.0588,1.0,0.0063,0.0126,1.0,0.0,1.0,0.1
V3_HIDDEN_0126,HIDDEN_SEMANTIC,H6,BODY_ELECTRONICS,B1_Keyword,LOW,0.0588,0.0,0.0,0.0,0.8,0.8125,1.0,1.22
V3_HIDDEN_0126,HIDDEN_SEMANTIC,H6,BODY_ELECTRONICS,B2_Raw_Embedding,LOW,0.0588,0.0,0.0,0.0,1.0,0.7708,1.0,1.41
V3_HIDDEN_0126,HIDDEN_SEMANTIC,H6,BODY_ELECTRONICS,B3_Graph_Only,LOW,0.0588,0.0,0.0,0.0,0.0,0.9792,1.0,0.007
V3_HIDDEN_0126,HIDDEN_SEMANTIC,H6,BODY_ELECTRONICS,B4_Contextual_Embedding,LOW,0.0588,0.0,0.0,0.0,1.0,0.7917,1.0,1.797
V3_HIDDEN_0126,HIDDEN_SEMANTIC,H6,BODY_ELECTRONICS,B5_AURA_Hybrid,LOW,0.0588,0.0,0.0,0.0,1.0,0.7917,1.0,1.983
V3_HIDDEN_0127,HIDDEN_SEMANTIC,H7,BATTERY_EV,B0_Full_Suite,MEDIUM,0.25,1.0,0.0031,0.0062,1.0,0.0,1.0,0.1
V3_HIDDEN_0127,HIDDEN_SEMANTIC,H7,BATTERY_EV,B1_Keyword,MEDIUM,0.25,1.0,0.0435,0.0833,1.0,0.825,1.0,1.228
V3_HIDDEN_0127,HIDDEN_SEMANTIC,H7,BATTERY_EV,B2_Raw_Embedding,MEDIUM,0.25,0.0,0.0,0.0,1.0,0.8875,1.0,1.668
V3_HIDDEN_0127,HIDDEN_SEMANTIC,H7,BATTERY_EV,B3_Graph_Only,MEDIUM,0.25,0.0,0.0,0.0,0.0,0.9875,1.0,0.007
V3_HIDDEN_0127,HIDDEN_SEMANTIC,H7,BATTERY_EV,B4_Contextual_Embedding,MEDIUM,0.25,1.0,0.1,0.1818,0.9,0.875,1.0,1.9
V3_HIDDEN_0127,HIDDEN_SEMANTIC,H7,BATTERY_EV,B5_AURA_Hybrid,MEDIUM,0.25,1.0,0.1,0.1818,0.9,0.875,1.0,2.425
V3_HIDDEN_0128,HIDDEN_SEMANTIC,H8,POWERTRAIN,B0_Full_Suite,LOW,0.1429,1.0,0.0031,0.0062,1.0,0.0,1.0,0.1
V3_HIDDEN_0128,HIDDEN_SEMANTIC,H8,POWERTRAIN,B1_Keyword,LOW,0.1429,1.0,0.0256,0.05,1.0,0.7,1.0,1.272
V3_HIDDEN_0128,HIDDEN_SEMANTIC,H8,POWERTRAIN,B2_Raw_Embedding,LOW,0.1429,0.0,0.0,0.0,1.0,0.8875,1.0,0.742
V3_HIDDEN_0128,HIDDEN_SEMANTIC,H8,POWERTRAIN,B3_Graph_Only,LOW,0.1429,0.0,0.0,0.0,0.0,0.9875,1.0,0.003
V3_HIDDEN_0128,HIDDEN_SEMANTIC,H8,POWERTRAIN,B4_Contextual_Embedding,LOW,0.1429,0.0,0.0,0.0,1.0,0.8625,1.0,2.341
V3_HIDDEN_0128,HIDDEN_SEMANTIC,H8,POWERTRAIN,B5_AURA_Hybrid,LOW,0.1429,0.0,0.0,0.0,1.0,0.8625,1.0,2.839
V3_HIDDEN_0129,HIDDEN_SEMANTIC,H9,ADAS,B0_Full_Suite,LOW,0.0952,1.0,0.0023,0.0045,1.0,0.0,1.0,0.1
V3_HIDDEN_0129,HIDDEN_SEMANTIC,H9,ADAS,B1_Keyword,LOW,0.0952,0.0,0.0,0.0,0.19999999999999996,0.9647,1.0,1.345
V3_HIDDEN_0129,HIDDEN_SEMANTIC,H9,ADAS,B2_Raw_Embedding,LOW,0.0952,0.0,0.0,0.0,1.0,0.8824,1.0,1.845
V3_HIDDEN_0129,HIDDEN_SEMANTIC,H9,ADAS,B3_Graph_Only,LOW,0.0952,0.0,0.0,0.0,0.0,0.9882,1.0,0.007
V3_HIDDEN_0129,HIDDEN_SEMANTIC,H9,ADAS,B4_Contextual_Embedding,LOW,0.0952,0.0,0.0,0.0,1.0,0.8706,1.0,2.376
V3_HIDDEN_0129,HIDDEN_SEMANTIC,H9,ADAS,B5_AURA_Hybrid,LOW,0.0952,0.0,0.0,0.0,1.0,0.8706,1.0,2.402
V3_HIDDEN_0130,HIDDEN_SEMANTIC,H10,ADAS,B0_Full_Suite,LOW,0.0,1.0,0.0023,0.0045,1.0,0.0,1.0,0.1
V3_HIDDEN_0130,HIDDEN_SEMANTIC,H10,ADAS,B1_Keyword,LOW,0.0,0.0,0.0,0.0,0.09999999999999998,0.9765,1.0,1.194
V3_HIDDEN_0130,HIDDEN_SEMANTIC,H10,ADAS,B2_Raw_Embedding,LOW,0.0,0.0,0.0,0.0,1.0,0.8824,1.0,1.631
V3_HIDDEN_0130,HIDDEN_SEMANTIC,H10,ADAS,B3_Graph_Only,LOW,0.0,0.0,0.0,0.0,0.0,0.9882,1.0,0.01
V3_HIDDEN_0130,HIDDEN_SEMANTIC,H10,ADAS,B4_Contextual_Embedding,LOW,0.0,0.0,0.0,0.0,1.0,0.8706,1.0,2.194
V3_HIDDEN_0130,HIDDEN_SEMANTIC,H10,ADAS,B5_AURA_Hybrid,LOW,0.0,0.0,0.0,0.0,1.0,0.8706,1.0,2.324
V3_HIDDEN_0131,HIDDEN_SEMANTIC,H1,ADAS,B0_Full_Suite,LOW,0.0,1.0,0.0023,0.0045,1.0,0.0,1.0,0.1
V3_HIDDEN_0131,HIDDEN_SEMANTIC,H1,ADAS,B1_Keyword,LOW,0.0,0.0,0.0,0.0,0.0,0.9882,1.0,1.18
V3_HIDDEN_0131,HIDDEN_SEMANTIC,H1,ADAS,B2_Raw_Embedding,LOW,0.0,0.0,0.0,0.0,1.0,0.8706,1.0,2.265
V3_HIDDEN_0131,HIDDEN_SEMANTIC,H1,ADAS,B3_Graph_Only,LOW,0.0,0.0,0.0,0.0,0.0,0.9882,1.0,0.007
V3_HIDDEN_0131,HIDDEN_SEMANTIC,H1,ADAS,B4_Contextual_Embedding,LOW,0.0,0.0,0.0,0.0,1.0,0.8706,1.0,2.501
V3_HIDDEN_0131,HIDDEN_SEMANTIC,H1,ADAS,B5_AURA_Hybrid,LOW,0.0,0.0,0.0,0.0,1.0,0.8706,1.0,2.793
V3_HIDDEN_0132,HIDDEN_SEMANTIC,H2,POWERTRAIN,B0_Full_Suite,LOW,0.0909,1.0,0.0031,0.0062,1.0,0.0,1.0,0.1
V3_HIDDEN_0132,HIDDEN_SEMANTIC,H2,POWERTRAIN,B1_Keyword,LOW,0.0909,1.0,0.0526,0.1,1.0,0.85,1.0,1.236
V3_HIDDEN_0132,HIDDEN_SEMANTIC,H2,POWERTRAIN,B2_Raw_Embedding,LOW,0.0909,1.0,0.1,0.1818,0.9,0.875,1.0,1.979
V3_HIDDEN_0132,HIDDEN_SEMANTIC,H2,POWERTRAIN,B3_Graph_Only,LOW,0.0909,0.0,0.0,0.0,0.0,0.9875,1.0,0.007
V3_HIDDEN_0132,HIDDEN_SEMANTIC,H2,POWERTRAIN,B4_Contextual_Embedding,LOW,0.0909,1.0,0.1,0.1818,0.9,0.875,1.0,2.935
V3_HIDDEN_0132,HIDDEN_SEMANTIC,H2,POWERTRAIN,B5_AURA_Hybrid,LOW,0.0909,1.0,0.1,0.1818,0.9,0.875,1.0,2.732
V3_HIDDEN_0133,HIDDEN_SEMANTIC,H3,ADAS,B0_Full_Suite,LOW,0.0476,1.0,0.0023,0.0045,1.0,0.0,1.0,0.1
V3_HIDDEN_0133,HIDDEN_SEMANTIC,H3,ADAS,B1_Keyword,LOW,0.0476,0.0,0.0,0.0,0.09999999999999998,0.9765,1.0,1.327
V3_HIDDEN_0133,HIDDEN_SEMANTIC,H3,ADAS,B2_Raw_Embedding,LOW,0.0476,1.0,0.1,0.1818,0.9,0.8824,1.0,1.933
V3_HIDDEN_0133,HIDDEN_SEMANTIC,H3,ADAS,B3_Graph_Only,LOW,0.0476,0.0,0.0,0.0,0.0,0.9882,1.0,0.007
V3_HIDDEN_0133,HIDDEN_SEMANTIC,H3,ADAS,B4_Contextual_Embedding,LOW,0.0476,1.0,0.1,0.1818,0.9,0.8824,1.0,2.92
V3_HIDDEN_0133,HIDDEN_SEMANTIC,H3,ADAS,B5_AURA_Hybrid,LOW,0.0476,1.0,0.1,0.1818,0.9,0.8824,1.0,3.012
V3_HIDDEN_0134,HIDDEN_SEMANTIC,H4,ADAS,B0_Full_Suite,LOW,0.1,1.0,0.0023,0.0045,1.0,0.0,1.0,0.1
V3_HIDDEN_0134,HIDDEN_SEMANTIC,H4,ADAS,B1_Keyword,LOW,0.1,0.0,0.0,0.0,0.0,0.9882,1.0,1.345
V3_HIDDEN_0134,HIDDEN_SEMANTIC,H4,ADAS,B2_Raw_Embedding,LOW,0.1,0.0,0.0,0.0,1.0,0.8706,1.0,1.905
V3_HIDDEN_0134,HIDDEN_SEMANTIC,H4,ADAS,B3_Graph_Only,LOW,0.1,0.0,0.0,0.0,0.0,0.9882,1.0,0.007
V3_HIDDEN_0134,HIDDEN_SEMANTIC,H4,ADAS,B4_Contextual_Embedding,LOW,0.1,1.0,0.1,0.1818,0.9,0.8824,1.0,2.622
V3_HIDDEN_0134,HIDDEN_SEMANTIC,H4,ADAS,B5_AURA_Hybrid,LOW,0.1,1.0,0.1,0.1818,0.9,0.8824,1.0,2.096
V3_HIDDEN_0135,HIDDEN_SEMANTIC,H5,BATTERY_EV,B0_Full_Suite,LOW,0.1429,1.0,0.0031,0.0062,1.0,0.0,1.0,0.1
V3_HIDDEN_0135,HIDDEN_SEMANTIC,H5,BATTERY_EV,B1_Keyword,LOW,0.1429,0.0,0.0,0.0,1.0,0.825,1.0,1.425
V3_HIDDEN_0135,HIDDEN_SEMANTIC,H5,BATTERY_EV,B2_Raw_Embedding,LOW,0.1429,0.0,0.0,0.0,1.0,0.9,1.0,2.502
V3_HIDDEN_0135,HIDDEN_SEMANTIC,H5,BATTERY_EV,B3_Graph_Only,LOW,0.1429,0.0,0.0,0.0,0.0,0.9875,1.0,0.007
V3_HIDDEN_0135,HIDDEN_SEMANTIC,H5,BATTERY_EV,B4_Contextual_Embedding,LOW,0.1429,0.0,0.0,0.0,1.0,0.8625,1.0,2.62
V3_HIDDEN_0135,HIDDEN_SEMANTIC,H5,BATTERY_EV,B5_AURA_Hybrid,LOW,0.1429,0.0,0.0,0.0,1.0,0.8625,1.0,1.959
V3_HIDDEN_0136,HIDDEN_SEMANTIC,H6,BODY_ELECTRONICS,B0_Full_Suite,LOW,0.0588,1.0,0.0063,0.0126,1.0,0.0,1.0,0.1
V3_HIDDEN_0136,HIDDEN_SEMANTIC,H6,BODY_ELECTRONICS,B1_Keyword,LOW,0.0588,0.0,0.0,0.0,0.8,0.8125,1.0,0.51
V3_HIDDEN_0136,HIDDEN_SEMANTIC,H6,BODY_ELECTRONICS,B2_Raw_Embedding,LOW,0.0588,0.0,0.0,0.0,1.0,0.7708,1.0,1.407
V3_HIDDEN_0136,HIDDEN_SEMANTIC,H6,BODY_ELECTRONICS,B3_Graph_Only,LOW,0.0588,0.0,0.0,0.0,0.0,0.9792,1.0,0.007
V3_HIDDEN_0136,HIDDEN_SEMANTIC,H6,BODY_ELECTRONICS,B4_Contextual_Embedding,LOW,0.0588,0.0,0.0,0.0,1.0,0.7917,1.0,2.514
V3_HIDDEN_0136,HIDDEN_SEMANTIC,H6,BODY_ELECTRONICS,B5_AURA_Hybrid,LOW,0.0588,0.0,0.0,0.0,1.0,0.7917,1.0,2.849
V3_HIDDEN_0137,HIDDEN_SEMANTIC,H7,BATTERY_EV,B0_Full_Suite,MEDIUM,0.25,1.0,0.0031,0.0062,1.0,0.0,1.0,0.1
V3_HIDDEN_0137,HIDDEN_SEMANTIC,H7,BATTERY_EV,B1_Keyword,MEDIUM,0.25,1.0,0.0435,0.0833,1.0,0.825,1.0,1.358
V3_HIDDEN_0137,HIDDEN_SEMANTIC,H7,BATTERY_EV,B2_Raw_Embedding,MEDIUM,0.25,0.0,0.0,0.0,1.0,0.8875,1.0,2.411
V3_HIDDEN_0137,HIDDEN_SEMANTIC,H7,BATTERY_EV,B3_Graph_Only,MEDIUM,0.25,0.0,0.0,0.0,0.0,0.9875,1.0,0.007
V3_HIDDEN_0137,HIDDEN_SEMANTIC,H7,BATTERY_EV,B4_Contextual_Embedding,MEDIUM,0.25,1.0,0.1,0.1818,0.9,0.875,1.0,2.482
V3_HIDDEN_0137,HIDDEN_SEMANTIC,H7,BATTERY_EV,B5_AURA_Hybrid,MEDIUM,0.25,1.0,0.1,0.1818,0.9,0.875,1.0,2.382
V3_HIDDEN_0138,HIDDEN_SEMANTIC,H8,POWERTRAIN,B0_Full_Suite,LOW,0.1429,1.0,0.0031,0.0062,1.0,0.0,1.0,0.1
V3_HIDDEN_0138,HIDDEN_SEMANTIC,H8,POWERTRAIN,B1_Keyword,LOW,0.1429,1.0,0.0256,0.05,1.0,0.7,1.0,1.557
V3_HIDDEN_0138,HIDDEN_SEMANTIC,H8,POWERTRAIN,B2_Raw_Embedding,LOW,0.1429,0.0,0.0,0.0,1.0,0.8875,1.0,1.727
V3_HIDDEN_0138,HIDDEN_SEMANTIC,H8,POWERTRAIN,B3_Graph_Only,LOW,0.1429,0.0,0.0,0.0,0.0,0.9875,1.0,0.008
V3_HIDDEN_0138,HIDDEN_SEMANTIC,H8,POWERTRAIN,B4_Contextual_Embedding,LOW,0.1429,0.0,0.0,0.0,1.0,0.8625,1.0,2.265
V3_HIDDEN_0138,HIDDEN_SEMANTIC,H8,POWERTRAIN,B5_AURA_Hybrid,LOW,0.1429,0.0,0.0,0.0,1.0,0.8625,1.0,3.083
V3_HIDDEN_0139,HIDDEN_SEMANTIC,H9,ADAS,B0_Full_Suite,LOW,0.0952,1.0,0.0023,0.0045,1.0,0.0,1.0,0.1
V3_HIDDEN_0139,HIDDEN_SEMANTIC,H9,ADAS,B1_Keyword,LOW,0.0952,0.0,0.0,0.0,0.19999999999999996,0.9647,1.0,2.141
V3_HIDDEN_0139,HIDDEN_SEMANTIC,H9,ADAS,B2_Raw_Embedding,LOW,0.0952,0.0,0.0,0.0,1.0,0.8824,1.0,1.096
V3_HIDDEN_0139,HIDDEN_SEMANTIC,H9,ADAS,B3_Graph_Only,LOW,0.0952,0.0,0.0,0.0,0.0,0.9882,1.0,0.008
V3_HIDDEN_0139,HIDDEN_SEMANTIC,H9,ADAS,B4_Contextual_Embedding,LOW,0.0952,0.0,0.0,0.0,1.0,0.8706,1.0,2.626
V3_HIDDEN_0139,HIDDEN_SEMANTIC,H9,ADAS,B5_AURA_Hybrid,LOW,0.0952,0.0,0.0,0.0,1.0,0.8706,1.0,2.236
V3_HIDDEN_0140,HIDDEN_SEMANTIC,H10,ADAS,B0_Full_Suite,LOW,0.0,1.0,0.0023,0.0045,1.0,0.0,1.0,0.1
V3_HIDDEN_0140,HIDDEN_SEMANTIC,H10,ADAS,B1_Keyword,LOW,0.0,0.0,0.0,0.0,0.09999999999999998,0.9765,1.0,0.779
V3_HIDDEN_0140,HIDDEN_SEMANTIC,H10,ADAS,B2_Raw_Embedding,LOW,0.0,0.0,0.0,0.0,1.0,0.8824,1.0,1.862
V3_HIDDEN_0140,HIDDEN_SEMANTIC,H10,ADAS,B3_Graph_Only,LOW,0.0,0.0,0.0,0.0,0.0,0.9882,1.0,0.003
V3_HIDDEN_0140,HIDDEN_SEMANTIC,H10,ADAS,B4_Contextual_Embedding,LOW,0.0,0.0,0.0,0.0,1.0,0.8706,1.0,2.373
V3_HIDDEN_0140,HIDDEN_SEMANTIC,H10,ADAS,B5_AURA_Hybrid,LOW,0.0,0.0,0.0,0.0,1.0,0.8706,1.0,2.665
V3_HIDDEN_0141,HIDDEN_SEMANTIC,H1,ADAS,B0_Full_Suite,LOW,0.0,1.0,0.0023,0.0045,1.0,0.0,1.0,0.1
V3_HIDDEN_0141,HIDDEN_SEMANTIC,H1,ADAS,B1_Keyword,LOW,0.0,0.0,0.0,0.0,0.0,0.9882,1.0,1.442
V3_HIDDEN_0141,HIDDEN_SEMANTIC,H1,ADAS,B2_Raw_Embedding,LOW,0.0,0.0,0.0,0.0,1.0,0.8706,1.0,2.234
V3_HIDDEN_0141,HIDDEN_SEMANTIC,H1,ADAS,B3_Graph_Only,LOW,0.0,0.0,0.0,0.0,0.0,0.9882,1.0,0.008
V3_HIDDEN_0141,HIDDEN_SEMANTIC,H1,ADAS,B4_Contextual_Embedding,LOW,0.0,0.0,0.0,0.0,1.0,0.8706,1.0,2.788
V3_HIDDEN_0141,HIDDEN_SEMANTIC,H1,ADAS,B5_AURA_Hybrid,LOW,0.0,0.0,0.0,0.0,1.0,0.8706,1.0,2.852
V3_HIDDEN_0142,HIDDEN_SEMANTIC,H2,POWERTRAIN,B0_Full_Suite,LOW,0.0909,1.0,0.0031,0.0062,1.0,0.0,1.0,0.1
V3_HIDDEN_0142,HIDDEN_SEMANTIC,H2,POWERTRAIN,B1_Keyword,LOW,0.0909,1.0,0.0526,0.1,1.0,0.85,1.0,1.308
V3_HIDDEN_0142,HIDDEN_SEMANTIC,H2,POWERTRAIN,B2_Raw_Embedding,LOW,0.0909,1.0,0.1,0.1818,0.9,0.875,1.0,1.967
V3_HIDDEN_0142,HIDDEN_SEMANTIC,H2,POWERTRAIN,B3_Graph_Only,LOW,0.0909,0.0,0.0,0.0,0.0,0.9875,1.0,0.007
V3_HIDDEN_0142,HIDDEN_SEMANTIC,H2,POWERTRAIN,B4_Contextual_Embedding,LOW,0.0909,1.0,0.1,0.1818,0.9,0.875,1.0,2.925
V3_HIDDEN_0142,HIDDEN_SEMANTIC,H2,POWERTRAIN,B5_AURA_Hybrid,LOW,0.0909,1.0,0.1,0.1818,0.9,0.875,1.0,3.184
V3_HIDDEN_0143,HIDDEN_SEMANTIC,H3,ADAS,B0_Full_Suite,LOW,0.0476,1.0,0.0023,0.0045,1.0,0.0,1.0,0.1
V3_HIDDEN_0143,HIDDEN_SEMANTIC,H3,ADAS,B1_Keyword,LOW,0.0476,1.0,0.5,0.6667,0.09999999999999998,0.9765,1.0,1.332
V3_HIDDEN_0143,HIDDEN_SEMANTIC,H3,ADAS,B2_Raw_Embedding,LOW,0.0476,1.0,0.1,0.1818,0.9,0.8824,1.0,1.99
V3_HIDDEN_0143,HIDDEN_SEMANTIC,H3,ADAS,B3_Graph_Only,LOW,0.0476,0.0,0.0,0.0,0.0,0.9882,1.0,0.007
V3_HIDDEN_0143,HIDDEN_SEMANTIC,H3,ADAS,B4_Contextual_Embedding,LOW,0.0476,1.0,0.1,0.1818,0.9,0.8824,1.0,2.351
V3_HIDDEN_0143,HIDDEN_SEMANTIC,H3,ADAS,B5_AURA_Hybrid,LOW,0.0476,1.0,0.1,0.1818,0.9,0.8824,1.0,2.463
V3_HIDDEN_0144,HIDDEN_SEMANTIC,H4,ADAS,B0_Full_Suite,LOW,0.1,1.0,0.0023,0.0045,1.0,0.0,1.0,0.1
V3_HIDDEN_0144,HIDDEN_SEMANTIC,H4,ADAS,B1_Keyword,LOW,0.1,1.0,1.0,1.0,0.0,0.9882,1.0,1.198
V3_HIDDEN_0144,HIDDEN_SEMANTIC,H4,ADAS,B2_Raw_Embedding,LOW,0.1,0.0,0.0,0.0,1.0,0.8706,1.0,1.773
V3_HIDDEN_0144,HIDDEN_SEMANTIC,H4,ADAS,B3_Graph_Only,LOW,0.1,0.0,0.0,0.0,0.0,0.9882,1.0,0.007
V3_HIDDEN_0144,HIDDEN_SEMANTIC,H4,ADAS,B4_Contextual_Embedding,LOW,0.1,1.0,0.1,0.1818,0.9,0.8824,1.0,2.294
V3_HIDDEN_0144,HIDDEN_SEMANTIC,H4,ADAS,B5_AURA_Hybrid,LOW,0.1,1.0,0.1,0.1818,0.9,0.8824,1.0,2.48
V3_HIDDEN_0145,HIDDEN_SEMANTIC,H5,BATTERY_EV,B0_Full_Suite,LOW,0.1429,1.0,0.0031,0.0062,1.0,0.0,1.0,0.1
V3_HIDDEN_0145,HIDDEN_SEMANTIC,H5,BATTERY_EV,B1_Keyword,LOW,0.1429,1.0,0.0455,0.087,1.0,0.825,1.0,1.482
V3_HIDDEN_0145,HIDDEN_SEMANTIC,H5,BATTERY_EV,B2_Raw_Embedding,LOW,0.1429,0.0,0.0,0.0,1.0,0.9,1.0,1.794
V3_HIDDEN_0145,HIDDEN_SEMANTIC,H5,BATTERY_EV,B3_Graph_Only,LOW,0.1429,0.0,0.0,0.0,0.0,0.9875,1.0,0.007
V3_HIDDEN_0145,HIDDEN_SEMANTIC,H5,BATTERY_EV,B4_Contextual_Embedding,LOW,0.1429,0.0,0.0,0.0,1.0,0.8625,1.0,2.221
V3_HIDDEN_0145,HIDDEN_SEMANTIC,H5,BATTERY_EV,B5_AURA_Hybrid,LOW,0.1429,0.0,0.0,0.0,1.0,0.8625,1.0,2.34
V3_HIDDEN_0146,HIDDEN_SEMANTIC,H6,BODY_ELECTRONICS,B0_Full_Suite,LOW,0.0588,1.0,0.0063,0.0126,1.0,0.0,1.0,0.1
V3_HIDDEN_0146,HIDDEN_SEMANTIC,H6,BODY_ELECTRONICS,B1_Keyword,LOW,0.0588,0.0,0.0,0.0,0.8,0.8125,1.0,1.102
V3_HIDDEN_0146,HIDDEN_SEMANTIC,H6,BODY_ELECTRONICS,B2_Raw_Embedding,LOW,0.0588,0.0,0.0,0.0,1.0,0.7708,1.0,1.332
V3_HIDDEN_0146,HIDDEN_SEMANTIC,H6,BODY_ELECTRONICS,B3_Graph_Only,LOW,0.0588,0.0,0.0,0.0,0.0,0.9792,1.0,0.007
V3_HIDDEN_0146,HIDDEN_SEMANTIC,H6,BODY_ELECTRONICS,B4_Contextual_Embedding,LOW,0.0588,0.0,0.0,0.0,1.0,0.7917,1.0,1.792
V3_HIDDEN_0146,HIDDEN_SEMANTIC,H6,BODY_ELECTRONICS,B5_AURA_Hybrid,LOW,0.0588,0.0,0.0,0.0,1.0,0.7917,1.0,2.03
V3_HIDDEN_0147,HIDDEN_SEMANTIC,H7,BATTERY_EV,B0_Full_Suite,MEDIUM,0.25,1.0,0.0031,0.0062,1.0,0.0,1.0,0.1
V3_HIDDEN_0147,HIDDEN_SEMANTIC,H7,BATTERY_EV,B1_Keyword,MEDIUM,0.25,1.0,0.0435,0.0833,1.0,0.825,1.0,1.641
V3_HIDDEN_0147,HIDDEN_SEMANTIC,H7,BATTERY_EV,B2_Raw_Embedding,MEDIUM,0.25,0.0,0.0,0.0,1.0,0.8875,1.0,2.157
V3_HIDDEN_0147,HIDDEN_SEMANTIC,H7,BATTERY_EV,B3_Graph_Only,MEDIUM,0.25,0.0,0.0,0.0,0.0,0.9875,1.0,0.007
V3_HIDDEN_0147,HIDDEN_SEMANTIC,H7,BATTERY_EV,B4_Contextual_Embedding,MEDIUM,0.25,1.0,0.1,0.1818,0.9,0.875,1.0,2.385
V3_HIDDEN_0147,HIDDEN_SEMANTIC,H7,BATTERY_EV,B5_AURA_Hybrid,MEDIUM,0.25,1.0,0.1,0.1818,0.9,0.875,1.0,2.625
V3_HIDDEN_0148,HIDDEN_SEMANTIC,H8,POWERTRAIN,B0_Full_Suite,LOW,0.1429,1.0,0.0031,0.0062,1.0,0.0,1.0,0.1
V3_HIDDEN_0148,HIDDEN_SEMANTIC,H8,POWERTRAIN,B1_Keyword,LOW,0.1429,1.0,0.0256,0.05,1.0,0.7,1.0,1.511
V3_HIDDEN_0148,HIDDEN_SEMANTIC,H8,POWERTRAIN,B2_Raw_Embedding,LOW,0.1429,0.0,0.0,0.0,1.0,0.8875,1.0,1.735
V3_HIDDEN_0148,HIDDEN_SEMANTIC,H8,POWERTRAIN,B3_Graph_Only,LOW,0.1429,0.0,0.0,0.0,0.0,0.9875,1.0,0.007
V3_HIDDEN_0148,HIDDEN_SEMANTIC,H8,POWERTRAIN,B4_Contextual_Embedding,LOW,0.1429,0.0,0.0,0.0,1.0,0.8625,1.0,2.519
V3_HIDDEN_0148,HIDDEN_SEMANTIC,H8,POWERTRAIN,B5_AURA_Hybrid,LOW,0.1429,0.0,0.0,0.0,1.0,0.8625,1.0,2.494
V3_HIDDEN_0149,HIDDEN_SEMANTIC,H9,ADAS,B0_Full_Suite,LOW,0.0952,1.0,0.0023,0.0045,1.0,0.0,1.0,0.1
V3_HIDDEN_0149,HIDDEN_SEMANTIC,H9,ADAS,B1_Keyword,LOW,0.0952,0.0,0.0,0.0,0.30000000000000004,0.9529,1.0,1.397
V3_HIDDEN_0149,HIDDEN_SEMANTIC,H9,ADAS,B2_Raw_Embedding,LOW,0.0952,0.0,0.0,0.0,1.0,0.8824,1.0,1.773
V3_HIDDEN_0149,HIDDEN_SEMANTIC,H9,ADAS,B3_Graph_Only,LOW,0.0952,0.0,0.0,0.0,0.0,0.9882,1.0,0.007
V3_HIDDEN_0149,HIDDEN_SEMANTIC,H9,ADAS,B4_Contextual_Embedding,LOW,0.0952,0.0,0.0,0.0,1.0,0.8706,1.0,2.879
V3_HIDDEN_0149,HIDDEN_SEMANTIC,H9,ADAS,B5_AURA_Hybrid,LOW,0.0952,0.0,0.0,0.0,1.0,0.8706,1.0,2.905
V3_HIDDEN_0150,HIDDEN_SEMANTIC,H10,ADAS,B0_Full_Suite,LOW,0.0,1.0,0.0023,0.0045,1.0,0.0,1.0,0.1
V3_HIDDEN_0150,HIDDEN_SEMANTIC,H10,ADAS,B1_Keyword,LOW,0.0,0.0,0.0,0.0,0.09999999999999998,0.9765,1.0,1.212
V3_HIDDEN_0150,HIDDEN_SEMANTIC,H10,ADAS,B2_Raw_Embedding,LOW,0.0,0.0,0.0,0.0,1.0,0.8824,1.0,1.65
V3_HIDDEN_0150,HIDDEN_SEMANTIC,H10,ADAS,B3_Graph_Only,LOW,0.0,0.0,0.0,0.0,0.0,0.9882,1.0,0.006
V3_HIDDEN_0150,HIDDEN_SEMANTIC,H10,ADAS,B4_Contextual_Embedding,LOW,0.0,0.0,0.0,0.0,1.0,0.8706,1.0,1.624
V3_HIDDEN_0150,HIDDEN_SEMANTIC,H10,ADAS,B5_AURA_Hybrid,LOW,0.0,0.0,0.0,0.0,1.0,0.8706,1.0,2.873
V3_HIDDEN_0151,HIDDEN_SEMANTIC,H1,ADAS,B0_Full_Suite,LOW,0.0,1.0,0.0023,0.0045,1.0,0.0,1.0,0.1
V3_HIDDEN_0151,HIDDEN_SEMANTIC,H1,ADAS,B1_Keyword,LOW,0.0,0.0,0.0,0.0,0.0,0.9882,1.0,1.217
V3_HIDDEN_0151,HIDDEN_SEMANTIC,H1,ADAS,B2_Raw_Embedding,LOW,0.0,0.0,0.0,0.0,1.0,0.8706,1.0,2.106
V3_HIDDEN_0151,HIDDEN_SEMANTIC,H1,ADAS,B3_Graph_Only,LOW,0.0,0.0,0.0,0.0,0.0,0.9882,1.0,0.009
V3_HIDDEN_0151,HIDDEN_SEMANTIC,H1,ADAS,B4_Contextual_Embedding,LOW,0.0,0.0,0.0,0.0,1.0,0.8706,1.0,2.611
V3_HIDDEN_0151,HIDDEN_SEMANTIC,H1,ADAS,B5_AURA_Hybrid,LOW,0.0,0.0,0.0,0.0,1.0,0.8706,1.0,2.683
V3_HIDDEN_0152,HIDDEN_SEMANTIC,H2,POWERTRAIN,B0_Full_Suite,LOW,0.0909,1.0,0.0031,0.0062,1.0,0.0,1.0,0.1
V3_HIDDEN_0152,HIDDEN_SEMANTIC,H2,POWERTRAIN,B1_Keyword,LOW,0.0909,1.0,0.0526,0.1,1.0,0.85,1.0,1.317
V3_HIDDEN_0152,HIDDEN_SEMANTIC,H2,POWERTRAIN,B2_Raw_Embedding,LOW,0.0909,1.0,0.1,0.1818,0.9,0.875,1.0,1.976
V3_HIDDEN_0152,HIDDEN_SEMANTIC,H2,POWERTRAIN,B3_Graph_Only,LOW,0.0909,0.0,0.0,0.0,0.0,0.9875,1.0,0.007
V3_HIDDEN_0152,HIDDEN_SEMANTIC,H2,POWERTRAIN,B4_Contextual_Embedding,LOW,0.0909,1.0,0.1,0.1818,0.9,0.875,1.0,1.994
V3_HIDDEN_0152,HIDDEN_SEMANTIC,H2,POWERTRAIN,B5_AURA_Hybrid,LOW,0.0909,1.0,0.1,0.1818,0.9,0.875,1.0,2.959
V3_HIDDEN_0153,HIDDEN_SEMANTIC,H3,ADAS,B0_Full_Suite,LOW,0.0476,1.0,0.0023,0.0045,1.0,0.0,1.0,0.1
V3_HIDDEN_0153,HIDDEN_SEMANTIC,H3,ADAS,B1_Keyword,LOW,0.0476,0.0,0.0,0.0,0.09999999999999998,0.9765,1.0,1.254
V3_HIDDEN_0153,HIDDEN_SEMANTIC,H3,ADAS,B2_Raw_Embedding,LOW,0.0476,1.0,0.1,0.1818,0.9,0.8824,1.0,2.018
V3_HIDDEN_0153,HIDDEN_SEMANTIC,H3,ADAS,B3_Graph_Only,LOW,0.0476,0.0,0.0,0.0,0.0,0.9882,1.0,0.007
V3_HIDDEN_0153,HIDDEN_SEMANTIC,H3,ADAS,B4_Contextual_Embedding,LOW,0.0476,1.0,0.1,0.1818,0.9,0.8824,1.0,2.297
V3_HIDDEN_0153,HIDDEN_SEMANTIC,H3,ADAS,B5_AURA_Hybrid,LOW,0.0476,1.0,0.1,0.1818,0.9,0.8824,1.0,3.09
V3_HIDDEN_0154,HIDDEN_SEMANTIC,H4,ADAS,B0_Full_Suite,LOW,0.1,1.0,0.0023,0.0045,1.0,0.0,1.0,0.1
V3_HIDDEN_0154,HIDDEN_SEMANTIC,H4,ADAS,B1_Keyword,LOW,0.1,0.0,0.0,0.0,0.0,0.9882,1.0,1.21
V3_HIDDEN_0154,HIDDEN_SEMANTIC,H4,ADAS,B2_Raw_Embedding,LOW,0.1,0.0,0.0,0.0,1.0,0.8706,1.0,1.822
V3_HIDDEN_0154,HIDDEN_SEMANTIC,H4,ADAS,B3_Graph_Only,LOW,0.1,0.0,0.0,0.0,0.0,0.9882,1.0,0.026
V3_HIDDEN_0154,HIDDEN_SEMANTIC,H4,ADAS,B4_Contextual_Embedding,LOW,0.1,1.0,0.1,0.1818,0.9,0.8824,1.0,2.423
V3_HIDDEN_0154,HIDDEN_SEMANTIC,H4,ADAS,B5_AURA_Hybrid,LOW,0.1,1.0,0.1,0.1818,0.9,0.8824,1.0,2.581
V3_HIDDEN_0155,HIDDEN_SEMANTIC,H5,BATTERY_EV,B0_Full_Suite,LOW,0.1429,1.0,0.0031,0.0062,1.0,0.0,1.0,0.1
V3_HIDDEN_0155,HIDDEN_SEMANTIC,H5,BATTERY_EV,B1_Keyword,LOW,0.1429,0.0,0.0,0.0,1.0,0.825,1.0,1.465
V3_HIDDEN_0155,HIDDEN_SEMANTIC,H5,BATTERY_EV,B2_Raw_Embedding,LOW,0.1429,0.0,0.0,0.0,1.0,0.9,1.0,2.373
V3_HIDDEN_0155,HIDDEN_SEMANTIC,H5,BATTERY_EV,B3_Graph_Only,LOW,0.1429,0.0,0.0,0.0,0.0,0.9875,1.0,0.007
V3_HIDDEN_0155,HIDDEN_SEMANTIC,H5,BATTERY_EV,B4_Contextual_Embedding,LOW,0.1429,0.0,0.0,0.0,1.0,0.8625,1.0,2.376
V3_HIDDEN_0155,HIDDEN_SEMANTIC,H5,BATTERY_EV,B5_AURA_Hybrid,LOW,0.1429,0.0,0.0,0.0,1.0,0.8625,1.0,3.139
V3_HIDDEN_0156,HIDDEN_SEMANTIC,H6,BODY_ELECTRONICS,B0_Full_Suite,LOW,0.0588,1.0,0.0063,0.0126,1.0,0.0,1.0,0.1
V3_HIDDEN_0156,HIDDEN_SEMANTIC,H6,BODY_ELECTRONICS,B1_Keyword,LOW,0.0588,0.0,0.0,0.0,0.8,0.8125,1.0,1.165
V3_HIDDEN_0156,HIDDEN_SEMANTIC,H6,BODY_ELECTRONICS,B2_Raw_Embedding,LOW,0.0588,0.0,0.0,0.0,1.0,0.7708,1.0,1.331
V3_HIDDEN_0156,HIDDEN_SEMANTIC,H6,BODY_ELECTRONICS,B3_Graph_Only,LOW,0.0588,0.0,0.0,0.0,0.0,0.9792,1.0,0.007
V3_HIDDEN_0156,HIDDEN_SEMANTIC,H6,BODY_ELECTRONICS,B4_Contextual_Embedding,LOW,0.0588,0.0,0.0,0.0,1.0,0.7917,1.0,1.488
V3_HIDDEN_0156,HIDDEN_SEMANTIC,H6,BODY_ELECTRONICS,B5_AURA_Hybrid,LOW,0.0588,0.0,0.0,0.0,1.0,0.7917,1.0,2.181
V3_HIDDEN_0157,HIDDEN_SEMANTIC,H7,BATTERY_EV,B0_Full_Suite,MEDIUM,0.25,1.0,0.0031,0.0062,1.0,0.0,1.0,0.1
V3_HIDDEN_0157,HIDDEN_SEMANTIC,H7,BATTERY_EV,B1_Keyword,MEDIUM,0.25,1.0,0.0417,0.08,1.0,0.8125,1.0,1.257
V3_HIDDEN_0157,HIDDEN_SEMANTIC,H7,BATTERY_EV,B2_Raw_Embedding,MEDIUM,0.25,0.0,0.0,0.0,1.0,0.8875,1.0,1.678
V3_HIDDEN_0157,HIDDEN_SEMANTIC,H7,BATTERY_EV,B3_Graph_Only,MEDIUM,0.25,0.0,0.0,0.0,0.0,0.9875,1.0,0.008
V3_HIDDEN_0157,HIDDEN_SEMANTIC,H7,BATTERY_EV,B4_Contextual_Embedding,MEDIUM,0.25,1.0,0.1,0.1818,0.9,0.875,1.0,2.088
V3_HIDDEN_0157,HIDDEN_SEMANTIC,H7,BATTERY_EV,B5_AURA_Hybrid,MEDIUM,0.25,1.0,0.1,0.1818,0.9,0.875,1.0,2.103
V3_HIDDEN_0158,HIDDEN_SEMANTIC,H8,POWERTRAIN,B0_Full_Suite,LOW,0.1429,1.0,0.0031,0.0062,1.0,0.0,1.0,0.1
V3_HIDDEN_0158,HIDDEN_SEMANTIC,H8,POWERTRAIN,B1_Keyword,LOW,0.1429,1.0,0.0256,0.05,1.0,0.7,1.0,1.405
V3_HIDDEN_0158,HIDDEN_SEMANTIC,H8,POWERTRAIN,B2_Raw_Embedding,LOW,0.1429,0.0,0.0,0.0,1.0,0.8875,1.0,1.819
V3_HIDDEN_0158,HIDDEN_SEMANTIC,H8,POWERTRAIN,B3_Graph_Only,LOW,0.1429,0.0,0.0,0.0,0.0,0.9875,1.0,0.004
V3_HIDDEN_0158,HIDDEN_SEMANTIC,H8,POWERTRAIN,B4_Contextual_Embedding,LOW,0.1429,0.0,0.0,0.0,1.0,0.8625,1.0,2.209
V3_HIDDEN_0158,HIDDEN_SEMANTIC,H8,POWERTRAIN,B5_AURA_Hybrid,LOW,0.1429,0.0,0.0,0.0,1.0,0.8625,1.0,2.224
V3_HIDDEN_0159,HIDDEN_SEMANTIC,H9,ADAS,B0_Full_Suite,LOW,0.0952,1.0,0.0023,0.0045,1.0,0.0,1.0,0.1
V3_HIDDEN_0159,HIDDEN_SEMANTIC,H9,ADAS,B1_Keyword,LOW,0.0952,0.0,0.0,0.0,0.19999999999999996,0.9647,1.0,1.212
V3_HIDDEN_0159,HIDDEN_SEMANTIC,H9,ADAS,B2_Raw_Embedding,LOW,0.0952,0.0,0.0,0.0,1.0,0.8824,1.0,1.921
V3_HIDDEN_0159,HIDDEN_SEMANTIC,H9,ADAS,B3_Graph_Only,LOW,0.0952,0.0,0.0,0.0,0.0,0.9882,1.0,0.007
V3_HIDDEN_0159,HIDDEN_SEMANTIC,H9,ADAS,B4_Contextual_Embedding,LOW,0.0952,0.0,0.0,0.0,1.0,0.8706,1.0,2.343
V3_HIDDEN_0159,HIDDEN_SEMANTIC,H9,ADAS,B5_AURA_Hybrid,LOW,0.0952,0.0,0.0,0.0,1.0,0.8706,1.0,2.459
V3_HIDDEN_0160,HIDDEN_SEMANTIC,H10,ADAS,B0_Full_Suite,LOW,0.0,1.0,0.0023,0.0045,1.0,0.0,1.0,0.1
V3_HIDDEN_0160,HIDDEN_SEMANTIC,H10,ADAS,B1_Keyword,LOW,0.0,0.0,0.0,0.0,0.09999999999999998,0.9765,1.0,1.085
V3_HIDDEN_0160,HIDDEN_SEMANTIC,H10,ADAS,B2_Raw_Embedding,LOW,0.0,0.0,0.0,0.0,1.0,0.8824,1.0,1.747
V3_HIDDEN_0160,HIDDEN_SEMANTIC,H10,ADAS,B3_Graph_Only,LOW,0.0,0.0,0.0,0.0,0.0,0.9882,1.0,0.007
V3_HIDDEN_0160,HIDDEN_SEMANTIC,H10,ADAS,B4_Contextual_Embedding,LOW,0.0,0.0,0.0,0.0,1.0,0.8706,1.0,2.137
V3_HIDDEN_0160,HIDDEN_SEMANTIC,H10,ADAS,B5_AURA_Hybrid,LOW,0.0,0.0,0.0,0.0,1.0,0.8706,1.0,2.519
V3_HIDDEN_0161,HIDDEN_SEMANTIC,H1,ADAS,B0_Full_Suite,LOW,0.0,1.0,0.0023,0.0045,1.0,0.0,1.0,0.1
V3_HIDDEN_0161,HIDDEN_SEMANTIC,H1,ADAS,B1_Keyword,LOW,0.0,0.0,0.0,0.0,0.0,0.9882,1.0,1.911
V3_HIDDEN_0161,HIDDEN_SEMANTIC,H1,ADAS,B2_Raw_Embedding,LOW,0.0,0.0,0.0,0.0,1.0,0.8706,1.0,2.361
V3_HIDDEN_0161,HIDDEN_SEMANTIC,H1,ADAS,B3_Graph_Only,LOW,0.0,0.0,0.0,0.0,0.0,0.9882,1.0,0.011
V3_HIDDEN_0161,HIDDEN_SEMANTIC,H1,ADAS,B4_Contextual_Embedding,LOW,0.0,0.0,0.0,0.0,1.0,0.8706,1.0,2.81
V3_HIDDEN_0161,HIDDEN_SEMANTIC,H1,ADAS,B5_AURA_Hybrid,LOW,0.0,0.0,0.0,0.0,1.0,0.8706,1.0,2.758
V3_HIDDEN_0162,HIDDEN_SEMANTIC,H2,POWERTRAIN,B0_Full_Suite,LOW,0.0909,1.0,0.0031,0.0062,1.0,0.0,1.0,0.1
V3_HIDDEN_0162,HIDDEN_SEMANTIC,H2,POWERTRAIN,B1_Keyword,LOW,0.0909,1.0,0.0526,0.1,1.0,0.85,1.0,1.533
V3_HIDDEN_0162,HIDDEN_SEMANTIC,H2,POWERTRAIN,B2_Raw_Embedding,LOW,0.0909,1.0,0.1,0.1818,0.9,0.875,1.0,2.417
V3_HIDDEN_0162,HIDDEN_SEMANTIC,H2,POWERTRAIN,B3_Graph_Only,LOW,0.0909,0.0,0.0,0.0,0.0,0.9875,1.0,0.007
V3_HIDDEN_0162,HIDDEN_SEMANTIC,H2,POWERTRAIN,B4_Contextual_Embedding,LOW,0.0909,1.0,0.1,0.1818,0.9,0.875,1.0,2.465
V3_HIDDEN_0162,HIDDEN_SEMANTIC,H2,POWERTRAIN,B5_AURA_Hybrid,LOW,0.0909,1.0,0.1,0.1818,0.9,0.875,1.0,2.069
V3_HIDDEN_0163,HIDDEN_SEMANTIC,H3,ADAS,B0_Full_Suite,LOW,0.0476,1.0,0.0023,0.0045,1.0,0.0,1.0,0.1
V3_HIDDEN_0163,HIDDEN_SEMANTIC,H3,ADAS,B1_Keyword,LOW,0.0476,0.0,0.0,0.0,0.09999999999999998,0.9765,1.0,0.693
V3_HIDDEN_0163,HIDDEN_SEMANTIC,H3,ADAS,B2_Raw_Embedding,LOW,0.0476,1.0,0.1,0.1818,0.9,0.8824,1.0,1.508
V3_HIDDEN_0163,HIDDEN_SEMANTIC,H3,ADAS,B3_Graph_Only,LOW,0.0476,0.0,0.0,0.0,0.0,0.9882,1.0,0.004
V3_HIDDEN_0163,HIDDEN_SEMANTIC,H3,ADAS,B4_Contextual_Embedding,LOW,0.0476,1.0,0.1,0.1818,0.9,0.8824,1.0,1.984
V3_HIDDEN_0163,HIDDEN_SEMANTIC,H3,ADAS,B5_AURA_Hybrid,LOW,0.0476,1.0,0.1,0.1818,0.9,0.8824,1.0,2.772
V3_HIDDEN_0164,HIDDEN_SEMANTIC,H4,ADAS,B0_Full_Suite,LOW,0.1,1.0,0.0023,0.0045,1.0,0.0,1.0,0.1
V3_HIDDEN_0164,HIDDEN_SEMANTIC,H4,ADAS,B1_Keyword,LOW,0.1,0.0,0.0,0.0,0.0,0.9882,1.0,1.259
V3_HIDDEN_0164,HIDDEN_SEMANTIC,H4,ADAS,B2_Raw_Embedding,LOW,0.1,0.0,0.0,0.0,1.0,0.8706,1.0,1.887
V3_HIDDEN_0164,HIDDEN_SEMANTIC,H4,ADAS,B3_Graph_Only,LOW,0.1,0.0,0.0,0.0,0.0,0.9882,1.0,0.007
V3_HIDDEN_0164,HIDDEN_SEMANTIC,H4,ADAS,B4_Contextual_Embedding,LOW,0.1,1.0,0.1,0.1818,0.9,0.8824,1.0,2.417
V3_HIDDEN_0164,HIDDEN_SEMANTIC,H4,ADAS,B5_AURA_Hybrid,LOW,0.1,1.0,0.1,0.1818,0.9,0.8824,1.0,2.959
V3_HIDDEN_0165,HIDDEN_SEMANTIC,H5,BATTERY_EV,B0_Full_Suite,LOW,0.1429,1.0,0.0031,0.0062,1.0,0.0,1.0,0.1
V3_HIDDEN_0165,HIDDEN_SEMANTIC,H5,BATTERY_EV,B1_Keyword,LOW,0.1429,0.0,0.0,0.0,1.0,0.825,1.0,1.324
V3_HIDDEN_0165,HIDDEN_SEMANTIC,H5,BATTERY_EV,B2_Raw_Embedding,LOW,0.1429,0.0,0.0,0.0,1.0,0.9,1.0,1.802
V3_HIDDEN_0165,HIDDEN_SEMANTIC,H5,BATTERY_EV,B3_Graph_Only,LOW,0.1429,0.0,0.0,0.0,0.0,0.9875,1.0,0.008
V3_HIDDEN_0165,HIDDEN_SEMANTIC,H5,BATTERY_EV,B4_Contextual_Embedding,LOW,0.1429,0.0,0.0,0.0,1.0,0.8625,1.0,2.289
V3_HIDDEN_0165,HIDDEN_SEMANTIC,H5,BATTERY_EV,B5_AURA_Hybrid,LOW,0.1429,0.0,0.0,0.0,1.0,0.8625,1.0,2.961
V3_HIDDEN_0166,HIDDEN_SEMANTIC,H6,BODY_ELECTRONICS,B0_Full_Suite,LOW,0.0588,1.0,0.0063,0.0126,1.0,0.0,1.0,0.1
V3_HIDDEN_0166,HIDDEN_SEMANTIC,H6,BODY_ELECTRONICS,B1_Keyword,LOW,0.0588,0.0,0.0,0.0,0.8,0.8125,1.0,1.938
V3_HIDDEN_0166,HIDDEN_SEMANTIC,H6,BODY_ELECTRONICS,B2_Raw_Embedding,LOW,0.0588,0.0,0.0,0.0,1.0,0.7708,1.0,1.523
V3_HIDDEN_0166,HIDDEN_SEMANTIC,H6,BODY_ELECTRONICS,B3_Graph_Only,LOW,0.0588,0.0,0.0,0.0,0.0,0.9792,1.0,0.007
V3_HIDDEN_0166,HIDDEN_SEMANTIC,H6,BODY_ELECTRONICS,B4_Contextual_Embedding,LOW,0.0588,0.0,0.0,0.0,1.0,0.7917,1.0,1.838
V3_HIDDEN_0166,HIDDEN_SEMANTIC,H6,BODY_ELECTRONICS,B5_AURA_Hybrid,LOW,0.0588,0.0,0.0,0.0,1.0,0.7917,1.0,1.99
V3_HIDDEN_0167,HIDDEN_SEMANTIC,H7,BATTERY_EV,B0_Full_Suite,MEDIUM,0.25,1.0,0.0031,0.0062,1.0,0.0,1.0,0.1
V3_HIDDEN_0167,HIDDEN_SEMANTIC,H7,BATTERY_EV,B1_Keyword,MEDIUM,0.25,1.0,0.0435,0.0833,1.0,0.825,1.0,1.266
V3_HIDDEN_0167,HIDDEN_SEMANTIC,H7,BATTERY_EV,B2_Raw_Embedding,MEDIUM,0.25,0.0,0.0,0.0,1.0,0.8875,1.0,1.684
V3_HIDDEN_0167,HIDDEN_SEMANTIC,H7,BATTERY_EV,B3_Graph_Only,MEDIUM,0.25,0.0,0.0,0.0,0.0,0.9875,1.0,0.007
V3_HIDDEN_0167,HIDDEN_SEMANTIC,H7,BATTERY_EV,B4_Contextual_Embedding,MEDIUM,0.25,1.0,0.1,0.1818,0.9,0.875,1.0,2.163
V3_HIDDEN_0167,HIDDEN_SEMANTIC,H7,BATTERY_EV,B5_AURA_Hybrid,MEDIUM,0.25,1.0,0.1,0.1818,0.9,0.875,1.0,2.332
V3_HIDDEN_0168,HIDDEN_SEMANTIC,H8,POWERTRAIN,B0_Full_Suite,LOW,0.1429,1.0,0.0031,0.0062,1.0,0.0,1.0,0.1
V3_HIDDEN_0168,HIDDEN_SEMANTIC,H8,POWERTRAIN,B1_Keyword,LOW,0.1429,1.0,0.0256,0.05,1.0,0.7,1.0,1.258
V3_HIDDEN_0168,HIDDEN_SEMANTIC,H8,POWERTRAIN,B2_Raw_Embedding,LOW,0.1429,0.0,0.0,0.0,1.0,0.8875,1.0,1.785
V3_HIDDEN_0168,HIDDEN_SEMANTIC,H8,POWERTRAIN,B3_Graph_Only,LOW,0.1429,0.0,0.0,0.0,0.0,0.9875,1.0,0.007
V3_HIDDEN_0168,HIDDEN_SEMANTIC,H8,POWERTRAIN,B4_Contextual_Embedding,LOW,0.1429,0.0,0.0,0.0,1.0,0.8625,1.0,2.233
V3_HIDDEN_0168,HIDDEN_SEMANTIC,H8,POWERTRAIN,B5_AURA_Hybrid,LOW,0.1429,0.0,0.0,0.0,1.0,0.8625,1.0,2.423
V3_HIDDEN_0169,HIDDEN_SEMANTIC,H9,ADAS,B0_Full_Suite,LOW,0.0952,1.0,0.0023,0.0045,1.0,0.0,1.0,0.1
V3_HIDDEN_0169,HIDDEN_SEMANTIC,H9,ADAS,B1_Keyword,LOW,0.0952,0.0,0.0,0.0,0.19999999999999996,0.9765,1.0,1.236
V3_HIDDEN_0169,HIDDEN_SEMANTIC,H9,ADAS,B2_Raw_Embedding,LOW,0.0952,0.0,0.0,0.0,1.0,0.8824,1.0,1.816
V3_HIDDEN_0169,HIDDEN_SEMANTIC,H9,ADAS,B3_Graph_Only,LOW,0.0952,0.0,0.0,0.0,0.0,0.9882,1.0,0.007
V3_HIDDEN_0169,HIDDEN_SEMANTIC,H9,ADAS,B4_Contextual_Embedding,LOW,0.0952,0.0,0.0,0.0,1.0,0.8706,1.0,2.456
V3_HIDDEN_0169,HIDDEN_SEMANTIC,H9,ADAS,B5_AURA_Hybrid,LOW,0.0952,0.0,0.0,0.0,1.0,0.8706,1.0,2.659
V3_HIDDEN_0170,HIDDEN_SEMANTIC,H10,ADAS,B0_Full_Suite,LOW,0.0,1.0,0.0023,0.0045,1.0,0.0,1.0,0.1
V3_HIDDEN_0170,HIDDEN_SEMANTIC,H10,ADAS,B1_Keyword,LOW,0.0,0.0,0.0,0.0,0.09999999999999998,0.9765,1.0,1.427
V3_HIDDEN_0170,HIDDEN_SEMANTIC,H10,ADAS,B2_Raw_Embedding,LOW,0.0,0.0,0.0,0.0,1.0,0.8824,1.0,2.025
V3_HIDDEN_0170,HIDDEN_SEMANTIC,H10,ADAS,B3_Graph_Only,LOW,0.0,0.0,0.0,0.0,0.0,0.9882,1.0,0.007
V3_HIDDEN_0170,HIDDEN_SEMANTIC,H10,ADAS,B4_Contextual_Embedding,LOW,0.0,0.0,0.0,0.0,1.0,0.8706,1.0,2.369
V3_HIDDEN_0170,HIDDEN_SEMANTIC,H10,ADAS,B5_AURA_Hybrid,LOW,0.0,0.0,0.0,0.0,1.0,0.8706,1.0,2.451
V3_HIDDEN_0171,HIDDEN_SEMANTIC,H1,ADAS,B0_Full_Suite,LOW,0.0,1.0,0.0023,0.0045,1.0,0.0,1.0,0.1
V3_HIDDEN_0171,HIDDEN_SEMANTIC,H1,ADAS,B1_Keyword,LOW,0.0,0.0,0.0,0.0,0.0,0.9882,1.0,1.276
V3_HIDDEN_0171,HIDDEN_SEMANTIC,H1,ADAS,B2_Raw_Embedding,LOW,0.0,0.0,0.0,0.0,1.0,0.8706,1.0,2.382
V3_HIDDEN_0171,HIDDEN_SEMANTIC,H1,ADAS,B3_Graph_Only,LOW,0.0,0.0,0.0,0.0,0.0,0.9882,1.0,0.008
V3_HIDDEN_0171,HIDDEN_SEMANTIC,H1,ADAS,B4_Contextual_Embedding,LOW,0.0,0.0,0.0,0.0,1.0,0.8706,1.0,2.846
V3_HIDDEN_0171,HIDDEN_SEMANTIC,H1,ADAS,B5_AURA_Hybrid,LOW,0.0,0.0,0.0,0.0,1.0,0.8706,1.0,3.0
V3_HIDDEN_0172,HIDDEN_SEMANTIC,H2,POWERTRAIN,B0_Full_Suite,LOW,0.0909,1.0,0.0031,0.0062,1.0,0.0,1.0,0.1
V3_HIDDEN_0172,HIDDEN_SEMANTIC,H2,POWERTRAIN,B1_Keyword,LOW,0.0909,1.0,0.05,0.0952,1.0,0.8375,1.0,1.834
V3_HIDDEN_0172,HIDDEN_SEMANTIC,H2,POWERTRAIN,B2_Raw_Embedding,LOW,0.0909,1.0,0.1,0.1818,0.9,0.875,1.0,2.141
V3_HIDDEN_0172,HIDDEN_SEMANTIC,H2,POWERTRAIN,B3_Graph_Only,LOW,0.0909,0.0,0.0,0.0,0.0,0.9875,1.0,0.009
V3_HIDDEN_0172,HIDDEN_SEMANTIC,H2,POWERTRAIN,B4_Contextual_Embedding,LOW,0.0909,1.0,0.1,0.1818,0.9,0.875,1.0,2.863
V3_HIDDEN_0172,HIDDEN_SEMANTIC,H2,POWERTRAIN,B5_AURA_Hybrid,LOW,0.0909,1.0,0.1,0.1818,0.9,0.875,1.0,2.719
V3_HIDDEN_0173,HIDDEN_SEMANTIC,H3,ADAS,B0_Full_Suite,LOW,0.0476,1.0,0.0023,0.0045,1.0,0.0,1.0,0.1
V3_HIDDEN_0173,HIDDEN_SEMANTIC,H3,ADAS,B1_Keyword,LOW,0.0476,0.0,0.0,0.0,0.09999999999999998,0.9765,1.0,1.767
V3_HIDDEN_0173,HIDDEN_SEMANTIC,H3,ADAS,B2_Raw_Embedding,LOW,0.0476,1.0,0.1,0.1818,0.9,0.8824,1.0,3.176
V3_HIDDEN_0173,HIDDEN_SEMANTIC,H3,ADAS,B3_Graph_Only,LOW,0.0476,0.0,0.0,0.0,0.0,0.9882,1.0,0.011
V3_HIDDEN_0173,HIDDEN_SEMANTIC,H3,ADAS,B4_Contextual_Embedding,LOW,0.0476,1.0,0.1,0.1818,0.9,0.8824,1.0,4.27
V3_HIDDEN_0173,HIDDEN_SEMANTIC,H3,ADAS,B5_AURA_Hybrid,LOW,0.0476,1.0,0.1,0.1818,0.9,0.8824,1.0,4.886
V3_HIDDEN_0174,HIDDEN_SEMANTIC,H4,ADAS,B0_Full_Suite,LOW,0.1,1.0,0.0023,0.0045,1.0,0.0,1.0,0.1
V3_HIDDEN_0174,HIDDEN_SEMANTIC,H4,ADAS,B1_Keyword,LOW,0.1,0.0,0.0,0.0,0.0,0.9882,1.0,2.169
V3_HIDDEN_0174,HIDDEN_SEMANTIC,H4,ADAS,B2_Raw_Embedding,LOW,0.1,0.0,0.0,0.0,1.0,0.8706,1.0,3.183
V3_HIDDEN_0174,HIDDEN_SEMANTIC,H4,ADAS,B3_Graph_Only,LOW,0.1,0.0,0.0,0.0,0.0,0.9882,1.0,0.011
V3_HIDDEN_0174,HIDDEN_SEMANTIC,H4,ADAS,B4_Contextual_Embedding,LOW,0.1,1.0,0.1,0.1818,0.9,0.8824,1.0,4.58
V3_HIDDEN_0174,HIDDEN_SEMANTIC,H4,ADAS,B5_AURA_Hybrid,LOW,0.1,1.0,0.1,0.1818,0.9,0.8824,1.0,5.14
V3_HIDDEN_0175,HIDDEN_SEMANTIC,H5,BATTERY_EV,B0_Full_Suite,LOW,0.1429,1.0,0.0031,0.0062,1.0,0.0,1.0,0.1
V3_HIDDEN_0175,HIDDEN_SEMANTIC,H5,BATTERY_EV,B1_Keyword,LOW,0.1429,0.0,0.0,0.0,1.0,0.825,1.0,2.333
V3_HIDDEN_0175,HIDDEN_SEMANTIC,H5,BATTERY_EV,B2_Raw_Embedding,LOW,0.1429,0.0,0.0,0.0,1.0,0.9,1.0,3.144
V3_HIDDEN_0175,HIDDEN_SEMANTIC,H5,BATTERY_EV,B3_Graph_Only,LOW,0.1429,0.0,0.0,0.0,0.0,0.9875,1.0,0.011
V3_HIDDEN_0175,HIDDEN_SEMANTIC,H5,BATTERY_EV,B4_Contextual_Embedding,LOW,0.1429,0.0,0.0,0.0,1.0,0.8625,1.0,3.795
V3_HIDDEN_0175,HIDDEN_SEMANTIC,H5,BATTERY_EV,B5_AURA_Hybrid,LOW,0.1429,0.0,0.0,0.0,1.0,0.8625,1.0,4.754
V3_HIDDEN_0176,HIDDEN_SEMANTIC,H6,BODY_ELECTRONICS,B0_Full_Suite,LOW,0.0588,1.0,0.0063,0.0126,1.0,0.0,1.0,0.1
V3_HIDDEN_0176,HIDDEN_SEMANTIC,H6,BODY_ELECTRONICS,B1_Keyword,LOW,0.0588,0.0,0.0,0.0,0.8,0.8125,1.0,2.262
V3_HIDDEN_0176,HIDDEN_SEMANTIC,H6,BODY_ELECTRONICS,B2_Raw_Embedding,LOW,0.0588,0.0,0.0,0.0,1.0,0.7708,1.0,2.492
V3_HIDDEN_0176,HIDDEN_SEMANTIC,H6,BODY_ELECTRONICS,B3_Graph_Only,LOW,0.0588,0.0,0.0,0.0,0.0,0.9792,1.0,0.016
V3_HIDDEN_0176,HIDDEN_SEMANTIC,H6,BODY_ELECTRONICS,B4_Contextual_Embedding,LOW,0.0588,0.0,0.0,0.0,1.0,0.7917,1.0,3.326
V3_HIDDEN_0176,HIDDEN_SEMANTIC,H6,BODY_ELECTRONICS,B5_AURA_Hybrid,LOW,0.0588,0.0,0.0,0.0,1.0,0.7917,1.0,3.699
V3_HIDDEN_0177,HIDDEN_SEMANTIC,H7,BATTERY_EV,B0_Full_Suite,MEDIUM,0.25,1.0,0.0031,0.0062,1.0,0.0,1.0,0.1
V3_HIDDEN_0177,HIDDEN_SEMANTIC,H7,BATTERY_EV,B1_Keyword,MEDIUM,0.25,1.0,0.0435,0.0833,1.0,0.825,1.0,2.288
V3_HIDDEN_0177,HIDDEN_SEMANTIC,H7,BATTERY_EV,B2_Raw_Embedding,MEDIUM,0.25,0.0,0.0,0.0,1.0,0.8875,1.0,3.481
V3_HIDDEN_0177,HIDDEN_SEMANTIC,H7,BATTERY_EV,B3_Graph_Only,MEDIUM,0.25,0.0,0.0,0.0,0.0,0.9875,1.0,0.013
V3_HIDDEN_0177,HIDDEN_SEMANTIC,H7,BATTERY_EV,B4_Contextual_Embedding,MEDIUM,0.25,1.0,0.1,0.1818,0.9,0.875,1.0,3.972
V3_HIDDEN_0177,HIDDEN_SEMANTIC,H7,BATTERY_EV,B5_AURA_Hybrid,MEDIUM,0.25,1.0,0.1,0.1818,0.9,0.875,1.0,4.215
V3_HIDDEN_0178,HIDDEN_SEMANTIC,H8,POWERTRAIN,B0_Full_Suite,LOW,0.1429,1.0,0.0031,0.0062,1.0,0.0,1.0,0.1
V3_HIDDEN_0178,HIDDEN_SEMANTIC,H8,POWERTRAIN,B1_Keyword,LOW,0.1429,1.0,0.0256,0.05,1.0,0.7,1.0,2.401
V3_HIDDEN_0178,HIDDEN_SEMANTIC,H8,POWERTRAIN,B2_Raw_Embedding,LOW,0.1429,0.0,0.0,0.0,1.0,0.8875,1.0,3.584
V3_HIDDEN_0178,HIDDEN_SEMANTIC,H8,POWERTRAIN,B3_Graph_Only,LOW,0.1429,0.0,0.0,0.0,0.0,0.9875,1.0,0.013
V3_HIDDEN_0178,HIDDEN_SEMANTIC,H8,POWERTRAIN,B4_Contextual_Embedding,LOW,0.1429,0.0,0.0,0.0,1.0,0.8625,1.0,4.392
V3_HIDDEN_0178,HIDDEN_SEMANTIC,H8,POWERTRAIN,B5_AURA_Hybrid,LOW,0.1429,0.0,0.0,0.0,1.0,0.8625,1.0,4.481
V3_HIDDEN_0179,HIDDEN_SEMANTIC,H9,ADAS,B0_Full_Suite,LOW,0.0952,1.0,0.0023,0.0045,1.0,0.0,1.0,0.1
V3_HIDDEN_0179,HIDDEN_SEMANTIC,H9,ADAS,B1_Keyword,LOW,0.0952,0.0,0.0,0.0,0.19999999999999996,0.9647,1.0,2.718
V3_HIDDEN_0179,HIDDEN_SEMANTIC,H9,ADAS,B2_Raw_Embedding,LOW,0.0952,0.0,0.0,0.0,1.0,0.8824,1.0,3.44
V3_HIDDEN_0179,HIDDEN_SEMANTIC,H9,ADAS,B3_Graph_Only,LOW,0.0952,0.0,0.0,0.0,0.0,0.9882,1.0,0.013
V3_HIDDEN_0179,HIDDEN_SEMANTIC,H9,ADAS,B4_Contextual_Embedding,LOW,0.0952,0.0,0.0,0.0,1.0,0.8706,1.0,4.767
V3_HIDDEN_0179,HIDDEN_SEMANTIC,H9,ADAS,B5_AURA_Hybrid,LOW,0.0952,0.0,0.0,0.0,1.0,0.8706,1.0,4.556
V3_HIDDEN_0180,HIDDEN_SEMANTIC,H10,ADAS,B0_Full_Suite,LOW,0.0,1.0,0.0023,0.0045,1.0,0.0,1.0,0.1
V3_HIDDEN_0180,HIDDEN_SEMANTIC,H10,ADAS,B1_Keyword,LOW,0.0,0.0,0.0,0.0,0.09999999999999998,0.9765,1.0,2.641
V3_HIDDEN_0180,HIDDEN_SEMANTIC,H10,ADAS,B2_Raw_Embedding,LOW,0.0,0.0,0.0,0.0,1.0,0.8824,1.0,3.215
V3_HIDDEN_0180,HIDDEN_SEMANTIC,H10,ADAS,B3_Graph_Only,LOW,0.0,0.0,0.0,0.0,0.0,0.9882,1.0,0.012
V3_HIDDEN_0180,HIDDEN_SEMANTIC,H10,ADAS,B4_Contextual_Embedding,LOW,0.0,0.0,0.0,0.0,1.0,0.8706,1.0,4.892
V3_HIDDEN_0180,HIDDEN_SEMANTIC,H10,ADAS,B5_AURA_Hybrid,LOW,0.0,0.0,0.0,0.0,1.0,0.8706,1.0,4.332
V3_HIDDEN_0181,HIDDEN_SEMANTIC,H1,ADAS,B0_Full_Suite,LOW,0.0,1.0,0.0023,0.0045,1.0,0.0,1.0,0.1
V3_HIDDEN_0181,HIDDEN_SEMANTIC,H1,ADAS,B1_Keyword,LOW,0.0,0.0,0.0,0.0,0.0,0.9882,1.0,2.256
V3_HIDDEN_0181,HIDDEN_SEMANTIC,H1,ADAS,B2_Raw_Embedding,LOW,0.0,0.0,0.0,0.0,1.0,0.8706,1.0,3.73
V3_HIDDEN_0181,HIDDEN_SEMANTIC,H1,ADAS,B3_Graph_Only,LOW,0.0,0.0,0.0,0.0,0.0,0.9882,1.0,0.012
V3_HIDDEN_0181,HIDDEN_SEMANTIC,H1,ADAS,B4_Contextual_Embedding,LOW,0.0,0.0,0.0,0.0,1.0,0.8706,1.0,5.441
V3_HIDDEN_0181,HIDDEN_SEMANTIC,H1,ADAS,B5_AURA_Hybrid,LOW,0.0,0.0,0.0,0.0,1.0,0.8706,1.0,4.847
V3_HIDDEN_0182,HIDDEN_SEMANTIC,H2,POWERTRAIN,B0_Full_Suite,LOW,0.0909,1.0,0.0031,0.0062,1.0,0.0,1.0,0.1
V3_HIDDEN_0182,HIDDEN_SEMANTIC,H2,POWERTRAIN,B1_Keyword,LOW,0.0909,1.0,0.05,0.0952,1.0,0.8375,1.0,1.757
V3_HIDDEN_0182,HIDDEN_SEMANTIC,H2,POWERTRAIN,B2_Raw_Embedding,LOW,0.0909,1.0,0.1,0.1818,0.9,0.875,1.0,3.448
V3_HIDDEN_0182,HIDDEN_SEMANTIC,H2,POWERTRAIN,B3_Graph_Only,LOW,0.0909,0.0,0.0,0.0,0.0,0.9875,1.0,0.012
V3_HIDDEN_0182,HIDDEN_SEMANTIC,H2,POWERTRAIN,B4_Contextual_Embedding,LOW,0.0909,1.0,0.1,0.1818,0.9,0.875,1.0,5.103
V3_HIDDEN_0182,HIDDEN_SEMANTIC,H2,POWERTRAIN,B5_AURA_Hybrid,LOW,0.0909,1.0,0.1,0.1818,0.9,0.875,1.0,6.005
V3_HIDDEN_0183,HIDDEN_SEMANTIC,H3,ADAS,B0_Full_Suite,LOW,0.0476,1.0,0.0023,0.0045,1.0,0.0,1.0,0.1
V3_HIDDEN_0183,HIDDEN_SEMANTIC,H3,ADAS,B1_Keyword,LOW,0.0476,0.0,0.0,0.0,0.09999999999999998,0.9765,1.0,3.463
V3_HIDDEN_0183,HIDDEN_SEMANTIC,H3,ADAS,B2_Raw_Embedding,LOW,0.0476,1.0,0.1,0.1818,0.9,0.8824,1.0,4.354
V3_HIDDEN_0183,HIDDEN_SEMANTIC,H3,ADAS,B3_Graph_Only,LOW,0.0476,0.0,0.0,0.0,0.0,0.9882,1.0,0.014
V3_HIDDEN_0183,HIDDEN_SEMANTIC,H3,ADAS,B4_Contextual_Embedding,LOW,0.0476,1.0,0.1,0.1818,0.9,0.8824,1.0,4.446
V3_HIDDEN_0183,HIDDEN_SEMANTIC,H3,ADAS,B5_AURA_Hybrid,LOW,0.0476,1.0,0.1,0.1818,0.9,0.8824,1.0,4.849
V3_HIDDEN_0184,HIDDEN_SEMANTIC,H4,ADAS,B0_Full_Suite,LOW,0.1,1.0,0.0023,0.0045,1.0,0.0,1.0,0.1
V3_HIDDEN_0184,HIDDEN_SEMANTIC,H4,ADAS,B1_Keyword,LOW,0.1,0.0,0.0,0.0,0.0,0.9882,1.0,2.377
V3_HIDDEN_0184,HIDDEN_SEMANTIC,H4,ADAS,B2_Raw_Embedding,LOW,0.1,0.0,0.0,0.0,1.0,0.8706,1.0,3.982
V3_HIDDEN_0184,HIDDEN_SEMANTIC,H4,ADAS,B3_Graph_Only,LOW,0.1,0.0,0.0,0.0,0.0,0.9882,1.0,0.006
V3_HIDDEN_0184,HIDDEN_SEMANTIC,H4,ADAS,B4_Contextual_Embedding,LOW,0.1,1.0,0.1,0.1818,0.9,0.8824,1.0,3.898
V3_HIDDEN_0184,HIDDEN_SEMANTIC,H4,ADAS,B5_AURA_Hybrid,LOW,0.1,1.0,0.1,0.1818,0.9,0.8824,1.0,4.956
V3_HIDDEN_0185,HIDDEN_SEMANTIC,H5,BATTERY_EV,B0_Full_Suite,LOW,0.1429,1.0,0.0031,0.0062,1.0,0.0,1.0,0.1
V3_HIDDEN_0185,HIDDEN_SEMANTIC,H5,BATTERY_EV,B1_Keyword,LOW,0.1429,0.0,0.0,0.0,1.0,0.8125,1.0,4.297
V3_HIDDEN_0185,HIDDEN_SEMANTIC,H5,BATTERY_EV,B2_Raw_Embedding,LOW,0.1429,0.0,0.0,0.0,1.0,0.9,1.0,13.412
V3_HIDDEN_0185,HIDDEN_SEMANTIC,H5,BATTERY_EV,B3_Graph_Only,LOW,0.1429,0.0,0.0,0.0,0.0,0.9875,1.0,0.016
V3_HIDDEN_0185,HIDDEN_SEMANTIC,H5,BATTERY_EV,B4_Contextual_Embedding,LOW,0.1429,0.0,0.0,0.0,1.0,0.8625,1.0,26.536
V3_HIDDEN_0185,HIDDEN_SEMANTIC,H5,BATTERY_EV,B5_AURA_Hybrid,LOW,0.1429,0.0,0.0,0.0,1.0,0.8625,1.0,42.363
V3_HIDDEN_0186,HIDDEN_SEMANTIC,H6,BODY_ELECTRONICS,B0_Full_Suite,LOW,0.0588,1.0,0.0063,0.0126,1.0,0.0,1.0,0.1
V3_HIDDEN_0186,HIDDEN_SEMANTIC,H6,BODY_ELECTRONICS,B1_Keyword,LOW,0.0588,0.0,0.0,0.0,0.8,0.8125,1.0,2.825
V3_HIDDEN_0186,HIDDEN_SEMANTIC,H6,BODY_ELECTRONICS,B2_Raw_Embedding,LOW,0.0588,0.0,0.0,0.0,1.0,0.7708,1.0,1.652
V3_HIDDEN_0186,HIDDEN_SEMANTIC,H6,BODY_ELECTRONICS,B3_Graph_Only,LOW,0.0588,0.0,0.0,0.0,0.0,0.9792,1.0,0.009
V3_HIDDEN_0186,HIDDEN_SEMANTIC,H6,BODY_ELECTRONICS,B4_Contextual_Embedding,LOW,0.0588,0.0,0.0,0.0,1.0,0.7917,1.0,6.458
V3_HIDDEN_0186,HIDDEN_SEMANTIC,H6,BODY_ELECTRONICS,B5_AURA_Hybrid,LOW,0.0588,0.0,0.0,0.0,1.0,0.7917,1.0,2.445
V3_HIDDEN_0187,HIDDEN_SEMANTIC,H7,BATTERY_EV,B0_Full_Suite,MEDIUM,0.25,1.0,0.0031,0.0062,1.0,0.0,1.0,0.1
V3_HIDDEN_0187,HIDDEN_SEMANTIC,H7,BATTERY_EV,B1_Keyword,MEDIUM,0.25,1.0,0.0435,0.0833,1.0,0.825,1.0,2.417
V3_HIDDEN_0187,HIDDEN_SEMANTIC,H7,BATTERY_EV,B2_Raw_Embedding,MEDIUM,0.25,0.0,0.0,0.0,1.0,0.8875,1.0,2.265
V3_HIDDEN_0187,HIDDEN_SEMANTIC,H7,BATTERY_EV,B3_Graph_Only,MEDIUM,0.25,0.0,0.0,0.0,0.0,0.9875,1.0,0.008
V3_HIDDEN_0187,HIDDEN_SEMANTIC,H7,BATTERY_EV,B4_Contextual_Embedding,MEDIUM,0.25,1.0,0.1,0.1818,0.9,0.875,1.0,7.574
V3_HIDDEN_0187,HIDDEN_SEMANTIC,H7,BATTERY_EV,B5_AURA_Hybrid,MEDIUM,0.25,1.0,0.1,0.1818,0.9,0.875,1.0,3.128
V3_HIDDEN_0188,HIDDEN_SEMANTIC,H8,POWERTRAIN,B0_Full_Suite,LOW,0.1429,1.0,0.0031,0.0062,1.0,0.0,1.0,0.1
V3_HIDDEN_0188,HIDDEN_SEMANTIC,H8,POWERTRAIN,B1_Keyword,LOW,0.1429,1.0,0.0256,0.05,1.0,0.7,1.0,1.822
V3_HIDDEN_0188,HIDDEN_SEMANTIC,H8,POWERTRAIN,B2_Raw_Embedding,LOW,0.1429,0.0,0.0,0.0,1.0,0.8875,1.0,2.112
V3_HIDDEN_0188,HIDDEN_SEMANTIC,H8,POWERTRAIN,B3_Graph_Only,LOW,0.1429,0.0,0.0,0.0,0.0,0.9875,1.0,0.009
V3_HIDDEN_0188,HIDDEN_SEMANTIC,H8,POWERTRAIN,B4_Contextual_Embedding,LOW,0.1429,0.0,0.0,0.0,1.0,0.8625,1.0,2.54
V3_HIDDEN_0188,HIDDEN_SEMANTIC,H8,POWERTRAIN,B5_AURA_Hybrid,LOW,0.1429,0.0,0.0,0.0,1.0,0.8625,1.0,7.199
V3_HIDDEN_0189,HIDDEN_SEMANTIC,H9,ADAS,B0_Full_Suite,LOW,0.0952,1.0,0.0023,0.0045,1.0,0.0,1.0,0.1
V3_HIDDEN_0189,HIDDEN_SEMANTIC,H9,ADAS,B1_Keyword,LOW,0.0952,0.0,0.0,0.0,0.19999999999999996,0.9647,1.0,1.91
V3_HIDDEN_0189,HIDDEN_SEMANTIC,H9,ADAS,B2_Raw_Embedding,LOW,0.0952,0.0,0.0,0.0,1.0,0.8824,1.0,2.475
V3_HIDDEN_0189,HIDDEN_SEMANTIC,H9,ADAS,B3_Graph_Only,LOW,0.0952,0.0,0.0,0.0,0.0,0.9882,1.0,0.009
V3_HIDDEN_0189,HIDDEN_SEMANTIC,H9,ADAS,B4_Contextual_Embedding,LOW,0.0952,0.0,0.0,0.0,1.0,0.8706,1.0,3.032
V3_HIDDEN_0189,HIDDEN_SEMANTIC,H9,ADAS,B5_AURA_Hybrid,LOW,0.0952,0.0,0.0,0.0,1.0,0.8706,1.0,3.31
V3_HIDDEN_0190,HIDDEN_SEMANTIC,H10,ADAS,B0_Full_Suite,LOW,0.0,1.0,0.0023,0.0045,1.0,0.0,1.0,0.1
V3_HIDDEN_0190,HIDDEN_SEMANTIC,H10,ADAS,B1_Keyword,LOW,0.0,0.0,0.0,0.0,0.09999999999999998,0.9765,1.0,4.073
V3_HIDDEN_0190,HIDDEN_SEMANTIC,H10,ADAS,B2_Raw_Embedding,LOW,0.0,0.0,0.0,0.0,1.0,0.8824,1.0,33.099
V3_HIDDEN_0190,HIDDEN_SEMANTIC,H10,ADAS,B3_Graph_Only,LOW,0.0,0.0,0.0,0.0,0.0,0.9882,1.0,0.013
V3_HIDDEN_0190,HIDDEN_SEMANTIC,H10,ADAS,B4_Contextual_Embedding,LOW,0.0,0.0,0.0,0.0,1.0,0.8706,1.0,48.839
V3_HIDDEN_0190,HIDDEN_SEMANTIC,H10,ADAS,B5_AURA_Hybrid,LOW,0.0,0.0,0.0,0.0,1.0,0.8706,1.0,5.445
V3_HIDDEN_0191,HIDDEN_SEMANTIC,H1,ADAS,B0_Full_Suite,LOW,0.0,1.0,0.0023,0.0045,1.0,0.0,1.0,0.1
V3_HIDDEN_0191,HIDDEN_SEMANTIC,H1,ADAS,B1_Keyword,LOW,0.0,0.0,0.0,0.0,0.0,0.9882,1.0,4.001
V3_HIDDEN_0191,HIDDEN_SEMANTIC,H1,ADAS,B2_Raw_Embedding,LOW,0.0,0.0,0.0,0.0,1.0,0.8706,1.0,2.574
V3_HIDDEN_0191,HIDDEN_SEMANTIC,H1,ADAS,B3_Graph_Only,LOW,0.0,0.0,0.0,0.0,0.0,0.9882,1.0,0.013
V3_HIDDEN_0191,HIDDEN_SEMANTIC,H1,ADAS,B4_Contextual_Embedding,LOW,0.0,0.0,0.0,0.0,1.0,0.8706,1.0,2.898
V3_HIDDEN_0191,HIDDEN_SEMANTIC,H1,ADAS,B5_AURA_Hybrid,LOW,0.0,0.0,0.0,0.0,1.0,0.8706,1.0,4.958
V3_HIDDEN_0192,HIDDEN_SEMANTIC,H2,POWERTRAIN,B0_Full_Suite,LOW,0.0909,1.0,0.0031,0.0062,1.0,0.0,1.0,0.1
V3_HIDDEN_0192,HIDDEN_SEMANTIC,H2,POWERTRAIN,B1_Keyword,LOW,0.0909,1.0,0.05,0.0952,1.0,0.8375,1.0,1.795
V3_HIDDEN_0192,HIDDEN_SEMANTIC,H2,POWERTRAIN,B2_Raw_Embedding,LOW,0.0909,1.0,0.1,0.1818,0.9,0.875,1.0,2.51
V3_HIDDEN_0192,HIDDEN_SEMANTIC,H2,POWERTRAIN,B3_Graph_Only,LOW,0.0909,0.0,0.0,0.0,0.0,0.9875,1.0,0.008
V3_HIDDEN_0192,HIDDEN_SEMANTIC,H2,POWERTRAIN,B4_Contextual_Embedding,LOW,0.0909,1.0,0.1,0.1818,0.9,0.875,1.0,2.982
V3_HIDDEN_0192,HIDDEN_SEMANTIC,H2,POWERTRAIN,B5_AURA_Hybrid,LOW,0.0909,1.0,0.1,0.1818,0.9,0.875,1.0,3.091
V3_HIDDEN_0193,HIDDEN_SEMANTIC,H3,ADAS,B0_Full_Suite,LOW,0.0476,1.0,0.0023,0.0045,1.0,0.0,1.0,0.1
V3_HIDDEN_0193,HIDDEN_SEMANTIC,H3,ADAS,B1_Keyword,LOW,0.0476,0.0,0.0,0.0,0.09999999999999998,0.9765,1.0,2.077
V3_HIDDEN_0193,HIDDEN_SEMANTIC,H3,ADAS,B2_Raw_Embedding,LOW,0.0476,1.0,0.1,0.1818,0.9,0.8824,1.0,3.844
V3_HIDDEN_0193,HIDDEN_SEMANTIC,H3,ADAS,B3_Graph_Only,LOW,0.0476,0.0,0.0,0.0,0.0,0.9882,1.0,0.008
V3_HIDDEN_0193,HIDDEN_SEMANTIC,H3,ADAS,B4_Contextual_Embedding,LOW,0.0476,1.0,0.1,0.1818,0.9,0.8824,1.0,3.004
V3_HIDDEN_0193,HIDDEN_SEMANTIC,H3,ADAS,B5_AURA_Hybrid,LOW,0.0476,1.0,0.1,0.1818,0.9,0.8824,1.0,2.92
V3_HIDDEN_0194,HIDDEN_SEMANTIC,H4,ADAS,B0_Full_Suite,LOW,0.1,1.0,0.0023,0.0045,1.0,0.0,1.0,0.1
V3_HIDDEN_0194,HIDDEN_SEMANTIC,H4,ADAS,B1_Keyword,LOW,0.1,0.0,0.0,0.0,0.0,0.9882,1.0,1.601
V3_HIDDEN_0194,HIDDEN_SEMANTIC,H4,ADAS,B2_Raw_Embedding,LOW,0.1,0.0,0.0,0.0,1.0,0.8706,1.0,2.162
V3_HIDDEN_0194,HIDDEN_SEMANTIC,H4,ADAS,B3_Graph_Only,LOW,0.1,0.0,0.0,0.0,0.0,0.9882,1.0,0.009
V3_HIDDEN_0194,HIDDEN_SEMANTIC,H4,ADAS,B4_Contextual_Embedding,LOW,0.1,1.0,0.1,0.1818,0.9,0.8824,1.0,3.339
V3_HIDDEN_0194,HIDDEN_SEMANTIC,H4,ADAS,B5_AURA_Hybrid,LOW,0.1,1.0,0.1,0.1818,0.9,0.8824,1.0,14.242
V3_HIDDEN_0195,HIDDEN_SEMANTIC,H5,BATTERY_EV,B0_Full_Suite,LOW,0.1429,1.0,0.0031,0.0062,1.0,0.0,1.0,0.1
V3_HIDDEN_0195,HIDDEN_SEMANTIC,H5,BATTERY_EV,B1_Keyword,LOW,0.1429,0.0,0.0,0.0,1.0,0.825,1.0,16.722
V3_HIDDEN_0195,HIDDEN_SEMANTIC,H5,BATTERY_EV,B2_Raw_Embedding,LOW,0.1429,0.0,0.0,0.0,1.0,0.9,1.0,34.422
V3_HIDDEN_0195,HIDDEN_SEMANTIC,H5,BATTERY_EV,B3_Graph_Only,LOW,0.1429,0.0,0.0,0.0,0.0,0.9875,1.0,0.013
V3_HIDDEN_0195,HIDDEN_SEMANTIC,H5,BATTERY_EV,B4_Contextual_Embedding,LOW,0.1429,0.0,0.0,0.0,1.0,0.8625,1.0,16.406
V3_HIDDEN_0195,HIDDEN_SEMANTIC,H5,BATTERY_EV,B5_AURA_Hybrid,LOW,0.1429,0.0,0.0,0.0,1.0,0.8625,1.0,7.555
V3_HIDDEN_0196,HIDDEN_SEMANTIC,H6,BODY_ELECTRONICS,B0_Full_Suite,LOW,0.0588,1.0,0.0063,0.0126,1.0,0.0,1.0,0.1
V3_HIDDEN_0196,HIDDEN_SEMANTIC,H6,BODY_ELECTRONICS,B1_Keyword,LOW,0.0588,0.0,0.0,0.0,0.8,0.8125,1.0,1.931
V3_HIDDEN_0196,HIDDEN_SEMANTIC,H6,BODY_ELECTRONICS,B2_Raw_Embedding,LOW,0.0588,0.0,0.0,0.0,1.0,0.7708,1.0,2.092
V3_HIDDEN_0196,HIDDEN_SEMANTIC,H6,BODY_ELECTRONICS,B3_Graph_Only,LOW,0.0588,0.0,0.0,0.0,0.0,0.9792,1.0,0.008
V3_HIDDEN_0196,HIDDEN_SEMANTIC,H6,BODY_ELECTRONICS,B4_Contextual_Embedding,LOW,0.0588,0.0,0.0,0.0,1.0,0.7917,1.0,2.034
V3_HIDDEN_0196,HIDDEN_SEMANTIC,H6,BODY_ELECTRONICS,B5_AURA_Hybrid,LOW,0.0588,0.0,0.0,0.0,1.0,0.7917,1.0,2.256
V3_HIDDEN_0197,HIDDEN_SEMANTIC,H7,BATTERY_EV,B0_Full_Suite,MEDIUM,0.25,1.0,0.0031,0.0062,1.0,0.0,1.0,0.1
V3_HIDDEN_0197,HIDDEN_SEMANTIC,H7,BATTERY_EV,B1_Keyword,MEDIUM,0.25,1.0,0.0435,0.0833,1.0,0.825,1.0,1.474
V3_HIDDEN_0197,HIDDEN_SEMANTIC,H7,BATTERY_EV,B2_Raw_Embedding,MEDIUM,0.25,0.0,0.0,0.0,1.0,0.8875,1.0,1.918
V3_HIDDEN_0197,HIDDEN_SEMANTIC,H7,BATTERY_EV,B3_Graph_Only,MEDIUM,0.25,0.0,0.0,0.0,0.0,0.9875,1.0,0.008
V3_HIDDEN_0197,HIDDEN_SEMANTIC,H7,BATTERY_EV,B4_Contextual_Embedding,MEDIUM,0.25,1.0,0.1,0.1818,0.9,0.875,1.0,2.42
V3_HIDDEN_0197,HIDDEN_SEMANTIC,H7,BATTERY_EV,B5_AURA_Hybrid,MEDIUM,0.25,1.0,0.1,0.1818,0.9,0.875,1.0,2.531
V3_HIDDEN_0198,HIDDEN_SEMANTIC,H8,POWERTRAIN,B0_Full_Suite,LOW,0.1429,1.0,0.0031,0.0062,1.0,0.0,1.0,0.1
V3_HIDDEN_0198,HIDDEN_SEMANTIC,H8,POWERTRAIN,B1_Keyword,LOW,0.1429,1.0,0.0256,0.05,1.0,0.7,1.0,1.782
V3_HIDDEN_0198,HIDDEN_SEMANTIC,H8,POWERTRAIN,B2_Raw_Embedding,LOW,0.1429,0.0,0.0,0.0,1.0,0.8875,1.0,2.33
V3_HIDDEN_0198,HIDDEN_SEMANTIC,H8,POWERTRAIN,B3_Graph_Only,LOW,0.1429,0.0,0.0,0.0,0.0,0.9875,1.0,0.007
V3_HIDDEN_0198,HIDDEN_SEMANTIC,H8,POWERTRAIN,B4_Contextual_Embedding,LOW,0.1429,0.0,0.0,0.0,1.0,0.8625,1.0,2.379
V3_HIDDEN_0198,HIDDEN_SEMANTIC,H8,POWERTRAIN,B5_AURA_Hybrid,LOW,0.1429,0.0,0.0,0.0,1.0,0.8625,1.0,3.693
V3_HIDDEN_0199,HIDDEN_SEMANTIC,H9,ADAS,B0_Full_Suite,LOW,0.0952,1.0,0.0023,0.0045,1.0,0.0,1.0,0.1
V3_HIDDEN_0199,HIDDEN_SEMANTIC,H9,ADAS,B1_Keyword,LOW,0.0952,0.0,0.0,0.0,0.19999999999999996,0.9647,1.0,1.455
V3_HIDDEN_0199,HIDDEN_SEMANTIC,H9,ADAS,B2_Raw_Embedding,LOW,0.0952,0.0,0.0,0.0,1.0,0.8824,1.0,2.233
V3_HIDDEN_0199,HIDDEN_SEMANTIC,H9,ADAS,B3_Graph_Only,LOW,0.0952,0.0,0.0,0.0,0.0,0.9882,1.0,0.008
V3_HIDDEN_0199,HIDDEN_SEMANTIC,H9,ADAS,B4_Contextual_Embedding,LOW,0.0952,0.0,0.0,0.0,1.0,0.8706,1.0,3.114
V3_HIDDEN_0199,HIDDEN_SEMANTIC,H9,ADAS,B5_AURA_Hybrid,LOW,0.0952,0.0,0.0,0.0,1.0,0.8706,1.0,4.024
V3_HIDDEN_0200,HIDDEN_SEMANTIC,H10,ADAS,B0_Full_Suite,LOW,0.0,1.0,0.0023,0.0045,1.0,0.0,1.0,0.1
V3_HIDDEN_0200,HIDDEN_SEMANTIC,H10,ADAS,B1_Keyword,LOW,0.0,0.0,0.0,0.0,0.09999999999999998,0.9765,1.0,1.537
V3_HIDDEN_0200,HIDDEN_SEMANTIC,H10,ADAS,B2_Raw_Embedding,LOW,0.0,0.0,0.0,0.0,1.0,0.8824,1.0,1.835
V3_HIDDEN_0200,HIDDEN_SEMANTIC,H10,ADAS,B3_Graph_Only,LOW,0.0,0.0,0.0,0.0,0.0,0.9882,1.0,0.007
V3_HIDDEN_0200,HIDDEN_SEMANTIC,H10,ADAS,B4_Contextual_Embedding,LOW,0.0,0.0,0.0,0.0,1.0,0.8706,1.0,2.332
V3_HIDDEN_0200,HIDDEN_SEMANTIC,H10,ADAS,B5_AURA_Hybrid,LOW,0.0,0.0,0.0,0.0,1.0,0.8706,1.0,2.476
V3_HIDDEN_0201,HIDDEN_SEMANTIC,H1,ADAS,B0_Full_Suite,LOW,0.0,1.0,0.0023,0.0045,1.0,0.0,1.0,0.1
V3_HIDDEN_0201,HIDDEN_SEMANTIC,H1,ADAS,B1_Keyword,LOW,0.0,0.0,0.0,0.0,0.0,0.9882,1.0,1.191
V3_HIDDEN_0201,HIDDEN_SEMANTIC,H1,ADAS,B2_Raw_Embedding,LOW,0.0,0.0,0.0,0.0,1.0,0.8706,1.0,2.01
V3_HIDDEN_0201,HIDDEN_SEMANTIC,H1,ADAS,B3_Graph_Only,LOW,0.0,0.0,0.0,0.0,0.0,0.9882,1.0,0.007
V3_HIDDEN_0201,HIDDEN_SEMANTIC,H1,ADAS,B4_Contextual_Embedding,LOW,0.0,0.0,0.0,0.0,1.0,0.8706,1.0,4.146
V3_HIDDEN_0201,HIDDEN_SEMANTIC,H1,ADAS,B5_AURA_Hybrid,LOW,0.0,0.0,0.0,0.0,1.0,0.8706,1.0,3.531
V3_HIDDEN_0202,HIDDEN_SEMANTIC,H2,POWERTRAIN,B0_Full_Suite,LOW,0.0909,1.0,0.0031,0.0062,1.0,0.0,1.0,0.1
V3_HIDDEN_0202,HIDDEN_SEMANTIC,H2,POWERTRAIN,B1_Keyword,LOW,0.0909,1.0,0.0526,0.1,1.0,0.85,1.0,1.6
V3_HIDDEN_0202,HIDDEN_SEMANTIC,H2,POWERTRAIN,B2_Raw_Embedding,LOW,0.0909,1.0,0.1,0.1818,0.9,0.875,1.0,2.444
V3_HIDDEN_0202,HIDDEN_SEMANTIC,H2,POWERTRAIN,B3_Graph_Only,LOW,0.0909,0.0,0.0,0.0,0.0,0.9875,1.0,0.011
V3_HIDDEN_0202,HIDDEN_SEMANTIC,H2,POWERTRAIN,B4_Contextual_Embedding,LOW,0.0909,1.0,0.1,0.1818,0.9,0.875,1.0,2.982
V3_HIDDEN_0202,HIDDEN_SEMANTIC,H2,POWERTRAIN,B5_AURA_Hybrid,LOW,0.0909,1.0,0.1,0.1818,0.9,0.875,1.0,2.815
V3_HIDDEN_0203,HIDDEN_SEMANTIC,H3,ADAS,B0_Full_Suite,LOW,0.0476,1.0,0.0023,0.0045,1.0,0.0,1.0,0.1
V3_HIDDEN_0203,HIDDEN_SEMANTIC,H3,ADAS,B1_Keyword,LOW,0.0476,0.0,0.0,0.0,0.0,0.9882,1.0,1.552
V3_HIDDEN_0203,HIDDEN_SEMANTIC,H3,ADAS,B2_Raw_Embedding,LOW,0.0476,1.0,0.1,0.1818,0.9,0.8824,1.0,2.18
V3_HIDDEN_0203,HIDDEN_SEMANTIC,H3,ADAS,B3_Graph_Only,LOW,0.0476,0.0,0.0,0.0,0.0,0.9882,1.0,0.009
V3_HIDDEN_0203,HIDDEN_SEMANTIC,H3,ADAS,B4_Contextual_Embedding,LOW,0.0476,1.0,0.1,0.1818,0.9,0.8824,1.0,2.673
V3_HIDDEN_0203,HIDDEN_SEMANTIC,H3,ADAS,B5_AURA_Hybrid,LOW,0.0476,1.0,0.1,0.1818,0.9,0.8824,1.0,3.128
V3_HIDDEN_0204,HIDDEN_SEMANTIC,H4,ADAS,B0_Full_Suite,LOW,0.1,1.0,0.0023,0.0045,1.0,0.0,1.0,0.1
V3_HIDDEN_0204,HIDDEN_SEMANTIC,H4,ADAS,B1_Keyword,LOW,0.1,0.0,0.0,0.0,0.0,0.9882,1.0,1.294
V3_HIDDEN_0204,HIDDEN_SEMANTIC,H4,ADAS,B2_Raw_Embedding,LOW,0.1,0.0,0.0,0.0,1.0,0.8706,1.0,2.269
V3_HIDDEN_0204,HIDDEN_SEMANTIC,H4,ADAS,B3_Graph_Only,LOW,0.1,0.0,0.0,0.0,0.0,0.9882,1.0,0.008
V3_HIDDEN_0204,HIDDEN_SEMANTIC,H4,ADAS,B4_Contextual_Embedding,LOW,0.1,1.0,0.1,0.1818,0.9,0.8824,1.0,5.128
V3_HIDDEN_0204,HIDDEN_SEMANTIC,H4,ADAS,B5_AURA_Hybrid,LOW,0.1,1.0,0.1,0.1818,0.9,0.8824,1.0,3.032
V3_HIDDEN_0205,HIDDEN_SEMANTIC,H5,BATTERY_EV,B0_Full_Suite,LOW,0.1429,1.0,0.0031,0.0062,1.0,0.0,1.0,0.1
V3_HIDDEN_0205,HIDDEN_SEMANTIC,H5,BATTERY_EV,B1_Keyword,LOW,0.1429,0.0,0.0,0.0,1.0,0.825,1.0,1.349
V3_HIDDEN_0205,HIDDEN_SEMANTIC,H5,BATTERY_EV,B2_Raw_Embedding,LOW,0.1429,0.0,0.0,0.0,1.0,0.9,1.0,1.933
V3_HIDDEN_0205,HIDDEN_SEMANTIC,H5,BATTERY_EV,B3_Graph_Only,LOW,0.1429,0.0,0.0,0.0,0.0,0.9875,1.0,0.009
V3_HIDDEN_0205,HIDDEN_SEMANTIC,H5,BATTERY_EV,B4_Contextual_Embedding,LOW,0.1429,0.0,0.0,0.0,1.0,0.8625,1.0,2.731
V3_HIDDEN_0205,HIDDEN_SEMANTIC,H5,BATTERY_EV,B5_AURA_Hybrid,LOW,0.1429,0.0,0.0,0.0,1.0,0.8625,1.0,2.679
V3_HIDDEN_0206,HIDDEN_SEMANTIC,H6,BODY_ELECTRONICS,B0_Full_Suite,LOW,0.0588,1.0,0.0063,0.0126,1.0,0.0,1.0,0.1
V3_HIDDEN_0206,HIDDEN_SEMANTIC,H6,BODY_ELECTRONICS,B1_Keyword,LOW,0.0588,0.0,0.0,0.0,0.8,0.8125,1.0,1.273
V3_HIDDEN_0206,HIDDEN_SEMANTIC,H6,BODY_ELECTRONICS,B2_Raw_Embedding,LOW,0.0588,0.0,0.0,0.0,1.0,0.7708,1.0,1.397
V3_HIDDEN_0206,HIDDEN_SEMANTIC,H6,BODY_ELECTRONICS,B3_Graph_Only,LOW,0.0588,0.0,0.0,0.0,0.0,0.9792,1.0,0.01
V3_HIDDEN_0206,HIDDEN_SEMANTIC,H6,BODY_ELECTRONICS,B4_Contextual_Embedding,LOW,0.0588,0.0,0.0,0.0,1.0,0.7917,1.0,2.138
V3_HIDDEN_0206,HIDDEN_SEMANTIC,H6,BODY_ELECTRONICS,B5_AURA_Hybrid,LOW,0.0588,0.0,0.0,0.0,1.0,0.7917,1.0,2.321
V3_HIDDEN_0207,HIDDEN_SEMANTIC,H7,BATTERY_EV,B0_Full_Suite,MEDIUM,0.25,1.0,0.0031,0.0062,1.0,0.0,1.0,0.1
V3_HIDDEN_0207,HIDDEN_SEMANTIC,H7,BATTERY_EV,B1_Keyword,MEDIUM,0.25,1.0,0.0435,0.0833,1.0,0.825,1.0,1.415
V3_HIDDEN_0207,HIDDEN_SEMANTIC,H7,BATTERY_EV,B2_Raw_Embedding,MEDIUM,0.25,0.0,0.0,0.0,1.0,0.8875,1.0,1.82
V3_HIDDEN_0207,HIDDEN_SEMANTIC,H7,BATTERY_EV,B3_Graph_Only,MEDIUM,0.25,0.0,0.0,0.0,0.0,0.9875,1.0,0.008
V3_HIDDEN_0207,HIDDEN_SEMANTIC,H7,BATTERY_EV,B4_Contextual_Embedding,MEDIUM,0.25,1.0,0.1,0.1818,0.9,0.875,1.0,2.341
V3_HIDDEN_0207,HIDDEN_SEMANTIC,H7,BATTERY_EV,B5_AURA_Hybrid,MEDIUM,0.25,1.0,0.1,0.1818,0.9,0.875,1.0,2.73
V3_HIDDEN_0208,HIDDEN_SEMANTIC,H8,POWERTRAIN,B0_Full_Suite,LOW,0.1429,1.0,0.0031,0.0062,1.0,0.0,1.0,0.1
V3_HIDDEN_0208,HIDDEN_SEMANTIC,H8,POWERTRAIN,B1_Keyword,LOW,0.1429,1.0,0.0256,0.05,1.0,0.7,1.0,1.163
V3_HIDDEN_0208,HIDDEN_SEMANTIC,H8,POWERTRAIN,B2_Raw_Embedding,LOW,0.1429,0.0,0.0,0.0,1.0,0.8875,1.0,2.113
V3_HIDDEN_0208,HIDDEN_SEMANTIC,H8,POWERTRAIN,B3_Graph_Only,LOW,0.1429,0.0,0.0,0.0,0.0,0.9875,1.0,0.009
V3_HIDDEN_0208,HIDDEN_SEMANTIC,H8,POWERTRAIN,B4_Contextual_Embedding,LOW,0.1429,0.0,0.0,0.0,1.0,0.8625,1.0,2.192
V3_HIDDEN_0208,HIDDEN_SEMANTIC,H8,POWERTRAIN,B5_AURA_Hybrid,LOW,0.1429,0.0,0.0,0.0,1.0,0.8625,1.0,2.375
V3_HIDDEN_0209,HIDDEN_SEMANTIC,H9,ADAS,B0_Full_Suite,LOW,0.0952,1.0,0.0023,0.0045,1.0,0.0,1.0,0.1
V3_HIDDEN_0209,HIDDEN_SEMANTIC,H9,ADAS,B1_Keyword,LOW,0.0952,0.0,0.0,0.0,0.8,0.8941,1.0,1.461
V3_HIDDEN_0209,HIDDEN_SEMANTIC,H9,ADAS,B2_Raw_Embedding,LOW,0.0952,0.0,0.0,0.0,1.0,0.8824,1.0,2.883
V3_HIDDEN_0209,HIDDEN_SEMANTIC,H9,ADAS,B3_Graph_Only,LOW,0.0952,0.0,0.0,0.0,0.0,0.9882,1.0,0.008
V3_HIDDEN_0209,HIDDEN_SEMANTIC,H9,ADAS,B4_Contextual_Embedding,LOW,0.0952,0.0,0.0,0.0,1.0,0.8706,1.0,2.455
V3_HIDDEN_0209,HIDDEN_SEMANTIC,H9,ADAS,B5_AURA_Hybrid,LOW,0.0952,0.0,0.0,0.0,1.0,0.8706,1.0,2.712
V3_HIDDEN_0210,HIDDEN_SEMANTIC,H10,ADAS,B0_Full_Suite,LOW,0.0,1.0,0.0023,0.0045,1.0,0.0,1.0,0.1
V3_HIDDEN_0210,HIDDEN_SEMANTIC,H10,ADAS,B1_Keyword,LOW,0.0,0.0,0.0,0.0,0.7,0.3059,1.0,1.386
V3_HIDDEN_0210,HIDDEN_SEMANTIC,H10,ADAS,B2_Raw_Embedding,LOW,0.0,0.0,0.0,0.0,1.0,0.8824,1.0,2.109
V3_HIDDEN_0210,HIDDEN_SEMANTIC,H10,ADAS,B3_Graph_Only,LOW,0.0,0.0,0.0,0.0,0.0,0.9882,1.0,0.009
V3_HIDDEN_0210,HIDDEN_SEMANTIC,H10,ADAS,B4_Contextual_Embedding,LOW,0.0,0.0,0.0,0.0,1.0,0.8706,1.0,2.485
V3_HIDDEN_0210,HIDDEN_SEMANTIC,H10,ADAS,B5_AURA_Hybrid,LOW,0.0,0.0,0.0,0.0,1.0,0.8706,1.0,2.338
V3_HIDDEN_0211,HIDDEN_SEMANTIC,H1,ADAS,B0_Full_Suite,LOW,0.0,1.0,0.0023,0.0045,1.0,0.0,1.0,0.1
V3_HIDDEN_0211,HIDDEN_SEMANTIC,H1,ADAS,B1_Keyword,LOW,0.0,0.0,0.0,0.0,0.0,0.9882,1.0,1.222
V3_HIDDEN_0211,HIDDEN_SEMANTIC,H1,ADAS,B2_Raw_Embedding,LOW,0.0,0.0,0.0,0.0,1.0,0.8706,1.0,2.135
V3_HIDDEN_0211,HIDDEN_SEMANTIC,H1,ADAS,B3_Graph_Only,LOW,0.0,0.0,0.0,0.0,0.0,0.9882,1.0,0.012
V3_HIDDEN_0211,HIDDEN_SEMANTIC,H1,ADAS,B4_Contextual_Embedding,LOW,0.0,0.0,0.0,0.0,1.0,0.8706,1.0,2.703
V3_HIDDEN_0211,HIDDEN_SEMANTIC,H1,ADAS,B5_AURA_Hybrid,LOW,0.0,0.0,0.0,0.0,1.0,0.8706,1.0,3.014
V3_HIDDEN_0212,HIDDEN_SEMANTIC,H2,POWERTRAIN,B0_Full_Suite,LOW,0.0909,1.0,0.0031,0.0062,1.0,0.0,1.0,0.1
V3_HIDDEN_0212,HIDDEN_SEMANTIC,H2,POWERTRAIN,B1_Keyword,LOW,0.0909,1.0,0.05,0.0952,1.0,0.8375,1.0,1.319
V3_HIDDEN_0212,HIDDEN_SEMANTIC,H2,POWERTRAIN,B2_Raw_Embedding,LOW,0.0909,1.0,0.1,0.1818,0.9,0.875,1.0,2.032
V3_HIDDEN_0212,HIDDEN_SEMANTIC,H2,POWERTRAIN,B3_Graph_Only,LOW,0.0909,0.0,0.0,0.0,0.0,0.9875,1.0,0.007
V3_HIDDEN_0212,HIDDEN_SEMANTIC,H2,POWERTRAIN,B4_Contextual_Embedding,LOW,0.0909,1.0,0.1,0.1818,0.9,0.875,1.0,2.364
V3_HIDDEN_0212,HIDDEN_SEMANTIC,H2,POWERTRAIN,B5_AURA_Hybrid,LOW,0.0909,1.0,0.1,0.1818,0.9,0.875,1.0,2.588
V3_HIDDEN_0213,HIDDEN_SEMANTIC,H3,ADAS,B0_Full_Suite,LOW,0.0476,1.0,0.0023,0.0045,1.0,0.0,1.0,0.1
V3_HIDDEN_0213,HIDDEN_SEMANTIC,H3,ADAS,B1_Keyword,LOW,0.0476,0.0,0.0,0.0,0.0,0.9882,1.0,1.244
V3_HIDDEN_0213,HIDDEN_SEMANTIC,H3,ADAS,B2_Raw_Embedding,LOW,0.0476,1.0,0.1,0.1818,0.9,0.8824,1.0,1.951
V3_HIDDEN_0213,HIDDEN_SEMANTIC,H3,ADAS,B3_Graph_Only,LOW,0.0476,0.0,0.0,0.0,0.0,0.9882,1.0,0.008
V3_HIDDEN_0213,HIDDEN_SEMANTIC,H3,ADAS,B4_Contextual_Embedding,LOW,0.0476,1.0,0.1,0.1818,0.9,0.8824,1.0,2.439
V3_HIDDEN_0213,HIDDEN_SEMANTIC,H3,ADAS,B5_AURA_Hybrid,LOW,0.0476,1.0,0.1,0.1818,0.9,0.8824,1.0,2.656
V3_HIDDEN_0214,HIDDEN_SEMANTIC,H4,ADAS,B0_Full_Suite,LOW,0.1,1.0,0.0023,0.0045,1.0,0.0,1.0,0.1
V3_HIDDEN_0214,HIDDEN_SEMANTIC,H4,ADAS,B1_Keyword,LOW,0.1,0.0,0.0,0.0,0.0,0.9882,1.0,1.284
V3_HIDDEN_0214,HIDDEN_SEMANTIC,H4,ADAS,B2_Raw_Embedding,LOW,0.1,0.0,0.0,0.0,1.0,0.8706,1.0,1.865
V3_HIDDEN_0214,HIDDEN_SEMANTIC,H4,ADAS,B3_Graph_Only,LOW,0.1,0.0,0.0,0.0,0.0,0.9882,1.0,0.008
V3_HIDDEN_0214,HIDDEN_SEMANTIC,H4,ADAS,B4_Contextual_Embedding,LOW,0.1,1.0,0.1,0.1818,0.9,0.8824,1.0,2.415
V3_HIDDEN_0214,HIDDEN_SEMANTIC,H4,ADAS,B5_AURA_Hybrid,LOW,0.1,1.0,0.1,0.1818,0.9,0.8824,1.0,2.801
V3_HIDDEN_0215,HIDDEN_SEMANTIC,H5,BATTERY_EV,B0_Full_Suite,LOW,0.1429,1.0,0.0031,0.0062,1.0,0.0,1.0,0.1
V3_HIDDEN_0215,HIDDEN_SEMANTIC,H5,BATTERY_EV,B1_Keyword,LOW,0.1429,0.0,0.0,0.0,1.0,0.825,1.0,1.505
V3_HIDDEN_0215,HIDDEN_SEMANTIC,H5,BATTERY_EV,B2_Raw_Embedding,LOW,0.1429,0.0,0.0,0.0,1.0,0.8875,1.0,2.0
V3_HIDDEN_0215,HIDDEN_SEMANTIC,H5,BATTERY_EV,B3_Graph_Only,LOW,0.1429,0.0,0.0,0.0,0.0,0.9875,1.0,0.008
V3_HIDDEN_0215,HIDDEN_SEMANTIC,H5,BATTERY_EV,B4_Contextual_Embedding,LOW,0.1429,0.0,0.0,0.0,1.0,0.8625,1.0,2.411
V3_HIDDEN_0215,HIDDEN_SEMANTIC,H5,BATTERY_EV,B5_AURA_Hybrid,LOW,0.1429,0.0,0.0,0.0,1.0,0.8625,1.0,2.801
V3_HIDDEN_0216,HIDDEN_SEMANTIC,H6,BODY_ELECTRONICS,B0_Full_Suite,LOW,0.0588,1.0,0.0063,0.0126,1.0,0.0,1.0,0.1
V3_HIDDEN_0216,HIDDEN_SEMANTIC,H6,BODY_ELECTRONICS,B1_Keyword,LOW,0.0588,0.0,0.0,0.0,0.8,0.8125,1.0,1.441
V3_HIDDEN_0216,HIDDEN_SEMANTIC,H6,BODY_ELECTRONICS,B2_Raw_Embedding,LOW,0.0588,0.0,0.0,0.0,1.0,0.7708,1.0,1.559
V3_HIDDEN_0216,HIDDEN_SEMANTIC,H6,BODY_ELECTRONICS,B3_Graph_Only,LOW,0.0588,0.0,0.0,0.0,0.0,0.9792,1.0,0.008
V3_HIDDEN_0216,HIDDEN_SEMANTIC,H6,BODY_ELECTRONICS,B4_Contextual_Embedding,LOW,0.0588,0.0,0.0,0.0,1.0,0.7917,1.0,2.142
V3_HIDDEN_0216,HIDDEN_SEMANTIC,H6,BODY_ELECTRONICS,B5_AURA_Hybrid,LOW,0.0588,0.0,0.0,0.0,1.0,0.7917,1.0,2.101
V3_HIDDEN_0217,HIDDEN_SEMANTIC,H7,BATTERY_EV,B0_Full_Suite,MEDIUM,0.25,1.0,0.0031,0.0062,1.0,0.0,1.0,0.1
V3_HIDDEN_0217,HIDDEN_SEMANTIC,H7,BATTERY_EV,B1_Keyword,MEDIUM,0.25,1.0,0.0303,0.0588,1.0,0.4125,1.0,1.618
V3_HIDDEN_0217,HIDDEN_SEMANTIC,H7,BATTERY_EV,B2_Raw_Embedding,MEDIUM,0.25,0.0,0.0,0.0,1.0,0.9,1.0,1.76
V3_HIDDEN_0217,HIDDEN_SEMANTIC,H7,BATTERY_EV,B3_Graph_Only,MEDIUM,0.25,0.0,0.0,0.0,0.0,0.9875,1.0,0.004
V3_HIDDEN_0217,HIDDEN_SEMANTIC,H7,BATTERY_EV,B4_Contextual_Embedding,MEDIUM,0.25,1.0,0.1,0.1818,0.9,0.875,1.0,1.828
V3_HIDDEN_0217,HIDDEN_SEMANTIC,H7,BATTERY_EV,B5_AURA_Hybrid,MEDIUM,0.25,1.0,0.1,0.1818,0.9,0.875,1.0,2.415
V3_HIDDEN_0218,HIDDEN_SEMANTIC,H8,POWERTRAIN,B0_Full_Suite,LOW,0.1429,1.0,0.0031,0.0062,1.0,0.0,1.0,0.1
V3_HIDDEN_0218,HIDDEN_SEMANTIC,H8,POWERTRAIN,B1_Keyword,LOW,0.1429,1.0,0.0256,0.05,1.0,0.7,1.0,1.539
V3_HIDDEN_0218,HIDDEN_SEMANTIC,H8,POWERTRAIN,B2_Raw_Embedding,LOW,0.1429,0.0,0.0,0.0,1.0,0.8875,1.0,1.896
V3_HIDDEN_0218,HIDDEN_SEMANTIC,H8,POWERTRAIN,B3_Graph_Only,LOW,0.1429,0.0,0.0,0.0,0.0,0.9875,1.0,0.007
V3_HIDDEN_0218,HIDDEN_SEMANTIC,H8,POWERTRAIN,B4_Contextual_Embedding,LOW,0.1429,0.0,0.0,0.0,1.0,0.8625,1.0,2.727
V3_HIDDEN_0218,HIDDEN_SEMANTIC,H8,POWERTRAIN,B5_AURA_Hybrid,LOW,0.1429,0.0,0.0,0.0,1.0,0.8625,1.0,2.767
V3_HIDDEN_0219,HIDDEN_SEMANTIC,H9,ADAS,B0_Full_Suite,LOW,0.0952,1.0,0.0023,0.0045,1.0,0.0,1.0,0.1
V3_HIDDEN_0219,HIDDEN_SEMANTIC,H9,ADAS,B1_Keyword,LOW,0.0952,0.0,0.0,0.0,0.8,0.8941,1.0,1.511
V3_HIDDEN_0219,HIDDEN_SEMANTIC,H9,ADAS,B2_Raw_Embedding,LOW,0.0952,0.0,0.0,0.0,1.0,0.8824,1.0,2.144
V3_HIDDEN_0219,HIDDEN_SEMANTIC,H9,ADAS,B3_Graph_Only,LOW,0.0952,0.0,0.0,0.0,0.0,0.9882,1.0,0.008
V3_HIDDEN_0219,HIDDEN_SEMANTIC,H9,ADAS,B4_Contextual_Embedding,LOW,0.0952,0.0,0.0,0.0,1.0,0.8706,1.0,2.512
V3_HIDDEN_0219,HIDDEN_SEMANTIC,H9,ADAS,B5_AURA_Hybrid,LOW,0.0952,0.0,0.0,0.0,1.0,0.8706,1.0,3.333
V3_HIDDEN_0220,HIDDEN_SEMANTIC,H10,ADAS,B0_Full_Suite,LOW,0.0,1.0,0.0023,0.0045,1.0,0.0,1.0,0.1
V3_HIDDEN_0220,HIDDEN_SEMANTIC,H10,ADAS,B1_Keyword,LOW,0.0,0.0,0.0,0.0,0.7,0.3059,1.0,1.481
V3_HIDDEN_0220,HIDDEN_SEMANTIC,H10,ADAS,B2_Raw_Embedding,LOW,0.0,0.0,0.0,0.0,1.0,0.8824,1.0,2.499
V3_HIDDEN_0220,HIDDEN_SEMANTIC,H10,ADAS,B3_Graph_Only,LOW,0.0,0.0,0.0,0.0,0.0,0.9882,1.0,0.01
V3_HIDDEN_0220,HIDDEN_SEMANTIC,H10,ADAS,B4_Contextual_Embedding,LOW,0.0,0.0,0.0,0.0,1.0,0.8706,1.0,2.572
V3_HIDDEN_0220,HIDDEN_SEMANTIC,H10,ADAS,B5_AURA_Hybrid,LOW,0.0,0.0,0.0,0.0,1.0,0.8706,1.0,4.773
V3_HIDDEN_0221,HIDDEN_SEMANTIC,H1,ADAS,B0_Full_Suite,LOW,0.0,1.0,0.0023,0.0045,1.0,0.0,1.0,0.1
V3_HIDDEN_0221,HIDDEN_SEMANTIC,H1,ADAS,B1_Keyword,LOW,0.0,0.0,0.0,0.0,0.0,0.9882,1.0,2.449
V3_HIDDEN_0221,HIDDEN_SEMANTIC,H1,ADAS,B2_Raw_Embedding,LOW,0.0,0.0,0.0,0.0,1.0,0.8706,1.0,2.545
V3_HIDDEN_0221,HIDDEN_SEMANTIC,H1,ADAS,B3_Graph_Only,LOW,0.0,0.0,0.0,0.0,0.0,0.9882,1.0,0.008
V3_HIDDEN_0221,HIDDEN_SEMANTIC,H1,ADAS,B4_Contextual_Embedding,LOW,0.0,0.0,0.0,0.0,1.0,0.8706,1.0,3.017
V3_HIDDEN_0221,HIDDEN_SEMANTIC,H1,ADAS,B5_AURA_Hybrid,LOW,0.0,0.0,0.0,0.0,1.0,0.8706,1.0,2.944
V3_HIDDEN_0222,HIDDEN_SEMANTIC,H2,POWERTRAIN,B0_Full_Suite,LOW,0.0909,1.0,0.0031,0.0062,1.0,0.0,1.0,0.1
V3_HIDDEN_0222,HIDDEN_SEMANTIC,H2,POWERTRAIN,B1_Keyword,LOW,0.0909,1.0,0.05,0.0952,1.0,0.8375,1.0,1.994
V3_HIDDEN_0222,HIDDEN_SEMANTIC,H2,POWERTRAIN,B2_Raw_Embedding,LOW,0.0909,1.0,0.1,0.1818,0.9,0.875,1.0,2.843
V3_HIDDEN_0222,HIDDEN_SEMANTIC,H2,POWERTRAIN,B3_Graph_Only,LOW,0.0909,0.0,0.0,0.0,0.0,0.9875,1.0,0.008
V3_HIDDEN_0222,HIDDEN_SEMANTIC,H2,POWERTRAIN,B4_Contextual_Embedding,LOW,0.0909,1.0,0.1,0.1818,0.9,0.875,1.0,2.992
V3_HIDDEN_0222,HIDDEN_SEMANTIC,H2,POWERTRAIN,B5_AURA_Hybrid,LOW,0.0909,1.0,0.1,0.1818,0.9,0.875,1.0,2.456
V3_HIDDEN_0223,HIDDEN_SEMANTIC,H3,ADAS,B0_Full_Suite,LOW,0.0476,1.0,0.0023,0.0045,1.0,0.0,1.0,0.1
V3_HIDDEN_0223,HIDDEN_SEMANTIC,H3,ADAS,B1_Keyword,LOW,0.0476,0.0,0.0,0.0,0.0,0.9882,1.0,1.427
V3_HIDDEN_0223,HIDDEN_SEMANTIC,H3,ADAS,B2_Raw_Embedding,LOW,0.0476,1.0,0.1,0.1818,0.9,0.8824,1.0,2.442
V3_HIDDEN_0223,HIDDEN_SEMANTIC,H3,ADAS,B3_Graph_Only,LOW,0.0476,0.0,0.0,0.0,0.0,0.9882,1.0,0.008
V3_HIDDEN_0223,HIDDEN_SEMANTIC,H3,ADAS,B4_Contextual_Embedding,LOW,0.0476,1.0,0.1,0.1818,0.9,0.8824,1.0,2.994
V3_HIDDEN_0223,HIDDEN_SEMANTIC,H3,ADAS,B5_AURA_Hybrid,LOW,0.0476,1.0,0.1,0.1818,0.9,0.8824,1.0,2.76
V3_HIDDEN_0224,HIDDEN_SEMANTIC,H4,ADAS,B0_Full_Suite,LOW,0.1,1.0,0.0023,0.0045,1.0,0.0,1.0,0.1
V3_HIDDEN_0224,HIDDEN_SEMANTIC,H4,ADAS,B1_Keyword,LOW,0.1,0.0,0.0,0.0,0.0,0.9882,1.0,1.215
V3_HIDDEN_0224,HIDDEN_SEMANTIC,H4,ADAS,B2_Raw_Embedding,LOW,0.1,0.0,0.0,0.0,1.0,0.8706,1.0,2.233
V3_HIDDEN_0224,HIDDEN_SEMANTIC,H4,ADAS,B3_Graph_Only,LOW,0.1,0.0,0.0,0.0,0.0,0.9882,1.0,0.009
V3_HIDDEN_0224,HIDDEN_SEMANTIC,H4,ADAS,B4_Contextual_Embedding,LOW,0.1,1.0,0.1,0.1818,0.9,0.8824,1.0,3.092
V3_HIDDEN_0224,HIDDEN_SEMANTIC,H4,ADAS,B5_AURA_Hybrid,LOW,0.1,1.0,0.1,0.1818,0.9,0.8824,1.0,2.865
V3_HIDDEN_0225,HIDDEN_SEMANTIC,H5,BATTERY_EV,B0_Full_Suite,LOW,0.1429,1.0,0.0031,0.0062,1.0,0.0,1.0,0.1
V3_HIDDEN_0225,HIDDEN_SEMANTIC,H5,BATTERY_EV,B1_Keyword,LOW,0.1429,0.0,0.0,0.0,1.0,0.825,1.0,1.381
V3_HIDDEN_0225,HIDDEN_SEMANTIC,H5,BATTERY_EV,B2_Raw_Embedding,LOW,0.1429,0.0,0.0,0.0,1.0,0.8875,1.0,1.898
V3_HIDDEN_0225,HIDDEN_SEMANTIC,H5,BATTERY_EV,B3_Graph_Only,LOW,0.1429,0.0,0.0,0.0,0.0,0.9875,1.0,0.008
V3_HIDDEN_0225,HIDDEN_SEMANTIC,H5,BATTERY_EV,B4_Contextual_Embedding,LOW,0.1429,0.0,0.0,0.0,1.0,0.8625,1.0,3.495
V3_HIDDEN_0225,HIDDEN_SEMANTIC,H5,BATTERY_EV,B5_AURA_Hybrid,LOW,0.1429,0.0,0.0,0.0,1.0,0.8625,1.0,3.362
V3_HIDDEN_0226,HIDDEN_SEMANTIC,H6,BODY_ELECTRONICS,B0_Full_Suite,LOW,0.0588,1.0,0.0063,0.0126,1.0,0.0,1.0,0.1
V3_HIDDEN_0226,HIDDEN_SEMANTIC,H6,BODY_ELECTRONICS,B1_Keyword,LOW,0.0588,0.0,0.0,0.0,0.8,0.8125,1.0,1.559
V3_HIDDEN_0226,HIDDEN_SEMANTIC,H6,BODY_ELECTRONICS,B2_Raw_Embedding,LOW,0.0588,0.0,0.0,0.0,1.0,0.7708,1.0,1.682
V3_HIDDEN_0226,HIDDEN_SEMANTIC,H6,BODY_ELECTRONICS,B3_Graph_Only,LOW,0.0588,0.0,0.0,0.0,0.0,0.9792,1.0,0.012
V3_HIDDEN_0226,HIDDEN_SEMANTIC,H6,BODY_ELECTRONICS,B4_Contextual_Embedding,LOW,0.0588,0.0,0.0,0.0,1.0,0.7917,1.0,2.26
V3_HIDDEN_0226,HIDDEN_SEMANTIC,H6,BODY_ELECTRONICS,B5_AURA_Hybrid,LOW,0.0588,0.0,0.0,0.0,1.0,0.7917,1.0,2.131
V3_HIDDEN_0227,HIDDEN_SEMANTIC,H7,BATTERY_EV,B0_Full_Suite,MEDIUM,0.25,1.0,0.0031,0.0062,1.0,0.0,1.0,0.1
V3_HIDDEN_0227,HIDDEN_SEMANTIC,H7,BATTERY_EV,B1_Keyword,MEDIUM,0.25,1.0,0.0435,0.0833,1.0,0.825,1.0,1.38
V3_HIDDEN_0227,HIDDEN_SEMANTIC,H7,BATTERY_EV,B2_Raw_Embedding,MEDIUM,0.25,0.0,0.0,0.0,1.0,0.8875,1.0,1.677
V3_HIDDEN_0227,HIDDEN_SEMANTIC,H7,BATTERY_EV,B3_Graph_Only,MEDIUM,0.25,0.0,0.0,0.0,0.0,0.9875,1.0,0.008
V3_HIDDEN_0227,HIDDEN_SEMANTIC,H7,BATTERY_EV,B4_Contextual_Embedding,MEDIUM,0.25,1.0,0.1,0.1818,0.9,0.875,1.0,2.288
V3_HIDDEN_0227,HIDDEN_SEMANTIC,H7,BATTERY_EV,B5_AURA_Hybrid,MEDIUM,0.25,1.0,0.1,0.1818,0.9,0.875,1.0,2.381
V3_HIDDEN_0228,HIDDEN_SEMANTIC,H8,POWERTRAIN,B0_Full_Suite,LOW,0.1429,1.0,0.0031,0.0062,1.0,0.0,1.0,0.1
V3_HIDDEN_0228,HIDDEN_SEMANTIC,H8,POWERTRAIN,B1_Keyword,LOW,0.1429,1.0,0.0256,0.05,1.0,0.7,1.0,1.362
V3_HIDDEN_0228,HIDDEN_SEMANTIC,H8,POWERTRAIN,B2_Raw_Embedding,LOW,0.1429,0.0,0.0,0.0,1.0,0.8875,1.0,1.857
V3_HIDDEN_0228,HIDDEN_SEMANTIC,H8,POWERTRAIN,B3_Graph_Only,LOW,0.1429,0.0,0.0,0.0,0.0,0.9875,1.0,0.007
V3_HIDDEN_0228,HIDDEN_SEMANTIC,H8,POWERTRAIN,B4_Contextual_Embedding,LOW,0.1429,1.0,0.1,0.1818,0.9,0.875,1.0,2.315
V3_HIDDEN_0228,HIDDEN_SEMANTIC,H8,POWERTRAIN,B5_AURA_Hybrid,LOW,0.1429,1.0,0.1,0.1818,0.9,0.875,1.0,2.957
V3_HIDDEN_0229,HIDDEN_SEMANTIC,H9,ADAS,B0_Full_Suite,LOW,0.0952,1.0,0.0023,0.0045,1.0,0.0,1.0,0.1
V3_HIDDEN_0229,HIDDEN_SEMANTIC,H9,ADAS,B1_Keyword,LOW,0.0952,0.0,0.0,0.0,0.8,0.8941,1.0,1.486
V3_HIDDEN_0229,HIDDEN_SEMANTIC,H9,ADAS,B2_Raw_Embedding,LOW,0.0952,0.0,0.0,0.0,1.0,0.8824,1.0,2.404
V3_HIDDEN_0229,HIDDEN_SEMANTIC,H9,ADAS,B3_Graph_Only,LOW,0.0952,0.0,0.0,0.0,0.0,0.9882,1.0,0.005
V3_HIDDEN_0229,HIDDEN_SEMANTIC,H9,ADAS,B4_Contextual_Embedding,LOW,0.0952,0.0,0.0,0.0,1.0,0.8706,1.0,2.395
V3_HIDDEN_0229,HIDDEN_SEMANTIC,H9,ADAS,B5_AURA_Hybrid,LOW,0.0952,0.0,0.0,0.0,1.0,0.8706,1.0,3.241
V3_HIDDEN_0230,HIDDEN_SEMANTIC,H10,ADAS,B0_Full_Suite,LOW,0.0,1.0,0.0023,0.0045,1.0,0.0,1.0,0.1
V3_HIDDEN_0230,HIDDEN_SEMANTIC,H10,ADAS,B1_Keyword,LOW,0.0,0.0,0.0,0.0,0.7,0.3059,1.0,1.399
V3_HIDDEN_0230,HIDDEN_SEMANTIC,H10,ADAS,B2_Raw_Embedding,LOW,0.0,0.0,0.0,0.0,1.0,0.8824,1.0,1.962
V3_HIDDEN_0230,HIDDEN_SEMANTIC,H10,ADAS,B3_Graph_Only,LOW,0.0,0.0,0.0,0.0,0.0,0.9882,1.0,0.008
V3_HIDDEN_0230,HIDDEN_SEMANTIC,H10,ADAS,B4_Contextual_Embedding,LOW,0.0,0.0,0.0,0.0,1.0,0.8706,1.0,2.57
V3_HIDDEN_0230,HIDDEN_SEMANTIC,H10,ADAS,B5_AURA_Hybrid,LOW,0.0,0.0,0.0,0.0,1.0,0.8706,1.0,3.5
V3_HIDDEN_0231,HIDDEN_SEMANTIC,H1,ADAS,B0_Full_Suite,LOW,0.0,1.0,0.0023,0.0045,1.0,0.0,1.0,0.1
V3_HIDDEN_0231,HIDDEN_SEMANTIC,H1,ADAS,B1_Keyword,LOW,0.0,0.0,0.0,0.0,0.0,0.9882,1.0,1.511
V3_HIDDEN_0231,HIDDEN_SEMANTIC,H1,ADAS,B2_Raw_Embedding,LOW,0.0,0.0,0.0,0.0,1.0,0.8706,1.0,2.349
V3_HIDDEN_0231,HIDDEN_SEMANTIC,H1,ADAS,B3_Graph_Only,LOW,0.0,0.0,0.0,0.0,0.0,0.9882,1.0,0.007
V3_HIDDEN_0231,HIDDEN_SEMANTIC,H1,ADAS,B4_Contextual_Embedding,LOW,0.0,0.0,0.0,0.0,1.0,0.8706,1.0,2.686
V3_HIDDEN_0231,HIDDEN_SEMANTIC,H1,ADAS,B5_AURA_Hybrid,LOW,0.0,0.0,0.0,0.0,1.0,0.8706,1.0,3.131
V3_HIDDEN_0232,HIDDEN_SEMANTIC,H2,POWERTRAIN,B0_Full_Suite,LOW,0.0909,1.0,0.0031,0.0062,1.0,0.0,1.0,0.1
V3_HIDDEN_0232,HIDDEN_SEMANTIC,H2,POWERTRAIN,B1_Keyword,LOW,0.0909,1.0,0.0526,0.1,1.0,0.85,1.0,1.677
V3_HIDDEN_0232,HIDDEN_SEMANTIC,H2,POWERTRAIN,B2_Raw_Embedding,LOW,0.0909,1.0,0.1,0.1818,0.9,0.875,1.0,2.124
V3_HIDDEN_0232,HIDDEN_SEMANTIC,H2,POWERTRAIN,B3_Graph_Only,LOW,0.0909,0.0,0.0,0.0,0.0,0.9875,1.0,0.008
V3_HIDDEN_0232,HIDDEN_SEMANTIC,H2,POWERTRAIN,B4_Contextual_Embedding,LOW,0.0909,1.0,0.1,0.1818,0.9,0.875,1.0,2.642
V3_HIDDEN_0232,HIDDEN_SEMANTIC,H2,POWERTRAIN,B5_AURA_Hybrid,LOW,0.0909,1.0,0.1,0.1818,0.9,0.875,1.0,2.834
V3_HIDDEN_0233,HIDDEN_SEMANTIC,H3,ADAS,B0_Full_Suite,LOW,0.0476,1.0,0.0023,0.0045,1.0,0.0,1.0,0.1
V3_HIDDEN_0233,HIDDEN_SEMANTIC,H3,ADAS,B1_Keyword,LOW,0.0476,0.0,0.0,0.0,0.0,0.9882,1.0,1.532
V3_HIDDEN_0233,HIDDEN_SEMANTIC,H3,ADAS,B2_Raw_Embedding,LOW,0.0476,1.0,0.1,0.1818,0.9,0.8824,1.0,2.042
V3_HIDDEN_0233,HIDDEN_SEMANTIC,H3,ADAS,B3_Graph_Only,LOW,0.0476,0.0,0.0,0.0,0.0,0.9882,1.0,0.007
V3_HIDDEN_0233,HIDDEN_SEMANTIC,H3,ADAS,B4_Contextual_Embedding,LOW,0.0476,1.0,0.1,0.1818,0.9,0.8824,1.0,2.79
V3_HIDDEN_0233,HIDDEN_SEMANTIC,H3,ADAS,B5_AURA_Hybrid,LOW,0.0476,1.0,0.1,0.1818,0.9,0.8824,1.0,2.755
V3_HIDDEN_0234,HIDDEN_SEMANTIC,H4,ADAS,B0_Full_Suite,LOW,0.1,1.0,0.0023,0.0045,1.0,0.0,1.0,0.1
V3_HIDDEN_0234,HIDDEN_SEMANTIC,H4,ADAS,B1_Keyword,LOW,0.1,0.0,0.0,0.0,0.0,0.9882,1.0,3.395
V3_HIDDEN_0234,HIDDEN_SEMANTIC,H4,ADAS,B2_Raw_Embedding,LOW,0.1,0.0,0.0,0.0,1.0,0.8706,1.0,2.089
V3_HIDDEN_0234,HIDDEN_SEMANTIC,H4,ADAS,B3_Graph_Only,LOW,0.1,0.0,0.0,0.0,0.0,0.9882,1.0,0.004
V3_HIDDEN_0234,HIDDEN_SEMANTIC,H4,ADAS,B4_Contextual_Embedding,LOW,0.1,1.0,0.1,0.1818,0.9,0.8824,1.0,2.926
V3_HIDDEN_0234,HIDDEN_SEMANTIC,H4,ADAS,B5_AURA_Hybrid,LOW,0.1,1.0,0.1,0.1818,0.9,0.8824,1.0,2.873
V3_HIDDEN_0235,HIDDEN_SEMANTIC,H5,BATTERY_EV,B0_Full_Suite,LOW,0.1429,1.0,0.0031,0.0062,1.0,0.0,1.0,0.1
V3_HIDDEN_0235,HIDDEN_SEMANTIC,H5,BATTERY_EV,B1_Keyword,LOW,0.1429,0.0,0.0,0.0,1.0,0.825,1.0,1.441
V3_HIDDEN_0235,HIDDEN_SEMANTIC,H5,BATTERY_EV,B2_Raw_Embedding,LOW,0.1429,0.0,0.0,0.0,1.0,0.9,1.0,1.845
V3_HIDDEN_0235,HIDDEN_SEMANTIC,H5,BATTERY_EV,B3_Graph_Only,LOW,0.1429,0.0,0.0,0.0,0.0,0.9875,1.0,0.011
V3_HIDDEN_0235,HIDDEN_SEMANTIC,H5,BATTERY_EV,B4_Contextual_Embedding,LOW,0.1429,0.0,0.0,0.0,1.0,0.8625,1.0,3.309
V3_HIDDEN_0235,HIDDEN_SEMANTIC,H5,BATTERY_EV,B5_AURA_Hybrid,LOW,0.1429,0.0,0.0,0.0,1.0,0.8625,1.0,2.196
V3_HIDDEN_0236,HIDDEN_SEMANTIC,H6,BODY_ELECTRONICS,B0_Full_Suite,LOW,0.0588,1.0,0.0063,0.0126,1.0,0.0,1.0,0.1
V3_HIDDEN_0236,HIDDEN_SEMANTIC,H6,BODY_ELECTRONICS,B1_Keyword,LOW,0.0588,0.0,0.0,0.0,0.8,0.8125,1.0,1.245
V3_HIDDEN_0236,HIDDEN_SEMANTIC,H6,BODY_ELECTRONICS,B2_Raw_Embedding,LOW,0.0588,0.0,0.0,0.0,1.0,0.7708,1.0,1.503
V3_HIDDEN_0236,HIDDEN_SEMANTIC,H6,BODY_ELECTRONICS,B3_Graph_Only,LOW,0.0588,0.0,0.0,0.0,0.0,0.9792,1.0,0.008
V3_HIDDEN_0236,HIDDEN_SEMANTIC,H6,BODY_ELECTRONICS,B4_Contextual_Embedding,LOW,0.0588,0.0,0.0,0.0,1.0,0.7917,1.0,2.363
V3_HIDDEN_0236,HIDDEN_SEMANTIC,H6,BODY_ELECTRONICS,B5_AURA_Hybrid,LOW,0.0588,0.0,0.0,0.0,1.0,0.7917,1.0,1.861
V3_HIDDEN_0237,HIDDEN_SEMANTIC,H7,BATTERY_EV,B0_Full_Suite,MEDIUM,0.25,1.0,0.0031,0.0062,1.0,0.0,1.0,0.1
V3_HIDDEN_0237,HIDDEN_SEMANTIC,H7,BATTERY_EV,B1_Keyword,MEDIUM,0.25,1.0,0.0303,0.0588,1.0,0.7125,1.0,1.464
V3_HIDDEN_0237,HIDDEN_SEMANTIC,H7,BATTERY_EV,B2_Raw_Embedding,MEDIUM,0.25,0.0,0.0,0.0,1.0,0.8875,1.0,1.772
V3_HIDDEN_0237,HIDDEN_SEMANTIC,H7,BATTERY_EV,B3_Graph_Only,MEDIUM,0.25,0.0,0.0,0.0,0.0,0.9875,1.0,0.007
V3_HIDDEN_0237,HIDDEN_SEMANTIC,H7,BATTERY_EV,B4_Contextual_Embedding,MEDIUM,0.25,1.0,0.1,0.1818,0.9,0.875,1.0,2.26
V3_HIDDEN_0237,HIDDEN_SEMANTIC,H7,BATTERY_EV,B5_AURA_Hybrid,MEDIUM,0.25,1.0,0.1,0.1818,0.9,0.875,1.0,2.938
V3_HIDDEN_0238,HIDDEN_SEMANTIC,H8,POWERTRAIN,B0_Full_Suite,LOW,0.1429,1.0,0.0031,0.0062,1.0,0.0,1.0,0.1
V3_HIDDEN_0238,HIDDEN_SEMANTIC,H8,POWERTRAIN,B1_Keyword,LOW,0.1429,1.0,0.0256,0.05,1.0,0.7,1.0,1.648
V3_HIDDEN_0238,HIDDEN_SEMANTIC,H8,POWERTRAIN,B2_Raw_Embedding,LOW,0.1429,0.0,0.0,0.0,1.0,0.8875,1.0,2.175
V3_HIDDEN_0238,HIDDEN_SEMANTIC,H8,POWERTRAIN,B3_Graph_Only,LOW,0.1429,0.0,0.0,0.0,0.0,0.9875,1.0,0.01
V3_HIDDEN_0238,HIDDEN_SEMANTIC,H8,POWERTRAIN,B4_Contextual_Embedding,LOW,0.1429,0.0,0.0,0.0,1.0,0.8625,1.0,2.789
V3_HIDDEN_0238,HIDDEN_SEMANTIC,H8,POWERTRAIN,B5_AURA_Hybrid,LOW,0.1429,0.0,0.0,0.0,1.0,0.8625,1.0,2.627
V3_HIDDEN_0239,HIDDEN_SEMANTIC,H9,ADAS,B0_Full_Suite,LOW,0.0952,1.0,0.0023,0.0045,1.0,0.0,1.0,0.1
V3_HIDDEN_0239,HIDDEN_SEMANTIC,H9,ADAS,B1_Keyword,LOW,0.0952,0.0,0.0,0.0,0.8,0.8941,1.0,1.321
V3_HIDDEN_0239,HIDDEN_SEMANTIC,H9,ADAS,B2_Raw_Embedding,LOW,0.0952,0.0,0.0,0.0,1.0,0.8824,1.0,1.867
V3_HIDDEN_0239,HIDDEN_SEMANTIC,H9,ADAS,B3_Graph_Only,LOW,0.0952,0.0,0.0,0.0,0.0,0.9882,1.0,0.007
V3_HIDDEN_0239,HIDDEN_SEMANTIC,H9,ADAS,B4_Contextual_Embedding,LOW,0.0952,0.0,0.0,0.0,1.0,0.8706,1.0,2.588
V3_HIDDEN_0239,HIDDEN_SEMANTIC,H9,ADAS,B5_AURA_Hybrid,LOW,0.0952,0.0,0.0,0.0,1.0,0.8706,1.0,2.711
V3_HIDDEN_0240,HIDDEN_SEMANTIC,H10,ADAS,B0_Full_Suite,LOW,0.0,1.0,0.0023,0.0045,1.0,0.0,1.0,0.1
V3_HIDDEN_0240,HIDDEN_SEMANTIC,H10,ADAS,B1_Keyword,LOW,0.0,0.0,0.0,0.0,0.7,0.3059,1.0,1.338
V3_HIDDEN_0240,HIDDEN_SEMANTIC,H10,ADAS,B2_Raw_Embedding,LOW,0.0,0.0,0.0,0.0,1.0,0.8824,1.0,1.751
V3_HIDDEN_0240,HIDDEN_SEMANTIC,H10,ADAS,B3_Graph_Only,LOW,0.0,0.0,0.0,0.0,0.0,0.9882,1.0,0.007
V3_HIDDEN_0240,HIDDEN_SEMANTIC,H10,ADAS,B4_Contextual_Embedding,LOW,0.0,0.0,0.0,0.0,1.0,0.8706,1.0,2.254
V3_HIDDEN_0240,HIDDEN_SEMANTIC,H10,ADAS,B5_AURA_Hybrid,LOW,0.0,0.0,0.0,0.0,1.0,0.8706,1.0,2.489
V3_HIDDEN_0241,HIDDEN_SEMANTIC,H1,ADAS,B0_Full_Suite,LOW,0.0,1.0,0.0023,0.0045,1.0,0.0,1.0,0.1
V3_HIDDEN_0241,HIDDEN_SEMANTIC,H1,ADAS,B1_Keyword,LOW,0.0,0.0,0.0,0.0,0.0,0.9882,1.0,1.421
V3_HIDDEN_0241,HIDDEN_SEMANTIC,H1,ADAS,B2_Raw_Embedding,LOW,0.0,0.0,0.0,0.0,1.0,0.8706,1.0,2.183
V3_HIDDEN_0241,HIDDEN_SEMANTIC,H1,ADAS,B3_Graph_Only,LOW,0.0,0.0,0.0,0.0,0.0,0.9882,1.0,0.011
V3_HIDDEN_0241,HIDDEN_SEMANTIC,H1,ADAS,B4_Contextual_Embedding,LOW,0.0,0.0,0.0,0.0,1.0,0.8706,1.0,3.05
V3_HIDDEN_0241,HIDDEN_SEMANTIC,H1,ADAS,B5_AURA_Hybrid,LOW,0.0,0.0,0.0,0.0,1.0,0.8706,1.0,3.346
V3_HIDDEN_0242,HIDDEN_SEMANTIC,H2,POWERTRAIN,B0_Full_Suite,LOW,0.0909,1.0,0.0031,0.0062,1.0,0.0,1.0,0.1
V3_HIDDEN_0242,HIDDEN_SEMANTIC,H2,POWERTRAIN,B1_Keyword,LOW,0.0909,1.0,0.0526,0.1,1.0,0.85,1.0,1.484
V3_HIDDEN_0242,HIDDEN_SEMANTIC,H2,POWERTRAIN,B2_Raw_Embedding,LOW,0.0909,1.0,0.1,0.1818,0.9,0.875,1.0,2.089
V3_HIDDEN_0242,HIDDEN_SEMANTIC,H2,POWERTRAIN,B3_Graph_Only,LOW,0.0909,0.0,0.0,0.0,0.0,0.9875,1.0,0.008
V3_HIDDEN_0242,HIDDEN_SEMANTIC,H2,POWERTRAIN,B4_Contextual_Embedding,LOW,0.0909,1.0,0.1,0.1818,0.9,0.875,1.0,2.395
V3_HIDDEN_0242,HIDDEN_SEMANTIC,H2,POWERTRAIN,B5_AURA_Hybrid,LOW,0.0909,1.0,0.1,0.1818,0.9,0.875,1.0,2.623
V3_HIDDEN_0243,HIDDEN_SEMANTIC,H3,ADAS,B0_Full_Suite,LOW,0.0476,1.0,0.0023,0.0045,1.0,0.0,1.0,0.1
V3_HIDDEN_0243,HIDDEN_SEMANTIC,H3,ADAS,B1_Keyword,LOW,0.0476,0.0,0.0,0.0,0.0,0.9882,1.0,1.224
V3_HIDDEN_0243,HIDDEN_SEMANTIC,H3,ADAS,B2_Raw_Embedding,LOW,0.0476,1.0,0.1,0.1818,0.9,0.8824,1.0,1.447
V3_HIDDEN_0243,HIDDEN_SEMANTIC,H3,ADAS,B3_Graph_Only,LOW,0.0476,0.0,0.0,0.0,0.0,0.9882,1.0,0.007
V3_HIDDEN_0243,HIDDEN_SEMANTIC,H3,ADAS,B4_Contextual_Embedding,LOW,0.0476,1.0,0.1,0.1818,0.9,0.8824,1.0,2.638
V3_HIDDEN_0243,HIDDEN_SEMANTIC,H3,ADAS,B5_AURA_Hybrid,LOW,0.0476,1.0,0.1,0.1818,0.9,0.8824,1.0,4.354
V3_HIDDEN_0244,HIDDEN_SEMANTIC,H4,ADAS,B0_Full_Suite,LOW,0.1,1.0,0.0023,0.0045,1.0,0.0,1.0,0.1
V3_HIDDEN_0244,HIDDEN_SEMANTIC,H4,ADAS,B1_Keyword,LOW,0.1,0.0,0.0,0.0,0.0,0.9882,1.0,2.334
V3_HIDDEN_0244,HIDDEN_SEMANTIC,H4,ADAS,B2_Raw_Embedding,LOW,0.1,0.0,0.0,0.0,1.0,0.8706,1.0,3.428
V3_HIDDEN_0244,HIDDEN_SEMANTIC,H4,ADAS,B3_Graph_Only,LOW,0.1,0.0,0.0,0.0,0.0,0.9882,1.0,0.012
V3_HIDDEN_0244,HIDDEN_SEMANTIC,H4,ADAS,B4_Contextual_Embedding,LOW,0.1,1.0,0.1,0.1818,0.9,0.8824,1.0,4.474
V3_HIDDEN_0244,HIDDEN_SEMANTIC,H4,ADAS,B5_AURA_Hybrid,LOW,0.1,1.0,0.1,0.1818,0.9,0.8824,1.0,4.395
V3_HIDDEN_0245,HIDDEN_SEMANTIC,H5,BATTERY_EV,B0_Full_Suite,LOW,0.1429,1.0,0.0031,0.0062,1.0,0.0,1.0,0.1
V3_HIDDEN_0245,HIDDEN_SEMANTIC,H5,BATTERY_EV,B1_Keyword,LOW,0.1429,0.0,0.0,0.0,1.0,0.8125,1.0,2.156
V3_HIDDEN_0245,HIDDEN_SEMANTIC,H5,BATTERY_EV,B2_Raw_Embedding,LOW,0.1429,0.0,0.0,0.0,1.0,0.8875,1.0,3.268
V3_HIDDEN_0245,HIDDEN_SEMANTIC,H5,BATTERY_EV,B3_Graph_Only,LOW,0.1429,0.0,0.0,0.0,0.0,0.9875,1.0,0.011
V3_HIDDEN_0245,HIDDEN_SEMANTIC,H5,BATTERY_EV,B4_Contextual_Embedding,LOW,0.1429,0.0,0.0,0.0,1.0,0.8625,1.0,4.626
V3_HIDDEN_0245,HIDDEN_SEMANTIC,H5,BATTERY_EV,B5_AURA_Hybrid,LOW,0.1429,0.0,0.0,0.0,1.0,0.8625,1.0,4.406
V3_HIDDEN_0246,HIDDEN_SEMANTIC,H6,BODY_ELECTRONICS,B0_Full_Suite,LOW,0.0588,1.0,0.0063,0.0126,1.0,0.0,1.0,0.1
V3_HIDDEN_0246,HIDDEN_SEMANTIC,H6,BODY_ELECTRONICS,B1_Keyword,LOW,0.0588,0.0,0.0,0.0,0.8,0.8125,1.0,2.087
V3_HIDDEN_0246,HIDDEN_SEMANTIC,H6,BODY_ELECTRONICS,B2_Raw_Embedding,LOW,0.0588,0.0,0.0,0.0,1.0,0.7708,1.0,2.476
V3_HIDDEN_0246,HIDDEN_SEMANTIC,H6,BODY_ELECTRONICS,B3_Graph_Only,LOW,0.0588,0.0,0.0,0.0,0.0,0.9792,1.0,0.013
V3_HIDDEN_0246,HIDDEN_SEMANTIC,H6,BODY_ELECTRONICS,B4_Contextual_Embedding,LOW,0.0588,0.0,0.0,0.0,1.0,0.7917,1.0,4.344
V3_HIDDEN_0246,HIDDEN_SEMANTIC,H6,BODY_ELECTRONICS,B5_AURA_Hybrid,LOW,0.0588,0.0,0.0,0.0,1.0,0.7917,1.0,3.649
V3_HIDDEN_0247,HIDDEN_SEMANTIC,H7,BATTERY_EV,B0_Full_Suite,MEDIUM,0.25,1.0,0.0031,0.0062,1.0,0.0,1.0,0.1
V3_HIDDEN_0247,HIDDEN_SEMANTIC,H7,BATTERY_EV,B1_Keyword,MEDIUM,0.25,1.0,0.0435,0.0833,1.0,0.825,1.0,2.391
V3_HIDDEN_0247,HIDDEN_SEMANTIC,H7,BATTERY_EV,B2_Raw_Embedding,MEDIUM,0.25,0.0,0.0,0.0,1.0,0.8875,1.0,3.149
V3_HIDDEN_0247,HIDDEN_SEMANTIC,H7,BATTERY_EV,B3_Graph_Only,MEDIUM,0.25,0.0,0.0,0.0,0.0,0.9875,1.0,0.011
V3_HIDDEN_0247,HIDDEN_SEMANTIC,H7,BATTERY_EV,B4_Contextual_Embedding,MEDIUM,0.25,1.0,0.1,0.1818,0.9,0.875,1.0,3.878
V3_HIDDEN_0247,HIDDEN_SEMANTIC,H7,BATTERY_EV,B5_AURA_Hybrid,MEDIUM,0.25,1.0,0.1,0.1818,0.9,0.875,1.0,4.978
V3_HIDDEN_0248,HIDDEN_SEMANTIC,H8,POWERTRAIN,B0_Full_Suite,LOW,0.1429,1.0,0.0031,0.0062,1.0,0.0,1.0,0.1
V3_HIDDEN_0248,HIDDEN_SEMANTIC,H8,POWERTRAIN,B1_Keyword,LOW,0.1429,1.0,0.0256,0.05,1.0,0.7,1.0,2.716
V3_HIDDEN_0248,HIDDEN_SEMANTIC,H8,POWERTRAIN,B2_Raw_Embedding,LOW,0.1429,0.0,0.0,0.0,1.0,0.8875,1.0,3.489
V3_HIDDEN_0248,HIDDEN_SEMANTIC,H8,POWERTRAIN,B3_Graph_Only,LOW,0.1429,0.0,0.0,0.0,0.0,0.9875,1.0,0.013
V3_HIDDEN_0248,HIDDEN_SEMANTIC,H8,POWERTRAIN,B4_Contextual_Embedding,LOW,0.1429,0.0,0.0,0.0,1.0,0.8625,1.0,4.268
V3_HIDDEN_0248,HIDDEN_SEMANTIC,H8,POWERTRAIN,B5_AURA_Hybrid,LOW,0.1429,0.0,0.0,0.0,1.0,0.8625,1.0,5.655
V3_HIDDEN_0249,HIDDEN_SEMANTIC,H9,ADAS,B0_Full_Suite,LOW,0.0952,1.0,0.0023,0.0045,1.0,0.0,1.0,0.1
V3_HIDDEN_0249,HIDDEN_SEMANTIC,H9,ADAS,B1_Keyword,LOW,0.0952,0.0,0.0,0.0,0.8,0.8941,1.0,2.532
V3_HIDDEN_0249,HIDDEN_SEMANTIC,H9,ADAS,B2_Raw_Embedding,LOW,0.0952,0.0,0.0,0.0,1.0,0.8824,1.0,3.482
V3_HIDDEN_0249,HIDDEN_SEMANTIC,H9,ADAS,B3_Graph_Only,LOW,0.0952,0.0,0.0,0.0,0.0,0.9882,1.0,0.012
V3_HIDDEN_0249,HIDDEN_SEMANTIC,H9,ADAS,B4_Contextual_Embedding,LOW,0.0952,0.0,0.0,0.0,1.0,0.8706,1.0,4.349
V3_HIDDEN_0249,HIDDEN_SEMANTIC,H9,ADAS,B5_AURA_Hybrid,LOW,0.0952,0.0,0.0,0.0,1.0,0.8706,1.0,5.172
V3_HIDDEN_0250,HIDDEN_SEMANTIC,H10,ADAS,B0_Full_Suite,LOW,0.0,1.0,0.0023,0.0045,1.0,0.0,1.0,0.1
V3_HIDDEN_0250,HIDDEN_SEMANTIC,H10,ADAS,B1_Keyword,LOW,0.0,0.0,0.0,0.0,0.7,0.3059,1.0,2.35
V3_HIDDEN_0250,HIDDEN_SEMANTIC,H10,ADAS,B2_Raw_Embedding,LOW,0.0,0.0,0.0,0.0,1.0,0.8824,1.0,3.106
V3_HIDDEN_0250,HIDDEN_SEMANTIC,H10,ADAS,B3_Graph_Only,LOW,0.0,0.0,0.0,0.0,0.0,0.9882,1.0,0.012
V3_HIDDEN_0250,HIDDEN_SEMANTIC,H10,ADAS,B4_Contextual_Embedding,LOW,0.0,0.0,0.0,0.0,1.0,0.8706,1.0,4.26
V3_HIDDEN_0250,HIDDEN_SEMANTIC,H10,ADAS,B5_AURA_Hybrid,LOW,0.0,0.0,0.0,0.0,1.0,0.8706,1.0,28.887
V3_HIDDEN_0251,HIDDEN_SEMANTIC,H1,ADAS,B0_Full_Suite,LOW,0.0,1.0,0.0023,0.0045,1.0,0.0,1.0,0.1
V3_HIDDEN_0251,HIDDEN_SEMANTIC,H1,ADAS,B1_Keyword,LOW,0.0,0.0,0.0,0.0,0.0,0.9882,1.0,17.162
V3_HIDDEN_0251,HIDDEN_SEMANTIC,H1,ADAS,B2_Raw_Embedding,LOW,0.0,0.0,0.0,0.0,1.0,0.8706,1.0,24.965
V3_HIDDEN_0251,HIDDEN_SEMANTIC,H1,ADAS,B3_Graph_Only,LOW,0.0,0.0,0.0,0.0,0.0,0.9882,1.0,0.013
V3_HIDDEN_0251,HIDDEN_SEMANTIC,H1,ADAS,B4_Contextual_Embedding,LOW,0.0,0.0,0.0,0.0,1.0,0.8706,1.0,18.061
V3_HIDDEN_0251,HIDDEN_SEMANTIC,H1,ADAS,B5_AURA_Hybrid,LOW,0.0,0.0,0.0,0.0,1.0,0.8706,1.0,6.636
V3_HIDDEN_0252,HIDDEN_SEMANTIC,H2,POWERTRAIN,B0_Full_Suite,LOW,0.0909,1.0,0.0031,0.0062,1.0,0.0,1.0,0.1
V3_HIDDEN_0252,HIDDEN_SEMANTIC,H2,POWERTRAIN,B1_Keyword,LOW,0.0909,1.0,0.05,0.0952,1.0,0.8375,1.0,1.897
V3_HIDDEN_0252,HIDDEN_SEMANTIC,H2,POWERTRAIN,B2_Raw_Embedding,LOW,0.0909,1.0,0.1,0.1818,0.9,0.875,1.0,3.176
V3_HIDDEN_0252,HIDDEN_SEMANTIC,H2,POWERTRAIN,B3_Graph_Only,LOW,0.0909,0.0,0.0,0.0,0.0,0.9875,1.0,0.009
V3_HIDDEN_0252,HIDDEN_SEMANTIC,H2,POWERTRAIN,B4_Contextual_Embedding,LOW,0.0909,1.0,0.1,0.1818,0.9,0.875,1.0,3.133
V3_HIDDEN_0252,HIDDEN_SEMANTIC,H2,POWERTRAIN,B5_AURA_Hybrid,LOW,0.0909,1.0,0.1,0.1818,0.9,0.875,1.0,5.299
V3_HIDDEN_0253,HIDDEN_SEMANTIC,H3,ADAS,B0_Full_Suite,LOW,0.0476,1.0,0.0023,0.0045,1.0,0.0,1.0,0.1
V3_HIDDEN_0253,HIDDEN_SEMANTIC,H3,ADAS,B1_Keyword,LOW,0.0476,0.0,0.0,0.0,0.0,0.9882,1.0,1.415
V3_HIDDEN_0253,HIDDEN_SEMANTIC,H3,ADAS,B2_Raw_Embedding,LOW,0.0476,1.0,0.1,0.1818,0.9,0.8824,1.0,2.097
V3_HIDDEN_0253,HIDDEN_SEMANTIC,H3,ADAS,B3_Graph_Only,LOW,0.0476,0.0,0.0,0.0,0.0,0.9882,1.0,0.009
V3_HIDDEN_0253,HIDDEN_SEMANTIC,H3,ADAS,B4_Contextual_Embedding,LOW,0.0476,1.0,0.1,0.1818,0.9,0.8824,1.0,4.972
V3_HIDDEN_0253,HIDDEN_SEMANTIC,H3,ADAS,B5_AURA_Hybrid,LOW,0.0476,1.0,0.1,0.1818,0.9,0.8824,1.0,2.965
V3_HIDDEN_0254,HIDDEN_SEMANTIC,H4,ADAS,B0_Full_Suite,LOW,0.1,1.0,0.0023,0.0045,1.0,0.0,1.0,0.1
V3_HIDDEN_0254,HIDDEN_SEMANTIC,H4,ADAS,B1_Keyword,LOW,0.1,0.0,0.0,0.0,0.0,0.9882,1.0,1.268
V3_HIDDEN_0254,HIDDEN_SEMANTIC,H4,ADAS,B2_Raw_Embedding,LOW,0.1,0.0,0.0,0.0,1.0,0.8706,1.0,1.957
V3_HIDDEN_0254,HIDDEN_SEMANTIC,H4,ADAS,B3_Graph_Only,LOW,0.1,0.0,0.0,0.0,0.0,0.9882,1.0,0.008
V3_HIDDEN_0254,HIDDEN_SEMANTIC,H4,ADAS,B4_Contextual_Embedding,LOW,0.1,1.0,0.1,0.1818,0.9,0.8824,1.0,2.535
V3_HIDDEN_0254,HIDDEN_SEMANTIC,H4,ADAS,B5_AURA_Hybrid,LOW,0.1,1.0,0.1,0.1818,0.9,0.8824,1.0,2.87
V3_HIDDEN_0255,HIDDEN_SEMANTIC,H5,BATTERY_EV,B0_Full_Suite,LOW,0.1429,1.0,0.0031,0.0062,1.0,0.0,1.0,0.1
V3_HIDDEN_0255,HIDDEN_SEMANTIC,H5,BATTERY_EV,B1_Keyword,LOW,0.1429,0.0,0.0,0.0,1.0,0.825,1.0,1.92
V3_HIDDEN_0255,HIDDEN_SEMANTIC,H5,BATTERY_EV,B2_Raw_Embedding,LOW,0.1429,0.0,0.0,0.0,1.0,0.9,1.0,2.254
V3_HIDDEN_0255,HIDDEN_SEMANTIC,H5,BATTERY_EV,B3_Graph_Only,LOW,0.1429,0.0,0.0,0.0,0.0,0.9875,1.0,0.008
V3_HIDDEN_0255,HIDDEN_SEMANTIC,H5,BATTERY_EV,B4_Contextual_Embedding,LOW,0.1429,0.0,0.0,0.0,1.0,0.8625,1.0,3.194
V3_HIDDEN_0255,HIDDEN_SEMANTIC,H5,BATTERY_EV,B5_AURA_Hybrid,LOW,0.1429,0.0,0.0,0.0,1.0,0.8625,1.0,2.517
V3_HIDDEN_0256,HIDDEN_SEMANTIC,H6,BODY_ELECTRONICS,B0_Full_Suite,LOW,0.0588,1.0,0.0063,0.0126,1.0,0.0,1.0,0.1
V3_HIDDEN_0256,HIDDEN_SEMANTIC,H6,BODY_ELECTRONICS,B1_Keyword,LOW,0.0588,0.0,0.0,0.0,0.8,0.8125,1.0,1.224
V3_HIDDEN_0256,HIDDEN_SEMANTIC,H6,BODY_ELECTRONICS,B2_Raw_Embedding,LOW,0.0588,0.0,0.0,0.0,1.0,0.7708,1.0,1.501
V3_HIDDEN_0256,HIDDEN_SEMANTIC,H6,BODY_ELECTRONICS,B3_Graph_Only,LOW,0.0588,0.0,0.0,0.0,0.0,0.9792,1.0,0.008
V3_HIDDEN_0256,HIDDEN_SEMANTIC,H6,BODY_ELECTRONICS,B4_Contextual_Embedding,LOW,0.0588,0.0,0.0,0.0,1.0,0.7917,1.0,15.439
V3_HIDDEN_0256,HIDDEN_SEMANTIC,H6,BODY_ELECTRONICS,B5_AURA_Hybrid,LOW,0.0588,0.0,0.0,0.0,1.0,0.7917,1.0,4.802
V3_HIDDEN_0257,HIDDEN_SEMANTIC,H7,BATTERY_EV,B0_Full_Suite,MEDIUM,0.25,1.0,0.0031,0.0062,1.0,0.0,1.0,0.1
V3_HIDDEN_0257,HIDDEN_SEMANTIC,H7,BATTERY_EV,B1_Keyword,MEDIUM,0.25,1.0,0.0303,0.0588,1.0,0.725,1.0,7.381
V3_HIDDEN_0257,HIDDEN_SEMANTIC,H7,BATTERY_EV,B2_Raw_Embedding,MEDIUM,0.25,0.0,0.0,0.0,1.0,0.8875,1.0,9.359
V3_HIDDEN_0257,HIDDEN_SEMANTIC,H7,BATTERY_EV,B3_Graph_Only,MEDIUM,0.25,0.0,0.0,0.0,0.0,0.9875,1.0,0.025
V3_HIDDEN_0257,HIDDEN_SEMANTIC,H7,BATTERY_EV,B4_Contextual_Embedding,MEDIUM,0.25,1.0,0.1,0.1818,0.9,0.875,1.0,34.221
V3_HIDDEN_0257,HIDDEN_SEMANTIC,H7,BATTERY_EV,B5_AURA_Hybrid,MEDIUM,0.25,1.0,0.1,0.1818,0.9,0.875,1.0,8.784
V3_HIDDEN_0258,HIDDEN_SEMANTIC,H8,POWERTRAIN,B0_Full_Suite,LOW,0.1429,1.0,0.0031,0.0062,1.0,0.0,1.0,0.1
V3_HIDDEN_0258,HIDDEN_SEMANTIC,H8,POWERTRAIN,B1_Keyword,LOW,0.1429,1.0,0.0256,0.05,1.0,0.7,1.0,1.589
V3_HIDDEN_0258,HIDDEN_SEMANTIC,H8,POWERTRAIN,B2_Raw_Embedding,LOW,0.1429,0.0,0.0,0.0,1.0,0.8875,1.0,1.882
V3_HIDDEN_0258,HIDDEN_SEMANTIC,H8,POWERTRAIN,B3_Graph_Only,LOW,0.1429,0.0,0.0,0.0,0.0,0.9875,1.0,0.008
V3_HIDDEN_0258,HIDDEN_SEMANTIC,H8,POWERTRAIN,B4_Contextual_Embedding,LOW,0.1429,0.0,0.0,0.0,1.0,0.8625,1.0,3.452
V3_HIDDEN_0258,HIDDEN_SEMANTIC,H8,POWERTRAIN,B5_AURA_Hybrid,LOW,0.1429,0.0,0.0,0.0,1.0,0.8625,1.0,2.531
V3_HIDDEN_0259,HIDDEN_SEMANTIC,H9,ADAS,B0_Full_Suite,LOW,0.0952,1.0,0.0023,0.0045,1.0,0.0,1.0,0.1
V3_HIDDEN_0259,HIDDEN_SEMANTIC,H9,ADAS,B1_Keyword,LOW,0.0952,0.0,0.0,0.0,0.8,0.8941,1.0,1.231
V3_HIDDEN_0259,HIDDEN_SEMANTIC,H9,ADAS,B2_Raw_Embedding,LOW,0.0952,0.0,0.0,0.0,1.0,0.8824,1.0,1.83
V3_HIDDEN_0259,HIDDEN_SEMANTIC,H9,ADAS,B3_Graph_Only,LOW,0.0952,0.0,0.0,0.0,0.0,0.9882,1.0,0.008
V3_HIDDEN_0259,HIDDEN_SEMANTIC,H9,ADAS,B4_Contextual_Embedding,LOW,0.0952,0.0,0.0,0.0,1.0,0.8706,1.0,2.335
V3_HIDDEN_0259,HIDDEN_SEMANTIC,H9,ADAS,B5_AURA_Hybrid,LOW,0.0952,0.0,0.0,0.0,1.0,0.8706,1.0,2.447
V3_HIDDEN_0260,HIDDEN_SEMANTIC,H10,ADAS,B0_Full_Suite,LOW,0.0,1.0,0.0023,0.0045,1.0,0.0,1.0,0.1
V3_HIDDEN_0260,HIDDEN_SEMANTIC,H10,ADAS,B1_Keyword,LOW,0.0,0.0,0.0,0.0,0.7,0.3059,1.0,2.946
V3_HIDDEN_0260,HIDDEN_SEMANTIC,H10,ADAS,B2_Raw_Embedding,LOW,0.0,0.0,0.0,0.0,1.0,0.8824,1.0,3.257
V3_HIDDEN_0260,HIDDEN_SEMANTIC,H10,ADAS,B3_Graph_Only,LOW,0.0,0.0,0.0,0.0,0.0,0.9882,1.0,0.007
V3_HIDDEN_0260,HIDDEN_SEMANTIC,H10,ADAS,B4_Contextual_Embedding,LOW,0.0,0.0,0.0,0.0,1.0,0.8706,1.0,4.132
V3_HIDDEN_0260,HIDDEN_SEMANTIC,H10,ADAS,B5_AURA_Hybrid,LOW,0.0,0.0,0.0,0.0,1.0,0.8706,1.0,2.618
V3_HIDDEN_0261,HIDDEN_SEMANTIC,H1,ADAS,B0_Full_Suite,LOW,0.0,1.0,0.0023,0.0045,1.0,0.0,1.0,0.1
V3_HIDDEN_0261,HIDDEN_SEMANTIC,H1,ADAS,B1_Keyword,LOW,0.0,0.0,0.0,0.0,0.09999999999999998,0.9765,1.0,1.344
V3_HIDDEN_0261,HIDDEN_SEMANTIC,H1,ADAS,B2_Raw_Embedding,LOW,0.0,0.0,0.0,0.0,1.0,0.8706,1.0,2.127
V3_HIDDEN_0261,HIDDEN_SEMANTIC,H1,ADAS,B3_Graph_Only,LOW,0.0,0.0,0.0,0.0,0.0,0.9882,1.0,0.008
V3_HIDDEN_0261,HIDDEN_SEMANTIC,H1,ADAS,B4_Contextual_Embedding,LOW,0.0,0.0,0.0,0.0,1.0,0.8706,1.0,3.079
V3_HIDDEN_0261,HIDDEN_SEMANTIC,H1,ADAS,B5_AURA_Hybrid,LOW,0.0,0.0,0.0,0.0,1.0,0.8706,1.0,3.109
V3_HIDDEN_0262,HIDDEN_SEMANTIC,H2,POWERTRAIN,B0_Full_Suite,LOW,0.0909,1.0,0.0031,0.0062,1.0,0.0,1.0,0.1
V3_HIDDEN_0262,HIDDEN_SEMANTIC,H2,POWERTRAIN,B1_Keyword,LOW,0.0909,1.0,0.05,0.0952,1.0,0.8375,1.0,1.252
V3_HIDDEN_0262,HIDDEN_SEMANTIC,H2,POWERTRAIN,B2_Raw_Embedding,LOW,0.0909,1.0,0.1,0.1818,0.9,0.875,1.0,2.061
V3_HIDDEN_0262,HIDDEN_SEMANTIC,H2,POWERTRAIN,B3_Graph_Only,LOW,0.0909,0.0,0.0,0.0,0.0,0.9875,1.0,0.008
V3_HIDDEN_0262,HIDDEN_SEMANTIC,H2,POWERTRAIN,B4_Contextual_Embedding,LOW,0.0909,1.0,0.1,0.1818,0.9,0.875,1.0,2.523
V3_HIDDEN_0262,HIDDEN_SEMANTIC,H2,POWERTRAIN,B5_AURA_Hybrid,LOW,0.0909,1.0,0.1,0.1818,0.9,0.875,1.0,2.621
V3_HIDDEN_0263,HIDDEN_SEMANTIC,H3,ADAS,B0_Full_Suite,LOW,0.0476,1.0,0.0023,0.0045,1.0,0.0,1.0,0.1
V3_HIDDEN_0263,HIDDEN_SEMANTIC,H3,ADAS,B1_Keyword,LOW,0.0476,0.0,0.0,0.0,0.0,0.9882,1.0,1.267
V3_HIDDEN_0263,HIDDEN_SEMANTIC,H3,ADAS,B2_Raw_Embedding,LOW,0.0476,1.0,0.1,0.1818,0.9,0.8824,1.0,2.703
V3_HIDDEN_0263,HIDDEN_SEMANTIC,H3,ADAS,B3_Graph_Only,LOW,0.0476,0.0,0.0,0.0,0.0,0.9882,1.0,0.007
V3_HIDDEN_0263,HIDDEN_SEMANTIC,H3,ADAS,B4_Contextual_Embedding,LOW,0.0476,1.0,0.1,0.1818,0.9,0.8824,1.0,2.199
V3_HIDDEN_0263,HIDDEN_SEMANTIC,H3,ADAS,B5_AURA_Hybrid,LOW,0.0476,1.0,0.1,0.1818,0.9,0.8824,1.0,2.735
V3_HIDDEN_0264,HIDDEN_SEMANTIC,H4,ADAS,B0_Full_Suite,LOW,0.1,1.0,0.0023,0.0045,1.0,0.0,1.0,0.1
V3_HIDDEN_0264,HIDDEN_SEMANTIC,H4,ADAS,B1_Keyword,LOW,0.1,0.0,0.0,0.0,0.09999999999999998,0.9765,1.0,1.746
V3_HIDDEN_0264,HIDDEN_SEMANTIC,H4,ADAS,B2_Raw_Embedding,LOW,0.1,0.0,0.0,0.0,1.0,0.8706,1.0,2.17
V3_HIDDEN_0264,HIDDEN_SEMANTIC,H4,ADAS,B3_Graph_Only,LOW,0.1,0.0,0.0,0.0,0.0,0.9882,1.0,0.007
V3_HIDDEN_0264,HIDDEN_SEMANTIC,H4,ADAS,B4_Contextual_Embedding,LOW,0.1,1.0,0.1,0.1818,0.9,0.8824,1.0,2.957
V3_HIDDEN_0264,HIDDEN_SEMANTIC,H4,ADAS,B5_AURA_Hybrid,LOW,0.1,1.0,0.1,0.1818,0.9,0.8824,1.0,2.571
V3_HIDDEN_0265,HIDDEN_SEMANTIC,H5,BATTERY_EV,B0_Full_Suite,LOW,0.1429,1.0,0.0031,0.0062,1.0,0.0,1.0,0.1
V3_HIDDEN_0265,HIDDEN_SEMANTIC,H5,BATTERY_EV,B1_Keyword,LOW,0.1429,0.0,0.0,0.0,1.0,0.825,1.0,1.389
V3_HIDDEN_0265,HIDDEN_SEMANTIC,H5,BATTERY_EV,B2_Raw_Embedding,LOW,0.1429,0.0,0.0,0.0,1.0,0.8875,1.0,2.057
V3_HIDDEN_0265,HIDDEN_SEMANTIC,H5,BATTERY_EV,B3_Graph_Only,LOW,0.1429,0.0,0.0,0.0,0.0,0.9875,1.0,0.007
V3_HIDDEN_0265,HIDDEN_SEMANTIC,H5,BATTERY_EV,B4_Contextual_Embedding,LOW,0.1429,0.0,0.0,0.0,1.0,0.8625,1.0,2.512
V3_HIDDEN_0265,HIDDEN_SEMANTIC,H5,BATTERY_EV,B5_AURA_Hybrid,LOW,0.1429,0.0,0.0,0.0,1.0,0.8625,1.0,2.184
V3_HIDDEN_0266,HIDDEN_SEMANTIC,H6,BODY_ELECTRONICS,B0_Full_Suite,LOW,0.0588,1.0,0.0063,0.0126,1.0,0.0,1.0,0.1
V3_HIDDEN_0266,HIDDEN_SEMANTIC,H6,BODY_ELECTRONICS,B1_Keyword,LOW,0.0588,0.0,0.0,0.0,0.8,0.8125,1.0,1.258
V3_HIDDEN_0266,HIDDEN_SEMANTIC,H6,BODY_ELECTRONICS,B2_Raw_Embedding,LOW,0.0588,0.0,0.0,0.0,1.0,0.7708,1.0,1.479
V3_HIDDEN_0266,HIDDEN_SEMANTIC,H6,BODY_ELECTRONICS,B3_Graph_Only,LOW,0.0588,0.0,0.0,0.0,0.0,0.9792,1.0,0.008
V3_HIDDEN_0266,HIDDEN_SEMANTIC,H6,BODY_ELECTRONICS,B4_Contextual_Embedding,LOW,0.0588,0.0,0.0,0.0,1.0,0.7917,1.0,1.745
V3_HIDDEN_0266,HIDDEN_SEMANTIC,H6,BODY_ELECTRONICS,B5_AURA_Hybrid,LOW,0.0588,0.0,0.0,0.0,1.0,0.7917,1.0,2.041
V3_HIDDEN_0267,HIDDEN_SEMANTIC,H7,BATTERY_EV,B0_Full_Suite,MEDIUM,0.25,1.0,0.0031,0.0062,1.0,0.0,1.0,0.1
V3_HIDDEN_0267,HIDDEN_SEMANTIC,H7,BATTERY_EV,B1_Keyword,MEDIUM,0.25,1.0,0.0435,0.0833,1.0,0.825,1.0,1.296
V3_HIDDEN_0267,HIDDEN_SEMANTIC,H7,BATTERY_EV,B2_Raw_Embedding,MEDIUM,0.25,0.0,0.0,0.0,1.0,0.9,1.0,1.749
V3_HIDDEN_0267,HIDDEN_SEMANTIC,H7,BATTERY_EV,B3_Graph_Only,MEDIUM,0.25,0.0,0.0,0.0,0.0,0.9875,1.0,0.007
V3_HIDDEN_0267,HIDDEN_SEMANTIC,H7,BATTERY_EV,B4_Contextual_Embedding,MEDIUM,0.25,1.0,0.1,0.1818,0.9,0.875,1.0,2.174
V3_HIDDEN_0267,HIDDEN_SEMANTIC,H7,BATTERY_EV,B5_AURA_Hybrid,MEDIUM,0.25,1.0,0.1,0.1818,0.9,0.875,1.0,2.221
V3_HIDDEN_0268,HIDDEN_SEMANTIC,H8,POWERTRAIN,B0_Full_Suite,LOW,0.1429,1.0,0.0031,0.0062,1.0,0.0,1.0,0.1
V3_HIDDEN_0268,HIDDEN_SEMANTIC,H8,POWERTRAIN,B1_Keyword,LOW,0.1429,1.0,0.0256,0.05,1.0,0.7,1.0,1.345
V3_HIDDEN_0268,HIDDEN_SEMANTIC,H8,POWERTRAIN,B2_Raw_Embedding,LOW,0.1429,0.0,0.0,0.0,1.0,0.8875,1.0,1.813
V3_HIDDEN_0268,HIDDEN_SEMANTIC,H8,POWERTRAIN,B3_Graph_Only,LOW,0.1429,0.0,0.0,0.0,0.0,0.9875,1.0,0.003
V3_HIDDEN_0268,HIDDEN_SEMANTIC,H8,POWERTRAIN,B4_Contextual_Embedding,LOW,0.1429,0.0,0.0,0.0,1.0,0.8625,1.0,2.369
V3_HIDDEN_0268,HIDDEN_SEMANTIC,H8,POWERTRAIN,B5_AURA_Hybrid,LOW,0.1429,0.0,0.0,0.0,1.0,0.8625,1.0,2.538
V3_HIDDEN_0269,HIDDEN_SEMANTIC,H9,ADAS,B0_Full_Suite,LOW,0.0952,1.0,0.0023,0.0045,1.0,0.0,1.0,0.1
V3_HIDDEN_0269,HIDDEN_SEMANTIC,H9,ADAS,B1_Keyword,LOW,0.0952,0.0,0.0,0.0,0.0,0.9882,1.0,1.421
V3_HIDDEN_0269,HIDDEN_SEMANTIC,H9,ADAS,B2_Raw_Embedding,LOW,0.0952,0.0,0.0,0.0,1.0,0.8824,1.0,1.943
V3_HIDDEN_0269,HIDDEN_SEMANTIC,H9,ADAS,B3_Graph_Only,LOW,0.0952,0.0,0.0,0.0,0.0,0.9882,1.0,0.007
V3_HIDDEN_0269,HIDDEN_SEMANTIC,H9,ADAS,B4_Contextual_Embedding,LOW,0.0952,0.0,0.0,0.0,1.0,0.8706,1.0,2.502
V3_HIDDEN_0269,HIDDEN_SEMANTIC,H9,ADAS,B5_AURA_Hybrid,LOW,0.0952,0.0,0.0,0.0,1.0,0.8706,1.0,2.72
V3_HIDDEN_0270,HIDDEN_SEMANTIC,H10,ADAS,B0_Full_Suite,LOW,0.0,1.0,0.0023,0.0045,1.0,0.0,1.0,0.1
V3_HIDDEN_0270,HIDDEN_SEMANTIC,H10,ADAS,B1_Keyword,LOW,0.0,0.0,0.0,0.0,0.09999999999999998,0.9765,1.0,1.321
V3_HIDDEN_0270,HIDDEN_SEMANTIC,H10,ADAS,B2_Raw_Embedding,LOW,0.0,0.0,0.0,0.0,1.0,0.8824,1.0,2.448
V3_HIDDEN_0270,HIDDEN_SEMANTIC,H10,ADAS,B3_Graph_Only,LOW,0.0,0.0,0.0,0.0,0.0,0.9882,1.0,0.012
V3_HIDDEN_0270,HIDDEN_SEMANTIC,H10,ADAS,B4_Contextual_Embedding,LOW,0.0,0.0,0.0,0.0,1.0,0.8706,1.0,4.557
V3_HIDDEN_0270,HIDDEN_SEMANTIC,H10,ADAS,B5_AURA_Hybrid,LOW,0.0,0.0,0.0,0.0,1.0,0.8706,1.0,4.275
V3_DECOY_0271,SEMANTIC_DECOY,D1,BODY_ELECTRONICS,B0_Full_Suite,HIGH,0.6667,1.0,0.0,0.0,1.0,0.0,1.0,0.1
V3_DECOY_0271,SEMANTIC_DECOY,D1,BODY_ELECTRONICS,B1_Keyword,HIGH,0.6667,1.0,0.0,0.0,1.0,0.8333,1.0,3.52
V3_DECOY_0271,SEMANTIC_DECOY,D1,BODY_ELECTRONICS,B2_Raw_Embedding,HIGH,0.6667,1.0,0.0,0.0,1.0,0.8125,1.0,15.723
V3_DECOY_0271,SEMANTIC_DECOY,D1,BODY_ELECTRONICS,B3_Graph_Only,HIGH,0.6667,1.0,1.0,1.0,0.0,1.0,1.0,0.011
V3_DECOY_0271,SEMANTIC_DECOY,D1,BODY_ELECTRONICS,B4_Contextual_Embedding,HIGH,0.6667,1.0,0.0,0.0,1.0,0.8125,1.0,30.24
V3_DECOY_0271,SEMANTIC_DECOY,D1,BODY_ELECTRONICS,B5_AURA_Hybrid,HIGH,0.6667,1.0,1.0,1.0,0.0,1.0,1.0,0.043
V3_DECOY_0272,SEMANTIC_DECOY,D2,ADAS,B0_Full_Suite,HIGH,0.75,1.0,0.0,0.0,1.0,0.0,1.0,0.1
V3_DECOY_0272,SEMANTIC_DECOY,D2,ADAS,B1_Keyword,HIGH,0.75,1.0,0.0,0.0,1.0,0.9059,1.0,7.796
V3_DECOY_0272,SEMANTIC_DECOY,D2,ADAS,B2_Raw_Embedding,HIGH,0.75,1.0,0.0,0.0,1.0,0.8941,1.0,8.17
V3_DECOY_0272,SEMANTIC_DECOY,D2,ADAS,B3_Graph_Only,HIGH,0.75,1.0,1.0,1.0,0.0,1.0,1.0,0.007
V3_DECOY_0272,SEMANTIC_DECOY,D2,ADAS,B4_Contextual_Embedding,HIGH,0.75,1.0,0.0,0.0,1.0,0.8941,1.0,2.407
V3_DECOY_0272,SEMANTIC_DECOY,D2,ADAS,B5_AURA_Hybrid,HIGH,0.75,1.0,1.0,1.0,0.0,1.0,1.0,0.024
V3_DECOY_0273,SEMANTIC_DECOY,D3,POWERTRAIN,B0_Full_Suite,HIGH,0.75,1.0,0.0,0.0,1.0,0.0,1.0,0.1
V3_DECOY_0273,SEMANTIC_DECOY,D3,POWERTRAIN,B1_Keyword,HIGH,0.75,1.0,0.0,0.0,1.0,0.9875,1.0,5.788
V3_DECOY_0273,SEMANTIC_DECOY,D3,POWERTRAIN,B2_Raw_Embedding,HIGH,0.75,1.0,0.0,0.0,1.0,0.875,1.0,1.848
V3_DECOY_0273,SEMANTIC_DECOY,D3,POWERTRAIN,B3_Graph_Only,HIGH,0.75,1.0,1.0,1.0,0.0,1.0,1.0,0.006
V3_DECOY_0273,SEMANTIC_DECOY,D3,POWERTRAIN,B4_Contextual_Embedding,HIGH,0.75,1.0,0.0,0.0,1.0,0.875,1.0,2.625
V3_DECOY_0273,SEMANTIC_DECOY,D3,POWERTRAIN,B5_AURA_Hybrid,HIGH,0.75,1.0,1.0,1.0,0.0,1.0,1.0,0.02
V3_DECOY_0274,SEMANTIC_DECOY,D4,POWERTRAIN,B0_Full_Suite,HIGH,0.75,1.0,0.0,0.0,1.0,0.0,1.0,0.1
V3_DECOY_0274,SEMANTIC_DECOY,D4,POWERTRAIN,B1_Keyword,HIGH,0.75,1.0,0.0,0.0,1.0,0.9875,1.0,1.154
V3_DECOY_0274,SEMANTIC_DECOY,D4,POWERTRAIN,B2_Raw_Embedding,HIGH,0.75,1.0,0.0,0.0,1.0,0.875,1.0,1.414
V3_DECOY_0274,SEMANTIC_DECOY,D4,POWERTRAIN,B3_Graph_Only,HIGH,0.75,1.0,1.0,1.0,0.0,1.0,1.0,0.006
V3_DECOY_0274,SEMANTIC_DECOY,D4,POWERTRAIN,B4_Contextual_Embedding,HIGH,0.75,1.0,0.0,0.0,1.0,0.875,1.0,1.944
V3_DECOY_0274,SEMANTIC_DECOY,D4,POWERTRAIN,B5_AURA_Hybrid,HIGH,0.75,1.0,1.0,1.0,0.0,1.0,1.0,0.017
V3_DECOY_0275,SEMANTIC_DECOY,D5,ADAS,B0_Full_Suite,HIGH,0.7143,1.0,0.0,0.0,1.0,0.0,1.0,0.1
V3_DECOY_0275,SEMANTIC_DECOY,D5,ADAS,B1_Keyword,HIGH,0.7143,1.0,0.0,0.0,1.0,0.8941,1.0,1.447
V3_DECOY_0275,SEMANTIC_DECOY,D5,ADAS,B2_Raw_Embedding,HIGH,0.7143,1.0,0.0,0.0,1.0,0.8824,1.0,1.812
V3_DECOY_0275,SEMANTIC_DECOY,D5,ADAS,B3_Graph_Only,HIGH,0.7143,1.0,1.0,1.0,0.0,1.0,1.0,0.006
V3_DECOY_0275,SEMANTIC_DECOY,D5,ADAS,B4_Contextual_Embedding,HIGH,0.7143,1.0,0.0,0.0,1.0,0.8824,1.0,2.825
V3_DECOY_0275,SEMANTIC_DECOY,D5,ADAS,B5_AURA_Hybrid,HIGH,0.7143,1.0,1.0,1.0,0.0,1.0,1.0,0.021
V3_DECOY_0276,SEMANTIC_DECOY,D6,ADAS,B0_Full_Suite,HIGH,0.7778,1.0,0.0,0.0,1.0,0.0,1.0,0.1
V3_DECOY_0276,SEMANTIC_DECOY,D6,ADAS,B1_Keyword,HIGH,0.7778,1.0,0.0,0.0,1.0,0.9176,1.0,1.348
V3_DECOY_0276,SEMANTIC_DECOY,D6,ADAS,B2_Raw_Embedding,HIGH,0.7778,1.0,0.0,0.0,1.0,0.8824,1.0,3.091
V3_DECOY_0276,SEMANTIC_DECOY,D6,ADAS,B3_Graph_Only,HIGH,0.7778,1.0,1.0,1.0,0.0,1.0,1.0,0.007
V3_DECOY_0276,SEMANTIC_DECOY,D6,ADAS,B4_Contextual_Embedding,HIGH,0.7778,1.0,0.0,0.0,1.0,0.8824,1.0,2.4
V3_DECOY_0276,SEMANTIC_DECOY,D6,ADAS,B5_AURA_Hybrid,HIGH,0.7778,1.0,1.0,1.0,0.0,1.0,1.0,0.02
V3_DECOY_0277,SEMANTIC_DECOY,D7,POWERTRAIN,B0_Full_Suite,HIGH,0.7143,1.0,0.0,0.0,1.0,0.0,1.0,0.1
V3_DECOY_0277,SEMANTIC_DECOY,D7,POWERTRAIN,B1_Keyword,HIGH,0.7143,1.0,0.0,0.0,1.0,0.8625,1.0,1.329
V3_DECOY_0277,SEMANTIC_DECOY,D7,POWERTRAIN,B2_Raw_Embedding,HIGH,0.7143,1.0,0.0,0.0,1.0,0.8875,1.0,1.531
V3_DECOY_0277,SEMANTIC_DECOY,D7,POWERTRAIN,B3_Graph_Only,HIGH,0.7143,1.0,1.0,1.0,0.0,1.0,1.0,0.006
V3_DECOY_0277,SEMANTIC_DECOY,D7,POWERTRAIN,B4_Contextual_Embedding,HIGH,0.7143,1.0,0.0,0.0,1.0,0.875,1.0,2.073
V3_DECOY_0277,SEMANTIC_DECOY,D7,POWERTRAIN,B5_AURA_Hybrid,HIGH,0.7143,1.0,1.0,1.0,0.0,1.0,1.0,0.023
V3_DECOY_0278,SEMANTIC_DECOY,D8,BODY_ELECTRONICS,B0_Full_Suite,HIGH,0.75,1.0,0.0,0.0,1.0,0.0,1.0,0.1
V3_DECOY_0278,SEMANTIC_DECOY,D8,BODY_ELECTRONICS,B1_Keyword,HIGH,0.75,1.0,0.0,0.0,1.0,0.875,1.0,1.073
V3_DECOY_0278,SEMANTIC_DECOY,D8,BODY_ELECTRONICS,B2_Raw_Embedding,HIGH,0.75,1.0,0.0,0.0,1.0,0.7917,1.0,1.331
V3_DECOY_0278,SEMANTIC_DECOY,D8,BODY_ELECTRONICS,B3_Graph_Only,HIGH,0.75,1.0,1.0,1.0,0.0,1.0,1.0,0.006
V3_DECOY_0278,SEMANTIC_DECOY,D8,BODY_ELECTRONICS,B4_Contextual_Embedding,HIGH,0.75,1.0,0.0,0.0,1.0,0.7917,1.0,1.757
V3_DECOY_0278,SEMANTIC_DECOY,D8,BODY_ELECTRONICS,B5_AURA_Hybrid,HIGH,0.75,1.0,1.0,1.0,0.0,1.0,1.0,0.013
V3_DECOY_0279,SEMANTIC_DECOY,D9,ADAS,B0_Full_Suite,HIGH,0.75,1.0,0.0,0.0,1.0,0.0,1.0,0.1
V3_DECOY_0279,SEMANTIC_DECOY,D9,ADAS,B1_Keyword,HIGH,0.75,1.0,0.0,0.0,1.0,0.9294,1.0,1.916
V3_DECOY_0279,SEMANTIC_DECOY,D9,ADAS,B2_Raw_Embedding,HIGH,0.75,1.0,0.0,0.0,1.0,0.8824,1.0,1.772
V3_DECOY_0279,SEMANTIC_DECOY,D9,ADAS,B3_Graph_Only,HIGH,0.75,1.0,1.0,1.0,0.0,1.0,1.0,0.007
V3_DECOY_0279,SEMANTIC_DECOY,D9,ADAS,B4_Contextual_Embedding,HIGH,0.75,1.0,0.0,0.0,1.0,0.8824,1.0,2.668
V3_DECOY_0279,SEMANTIC_DECOY,D9,ADAS,B5_AURA_Hybrid,HIGH,0.75,1.0,1.0,1.0,0.0,1.0,1.0,0.02
V3_DECOY_0280,SEMANTIC_DECOY,D10,POWERTRAIN,B0_Full_Suite,HIGH,0.7143,1.0,0.0,0.0,1.0,0.0,1.0,0.1
V3_DECOY_0280,SEMANTIC_DECOY,D10,POWERTRAIN,B1_Keyword,HIGH,0.7143,1.0,0.0,0.0,1.0,0.9875,1.0,0.85
V3_DECOY_0280,SEMANTIC_DECOY,D10,POWERTRAIN,B2_Raw_Embedding,HIGH,0.7143,1.0,0.0,0.0,1.0,0.875,1.0,2.602
V3_DECOY_0280,SEMANTIC_DECOY,D10,POWERTRAIN,B3_Graph_Only,HIGH,0.7143,1.0,1.0,1.0,0.0,1.0,1.0,0.006
V3_DECOY_0280,SEMANTIC_DECOY,D10,POWERTRAIN,B4_Contextual_Embedding,HIGH,0.7143,1.0,0.0,0.0,1.0,0.875,1.0,5.189
V3_DECOY_0280,SEMANTIC_DECOY,D10,POWERTRAIN,B5_AURA_Hybrid,HIGH,0.7143,1.0,1.0,1.0,0.0,1.0,1.0,0.01
V3_DECOY_0281,SEMANTIC_DECOY,D1,BODY_ELECTRONICS,B0_Full_Suite,HIGH,0.6667,1.0,0.0,0.0,1.0,0.0,1.0,0.1
V3_DECOY_0281,SEMANTIC_DECOY,D1,BODY_ELECTRONICS,B1_Keyword,HIGH,0.6667,1.0,0.0,0.0,1.0,0.8333,1.0,1.103
V3_DECOY_0281,SEMANTIC_DECOY,D1,BODY_ELECTRONICS,B2_Raw_Embedding,HIGH,0.6667,1.0,0.0,0.0,1.0,0.8125,1.0,0.81
V3_DECOY_0281,SEMANTIC_DECOY,D1,BODY_ELECTRONICS,B3_Graph_Only,HIGH,0.6667,1.0,1.0,1.0,0.0,1.0,1.0,0.004
V3_DECOY_0281,SEMANTIC_DECOY,D1,BODY_ELECTRONICS,B4_Contextual_Embedding,HIGH,0.6667,1.0,0.0,0.0,1.0,0.8125,1.0,1.934
V3_DECOY_0281,SEMANTIC_DECOY,D1,BODY_ELECTRONICS,B5_AURA_Hybrid,HIGH,0.6667,1.0,1.0,1.0,0.0,1.0,1.0,0.023
V3_DECOY_0282,SEMANTIC_DECOY,D2,ADAS,B0_Full_Suite,HIGH,0.75,1.0,0.0,0.0,1.0,0.0,1.0,0.1
V3_DECOY_0282,SEMANTIC_DECOY,D2,ADAS,B1_Keyword,HIGH,0.75,1.0,0.0,0.0,1.0,0.9059,1.0,1.337
V3_DECOY_0282,SEMANTIC_DECOY,D2,ADAS,B2_Raw_Embedding,HIGH,0.75,1.0,0.0,0.0,1.0,0.8941,1.0,1.711
V3_DECOY_0282,SEMANTIC_DECOY,D2,ADAS,B3_Graph_Only,HIGH,0.75,1.0,1.0,1.0,0.0,1.0,1.0,0.005
V3_DECOY_0282,SEMANTIC_DECOY,D2,ADAS,B4_Contextual_Embedding,HIGH,0.75,1.0,0.0,0.0,1.0,0.8941,1.0,2.826
V3_DECOY_0282,SEMANTIC_DECOY,D2,ADAS,B5_AURA_Hybrid,HIGH,0.75,1.0,1.0,1.0,0.0,1.0,1.0,0.023
V3_DECOY_0283,SEMANTIC_DECOY,D3,POWERTRAIN,B0_Full_Suite,HIGH,0.75,1.0,0.0,0.0,1.0,0.0,1.0,0.1
V3_DECOY_0283,SEMANTIC_DECOY,D3,POWERTRAIN,B1_Keyword,HIGH,0.75,1.0,1.0,1.0,0.0,1.0,1.0,1.406
V3_DECOY_0283,SEMANTIC_DECOY,D3,POWERTRAIN,B2_Raw_Embedding,HIGH,0.75,1.0,0.0,0.0,1.0,0.875,1.0,2.534
V3_DECOY_0283,SEMANTIC_DECOY,D3,POWERTRAIN,B3_Graph_Only,HIGH,0.75,1.0,1.0,1.0,0.0,1.0,1.0,0.007
V3_DECOY_0283,SEMANTIC_DECOY,D3,POWERTRAIN,B4_Contextual_Embedding,HIGH,0.75,1.0,0.0,0.0,1.0,0.875,1.0,2.364
V3_DECOY_0283,SEMANTIC_DECOY,D3,POWERTRAIN,B5_AURA_Hybrid,HIGH,0.75,1.0,1.0,1.0,0.0,1.0,1.0,0.025
V3_DECOY_0284,SEMANTIC_DECOY,D4,POWERTRAIN,B0_Full_Suite,HIGH,0.75,1.0,0.0,0.0,1.0,0.0,1.0,0.1
V3_DECOY_0284,SEMANTIC_DECOY,D4,POWERTRAIN,B1_Keyword,HIGH,0.75,1.0,0.0,0.0,1.0,1.0,1.0,1.309
V3_DECOY_0284,SEMANTIC_DECOY,D4,POWERTRAIN,B2_Raw_Embedding,HIGH,0.75,1.0,0.0,0.0,1.0,0.875,1.0,1.487
V3_DECOY_0284,SEMANTIC_DECOY,D4,POWERTRAIN,B3_Graph_Only,HIGH,0.75,1.0,1.0,1.0,0.0,1.0,1.0,0.006
V3_DECOY_0284,SEMANTIC_DECOY,D4,POWERTRAIN,B4_Contextual_Embedding,HIGH,0.75,1.0,0.0,0.0,1.0,0.875,1.0,1.98
V3_DECOY_0284,SEMANTIC_DECOY,D4,POWERTRAIN,B5_AURA_Hybrid,HIGH,0.75,1.0,1.0,1.0,0.0,1.0,1.0,0.018
V3_DECOY_0285,SEMANTIC_DECOY,D5,ADAS,B0_Full_Suite,HIGH,0.7143,1.0,0.0,0.0,1.0,0.0,1.0,0.1
V3_DECOY_0285,SEMANTIC_DECOY,D5,ADAS,B1_Keyword,HIGH,0.7143,1.0,0.0,0.0,1.0,0.8941,1.0,1.289
V3_DECOY_0285,SEMANTIC_DECOY,D5,ADAS,B2_Raw_Embedding,HIGH,0.7143,1.0,0.0,0.0,1.0,0.8824,1.0,1.703
V3_DECOY_0285,SEMANTIC_DECOY,D5,ADAS,B3_Graph_Only,HIGH,0.7143,1.0,1.0,1.0,0.0,1.0,1.0,0.028
V3_DECOY_0285,SEMANTIC_DECOY,D5,ADAS,B4_Contextual_Embedding,HIGH,0.7143,1.0,0.0,0.0,1.0,0.8824,1.0,2.168
V3_DECOY_0285,SEMANTIC_DECOY,D5,ADAS,B5_AURA_Hybrid,HIGH,0.7143,1.0,1.0,1.0,0.0,1.0,1.0,0.018
V3_DECOY_0286,SEMANTIC_DECOY,D6,ADAS,B0_Full_Suite,HIGH,0.7778,1.0,0.0,0.0,1.0,0.0,1.0,0.1
V3_DECOY_0286,SEMANTIC_DECOY,D6,ADAS,B1_Keyword,HIGH,0.7778,1.0,0.0,0.0,1.0,0.9176,1.0,1.332
V3_DECOY_0286,SEMANTIC_DECOY,D6,ADAS,B2_Raw_Embedding,HIGH,0.7778,1.0,0.0,0.0,1.0,0.8824,1.0,1.864
V3_DECOY_0286,SEMANTIC_DECOY,D6,ADAS,B3_Graph_Only,HIGH,0.7778,1.0,1.0,1.0,0.0,1.0,1.0,0.005
V3_DECOY_0286,SEMANTIC_DECOY,D6,ADAS,B4_Contextual_Embedding,HIGH,0.7778,1.0,0.0,0.0,1.0,0.8824,1.0,2.434
V3_DECOY_0286,SEMANTIC_DECOY,D6,ADAS,B5_AURA_Hybrid,HIGH,0.7778,1.0,1.0,1.0,0.0,1.0,1.0,0.019
V3_DECOY_0287,SEMANTIC_DECOY,D7,POWERTRAIN,B0_Full_Suite,HIGH,0.7143,1.0,0.0,0.0,1.0,0.0,1.0,0.1
V3_DECOY_0287,SEMANTIC_DECOY,D7,POWERTRAIN,B1_Keyword,HIGH,0.7143,1.0,0.0,0.0,1.0,0.8625,1.0,1.383
V3_DECOY_0287,SEMANTIC_DECOY,D7,POWERTRAIN,B2_Raw_Embedding,HIGH,0.7143,1.0,0.0,0.0,1.0,0.8875,1.0,1.58
V3_DECOY_0287,SEMANTIC_DECOY,D7,POWERTRAIN,B3_Graph_Only,HIGH,0.7143,1.0,1.0,1.0,0.0,1.0,1.0,0.006
V3_DECOY_0287,SEMANTIC_DECOY,D7,POWERTRAIN,B4_Contextual_Embedding,HIGH,0.7143,1.0,0.0,0.0,1.0,0.875,1.0,2.028
V3_DECOY_0287,SEMANTIC_DECOY,D7,POWERTRAIN,B5_AURA_Hybrid,HIGH,0.7143,1.0,1.0,1.0,0.0,1.0,1.0,0.018
V3_DECOY_0288,SEMANTIC_DECOY,D8,BODY_ELECTRONICS,B0_Full_Suite,HIGH,0.75,1.0,0.0,0.0,1.0,0.0,1.0,0.1
V3_DECOY_0288,SEMANTIC_DECOY,D8,BODY_ELECTRONICS,B1_Keyword,HIGH,0.75,1.0,0.0,0.0,1.0,0.875,1.0,1.128
V3_DECOY_0288,SEMANTIC_DECOY,D8,BODY_ELECTRONICS,B2_Raw_Embedding,HIGH,0.75,1.0,0.0,0.0,1.0,0.7917,1.0,1.416
V3_DECOY_0288,SEMANTIC_DECOY,D8,BODY_ELECTRONICS,B3_Graph_Only,HIGH,0.75,1.0,1.0,1.0,0.0,1.0,1.0,0.006
V3_DECOY_0288,SEMANTIC_DECOY,D8,BODY_ELECTRONICS,B4_Contextual_Embedding,HIGH,0.75,1.0,0.0,0.0,1.0,0.7917,1.0,1.84
V3_DECOY_0288,SEMANTIC_DECOY,D8,BODY_ELECTRONICS,B5_AURA_Hybrid,HIGH,0.75,1.0,1.0,1.0,0.0,1.0,1.0,0.019
V3_DECOY_0289,SEMANTIC_DECOY,D9,ADAS,B0_Full_Suite,HIGH,0.75,1.0,0.0,0.0,1.0,0.0,1.0,0.1
V3_DECOY_0289,SEMANTIC_DECOY,D9,ADAS,B1_Keyword,HIGH,0.75,1.0,0.0,0.0,1.0,0.9294,1.0,1.668
V3_DECOY_0289,SEMANTIC_DECOY,D9,ADAS,B2_Raw_Embedding,HIGH,0.75,1.0,0.0,0.0,1.0,0.8824,1.0,0.98
V3_DECOY_0289,SEMANTIC_DECOY,D9,ADAS,B3_Graph_Only,HIGH,0.75,1.0,1.0,1.0,0.0,1.0,1.0,0.003
V3_DECOY_0289,SEMANTIC_DECOY,D9,ADAS,B4_Contextual_Embedding,HIGH,0.75,1.0,0.0,0.0,1.0,0.8824,1.0,2.122
V3_DECOY_0289,SEMANTIC_DECOY,D9,ADAS,B5_AURA_Hybrid,HIGH,0.75,1.0,1.0,1.0,0.0,1.0,1.0,0.021
V3_DECOY_0290,SEMANTIC_DECOY,D10,POWERTRAIN,B0_Full_Suite,HIGH,0.7143,1.0,0.0,0.0,1.0,0.0,1.0,0.1
V3_DECOY_0290,SEMANTIC_DECOY,D10,POWERTRAIN,B1_Keyword,HIGH,0.7143,1.0,0.0,0.0,1.0,0.725,1.0,1.519
V3_DECOY_0290,SEMANTIC_DECOY,D10,POWERTRAIN,B2_Raw_Embedding,HIGH,0.7143,1.0,0.0,0.0,1.0,0.875,1.0,1.938
V3_DECOY_0290,SEMANTIC_DECOY,D10,POWERTRAIN,B3_Graph_Only,HIGH,0.7143,1.0,1.0,1.0,0.0,1.0,1.0,0.009
V3_DECOY_0290,SEMANTIC_DECOY,D10,POWERTRAIN,B4_Contextual_Embedding,HIGH,0.7143,1.0,0.0,0.0,1.0,0.875,1.0,2.0
V3_DECOY_0290,SEMANTIC_DECOY,D10,POWERTRAIN,B5_AURA_Hybrid,HIGH,0.7143,1.0,1.0,1.0,0.0,1.0,1.0,0.018
V3_DECOY_0291,SEMANTIC_DECOY,D1,BODY_ELECTRONICS,B0_Full_Suite,HIGH,0.6667,1.0,0.0,0.0,1.0,0.0,1.0,0.1
V3_DECOY_0291,SEMANTIC_DECOY,D1,BODY_ELECTRONICS,B1_Keyword,HIGH,0.6667,1.0,0.0,0.0,1.0,0.8333,1.0,1.253
V3_DECOY_0291,SEMANTIC_DECOY,D1,BODY_ELECTRONICS,B2_Raw_Embedding,HIGH,0.6667,1.0,0.0,0.0,1.0,0.8125,1.0,1.433
V3_DECOY_0291,SEMANTIC_DECOY,D1,BODY_ELECTRONICS,B3_Graph_Only,HIGH,0.6667,1.0,1.0,1.0,0.0,1.0,1.0,0.007
V3_DECOY_0291,SEMANTIC_DECOY,D1,BODY_ELECTRONICS,B4_Contextual_Embedding,HIGH,0.6667,1.0,0.0,0.0,1.0,0.8125,1.0,1.633
V3_DECOY_0291,SEMANTIC_DECOY,D1,BODY_ELECTRONICS,B5_AURA_Hybrid,HIGH,0.6667,1.0,1.0,1.0,0.0,1.0,1.0,0.017
V3_DECOY_0292,SEMANTIC_DECOY,D2,ADAS,B0_Full_Suite,HIGH,0.75,1.0,0.0,0.0,1.0,0.0,1.0,0.1
V3_DECOY_0292,SEMANTIC_DECOY,D2,ADAS,B1_Keyword,HIGH,0.75,1.0,0.0,0.0,1.0,0.9059,1.0,1.267
V3_DECOY_0292,SEMANTIC_DECOY,D2,ADAS,B2_Raw_Embedding,HIGH,0.75,1.0,0.0,0.0,1.0,0.8941,1.0,1.814
V3_DECOY_0292,SEMANTIC_DECOY,D2,ADAS,B3_Graph_Only,HIGH,0.75,1.0,1.0,1.0,0.0,1.0,1.0,0.006
V3_DECOY_0292,SEMANTIC_DECOY,D2,ADAS,B4_Contextual_Embedding,HIGH,0.75,1.0,0.0,0.0,1.0,0.8941,1.0,1.702
V3_DECOY_0292,SEMANTIC_DECOY,D2,ADAS,B5_AURA_Hybrid,HIGH,0.75,1.0,1.0,1.0,0.0,1.0,1.0,0.021
V3_DECOY_0293,SEMANTIC_DECOY,D3,POWERTRAIN,B0_Full_Suite,HIGH,0.75,1.0,0.0,0.0,1.0,0.0,1.0,0.1
V3_DECOY_0293,SEMANTIC_DECOY,D3,POWERTRAIN,B1_Keyword,HIGH,0.75,1.0,1.0,1.0,0.0,1.0,1.0,1.167
V3_DECOY_0293,SEMANTIC_DECOY,D3,POWERTRAIN,B2_Raw_Embedding,HIGH,0.75,1.0,0.0,0.0,1.0,0.875,1.0,1.673
V3_DECOY_0293,SEMANTIC_DECOY,D3,POWERTRAIN,B3_Graph_Only,HIGH,0.75,1.0,1.0,1.0,0.0,1.0,1.0,0.006
V3_DECOY_0293,SEMANTIC_DECOY,D3,POWERTRAIN,B4_Contextual_Embedding,HIGH,0.75,1.0,0.0,0.0,1.0,0.875,1.0,2.047
V3_DECOY_0293,SEMANTIC_DECOY,D3,POWERTRAIN,B5_AURA_Hybrid,HIGH,0.75,1.0,1.0,1.0,0.0,1.0,1.0,0.018
V3_DECOY_0294,SEMANTIC_DECOY,D4,POWERTRAIN,B0_Full_Suite,HIGH,0.75,1.0,0.0,0.0,1.0,0.0,1.0,0.1
V3_DECOY_0294,SEMANTIC_DECOY,D4,POWERTRAIN,B1_Keyword,HIGH,0.75,1.0,0.0,0.0,1.0,1.0,1.0,1.073
V3_DECOY_0294,SEMANTIC_DECOY,D4,POWERTRAIN,B2_Raw_Embedding,HIGH,0.75,1.0,0.0,0.0,1.0,0.875,1.0,1.429
V3_DECOY_0294,SEMANTIC_DECOY,D4,POWERTRAIN,B3_Graph_Only,HIGH,0.75,1.0,1.0,1.0,0.0,1.0,1.0,0.006
V3_DECOY_0294,SEMANTIC_DECOY,D4,POWERTRAIN,B4_Contextual_Embedding,HIGH,0.75,1.0,0.0,0.0,1.0,0.875,1.0,2.01
V3_DECOY_0294,SEMANTIC_DECOY,D4,POWERTRAIN,B5_AURA_Hybrid,HIGH,0.75,1.0,1.0,1.0,0.0,1.0,1.0,0.017
V3_DECOY_0295,SEMANTIC_DECOY,D5,ADAS,B0_Full_Suite,HIGH,0.7143,1.0,0.0,0.0,1.0,0.0,1.0,0.1
V3_DECOY_0295,SEMANTIC_DECOY,D5,ADAS,B1_Keyword,HIGH,0.7143,1.0,0.0,0.0,1.0,0.8941,1.0,1.343
V3_DECOY_0295,SEMANTIC_DECOY,D5,ADAS,B2_Raw_Embedding,HIGH,0.7143,1.0,0.0,0.0,1.0,0.8824,1.0,1.813
V3_DECOY_0295,SEMANTIC_DECOY,D5,ADAS,B3_Graph_Only,HIGH,0.7143,1.0,1.0,1.0,0.0,1.0,1.0,0.005
V3_DECOY_0295,SEMANTIC_DECOY,D5,ADAS,B4_Contextual_Embedding,HIGH,0.7143,1.0,0.0,0.0,1.0,0.8824,1.0,2.165
V3_DECOY_0295,SEMANTIC_DECOY,D5,ADAS,B5_AURA_Hybrid,HIGH,0.7143,1.0,1.0,1.0,0.0,1.0,1.0,0.016
V3_DECOY_0296,SEMANTIC_DECOY,D6,ADAS,B0_Full_Suite,HIGH,0.7778,1.0,0.0,0.0,1.0,0.0,1.0,0.1
V3_DECOY_0296,SEMANTIC_DECOY,D6,ADAS,B1_Keyword,HIGH,0.7778,1.0,0.0,0.0,1.0,0.9176,1.0,1.295
V3_DECOY_0296,SEMANTIC_DECOY,D6,ADAS,B2_Raw_Embedding,HIGH,0.7778,1.0,0.0,0.0,1.0,0.8824,1.0,1.712
V3_DECOY_0296,SEMANTIC_DECOY,D6,ADAS,B3_Graph_Only,HIGH,0.7778,1.0,1.0,1.0,0.0,1.0,1.0,0.006
V3_DECOY_0296,SEMANTIC_DECOY,D6,ADAS,B4_Contextual_Embedding,HIGH,0.7778,1.0,0.0,0.0,1.0,0.8824,1.0,2.289
V3_DECOY_0296,SEMANTIC_DECOY,D6,ADAS,B5_AURA_Hybrid,HIGH,0.7778,1.0,1.0,1.0,0.0,1.0,1.0,0.011
V3_DECOY_0297,SEMANTIC_DECOY,D7,POWERTRAIN,B0_Full_Suite,HIGH,0.7143,1.0,0.0,0.0,1.0,0.0,1.0,0.1
V3_DECOY_0297,SEMANTIC_DECOY,D7,POWERTRAIN,B1_Keyword,HIGH,0.7143,1.0,0.0,0.0,1.0,0.8625,1.0,1.233
V3_DECOY_0297,SEMANTIC_DECOY,D7,POWERTRAIN,B2_Raw_Embedding,HIGH,0.7143,1.0,0.0,0.0,1.0,0.8875,1.0,1.257
V3_DECOY_0297,SEMANTIC_DECOY,D7,POWERTRAIN,B3_Graph_Only,HIGH,0.7143,1.0,1.0,1.0,0.0,1.0,1.0,0.005
V3_DECOY_0297,SEMANTIC_DECOY,D7,POWERTRAIN,B4_Contextual_Embedding,HIGH,0.7143,1.0,0.0,0.0,1.0,0.875,1.0,2.089
V3_DECOY_0297,SEMANTIC_DECOY,D7,POWERTRAIN,B5_AURA_Hybrid,HIGH,0.7143,1.0,1.0,1.0,0.0,1.0,1.0,0.018
V3_DECOY_0298,SEMANTIC_DECOY,D8,BODY_ELECTRONICS,B0_Full_Suite,HIGH,0.75,1.0,0.0,0.0,1.0,0.0,1.0,0.1
V3_DECOY_0298,SEMANTIC_DECOY,D8,BODY_ELECTRONICS,B1_Keyword,HIGH,0.75,1.0,0.0,0.0,1.0,0.875,1.0,1.345
V3_DECOY_0298,SEMANTIC_DECOY,D8,BODY_ELECTRONICS,B2_Raw_Embedding,HIGH,0.75,1.0,0.0,0.0,1.0,0.7917,1.0,1.378
V3_DECOY_0298,SEMANTIC_DECOY,D8,BODY_ELECTRONICS,B3_Graph_Only,HIGH,0.75,1.0,1.0,1.0,0.0,1.0,1.0,0.005
V3_DECOY_0298,SEMANTIC_DECOY,D8,BODY_ELECTRONICS,B4_Contextual_Embedding,HIGH,0.75,1.0,0.0,0.0,1.0,0.7917,1.0,1.745
V3_DECOY_0298,SEMANTIC_DECOY,D8,BODY_ELECTRONICS,B5_AURA_Hybrid,HIGH,0.75,1.0,1.0,1.0,0.0,1.0,1.0,0.018
V3_DECOY_0299,SEMANTIC_DECOY,D9,ADAS,B0_Full_Suite,HIGH,0.75,1.0,0.0,0.0,1.0,0.0,1.0,0.1
V3_DECOY_0299,SEMANTIC_DECOY,D9,ADAS,B1_Keyword,HIGH,0.75,1.0,0.0,0.0,1.0,0.9294,1.0,1.22
V3_DECOY_0299,SEMANTIC_DECOY,D9,ADAS,B2_Raw_Embedding,HIGH,0.75,1.0,0.0,0.0,1.0,0.8824,1.0,1.82
V3_DECOY_0299,SEMANTIC_DECOY,D9,ADAS,B3_Graph_Only,HIGH,0.75,1.0,1.0,1.0,0.0,1.0,1.0,0.009
V3_DECOY_0299,SEMANTIC_DECOY,D9,ADAS,B4_Contextual_Embedding,HIGH,0.75,1.0,0.0,0.0,1.0,0.8824,1.0,2.522
V3_DECOY_0299,SEMANTIC_DECOY,D9,ADAS,B5_AURA_Hybrid,HIGH,0.75,1.0,1.0,1.0,0.0,1.0,1.0,0.019
V3_DECOY_0300,SEMANTIC_DECOY,D10,POWERTRAIN,B0_Full_Suite,HIGH,0.7143,1.0,0.0,0.0,1.0,0.0,1.0,0.1
V3_DECOY_0300,SEMANTIC_DECOY,D10,POWERTRAIN,B1_Keyword,HIGH,0.7143,1.0,0.0,0.0,1.0,0.3875,1.0,1.231
V3_DECOY_0300,SEMANTIC_DECOY,D10,POWERTRAIN,B2_Raw_Embedding,HIGH,0.7143,1.0,0.0,0.0,1.0,0.875,1.0,1.227
V3_DECOY_0300,SEMANTIC_DECOY,D10,POWERTRAIN,B3_Graph_Only,HIGH,0.7143,1.0,1.0,1.0,0.0,1.0,1.0,0.006
V3_DECOY_0300,SEMANTIC_DECOY,D10,POWERTRAIN,B4_Contextual_Embedding,HIGH,0.7143,1.0,0.0,0.0,1.0,0.875,1.0,2.04
V3_DECOY_0300,SEMANTIC_DECOY,D10,POWERTRAIN,B5_AURA_Hybrid,HIGH,0.7143,1.0,1.0,1.0,0.0,1.0,1.0,0.018
V3_DECOY_0301,SEMANTIC_DECOY,D1,BODY_ELECTRONICS,B0_Full_Suite,HIGH,0.6667,1.0,0.0,0.0,1.0,0.0,1.0,0.1
V3_DECOY_0301,SEMANTIC_DECOY,D1,BODY_ELECTRONICS,B1_Keyword,HIGH,0.6667,1.0,0.0,0.0,1.0,0.8333,1.0,1.192
V3_DECOY_0301,SEMANTIC_DECOY,D1,BODY_ELECTRONICS,B2_Raw_Embedding,HIGH,0.6667,1.0,0.0,0.0,1.0,0.8125,1.0,1.337
V3_DECOY_0301,SEMANTIC_DECOY,D1,BODY_ELECTRONICS,B3_Graph_Only,HIGH,0.6667,1.0,1.0,1.0,0.0,1.0,1.0,0.005
V3_DECOY_0301,SEMANTIC_DECOY,D1,BODY_ELECTRONICS,B4_Contextual_Embedding,HIGH,0.6667,1.0,0.0,0.0,1.0,0.8125,1.0,1.759
V3_DECOY_0301,SEMANTIC_DECOY,D1,BODY_ELECTRONICS,B5_AURA_Hybrid,HIGH,0.6667,1.0,1.0,1.0,0.0,1.0,1.0,0.018
V3_DECOY_0302,SEMANTIC_DECOY,D2,ADAS,B0_Full_Suite,HIGH,0.75,1.0,0.0,0.0,1.0,0.0,1.0,0.1
V3_DECOY_0302,SEMANTIC_DECOY,D2,ADAS,B1_Keyword,HIGH,0.75,1.0,0.0,0.0,1.0,0.9059,1.0,1.222
V3_DECOY_0302,SEMANTIC_DECOY,D2,ADAS,B2_Raw_Embedding,HIGH,0.75,1.0,0.0,0.0,1.0,0.8941,1.0,1.662
V3_DECOY_0302,SEMANTIC_DECOY,D2,ADAS,B3_Graph_Only,HIGH,0.75,1.0,1.0,1.0,0.0,1.0,1.0,0.006
V3_DECOY_0302,SEMANTIC_DECOY,D2,ADAS,B4_Contextual_Embedding,HIGH,0.75,1.0,0.0,0.0,1.0,0.8941,1.0,2.476
V3_DECOY_0302,SEMANTIC_DECOY,D2,ADAS,B5_AURA_Hybrid,HIGH,0.75,1.0,1.0,1.0,0.0,1.0,1.0,0.019
V3_DECOY_0303,SEMANTIC_DECOY,D3,POWERTRAIN,B0_Full_Suite,HIGH,0.75,1.0,0.0,0.0,1.0,0.0,1.0,0.1
V3_DECOY_0303,SEMANTIC_DECOY,D3,POWERTRAIN,B1_Keyword,HIGH,0.75,1.0,1.0,1.0,0.0,1.0,1.0,1.196
V3_DECOY_0303,SEMANTIC_DECOY,D3,POWERTRAIN,B2_Raw_Embedding,HIGH,0.75,1.0,0.0,0.0,1.0,0.875,1.0,1.59
V3_DECOY_0303,SEMANTIC_DECOY,D3,POWERTRAIN,B3_Graph_Only,HIGH,0.75,1.0,1.0,1.0,0.0,1.0,1.0,0.006
V3_DECOY_0303,SEMANTIC_DECOY,D3,POWERTRAIN,B4_Contextual_Embedding,HIGH,0.75,1.0,0.0,0.0,1.0,0.875,1.0,2.238
V3_DECOY_0303,SEMANTIC_DECOY,D3,POWERTRAIN,B5_AURA_Hybrid,HIGH,0.75,1.0,1.0,1.0,0.0,1.0,1.0,0.018
V3_DECOY_0304,SEMANTIC_DECOY,D4,POWERTRAIN,B0_Full_Suite,HIGH,0.75,1.0,0.0,0.0,1.0,0.0,1.0,0.1
V3_DECOY_0304,SEMANTIC_DECOY,D4,POWERTRAIN,B1_Keyword,HIGH,0.75,1.0,0.0,0.0,1.0,1.0,1.0,1.186
V3_DECOY_0304,SEMANTIC_DECOY,D4,POWERTRAIN,B2_Raw_Embedding,HIGH,0.75,1.0,0.0,0.0,1.0,0.875,1.0,1.353
V3_DECOY_0304,SEMANTIC_DECOY,D4,POWERTRAIN,B3_Graph_Only,HIGH,0.75,1.0,1.0,1.0,0.0,1.0,1.0,0.006
V3_DECOY_0304,SEMANTIC_DECOY,D4,POWERTRAIN,B4_Contextual_Embedding,HIGH,0.75,1.0,0.0,0.0,1.0,0.875,1.0,2.148
V3_DECOY_0304,SEMANTIC_DECOY,D4,POWERTRAIN,B5_AURA_Hybrid,HIGH,0.75,1.0,1.0,1.0,0.0,1.0,1.0,0.02
V3_DECOY_0305,SEMANTIC_DECOY,D5,ADAS,B0_Full_Suite,HIGH,0.7143,1.0,0.0,0.0,1.0,0.0,1.0,0.1
V3_DECOY_0305,SEMANTIC_DECOY,D5,ADAS,B1_Keyword,HIGH,0.7143,1.0,0.0,0.0,1.0,0.8941,1.0,1.169
V3_DECOY_0305,SEMANTIC_DECOY,D5,ADAS,B2_Raw_Embedding,HIGH,0.7143,1.0,0.0,0.0,1.0,0.8824,1.0,1.511
V3_DECOY_0305,SEMANTIC_DECOY,D5,ADAS,B3_Graph_Only,HIGH,0.7143,1.0,1.0,1.0,0.0,1.0,1.0,0.005
V3_DECOY_0305,SEMANTIC_DECOY,D5,ADAS,B4_Contextual_Embedding,HIGH,0.7143,1.0,0.0,0.0,1.0,0.8824,1.0,2.165
V3_DECOY_0305,SEMANTIC_DECOY,D5,ADAS,B5_AURA_Hybrid,HIGH,0.7143,1.0,1.0,1.0,0.0,1.0,1.0,0.017
V3_DECOY_0306,SEMANTIC_DECOY,D6,ADAS,B0_Full_Suite,HIGH,0.7778,1.0,0.0,0.0,1.0,0.0,1.0,0.1
V3_DECOY_0306,SEMANTIC_DECOY,D6,ADAS,B1_Keyword,HIGH,0.7778,1.0,0.0,0.0,1.0,0.9176,1.0,1.202
V3_DECOY_0306,SEMANTIC_DECOY,D6,ADAS,B2_Raw_Embedding,HIGH,0.7778,1.0,0.0,0.0,1.0,0.8824,1.0,1.665
V3_DECOY_0306,SEMANTIC_DECOY,D6,ADAS,B3_Graph_Only,HIGH,0.7778,1.0,1.0,1.0,0.0,1.0,1.0,0.006
V3_DECOY_0306,SEMANTIC_DECOY,D6,ADAS,B4_Contextual_Embedding,HIGH,0.7778,1.0,0.0,0.0,1.0,0.8824,1.0,2.174
V3_DECOY_0306,SEMANTIC_DECOY,D6,ADAS,B5_AURA_Hybrid,HIGH,0.7778,1.0,1.0,1.0,0.0,1.0,1.0,0.02
V3_DECOY_0307,SEMANTIC_DECOY,D7,POWERTRAIN,B0_Full_Suite,HIGH,0.7143,1.0,0.0,0.0,1.0,0.0,1.0,0.1
V3_DECOY_0307,SEMANTIC_DECOY,D7,POWERTRAIN,B1_Keyword,HIGH,0.7143,1.0,0.0,0.0,1.0,0.8625,1.0,1.152
V3_DECOY_0307,SEMANTIC_DECOY,D7,POWERTRAIN,B2_Raw_Embedding,HIGH,0.7143,1.0,0.0,0.0,1.0,0.8875,1.0,1.39
V3_DECOY_0307,SEMANTIC_DECOY,D7,POWERTRAIN,B3_Graph_Only,HIGH,0.7143,1.0,1.0,1.0,0.0,1.0,1.0,0.005
V3_DECOY_0307,SEMANTIC_DECOY,D7,POWERTRAIN,B4_Contextual_Embedding,HIGH,0.7143,1.0,0.0,0.0,1.0,0.875,1.0,2.196
V3_DECOY_0307,SEMANTIC_DECOY,D7,POWERTRAIN,B5_AURA_Hybrid,HIGH,0.7143,1.0,1.0,1.0,0.0,1.0,1.0,0.016
V3_DECOY_0308,SEMANTIC_DECOY,D8,BODY_ELECTRONICS,B0_Full_Suite,HIGH,0.75,1.0,0.0,0.0,1.0,0.0,1.0,0.1
V3_DECOY_0308,SEMANTIC_DECOY,D8,BODY_ELECTRONICS,B1_Keyword,HIGH,0.75,1.0,0.0,0.0,1.0,0.875,1.0,1.109
V3_DECOY_0308,SEMANTIC_DECOY,D8,BODY_ELECTRONICS,B2_Raw_Embedding,HIGH,0.75,1.0,0.0,0.0,1.0,0.7917,1.0,1.378
V3_DECOY_0308,SEMANTIC_DECOY,D8,BODY_ELECTRONICS,B3_Graph_Only,HIGH,0.75,1.0,1.0,1.0,0.0,1.0,1.0,0.005
V3_DECOY_0308,SEMANTIC_DECOY,D8,BODY_ELECTRONICS,B4_Contextual_Embedding,HIGH,0.75,1.0,0.0,0.0,1.0,0.7917,1.0,1.754
V3_DECOY_0308,SEMANTIC_DECOY,D8,BODY_ELECTRONICS,B5_AURA_Hybrid,HIGH,0.75,1.0,1.0,1.0,0.0,1.0,1.0,0.019
V3_DECOY_0309,SEMANTIC_DECOY,D9,ADAS,B0_Full_Suite,HIGH,0.75,1.0,0.0,0.0,1.0,0.0,1.0,0.1
V3_DECOY_0309,SEMANTIC_DECOY,D9,ADAS,B1_Keyword,HIGH,0.75,1.0,0.0,0.0,1.0,0.9294,1.0,1.18
V3_DECOY_0309,SEMANTIC_DECOY,D9,ADAS,B2_Raw_Embedding,HIGH,0.75,1.0,0.0,0.0,1.0,0.8824,1.0,1.719
V3_DECOY_0309,SEMANTIC_DECOY,D9,ADAS,B3_Graph_Only,HIGH,0.75,1.0,1.0,1.0,0.0,1.0,1.0,0.005
V3_DECOY_0309,SEMANTIC_DECOY,D9,ADAS,B4_Contextual_Embedding,HIGH,0.75,1.0,0.0,0.0,1.0,0.8824,1.0,2.188
V3_DECOY_0309,SEMANTIC_DECOY,D9,ADAS,B5_AURA_Hybrid,HIGH,0.75,1.0,1.0,1.0,0.0,1.0,1.0,0.018
V3_DECOY_0310,SEMANTIC_DECOY,D10,POWERTRAIN,B0_Full_Suite,HIGH,0.7143,1.0,0.0,0.0,1.0,0.0,1.0,0.1
V3_DECOY_0310,SEMANTIC_DECOY,D10,POWERTRAIN,B1_Keyword,HIGH,0.7143,1.0,0.0,0.0,1.0,0.875,1.0,1.054
V3_DECOY_0310,SEMANTIC_DECOY,D10,POWERTRAIN,B2_Raw_Embedding,HIGH,0.7143,1.0,0.0,0.0,1.0,0.875,1.0,1.881
V3_DECOY_0310,SEMANTIC_DECOY,D10,POWERTRAIN,B3_Graph_Only,HIGH,0.7143,1.0,1.0,1.0,0.0,1.0,1.0,0.006
V3_DECOY_0310,SEMANTIC_DECOY,D10,POWERTRAIN,B4_Contextual_Embedding,HIGH,0.7143,1.0,0.0,0.0,1.0,0.875,1.0,2.249
V3_DECOY_0310,SEMANTIC_DECOY,D10,POWERTRAIN,B5_AURA_Hybrid,HIGH,0.7143,1.0,1.0,1.0,0.0,1.0,1.0,0.018
V3_DECOY_0311,SEMANTIC_DECOY,D1,BODY_ELECTRONICS,B0_Full_Suite,HIGH,0.6667,1.0,0.0,0.0,1.0,0.0,1.0,0.1
V3_DECOY_0311,SEMANTIC_DECOY,D1,BODY_ELECTRONICS,B1_Keyword,HIGH,0.6667,1.0,0.0,0.0,1.0,0.8333,1.0,1.192
V3_DECOY_0311,SEMANTIC_DECOY,D1,BODY_ELECTRONICS,B2_Raw_Embedding,HIGH,0.6667,1.0,0.0,0.0,1.0,0.8125,1.0,1.22
V3_DECOY_0311,SEMANTIC_DECOY,D1,BODY_ELECTRONICS,B3_Graph_Only,HIGH,0.6667,1.0,1.0,1.0,0.0,1.0,1.0,0.003
V3_DECOY_0311,SEMANTIC_DECOY,D1,BODY_ELECTRONICS,B4_Contextual_Embedding,HIGH,0.6667,1.0,0.0,0.0,1.0,0.8125,1.0,1.628
V3_DECOY_0311,SEMANTIC_DECOY,D1,BODY_ELECTRONICS,B5_AURA_Hybrid,HIGH,0.6667,1.0,1.0,1.0,0.0,1.0,1.0,0.019
V3_DECOY_0312,SEMANTIC_DECOY,D2,ADAS,B0_Full_Suite,HIGH,0.75,1.0,0.0,0.0,1.0,0.0,1.0,0.1
V3_DECOY_0312,SEMANTIC_DECOY,D2,ADAS,B1_Keyword,HIGH,0.75,1.0,0.0,0.0,1.0,0.9059,1.0,1.279
V3_DECOY_0312,SEMANTIC_DECOY,D2,ADAS,B2_Raw_Embedding,HIGH,0.75,1.0,0.0,0.0,1.0,0.8941,1.0,1.766
V3_DECOY_0312,SEMANTIC_DECOY,D2,ADAS,B3_Graph_Only,HIGH,0.75,1.0,1.0,1.0,0.0,1.0,1.0,0.006
V3_DECOY_0312,SEMANTIC_DECOY,D2,ADAS,B4_Contextual_Embedding,HIGH,0.75,1.0,0.0,0.0,1.0,0.8941,1.0,2.417
V3_DECOY_0312,SEMANTIC_DECOY,D2,ADAS,B5_AURA_Hybrid,HIGH,0.75,1.0,1.0,1.0,0.0,1.0,1.0,0.017
V3_DECOY_0313,SEMANTIC_DECOY,D3,POWERTRAIN,B0_Full_Suite,HIGH,0.75,1.0,0.0,0.0,1.0,0.0,1.0,0.1
V3_DECOY_0313,SEMANTIC_DECOY,D3,POWERTRAIN,B1_Keyword,HIGH,0.75,1.0,1.0,1.0,0.0,1.0,1.0,1.285
V3_DECOY_0313,SEMANTIC_DECOY,D3,POWERTRAIN,B2_Raw_Embedding,HIGH,0.75,1.0,0.0,0.0,1.0,0.875,1.0,1.599
V3_DECOY_0313,SEMANTIC_DECOY,D3,POWERTRAIN,B3_Graph_Only,HIGH,0.75,1.0,1.0,1.0,0.0,1.0,1.0,0.005
V3_DECOY_0313,SEMANTIC_DECOY,D3,POWERTRAIN,B4_Contextual_Embedding,HIGH,0.75,1.0,0.0,0.0,1.0,0.875,1.0,2.032
V3_DECOY_0313,SEMANTIC_DECOY,D3,POWERTRAIN,B5_AURA_Hybrid,HIGH,0.75,1.0,1.0,1.0,0.0,1.0,1.0,0.017
V3_DECOY_0314,SEMANTIC_DECOY,D4,POWERTRAIN,B0_Full_Suite,HIGH,0.75,1.0,0.0,0.0,1.0,0.0,1.0,0.1
V3_DECOY_0314,SEMANTIC_DECOY,D4,POWERTRAIN,B1_Keyword,HIGH,0.75,1.0,0.0,0.0,1.0,1.0,1.0,1.103
V3_DECOY_0314,SEMANTIC_DECOY,D4,POWERTRAIN,B2_Raw_Embedding,HIGH,0.75,1.0,0.0,0.0,1.0,0.875,1.0,1.294
V3_DECOY_0314,SEMANTIC_DECOY,D4,POWERTRAIN,B3_Graph_Only,HIGH,0.75,1.0,1.0,1.0,0.0,1.0,1.0,0.006
V3_DECOY_0314,SEMANTIC_DECOY,D4,POWERTRAIN,B4_Contextual_Embedding,HIGH,0.75,1.0,0.0,0.0,1.0,0.875,1.0,1.992
V3_DECOY_0314,SEMANTIC_DECOY,D4,POWERTRAIN,B5_AURA_Hybrid,HIGH,0.75,1.0,1.0,1.0,0.0,1.0,1.0,0.018
V3_DECOY_0315,SEMANTIC_DECOY,D5,ADAS,B0_Full_Suite,HIGH,0.7143,1.0,0.0,0.0,1.0,0.0,1.0,0.1
V3_DECOY_0315,SEMANTIC_DECOY,D5,ADAS,B1_Keyword,HIGH,0.7143,1.0,0.0,0.0,1.0,0.8941,1.0,1.181
V3_DECOY_0315,SEMANTIC_DECOY,D5,ADAS,B2_Raw_Embedding,HIGH,0.7143,1.0,0.0,0.0,1.0,0.8824,1.0,2.304
V3_DECOY_0315,SEMANTIC_DECOY,D5,ADAS,B3_Graph_Only,HIGH,0.7143,1.0,1.0,1.0,0.0,1.0,1.0,0.01
V3_DECOY_0315,SEMANTIC_DECOY,D5,ADAS,B4_Contextual_Embedding,HIGH,0.7143,1.0,0.0,0.0,1.0,0.8824,1.0,3.936
V3_DECOY_0315,SEMANTIC_DECOY,D5,ADAS,B5_AURA_Hybrid,HIGH,0.7143,1.0,1.0,1.0,0.0,1.0,1.0,0.028
V3_DECOY_0316,SEMANTIC_DECOY,D6,ADAS,B0_Full_Suite,HIGH,0.7778,1.0,0.0,0.0,1.0,0.0,1.0,0.1
V3_DECOY_0316,SEMANTIC_DECOY,D6,ADAS,B1_Keyword,HIGH,0.7778,1.0,0.0,0.0,1.0,0.9176,1.0,2.056
V3_DECOY_0316,SEMANTIC_DECOY,D6,ADAS,B2_Raw_Embedding,HIGH,0.7778,1.0,0.0,0.0,1.0,0.8824,1.0,2.975
V3_DECOY_0316,SEMANTIC_DECOY,D6,ADAS,B3_Graph_Only,HIGH,0.7778,1.0,1.0,1.0,0.0,1.0,1.0,0.013
V3_DECOY_0316,SEMANTIC_DECOY,D6,ADAS,B4_Contextual_Embedding,HIGH,0.7778,1.0,0.0,0.0,1.0,0.8824,1.0,4.884
V3_DECOY_0316,SEMANTIC_DECOY,D6,ADAS,B5_AURA_Hybrid,HIGH,0.7778,1.0,1.0,1.0,0.0,1.0,1.0,0.029
V3_DECOY_0317,SEMANTIC_DECOY,D7,POWERTRAIN,B0_Full_Suite,HIGH,0.7143,1.0,0.0,0.0,1.0,0.0,1.0,0.1
V3_DECOY_0317,SEMANTIC_DECOY,D7,POWERTRAIN,B1_Keyword,HIGH,0.7143,1.0,0.0,0.0,1.0,0.8625,1.0,2.248
V3_DECOY_0317,SEMANTIC_DECOY,D7,POWERTRAIN,B2_Raw_Embedding,HIGH,0.7143,1.0,0.0,0.0,1.0,0.8875,1.0,2.572
V3_DECOY_0317,SEMANTIC_DECOY,D7,POWERTRAIN,B3_Graph_Only,HIGH,0.7143,1.0,1.0,1.0,0.0,1.0,1.0,0.009
V3_DECOY_0317,SEMANTIC_DECOY,D7,POWERTRAIN,B4_Contextual_Embedding,HIGH,0.7143,1.0,0.0,0.0,1.0,0.875,1.0,3.576
V3_DECOY_0317,SEMANTIC_DECOY,D7,POWERTRAIN,B5_AURA_Hybrid,HIGH,0.7143,1.0,1.0,1.0,0.0,1.0,1.0,0.03
V3_DECOY_0318,SEMANTIC_DECOY,D8,BODY_ELECTRONICS,B0_Full_Suite,HIGH,0.75,1.0,0.0,0.0,1.0,0.0,1.0,0.1
V3_DECOY_0318,SEMANTIC_DECOY,D8,BODY_ELECTRONICS,B1_Keyword,HIGH,0.75,1.0,0.0,0.0,1.0,0.875,1.0,2.291
V3_DECOY_0318,SEMANTIC_DECOY,D8,BODY_ELECTRONICS,B2_Raw_Embedding,HIGH,0.75,1.0,0.0,0.0,1.0,0.7917,1.0,2.741
V3_DECOY_0318,SEMANTIC_DECOY,D8,BODY_ELECTRONICS,B3_Graph_Only,HIGH,0.75,1.0,1.0,1.0,0.0,1.0,1.0,0.013
V3_DECOY_0318,SEMANTIC_DECOY,D8,BODY_ELECTRONICS,B4_Contextual_Embedding,HIGH,0.75,1.0,0.0,0.0,1.0,0.7917,1.0,3.396
V3_DECOY_0318,SEMANTIC_DECOY,D8,BODY_ELECTRONICS,B5_AURA_Hybrid,HIGH,0.75,1.0,1.0,1.0,0.0,1.0,1.0,0.028
V3_DECOY_0319,SEMANTIC_DECOY,D9,ADAS,B0_Full_Suite,HIGH,0.75,1.0,0.0,0.0,1.0,0.0,1.0,0.1
V3_DECOY_0319,SEMANTIC_DECOY,D9,ADAS,B1_Keyword,HIGH,0.75,1.0,0.0,0.0,1.0,0.9294,1.0,2.159
V3_DECOY_0319,SEMANTIC_DECOY,D9,ADAS,B2_Raw_Embedding,HIGH,0.75,1.0,0.0,0.0,1.0,0.8824,1.0,3.234
V3_DECOY_0319,SEMANTIC_DECOY,D9,ADAS,B3_Graph_Only,HIGH,0.75,1.0,1.0,1.0,0.0,1.0,1.0,0.01
V3_DECOY_0319,SEMANTIC_DECOY,D9,ADAS,B4_Contextual_Embedding,HIGH,0.75,1.0,0.0,0.0,1.0,0.8824,1.0,4.036
V3_DECOY_0319,SEMANTIC_DECOY,D9,ADAS,B5_AURA_Hybrid,HIGH,0.75,1.0,1.0,1.0,0.0,1.0,1.0,0.028
V3_DECOY_0320,SEMANTIC_DECOY,D10,POWERTRAIN,B0_Full_Suite,HIGH,0.7143,1.0,0.0,0.0,1.0,0.0,1.0,0.1
V3_DECOY_0320,SEMANTIC_DECOY,D10,POWERTRAIN,B1_Keyword,HIGH,0.7143,1.0,0.0,0.0,1.0,0.7375,1.0,2.639
V3_DECOY_0320,SEMANTIC_DECOY,D10,POWERTRAIN,B2_Raw_Embedding,HIGH,0.7143,1.0,0.0,0.0,1.0,0.875,1.0,2.826
V3_DECOY_0320,SEMANTIC_DECOY,D10,POWERTRAIN,B3_Graph_Only,HIGH,0.7143,1.0,1.0,1.0,0.0,1.0,1.0,0.011
V3_DECOY_0320,SEMANTIC_DECOY,D10,POWERTRAIN,B4_Contextual_Embedding,HIGH,0.7143,1.0,0.0,0.0,1.0,0.875,1.0,3.75
V3_DECOY_0320,SEMANTIC_DECOY,D10,POWERTRAIN,B5_AURA_Hybrid,HIGH,0.7143,1.0,1.0,1.0,0.0,1.0,1.0,0.028
V3_DECOY_0321,SEMANTIC_DECOY,D1,BODY_ELECTRONICS,B0_Full_Suite,HIGH,0.6667,1.0,0.0,0.0,1.0,0.0,1.0,0.1
V3_DECOY_0321,SEMANTIC_DECOY,D1,BODY_ELECTRONICS,B1_Keyword,HIGH,0.6667,1.0,0.0,0.0,1.0,0.8333,1.0,1.937
V3_DECOY_0321,SEMANTIC_DECOY,D1,BODY_ELECTRONICS,B2_Raw_Embedding,HIGH,0.6667,1.0,0.0,0.0,1.0,0.8125,1.0,2.185
V3_DECOY_0321,SEMANTIC_DECOY,D1,BODY_ELECTRONICS,B3_Graph_Only,HIGH,0.6667,1.0,1.0,1.0,0.0,1.0,1.0,0.01
V3_DECOY_0321,SEMANTIC_DECOY,D1,BODY_ELECTRONICS,B4_Contextual_Embedding,HIGH,0.6667,1.0,0.0,0.0,1.0,0.8125,1.0,3.218
V3_DECOY_0321,SEMANTIC_DECOY,D1,BODY_ELECTRONICS,B5_AURA_Hybrid,HIGH,0.6667,1.0,1.0,1.0,0.0,1.0,1.0,0.032
V3_DECOY_0322,SEMANTIC_DECOY,D2,ADAS,B0_Full_Suite,HIGH,0.75,1.0,0.0,0.0,1.0,0.0,1.0,0.1
V3_DECOY_0322,SEMANTIC_DECOY,D2,ADAS,B1_Keyword,HIGH,0.75,1.0,0.0,0.0,1.0,0.9059,1.0,2.306
V3_DECOY_0322,SEMANTIC_DECOY,D2,ADAS,B2_Raw_Embedding,HIGH,0.75,1.0,0.0,0.0,1.0,0.8941,1.0,3.046
V3_DECOY_0322,SEMANTIC_DECOY,D2,ADAS,B3_Graph_Only,HIGH,0.75,1.0,1.0,1.0,0.0,1.0,1.0,0.011
V3_DECOY_0322,SEMANTIC_DECOY,D2,ADAS,B4_Contextual_Embedding,HIGH,0.75,1.0,0.0,0.0,1.0,0.8941,1.0,6.289
V3_DECOY_0322,SEMANTIC_DECOY,D2,ADAS,B5_AURA_Hybrid,HIGH,0.75,1.0,1.0,1.0,0.0,1.0,1.0,0.04
V3_DECOY_0323,SEMANTIC_DECOY,D3,POWERTRAIN,B0_Full_Suite,HIGH,0.75,1.0,0.0,0.0,1.0,0.0,1.0,0.1
V3_DECOY_0323,SEMANTIC_DECOY,D3,POWERTRAIN,B1_Keyword,HIGH,0.75,1.0,0.0,0.0,1.0,0.9875,1.0,2.732
V3_DECOY_0323,SEMANTIC_DECOY,D3,POWERTRAIN,B2_Raw_Embedding,HIGH,0.75,1.0,0.0,0.0,1.0,0.875,1.0,3.93
V3_DECOY_0323,SEMANTIC_DECOY,D3,POWERTRAIN,B3_Graph_Only,HIGH,0.75,1.0,1.0,1.0,0.0,1.0,1.0,0.011
V3_DECOY_0323,SEMANTIC_DECOY,D3,POWERTRAIN,B4_Contextual_Embedding,HIGH,0.75,1.0,0.0,0.0,1.0,0.875,1.0,3.838
V3_DECOY_0323,SEMANTIC_DECOY,D3,POWERTRAIN,B5_AURA_Hybrid,HIGH,0.75,1.0,1.0,1.0,0.0,1.0,1.0,0.034
V3_DECOY_0324,SEMANTIC_DECOY,D4,POWERTRAIN,B0_Full_Suite,HIGH,0.75,1.0,0.0,0.0,1.0,0.0,1.0,0.1
V3_DECOY_0324,SEMANTIC_DECOY,D4,POWERTRAIN,B1_Keyword,HIGH,0.75,1.0,0.0,0.0,1.0,0.9875,1.0,2.218
V3_DECOY_0324,SEMANTIC_DECOY,D4,POWERTRAIN,B2_Raw_Embedding,HIGH,0.75,1.0,0.0,0.0,1.0,0.875,1.0,2.441
V3_DECOY_0324,SEMANTIC_DECOY,D4,POWERTRAIN,B3_Graph_Only,HIGH,0.75,1.0,1.0,1.0,0.0,1.0,1.0,0.009
V3_DECOY_0324,SEMANTIC_DECOY,D4,POWERTRAIN,B4_Contextual_Embedding,HIGH,0.75,1.0,0.0,0.0,1.0,0.875,1.0,3.777
V3_DECOY_0324,SEMANTIC_DECOY,D4,POWERTRAIN,B5_AURA_Hybrid,HIGH,0.75,1.0,1.0,1.0,0.0,1.0,1.0,0.033
V3_DECOY_0325,SEMANTIC_DECOY,D5,ADAS,B0_Full_Suite,HIGH,0.7143,1.0,0.0,0.0,1.0,0.0,1.0,0.1
V3_DECOY_0325,SEMANTIC_DECOY,D5,ADAS,B1_Keyword,HIGH,0.7143,1.0,0.0,0.0,1.0,0.8941,1.0,3.03
V3_DECOY_0325,SEMANTIC_DECOY,D5,ADAS,B2_Raw_Embedding,HIGH,0.7143,1.0,0.0,0.0,1.0,0.8824,1.0,3.39
V3_DECOY_0325,SEMANTIC_DECOY,D5,ADAS,B3_Graph_Only,HIGH,0.7143,1.0,1.0,1.0,0.0,1.0,1.0,0.012
V3_DECOY_0325,SEMANTIC_DECOY,D5,ADAS,B4_Contextual_Embedding,HIGH,0.7143,1.0,0.0,0.0,1.0,0.8824,1.0,4.571
V3_DECOY_0325,SEMANTIC_DECOY,D5,ADAS,B5_AURA_Hybrid,HIGH,0.7143,1.0,1.0,1.0,0.0,1.0,1.0,0.034
V3_DECOY_0326,SEMANTIC_DECOY,D6,ADAS,B0_Full_Suite,HIGH,0.7778,1.0,0.0,0.0,1.0,0.0,1.0,0.1
V3_DECOY_0326,SEMANTIC_DECOY,D6,ADAS,B1_Keyword,HIGH,0.7778,1.0,0.0,0.0,1.0,0.9176,1.0,2.458
V3_DECOY_0326,SEMANTIC_DECOY,D6,ADAS,B2_Raw_Embedding,HIGH,0.7778,1.0,0.0,0.0,1.0,0.8824,1.0,3.915
V3_DECOY_0326,SEMANTIC_DECOY,D6,ADAS,B3_Graph_Only,HIGH,0.7778,1.0,1.0,1.0,0.0,1.0,1.0,0.01
V3_DECOY_0326,SEMANTIC_DECOY,D6,ADAS,B4_Contextual_Embedding,HIGH,0.7778,1.0,0.0,0.0,1.0,0.8824,1.0,4.821
V3_DECOY_0326,SEMANTIC_DECOY,D6,ADAS,B5_AURA_Hybrid,HIGH,0.7778,1.0,1.0,1.0,0.0,1.0,1.0,0.033
V3_DECOY_0327,SEMANTIC_DECOY,D7,POWERTRAIN,B0_Full_Suite,HIGH,0.7143,1.0,0.0,0.0,1.0,0.0,1.0,0.1
V3_DECOY_0327,SEMANTIC_DECOY,D7,POWERTRAIN,B1_Keyword,HIGH,0.7143,1.0,0.0,0.0,1.0,0.8625,1.0,2.551
V3_DECOY_0327,SEMANTIC_DECOY,D7,POWERTRAIN,B2_Raw_Embedding,HIGH,0.7143,1.0,0.0,0.0,1.0,0.8875,1.0,2.899
V3_DECOY_0327,SEMANTIC_DECOY,D7,POWERTRAIN,B3_Graph_Only,HIGH,0.7143,1.0,1.0,1.0,0.0,1.0,1.0,0.01
V3_DECOY_0327,SEMANTIC_DECOY,D7,POWERTRAIN,B4_Contextual_Embedding,HIGH,0.7143,1.0,0.0,0.0,1.0,0.875,1.0,4.074
V3_DECOY_0327,SEMANTIC_DECOY,D7,POWERTRAIN,B5_AURA_Hybrid,HIGH,0.7143,1.0,1.0,1.0,0.0,1.0,1.0,0.016
V3_DECOY_0328,SEMANTIC_DECOY,D8,BODY_ELECTRONICS,B0_Full_Suite,HIGH,0.75,1.0,0.0,0.0,1.0,0.0,1.0,0.1
V3_DECOY_0328,SEMANTIC_DECOY,D8,BODY_ELECTRONICS,B1_Keyword,HIGH,0.75,1.0,0.0,0.0,1.0,0.875,1.0,1.816
V3_DECOY_0328,SEMANTIC_DECOY,D8,BODY_ELECTRONICS,B2_Raw_Embedding,HIGH,0.75,1.0,0.0,0.0,1.0,0.7917,1.0,2.459
V3_DECOY_0328,SEMANTIC_DECOY,D8,BODY_ELECTRONICS,B3_Graph_Only,HIGH,0.75,1.0,1.0,1.0,0.0,1.0,1.0,0.01
V3_DECOY_0328,SEMANTIC_DECOY,D8,BODY_ELECTRONICS,B4_Contextual_Embedding,HIGH,0.75,1.0,0.0,0.0,1.0,0.7917,1.0,3.112
V3_DECOY_0328,SEMANTIC_DECOY,D8,BODY_ELECTRONICS,B5_AURA_Hybrid,HIGH,0.75,1.0,1.0,1.0,0.0,1.0,1.0,0.035
V3_DECOY_0329,SEMANTIC_DECOY,D9,ADAS,B0_Full_Suite,HIGH,0.75,1.0,0.0,0.0,1.0,0.0,1.0,0.1
V3_DECOY_0329,SEMANTIC_DECOY,D9,ADAS,B1_Keyword,HIGH,0.75,1.0,0.0,0.0,1.0,0.9294,1.0,2.142
V3_DECOY_0329,SEMANTIC_DECOY,D9,ADAS,B2_Raw_Embedding,HIGH,0.75,1.0,0.0,0.0,1.0,0.8824,1.0,2.812
V3_DECOY_0329,SEMANTIC_DECOY,D9,ADAS,B3_Graph_Only,HIGH,0.75,1.0,1.0,1.0,0.0,1.0,1.0,0.003
V3_DECOY_0329,SEMANTIC_DECOY,D9,ADAS,B4_Contextual_Embedding,HIGH,0.75,1.0,0.0,0.0,1.0,0.8824,1.0,4.874
V3_DECOY_0329,SEMANTIC_DECOY,D9,ADAS,B5_AURA_Hybrid,HIGH,0.75,1.0,1.0,1.0,0.0,1.0,1.0,0.032
V3_DECOY_0330,SEMANTIC_DECOY,D10,POWERTRAIN,B0_Full_Suite,HIGH,0.7143,1.0,0.0,0.0,1.0,0.0,1.0,0.1
V3_DECOY_0330,SEMANTIC_DECOY,D10,POWERTRAIN,B1_Keyword,HIGH,0.7143,1.0,0.0,0.0,1.0,0.9875,1.0,2.43
V3_DECOY_0330,SEMANTIC_DECOY,D10,POWERTRAIN,B2_Raw_Embedding,HIGH,0.7143,1.0,0.0,0.0,1.0,0.875,1.0,2.991
V3_DECOY_0330,SEMANTIC_DECOY,D10,POWERTRAIN,B3_Graph_Only,HIGH,0.7143,1.0,1.0,1.0,0.0,1.0,1.0,0.01
V3_DECOY_0330,SEMANTIC_DECOY,D10,POWERTRAIN,B4_Contextual_Embedding,HIGH,0.7143,1.0,0.0,0.0,1.0,0.875,1.0,3.628
V3_DECOY_0330,SEMANTIC_DECOY,D10,POWERTRAIN,B5_AURA_Hybrid,HIGH,0.7143,1.0,1.0,1.0,0.0,1.0,1.0,0.03
V3_DECOY_0331,SEMANTIC_DECOY,D1,BODY_ELECTRONICS,B0_Full_Suite,HIGH,0.6667,1.0,0.0,0.0,1.0,0.0,1.0,0.1
V3_DECOY_0331,SEMANTIC_DECOY,D1,BODY_ELECTRONICS,B1_Keyword,HIGH,0.6667,1.0,0.0,0.0,1.0,0.8333,1.0,1.937
V3_DECOY_0331,SEMANTIC_DECOY,D1,BODY_ELECTRONICS,B2_Raw_Embedding,HIGH,0.6667,1.0,0.0,0.0,1.0,0.8125,1.0,3.201
V3_DECOY_0331,SEMANTIC_DECOY,D1,BODY_ELECTRONICS,B3_Graph_Only,HIGH,0.6667,1.0,1.0,1.0,0.0,1.0,1.0,0.014
V3_DECOY_0331,SEMANTIC_DECOY,D1,BODY_ELECTRONICS,B4_Contextual_Embedding,HIGH,0.6667,1.0,0.0,0.0,1.0,0.8125,1.0,3.271
V3_DECOY_0331,SEMANTIC_DECOY,D1,BODY_ELECTRONICS,B5_AURA_Hybrid,HIGH,0.6667,1.0,1.0,1.0,0.0,1.0,1.0,0.033
V3_DECOY_0332,SEMANTIC_DECOY,D2,ADAS,B0_Full_Suite,HIGH,0.75,1.0,0.0,0.0,1.0,0.0,1.0,0.1
V3_DECOY_0332,SEMANTIC_DECOY,D2,ADAS,B1_Keyword,HIGH,0.75,1.0,0.0,0.0,1.0,0.9059,1.0,2.515
V3_DECOY_0332,SEMANTIC_DECOY,D2,ADAS,B2_Raw_Embedding,HIGH,0.75,1.0,0.0,0.0,1.0,0.8941,1.0,3.122
V3_DECOY_0332,SEMANTIC_DECOY,D2,ADAS,B3_Graph_Only,HIGH,0.75,1.0,1.0,1.0,0.0,1.0,1.0,0.011
V3_DECOY_0332,SEMANTIC_DECOY,D2,ADAS,B4_Contextual_Embedding,HIGH,0.75,1.0,0.0,0.0,1.0,0.8941,1.0,4.267
V3_DECOY_0332,SEMANTIC_DECOY,D2,ADAS,B5_AURA_Hybrid,HIGH,0.75,1.0,1.0,1.0,0.0,1.0,1.0,0.034
V3_DECOY_0333,SEMANTIC_DECOY,D3,POWERTRAIN,B0_Full_Suite,HIGH,0.75,1.0,0.0,0.0,1.0,0.0,1.0,0.1
V3_DECOY_0333,SEMANTIC_DECOY,D3,POWERTRAIN,B1_Keyword,HIGH,0.75,1.0,0.0,0.0,1.0,0.9875,1.0,2.957
V3_DECOY_0333,SEMANTIC_DECOY,D3,POWERTRAIN,B2_Raw_Embedding,HIGH,0.75,1.0,0.0,0.0,1.0,0.875,1.0,2.845
V3_DECOY_0333,SEMANTIC_DECOY,D3,POWERTRAIN,B3_Graph_Only,HIGH,0.75,1.0,1.0,1.0,0.0,1.0,1.0,0.01
V3_DECOY_0333,SEMANTIC_DECOY,D3,POWERTRAIN,B4_Contextual_Embedding,HIGH,0.75,1.0,0.0,0.0,1.0,0.875,1.0,3.664
V3_DECOY_0333,SEMANTIC_DECOY,D3,POWERTRAIN,B5_AURA_Hybrid,HIGH,0.75,1.0,1.0,1.0,0.0,1.0,1.0,0.031
V3_DECOY_0334,SEMANTIC_DECOY,D4,POWERTRAIN,B0_Full_Suite,HIGH,0.75,1.0,0.0,0.0,1.0,0.0,1.0,0.1
V3_DECOY_0334,SEMANTIC_DECOY,D4,POWERTRAIN,B1_Keyword,HIGH,0.75,1.0,0.0,0.0,1.0,0.9875,1.0,1.985
V3_DECOY_0334,SEMANTIC_DECOY,D4,POWERTRAIN,B2_Raw_Embedding,HIGH,0.75,1.0,0.0,0.0,1.0,0.875,1.0,2.586
V3_DECOY_0334,SEMANTIC_DECOY,D4,POWERTRAIN,B3_Graph_Only,HIGH,0.75,1.0,1.0,1.0,0.0,1.0,1.0,0.009
V3_DECOY_0334,SEMANTIC_DECOY,D4,POWERTRAIN,B4_Contextual_Embedding,HIGH,0.75,1.0,0.0,0.0,1.0,0.875,1.0,5.111
V3_DECOY_0334,SEMANTIC_DECOY,D4,POWERTRAIN,B5_AURA_Hybrid,HIGH,0.75,1.0,1.0,1.0,0.0,1.0,1.0,0.034
V3_DECOY_0335,SEMANTIC_DECOY,D5,ADAS,B0_Full_Suite,HIGH,0.7143,1.0,0.0,0.0,1.0,0.0,1.0,0.1
V3_DECOY_0335,SEMANTIC_DECOY,D5,ADAS,B1_Keyword,HIGH,0.7143,1.0,0.0,0.0,1.0,0.8941,1.0,2.216
V3_DECOY_0335,SEMANTIC_DECOY,D5,ADAS,B2_Raw_Embedding,HIGH,0.7143,1.0,0.0,0.0,1.0,0.8824,1.0,2.895
V3_DECOY_0335,SEMANTIC_DECOY,D5,ADAS,B3_Graph_Only,HIGH,0.7143,1.0,1.0,1.0,0.0,1.0,1.0,0.01
V3_DECOY_0335,SEMANTIC_DECOY,D5,ADAS,B4_Contextual_Embedding,HIGH,0.7143,1.0,0.0,0.0,1.0,0.8824,1.0,4.305
V3_DECOY_0335,SEMANTIC_DECOY,D5,ADAS,B5_AURA_Hybrid,HIGH,0.7143,1.0,1.0,1.0,0.0,1.0,1.0,0.031
V3_DECOY_0336,SEMANTIC_DECOY,D6,ADAS,B0_Full_Suite,HIGH,0.7778,1.0,0.0,0.0,1.0,0.0,1.0,0.1
V3_DECOY_0336,SEMANTIC_DECOY,D6,ADAS,B1_Keyword,HIGH,0.7778,1.0,0.0,0.0,1.0,0.9176,1.0,15.683
V3_DECOY_0336,SEMANTIC_DECOY,D6,ADAS,B2_Raw_Embedding,HIGH,0.7778,1.0,0.0,0.0,1.0,0.8824,1.0,30.674
V3_DECOY_0336,SEMANTIC_DECOY,D6,ADAS,B3_Graph_Only,HIGH,0.7778,1.0,1.0,1.0,0.0,1.0,1.0,0.011
V3_DECOY_0336,SEMANTIC_DECOY,D6,ADAS,B4_Contextual_Embedding,HIGH,0.7778,1.0,0.0,0.0,1.0,0.8824,1.0,10.56
V3_DECOY_0336,SEMANTIC_DECOY,D6,ADAS,B5_AURA_Hybrid,HIGH,0.7778,1.0,1.0,1.0,0.0,1.0,1.0,0.036
V3_DECOY_0337,SEMANTIC_DECOY,D7,POWERTRAIN,B0_Full_Suite,HIGH,0.7143,1.0,0.0,0.0,1.0,0.0,1.0,0.1
V3_DECOY_0337,SEMANTIC_DECOY,D7,POWERTRAIN,B1_Keyword,HIGH,0.7143,1.0,0.0,0.0,1.0,0.85,1.0,30.127
V3_DECOY_0337,SEMANTIC_DECOY,D7,POWERTRAIN,B2_Raw_Embedding,HIGH,0.7143,1.0,0.0,0.0,1.0,0.8875,1.0,2.142
V3_DECOY_0337,SEMANTIC_DECOY,D7,POWERTRAIN,B3_Graph_Only,HIGH,0.7143,1.0,1.0,1.0,0.0,1.0,1.0,0.008
V3_DECOY_0337,SEMANTIC_DECOY,D7,POWERTRAIN,B4_Contextual_Embedding,HIGH,0.7143,1.0,0.0,0.0,1.0,0.875,1.0,2.25
V3_DECOY_0337,SEMANTIC_DECOY,D7,POWERTRAIN,B5_AURA_Hybrid,HIGH,0.7143,1.0,1.0,1.0,0.0,1.0,1.0,0.021
V3_DECOY_0338,SEMANTIC_DECOY,D8,BODY_ELECTRONICS,B0_Full_Suite,HIGH,0.75,1.0,0.0,0.0,1.0,0.0,1.0,0.1
V3_DECOY_0338,SEMANTIC_DECOY,D8,BODY_ELECTRONICS,B1_Keyword,HIGH,0.75,1.0,0.0,0.0,1.0,0.875,1.0,1.301
V3_DECOY_0338,SEMANTIC_DECOY,D8,BODY_ELECTRONICS,B2_Raw_Embedding,HIGH,0.75,1.0,0.0,0.0,1.0,0.7917,1.0,1.561
V3_DECOY_0338,SEMANTIC_DECOY,D8,BODY_ELECTRONICS,B3_Graph_Only,HIGH,0.75,1.0,1.0,1.0,0.0,1.0,1.0,0.007
V3_DECOY_0338,SEMANTIC_DECOY,D8,BODY_ELECTRONICS,B4_Contextual_Embedding,HIGH,0.75,1.0,0.0,0.0,1.0,0.7917,1.0,1.994
V3_DECOY_0338,SEMANTIC_DECOY,D8,BODY_ELECTRONICS,B5_AURA_Hybrid,HIGH,0.75,1.0,1.0,1.0,0.0,1.0,1.0,0.019
V3_DECOY_0339,SEMANTIC_DECOY,D9,ADAS,B0_Full_Suite,HIGH,0.75,1.0,0.0,0.0,1.0,0.0,1.0,0.1
V3_DECOY_0339,SEMANTIC_DECOY,D9,ADAS,B1_Keyword,HIGH,0.75,1.0,0.0,0.0,1.0,0.9294,1.0,1.245
V3_DECOY_0339,SEMANTIC_DECOY,D9,ADAS,B2_Raw_Embedding,HIGH,0.75,1.0,0.0,0.0,1.0,0.8824,1.0,2.239
V3_DECOY_0339,SEMANTIC_DECOY,D9,ADAS,B3_Graph_Only,HIGH,0.75,1.0,1.0,1.0,0.0,1.0,1.0,0.006
V3_DECOY_0339,SEMANTIC_DECOY,D9,ADAS,B4_Contextual_Embedding,HIGH,0.75,1.0,0.0,0.0,1.0,0.8824,1.0,3.13
V3_DECOY_0339,SEMANTIC_DECOY,D9,ADAS,B5_AURA_Hybrid,HIGH,0.75,1.0,1.0,1.0,0.0,1.0,1.0,0.024
V3_DECOY_0340,SEMANTIC_DECOY,D10,POWERTRAIN,B0_Full_Suite,HIGH,0.7143,1.0,0.0,0.0,1.0,0.0,1.0,0.1
V3_DECOY_0340,SEMANTIC_DECOY,D10,POWERTRAIN,B1_Keyword,HIGH,0.7143,1.0,0.0,0.0,1.0,0.9875,1.0,1.274
V3_DECOY_0340,SEMANTIC_DECOY,D10,POWERTRAIN,B2_Raw_Embedding,HIGH,0.7143,1.0,0.0,0.0,1.0,0.875,1.0,1.62
V3_DECOY_0340,SEMANTIC_DECOY,D10,POWERTRAIN,B3_Graph_Only,HIGH,0.7143,1.0,1.0,1.0,0.0,1.0,1.0,0.006
V3_DECOY_0340,SEMANTIC_DECOY,D10,POWERTRAIN,B4_Contextual_Embedding,HIGH,0.7143,1.0,0.0,0.0,1.0,0.875,1.0,2.061
V3_DECOY_0340,SEMANTIC_DECOY,D10,POWERTRAIN,B5_AURA_Hybrid,HIGH,0.7143,1.0,1.0,1.0,0.0,1.0,1.0,0.019
V3_DECOY_0341,SEMANTIC_DECOY,D1,BODY_ELECTRONICS,B0_Full_Suite,HIGH,0.6667,1.0,0.0,0.0,1.0,0.0,1.0,0.1
V3_DECOY_0341,SEMANTIC_DECOY,D1,BODY_ELECTRONICS,B1_Keyword,HIGH,0.6667,1.0,0.0,0.0,1.0,0.8333,1.0,1.167
V3_DECOY_0341,SEMANTIC_DECOY,D1,BODY_ELECTRONICS,B2_Raw_Embedding,HIGH,0.6667,1.0,0.0,0.0,1.0,0.8125,1.0,1.291
V3_DECOY_0341,SEMANTIC_DECOY,D1,BODY_ELECTRONICS,B3_Graph_Only,HIGH,0.6667,1.0,1.0,1.0,0.0,1.0,1.0,0.006
V3_DECOY_0341,SEMANTIC_DECOY,D1,BODY_ELECTRONICS,B4_Contextual_Embedding,HIGH,0.6667,1.0,0.0,0.0,1.0,0.8125,1.0,1.675
V3_DECOY_0341,SEMANTIC_DECOY,D1,BODY_ELECTRONICS,B5_AURA_Hybrid,HIGH,0.6667,1.0,1.0,1.0,0.0,1.0,1.0,0.016
V3_DECOY_0342,SEMANTIC_DECOY,D2,ADAS,B0_Full_Suite,HIGH,0.75,1.0,0.0,0.0,1.0,0.0,1.0,0.1
V3_DECOY_0342,SEMANTIC_DECOY,D2,ADAS,B1_Keyword,HIGH,0.75,1.0,0.0,0.0,1.0,0.9059,1.0,1.297
V3_DECOY_0342,SEMANTIC_DECOY,D2,ADAS,B2_Raw_Embedding,HIGH,0.75,1.0,0.0,0.0,1.0,0.8941,1.0,2.974
V3_DECOY_0342,SEMANTIC_DECOY,D2,ADAS,B3_Graph_Only,HIGH,0.75,1.0,1.0,1.0,0.0,1.0,1.0,0.008
V3_DECOY_0342,SEMANTIC_DECOY,D2,ADAS,B4_Contextual_Embedding,HIGH,0.75,1.0,0.0,0.0,1.0,0.8941,1.0,2.687
V3_DECOY_0342,SEMANTIC_DECOY,D2,ADAS,B5_AURA_Hybrid,HIGH,0.75,1.0,1.0,1.0,0.0,1.0,1.0,0.02
V3_DECOY_0343,SEMANTIC_DECOY,D3,POWERTRAIN,B0_Full_Suite,HIGH,0.75,1.0,0.0,0.0,1.0,0.0,1.0,0.1
V3_DECOY_0343,SEMANTIC_DECOY,D3,POWERTRAIN,B1_Keyword,HIGH,0.75,1.0,0.0,0.0,1.0,0.9875,1.0,1.296
V3_DECOY_0343,SEMANTIC_DECOY,D3,POWERTRAIN,B2_Raw_Embedding,HIGH,0.75,1.0,0.0,0.0,1.0,0.875,1.0,1.873
V3_DECOY_0343,SEMANTIC_DECOY,D3,POWERTRAIN,B3_Graph_Only,HIGH,0.75,1.0,1.0,1.0,0.0,1.0,1.0,0.007
V3_DECOY_0343,SEMANTIC_DECOY,D3,POWERTRAIN,B4_Contextual_Embedding,HIGH,0.75,1.0,0.0,0.0,1.0,0.875,1.0,2.206
V3_DECOY_0343,SEMANTIC_DECOY,D3,POWERTRAIN,B5_AURA_Hybrid,HIGH,0.75,1.0,1.0,1.0,0.0,1.0,1.0,0.023
V3_DECOY_0344,SEMANTIC_DECOY,D4,POWERTRAIN,B0_Full_Suite,HIGH,0.75,1.0,0.0,0.0,1.0,0.0,1.0,0.1
V3_DECOY_0344,SEMANTIC_DECOY,D4,POWERTRAIN,B1_Keyword,HIGH,0.75,1.0,0.0,0.0,1.0,0.9875,1.0,1.353
V3_DECOY_0344,SEMANTIC_DECOY,D4,POWERTRAIN,B2_Raw_Embedding,HIGH,0.75,1.0,0.0,0.0,1.0,0.875,1.0,1.598
V3_DECOY_0344,SEMANTIC_DECOY,D4,POWERTRAIN,B3_Graph_Only,HIGH,0.75,1.0,1.0,1.0,0.0,1.0,1.0,0.006
V3_DECOY_0344,SEMANTIC_DECOY,D4,POWERTRAIN,B4_Contextual_Embedding,HIGH,0.75,1.0,0.0,0.0,1.0,0.875,1.0,2.533
V3_DECOY_0344,SEMANTIC_DECOY,D4,POWERTRAIN,B5_AURA_Hybrid,HIGH,0.75,1.0,1.0,1.0,0.0,1.0,1.0,0.022
V3_DECOY_0345,SEMANTIC_DECOY,D5,ADAS,B0_Full_Suite,HIGH,0.7143,1.0,0.0,0.0,1.0,0.0,1.0,0.1
V3_DECOY_0345,SEMANTIC_DECOY,D5,ADAS,B1_Keyword,HIGH,0.7143,1.0,0.0,0.0,1.0,0.8941,1.0,1.327
V3_DECOY_0345,SEMANTIC_DECOY,D5,ADAS,B2_Raw_Embedding,HIGH,0.7143,1.0,0.0,0.0,1.0,0.8824,1.0,2.897
V3_DECOY_0345,SEMANTIC_DECOY,D5,ADAS,B3_Graph_Only,HIGH,0.7143,1.0,1.0,1.0,0.0,1.0,1.0,0.007
V3_DECOY_0345,SEMANTIC_DECOY,D5,ADAS,B4_Contextual_Embedding,HIGH,0.7143,1.0,0.0,0.0,1.0,0.8824,1.0,2.512
V3_DECOY_0345,SEMANTIC_DECOY,D5,ADAS,B5_AURA_Hybrid,HIGH,0.7143,1.0,1.0,1.0,0.0,1.0,1.0,0.021
V3_DECOY_0346,SEMANTIC_DECOY,D6,ADAS,B0_Full_Suite,HIGH,0.7778,1.0,0.0,0.0,1.0,0.0,1.0,0.1
V3_DECOY_0346,SEMANTIC_DECOY,D6,ADAS,B1_Keyword,HIGH,0.7778,1.0,0.0,0.0,1.0,0.9176,1.0,1.37
V3_DECOY_0346,SEMANTIC_DECOY,D6,ADAS,B2_Raw_Embedding,HIGH,0.7778,1.0,0.0,0.0,1.0,0.8824,1.0,1.812
V3_DECOY_0346,SEMANTIC_DECOY,D6,ADAS,B3_Graph_Only,HIGH,0.7778,1.0,1.0,1.0,0.0,1.0,1.0,0.006
V3_DECOY_0346,SEMANTIC_DECOY,D6,ADAS,B4_Contextual_Embedding,HIGH,0.7778,1.0,0.0,0.0,1.0,0.8824,1.0,2.535
V3_DECOY_0346,SEMANTIC_DECOY,D6,ADAS,B5_AURA_Hybrid,HIGH,0.7778,1.0,1.0,1.0,0.0,1.0,1.0,0.018
V3_DECOY_0347,SEMANTIC_DECOY,D7,POWERTRAIN,B0_Full_Suite,HIGH,0.7143,1.0,0.0,0.0,1.0,0.0,1.0,0.1
V3_DECOY_0347,SEMANTIC_DECOY,D7,POWERTRAIN,B1_Keyword,HIGH,0.7143,1.0,0.0,0.0,1.0,0.8625,1.0,1.245
V3_DECOY_0347,SEMANTIC_DECOY,D7,POWERTRAIN,B2_Raw_Embedding,HIGH,0.7143,1.0,0.0,0.0,1.0,0.8875,1.0,1.755
V3_DECOY_0347,SEMANTIC_DECOY,D7,POWERTRAIN,B3_Graph_Only,HIGH,0.7143,1.0,1.0,1.0,0.0,1.0,1.0,0.007
V3_DECOY_0347,SEMANTIC_DECOY,D7,POWERTRAIN,B4_Contextual_Embedding,HIGH,0.7143,1.0,0.0,0.0,1.0,0.875,1.0,2.23
V3_DECOY_0347,SEMANTIC_DECOY,D7,POWERTRAIN,B5_AURA_Hybrid,HIGH,0.7143,1.0,1.0,1.0,0.0,1.0,1.0,0.025
V3_DECOY_0348,SEMANTIC_DECOY,D8,BODY_ELECTRONICS,B0_Full_Suite,HIGH,0.75,1.0,0.0,0.0,1.0,0.0,1.0,0.1
V3_DECOY_0348,SEMANTIC_DECOY,D8,BODY_ELECTRONICS,B1_Keyword,HIGH,0.75,1.0,0.0,0.0,1.0,0.875,1.0,1.266
V3_DECOY_0348,SEMANTIC_DECOY,D8,BODY_ELECTRONICS,B2_Raw_Embedding,HIGH,0.75,1.0,0.0,0.0,1.0,0.7917,1.0,1.634
V3_DECOY_0348,SEMANTIC_DECOY,D8,BODY_ELECTRONICS,B3_Graph_Only,HIGH,0.75,1.0,1.0,1.0,0.0,1.0,1.0,0.006
V3_DECOY_0348,SEMANTIC_DECOY,D8,BODY_ELECTRONICS,B4_Contextual_Embedding,HIGH,0.75,1.0,0.0,0.0,1.0,0.7917,1.0,2.132
V3_DECOY_0348,SEMANTIC_DECOY,D8,BODY_ELECTRONICS,B5_AURA_Hybrid,HIGH,0.75,1.0,1.0,1.0,0.0,1.0,1.0,0.02
V3_DECOY_0349,SEMANTIC_DECOY,D9,ADAS,B0_Full_Suite,HIGH,0.75,1.0,0.0,0.0,1.0,0.0,1.0,0.1
V3_DECOY_0349,SEMANTIC_DECOY,D9,ADAS,B1_Keyword,HIGH,0.75,1.0,0.0,0.0,1.0,0.9294,1.0,1.285
V3_DECOY_0349,SEMANTIC_DECOY,D9,ADAS,B2_Raw_Embedding,HIGH,0.75,1.0,0.0,0.0,1.0,0.8824,1.0,1.784
V3_DECOY_0349,SEMANTIC_DECOY,D9,ADAS,B3_Graph_Only,HIGH,0.75,1.0,1.0,1.0,0.0,1.0,1.0,0.006
V3_DECOY_0349,SEMANTIC_DECOY,D9,ADAS,B4_Contextual_Embedding,HIGH,0.75,1.0,0.0,0.0,1.0,0.8824,1.0,2.526
V3_DECOY_0349,SEMANTIC_DECOY,D9,ADAS,B5_AURA_Hybrid,HIGH,0.75,1.0,1.0,1.0,0.0,1.0,1.0,0.008
V3_DECOY_0350,SEMANTIC_DECOY,D10,POWERTRAIN,B0_Full_Suite,HIGH,0.7143,1.0,0.0,0.0,1.0,0.0,1.0,0.1
V3_DECOY_0350,SEMANTIC_DECOY,D10,POWERTRAIN,B1_Keyword,HIGH,0.7143,1.0,0.0,0.0,1.0,0.9875,1.0,1.188
V3_DECOY_0350,SEMANTIC_DECOY,D10,POWERTRAIN,B2_Raw_Embedding,HIGH,0.7143,1.0,0.0,0.0,1.0,0.875,1.0,2.087
V3_DECOY_0350,SEMANTIC_DECOY,D10,POWERTRAIN,B3_Graph_Only,HIGH,0.7143,1.0,1.0,1.0,0.0,1.0,1.0,0.003
V3_DECOY_0350,SEMANTIC_DECOY,D10,POWERTRAIN,B4_Contextual_Embedding,HIGH,0.7143,1.0,0.0,0.0,1.0,0.875,1.0,1.763
V3_DECOY_0350,SEMANTIC_DECOY,D10,POWERTRAIN,B5_AURA_Hybrid,HIGH,0.7143,1.0,1.0,1.0,0.0,1.0,1.0,0.031
V3_DECOY_0351,SEMANTIC_DECOY,D1,BODY_ELECTRONICS,B0_Full_Suite,HIGH,0.6667,1.0,0.0,0.0,1.0,0.0,1.0,0.1
V3_DECOY_0351,SEMANTIC_DECOY,D1,BODY_ELECTRONICS,B1_Keyword,HIGH,0.6667,1.0,0.0,0.0,1.0,0.8333,1.0,0.656
V3_DECOY_0351,SEMANTIC_DECOY,D1,BODY_ELECTRONICS,B2_Raw_Embedding,HIGH,0.6667,1.0,0.0,0.0,1.0,0.8125,1.0,1.619
V3_DECOY_0351,SEMANTIC_DECOY,D1,BODY_ELECTRONICS,B3_Graph_Only,HIGH,0.6667,1.0,1.0,1.0,0.0,1.0,1.0,0.006
V3_DECOY_0351,SEMANTIC_DECOY,D1,BODY_ELECTRONICS,B4_Contextual_Embedding,HIGH,0.6667,1.0,0.0,0.0,1.0,0.8125,1.0,2.124
V3_DECOY_0351,SEMANTIC_DECOY,D1,BODY_ELECTRONICS,B5_AURA_Hybrid,HIGH,0.6667,1.0,1.0,1.0,0.0,1.0,1.0,0.017
V3_DECOY_0352,SEMANTIC_DECOY,D2,ADAS,B0_Full_Suite,HIGH,0.75,1.0,0.0,0.0,1.0,0.0,1.0,0.1
V3_DECOY_0352,SEMANTIC_DECOY,D2,ADAS,B1_Keyword,HIGH,0.75,1.0,0.0,0.0,1.0,0.9059,1.0,1.494
V3_DECOY_0352,SEMANTIC_DECOY,D2,ADAS,B2_Raw_Embedding,HIGH,0.75,1.0,0.0,0.0,1.0,0.8941,1.0,1.72
V3_DECOY_0352,SEMANTIC_DECOY,D2,ADAS,B3_Graph_Only,HIGH,0.75,1.0,1.0,1.0,0.0,1.0,1.0,0.006
V3_DECOY_0352,SEMANTIC_DECOY,D2,ADAS,B4_Contextual_Embedding,HIGH,0.75,1.0,0.0,0.0,1.0,0.8941,1.0,2.397
V3_DECOY_0352,SEMANTIC_DECOY,D2,ADAS,B5_AURA_Hybrid,HIGH,0.75,1.0,1.0,1.0,0.0,1.0,1.0,0.02
V3_DECOY_0353,SEMANTIC_DECOY,D3,POWERTRAIN,B0_Full_Suite,HIGH,0.75,1.0,0.0,0.0,1.0,0.0,1.0,0.1
V3_DECOY_0353,SEMANTIC_DECOY,D3,POWERTRAIN,B1_Keyword,HIGH,0.75,1.0,0.0,0.0,1.0,0.9875,1.0,1.337
V3_DECOY_0353,SEMANTIC_DECOY,D3,POWERTRAIN,B2_Raw_Embedding,HIGH,0.75,1.0,0.0,0.0,1.0,0.875,1.0,2.626
V3_DECOY_0353,SEMANTIC_DECOY,D3,POWERTRAIN,B3_Graph_Only,HIGH,0.75,1.0,1.0,1.0,0.0,1.0,1.0,0.002
V3_DECOY_0353,SEMANTIC_DECOY,D3,POWERTRAIN,B4_Contextual_Embedding,HIGH,0.75,1.0,0.0,0.0,1.0,0.875,1.0,2.562
V3_DECOY_0353,SEMANTIC_DECOY,D3,POWERTRAIN,B5_AURA_Hybrid,HIGH,0.75,1.0,1.0,1.0,0.0,1.0,1.0,0.021
V3_DECOY_0354,SEMANTIC_DECOY,D4,POWERTRAIN,B0_Full_Suite,HIGH,0.75,1.0,0.0,0.0,1.0,0.0,1.0,0.1
V3_DECOY_0354,SEMANTIC_DECOY,D4,POWERTRAIN,B1_Keyword,HIGH,0.75,1.0,0.0,0.0,1.0,0.9875,1.0,1.346
V3_DECOY_0354,SEMANTIC_DECOY,D4,POWERTRAIN,B2_Raw_Embedding,HIGH,0.75,1.0,0.0,0.0,1.0,0.8875,1.0,1.405
V3_DECOY_0354,SEMANTIC_DECOY,D4,POWERTRAIN,B3_Graph_Only,HIGH,0.75,1.0,1.0,1.0,0.0,1.0,1.0,0.003
V3_DECOY_0354,SEMANTIC_DECOY,D4,POWERTRAIN,B4_Contextual_Embedding,HIGH,0.75,1.0,0.0,0.0,1.0,0.875,1.0,2.129
V3_DECOY_0354,SEMANTIC_DECOY,D4,POWERTRAIN,B5_AURA_Hybrid,HIGH,0.75,1.0,1.0,1.0,0.0,1.0,1.0,0.018
V3_DECOY_0355,SEMANTIC_DECOY,D5,ADAS,B0_Full_Suite,HIGH,0.7143,1.0,0.0,0.0,1.0,0.0,1.0,0.1
V3_DECOY_0355,SEMANTIC_DECOY,D5,ADAS,B1_Keyword,HIGH,0.7143,1.0,0.0,0.0,1.0,0.9059,1.0,1.364
V3_DECOY_0355,SEMANTIC_DECOY,D5,ADAS,B2_Raw_Embedding,HIGH,0.7143,1.0,0.0,0.0,1.0,0.8824,1.0,1.724
V3_DECOY_0355,SEMANTIC_DECOY,D5,ADAS,B3_Graph_Only,HIGH,0.7143,1.0,1.0,1.0,0.0,1.0,1.0,0.006
V3_DECOY_0355,SEMANTIC_DECOY,D5,ADAS,B4_Contextual_Embedding,HIGH,0.7143,1.0,0.0,0.0,1.0,0.8824,1.0,3.56
V3_DECOY_0355,SEMANTIC_DECOY,D5,ADAS,B5_AURA_Hybrid,HIGH,0.7143,1.0,1.0,1.0,0.0,1.0,1.0,0.019
V3_DECOY_0356,SEMANTIC_DECOY,D6,ADAS,B0_Full_Suite,HIGH,0.7778,1.0,0.0,0.0,1.0,0.0,1.0,0.1
V3_DECOY_0356,SEMANTIC_DECOY,D6,ADAS,B1_Keyword,HIGH,0.7778,1.0,1.0,1.0,0.0,1.0,1.0,1.251
V3_DECOY_0356,SEMANTIC_DECOY,D6,ADAS,B2_Raw_Embedding,HIGH,0.7778,1.0,0.0,0.0,1.0,0.8824,1.0,1.827
V3_DECOY_0356,SEMANTIC_DECOY,D6,ADAS,B3_Graph_Only,HIGH,0.7778,1.0,1.0,1.0,0.0,1.0,1.0,0.006
V3_DECOY_0356,SEMANTIC_DECOY,D6,ADAS,B4_Contextual_Embedding,HIGH,0.7778,1.0,0.0,0.0,1.0,0.8824,1.0,2.397
V3_DECOY_0356,SEMANTIC_DECOY,D6,ADAS,B5_AURA_Hybrid,HIGH,0.7778,1.0,1.0,1.0,0.0,1.0,1.0,0.019
V3_DECOY_0357,SEMANTIC_DECOY,D7,POWERTRAIN,B0_Full_Suite,HIGH,0.7143,1.0,0.0,0.0,1.0,0.0,1.0,0.1
V3_DECOY_0357,SEMANTIC_DECOY,D7,POWERTRAIN,B1_Keyword,HIGH,0.7143,1.0,0.0,0.0,1.0,0.8625,1.0,1.344
V3_DECOY_0357,SEMANTIC_DECOY,D7,POWERTRAIN,B2_Raw_Embedding,HIGH,0.7143,1.0,0.0,0.0,1.0,0.8875,1.0,1.611
V3_DECOY_0357,SEMANTIC_DECOY,D7,POWERTRAIN,B3_Graph_Only,HIGH,0.7143,1.0,1.0,1.0,0.0,1.0,1.0,0.007
V3_DECOY_0357,SEMANTIC_DECOY,D7,POWERTRAIN,B4_Contextual_Embedding,HIGH,0.7143,1.0,0.0,0.0,1.0,0.875,1.0,1.915
V3_DECOY_0357,SEMANTIC_DECOY,D7,POWERTRAIN,B5_AURA_Hybrid,HIGH,0.7143,1.0,1.0,1.0,0.0,1.0,1.0,0.018
V3_DECOY_0358,SEMANTIC_DECOY,D8,BODY_ELECTRONICS,B0_Full_Suite,HIGH,0.75,1.0,0.0,0.0,1.0,0.0,1.0,0.1
V3_DECOY_0358,SEMANTIC_DECOY,D8,BODY_ELECTRONICS,B1_Keyword,HIGH,0.75,1.0,1.0,1.0,0.0,1.0,1.0,1.056
V3_DECOY_0358,SEMANTIC_DECOY,D8,BODY_ELECTRONICS,B2_Raw_Embedding,HIGH,0.75,1.0,0.0,0.0,1.0,0.7917,1.0,1.368
V3_DECOY_0358,SEMANTIC_DECOY,D8,BODY_ELECTRONICS,B3_Graph_Only,HIGH,0.75,1.0,1.0,1.0,0.0,1.0,1.0,0.005
V3_DECOY_0358,SEMANTIC_DECOY,D8,BODY_ELECTRONICS,B4_Contextual_Embedding,HIGH,0.75,1.0,0.0,0.0,1.0,0.7917,1.0,1.806
V3_DECOY_0358,SEMANTIC_DECOY,D8,BODY_ELECTRONICS,B5_AURA_Hybrid,HIGH,0.75,1.0,1.0,1.0,0.0,1.0,1.0,0.019
V3_DECOY_0359,SEMANTIC_DECOY,D9,ADAS,B0_Full_Suite,HIGH,0.75,1.0,0.0,0.0,1.0,0.0,1.0,0.1
V3_DECOY_0359,SEMANTIC_DECOY,D9,ADAS,B1_Keyword,HIGH,0.75,1.0,0.0,0.0,1.0,0.7059,1.0,0.963
V3_DECOY_0359,SEMANTIC_DECOY,D9,ADAS,B2_Raw_Embedding,HIGH,0.75,1.0,0.0,0.0,1.0,0.8824,1.0,1.443
V3_DECOY_0359,SEMANTIC_DECOY,D9,ADAS,B3_Graph_Only,HIGH,0.75,1.0,1.0,1.0,0.0,1.0,1.0,0.003
V3_DECOY_0359,SEMANTIC_DECOY,D9,ADAS,B4_Contextual_Embedding,HIGH,0.75,1.0,0.0,0.0,1.0,0.8824,1.0,2.51
V3_DECOY_0359,SEMANTIC_DECOY,D9,ADAS,B5_AURA_Hybrid,HIGH,0.75,1.0,1.0,1.0,0.0,1.0,1.0,0.018
V3_DECOY_0360,SEMANTIC_DECOY,D10,POWERTRAIN,B0_Full_Suite,HIGH,0.7143,1.0,0.0,0.0,1.0,0.0,1.0,0.1
V3_DECOY_0360,SEMANTIC_DECOY,D10,POWERTRAIN,B1_Keyword,HIGH,0.7143,1.0,0.0,0.0,1.0,0.9875,1.0,1.296
V3_DECOY_0360,SEMANTIC_DECOY,D10,POWERTRAIN,B2_Raw_Embedding,HIGH,0.7143,1.0,0.0,0.0,1.0,0.875,1.0,1.745
V3_DECOY_0360,SEMANTIC_DECOY,D10,POWERTRAIN,B3_Graph_Only,HIGH,0.7143,1.0,1.0,1.0,0.0,1.0,1.0,0.006
V3_DECOY_0360,SEMANTIC_DECOY,D10,POWERTRAIN,B4_Contextual_Embedding,HIGH,0.7143,1.0,0.0,0.0,1.0,0.875,1.0,2.15
V3_DECOY_0360,SEMANTIC_DECOY,D10,POWERTRAIN,B5_AURA_Hybrid,HIGH,0.7143,1.0,1.0,1.0,0.0,1.0,1.0,0.018
V3_DECOY_0361,SEMANTIC_DECOY,D1,BODY_ELECTRONICS,B0_Full_Suite,HIGH,0.6667,1.0,0.0,0.0,1.0,0.0,1.0,0.1
V3_DECOY_0361,SEMANTIC_DECOY,D1,BODY_ELECTRONICS,B1_Keyword,HIGH,0.6667,1.0,0.0,0.0,1.0,0.8333,1.0,1.158
V3_DECOY_0361,SEMANTIC_DECOY,D1,BODY_ELECTRONICS,B2_Raw_Embedding,HIGH,0.6667,1.0,0.0,0.0,1.0,0.8125,1.0,1.428
V3_DECOY_0361,SEMANTIC_DECOY,D1,BODY_ELECTRONICS,B3_Graph_Only,HIGH,0.6667,1.0,1.0,1.0,0.0,1.0,1.0,0.006
V3_DECOY_0361,SEMANTIC_DECOY,D1,BODY_ELECTRONICS,B4_Contextual_Embedding,HIGH,0.6667,1.0,0.0,0.0,1.0,0.8125,1.0,1.962
V3_DECOY_0361,SEMANTIC_DECOY,D1,BODY_ELECTRONICS,B5_AURA_Hybrid,HIGH,0.6667,1.0,1.0,1.0,0.0,1.0,1.0,0.017
V3_DECOY_0362,SEMANTIC_DECOY,D2,ADAS,B0_Full_Suite,HIGH,0.75,1.0,0.0,0.0,1.0,0.0,1.0,0.1
V3_DECOY_0362,SEMANTIC_DECOY,D2,ADAS,B1_Keyword,HIGH,0.75,1.0,0.0,0.0,1.0,0.9059,1.0,1.655
V3_DECOY_0362,SEMANTIC_DECOY,D2,ADAS,B2_Raw_Embedding,HIGH,0.75,1.0,0.0,0.0,1.0,0.8941,1.0,1.826
V3_DECOY_0362,SEMANTIC_DECOY,D2,ADAS,B3_Graph_Only,HIGH,0.75,1.0,1.0,1.0,0.0,1.0,1.0,0.008
V3_DECOY_0362,SEMANTIC_DECOY,D2,ADAS,B4_Contextual_Embedding,HIGH,0.75,1.0,0.0,0.0,1.0,0.8941,1.0,2.429
V3_DECOY_0362,SEMANTIC_DECOY,D2,ADAS,B5_AURA_Hybrid,HIGH,0.75,1.0,1.0,1.0,0.0,1.0,1.0,0.021
V3_DECOY_0363,SEMANTIC_DECOY,D3,POWERTRAIN,B0_Full_Suite,HIGH,0.75,1.0,0.0,0.0,1.0,0.0,1.0,0.1
V3_DECOY_0363,SEMANTIC_DECOY,D3,POWERTRAIN,B1_Keyword,HIGH,0.75,1.0,0.0,0.0,1.0,0.9875,1.0,1.072
V3_DECOY_0363,SEMANTIC_DECOY,D3,POWERTRAIN,B2_Raw_Embedding,HIGH,0.75,1.0,0.0,0.0,1.0,0.875,1.0,1.509
V3_DECOY_0363,SEMANTIC_DECOY,D3,POWERTRAIN,B3_Graph_Only,HIGH,0.75,1.0,1.0,1.0,0.0,1.0,1.0,0.005
V3_DECOY_0363,SEMANTIC_DECOY,D3,POWERTRAIN,B4_Contextual_Embedding,HIGH,0.75,1.0,0.0,0.0,1.0,0.875,1.0,2.071
V3_DECOY_0363,SEMANTIC_DECOY,D3,POWERTRAIN,B5_AURA_Hybrid,HIGH,0.75,1.0,1.0,1.0,0.0,1.0,1.0,0.019
V3_DECOY_0364,SEMANTIC_DECOY,D4,POWERTRAIN,B0_Full_Suite,HIGH,0.75,1.0,0.0,0.0,1.0,0.0,1.0,0.1
V3_DECOY_0364,SEMANTIC_DECOY,D4,POWERTRAIN,B1_Keyword,HIGH,0.75,1.0,0.0,0.0,1.0,0.9875,1.0,1.113
V3_DECOY_0364,SEMANTIC_DECOY,D4,POWERTRAIN,B2_Raw_Embedding,HIGH,0.75,1.0,0.0,0.0,1.0,0.875,1.0,1.392
V3_DECOY_0364,SEMANTIC_DECOY,D4,POWERTRAIN,B3_Graph_Only,HIGH,0.75,1.0,1.0,1.0,0.0,1.0,1.0,0.007
V3_DECOY_0364,SEMANTIC_DECOY,D4,POWERTRAIN,B4_Contextual_Embedding,HIGH,0.75,1.0,0.0,0.0,1.0,0.875,1.0,1.953
V3_DECOY_0364,SEMANTIC_DECOY,D4,POWERTRAIN,B5_AURA_Hybrid,HIGH,0.75,1.0,1.0,1.0,0.0,1.0,1.0,0.018
V3_DECOY_0365,SEMANTIC_DECOY,D5,ADAS,B0_Full_Suite,HIGH,0.7143,1.0,0.0,0.0,1.0,0.0,1.0,0.1
V3_DECOY_0365,SEMANTIC_DECOY,D5,ADAS,B1_Keyword,HIGH,0.7143,1.0,0.0,0.0,1.0,0.9059,1.0,1.077
V3_DECOY_0365,SEMANTIC_DECOY,D5,ADAS,B2_Raw_Embedding,HIGH,0.7143,1.0,0.0,0.0,1.0,0.8824,1.0,1.564
V3_DECOY_0365,SEMANTIC_DECOY,D5,ADAS,B3_Graph_Only,HIGH,0.7143,1.0,1.0,1.0,0.0,1.0,1.0,0.006
V3_DECOY_0365,SEMANTIC_DECOY,D5,ADAS,B4_Contextual_Embedding,HIGH,0.7143,1.0,0.0,0.0,1.0,0.8824,1.0,2.186
V3_DECOY_0365,SEMANTIC_DECOY,D5,ADAS,B5_AURA_Hybrid,HIGH,0.7143,1.0,1.0,1.0,0.0,1.0,1.0,0.024
V3_DECOY_0366,SEMANTIC_DECOY,D6,ADAS,B0_Full_Suite,HIGH,0.7778,1.0,0.0,0.0,1.0,0.0,1.0,0.1
V3_DECOY_0366,SEMANTIC_DECOY,D6,ADAS,B1_Keyword,HIGH,0.7778,1.0,1.0,1.0,0.0,1.0,1.0,1.011
V3_DECOY_0366,SEMANTIC_DECOY,D6,ADAS,B2_Raw_Embedding,HIGH,0.7778,1.0,0.0,0.0,1.0,0.8824,1.0,1.686
V3_DECOY_0366,SEMANTIC_DECOY,D6,ADAS,B3_Graph_Only,HIGH,0.7778,1.0,1.0,1.0,0.0,1.0,1.0,0.005
V3_DECOY_0366,SEMANTIC_DECOY,D6,ADAS,B4_Contextual_Embedding,HIGH,0.7778,1.0,0.0,0.0,1.0,0.8824,1.0,2.262
V3_DECOY_0366,SEMANTIC_DECOY,D6,ADAS,B5_AURA_Hybrid,HIGH,0.7778,1.0,1.0,1.0,0.0,1.0,1.0,0.018
V3_DECOY_0367,SEMANTIC_DECOY,D7,POWERTRAIN,B0_Full_Suite,HIGH,0.7143,1.0,0.0,0.0,1.0,0.0,1.0,0.1
V3_DECOY_0367,SEMANTIC_DECOY,D7,POWERTRAIN,B1_Keyword,HIGH,0.7143,1.0,0.0,0.0,1.0,0.8625,1.0,1.059
V3_DECOY_0367,SEMANTIC_DECOY,D7,POWERTRAIN,B2_Raw_Embedding,HIGH,0.7143,1.0,0.0,0.0,1.0,0.9,1.0,1.372
V3_DECOY_0367,SEMANTIC_DECOY,D7,POWERTRAIN,B3_Graph_Only,HIGH,0.7143,1.0,1.0,1.0,0.0,1.0,1.0,0.006
V3_DECOY_0367,SEMANTIC_DECOY,D7,POWERTRAIN,B4_Contextual_Embedding,HIGH,0.7143,1.0,0.0,0.0,1.0,0.875,1.0,1.878
V3_DECOY_0367,SEMANTIC_DECOY,D7,POWERTRAIN,B5_AURA_Hybrid,HIGH,0.7143,1.0,1.0,1.0,0.0,1.0,1.0,0.016
V3_DECOY_0368,SEMANTIC_DECOY,D8,BODY_ELECTRONICS,B0_Full_Suite,HIGH,0.75,1.0,0.0,0.0,1.0,0.0,1.0,0.1
V3_DECOY_0368,SEMANTIC_DECOY,D8,BODY_ELECTRONICS,B1_Keyword,HIGH,0.75,1.0,1.0,1.0,0.0,1.0,1.0,1.072
V3_DECOY_0368,SEMANTIC_DECOY,D8,BODY_ELECTRONICS,B2_Raw_Embedding,HIGH,0.75,1.0,0.0,0.0,1.0,0.7917,1.0,1.393
V3_DECOY_0368,SEMANTIC_DECOY,D8,BODY_ELECTRONICS,B3_Graph_Only,HIGH,0.75,1.0,1.0,1.0,0.0,1.0,1.0,0.006
V3_DECOY_0368,SEMANTIC_DECOY,D8,BODY_ELECTRONICS,B4_Contextual_Embedding,HIGH,0.75,1.0,0.0,0.0,1.0,0.7917,1.0,1.735
V3_DECOY_0368,SEMANTIC_DECOY,D8,BODY_ELECTRONICS,B5_AURA_Hybrid,HIGH,0.75,1.0,1.0,1.0,0.0,1.0,1.0,0.016
V3_DECOY_0369,SEMANTIC_DECOY,D9,ADAS,B0_Full_Suite,HIGH,0.75,1.0,0.0,0.0,1.0,0.0,1.0,0.1
V3_DECOY_0369,SEMANTIC_DECOY,D9,ADAS,B1_Keyword,HIGH,0.75,1.0,0.0,0.0,1.0,0.7059,1.0,1.225
V3_DECOY_0369,SEMANTIC_DECOY,D9,ADAS,B2_Raw_Embedding,HIGH,0.75,1.0,0.0,0.0,1.0,0.8824,1.0,1.943
V3_DECOY_0369,SEMANTIC_DECOY,D9,ADAS,B3_Graph_Only,HIGH,0.75,1.0,1.0,1.0,0.0,1.0,1.0,0.006
V3_DECOY_0369,SEMANTIC_DECOY,D9,ADAS,B4_Contextual_Embedding,HIGH,0.75,1.0,0.0,0.0,1.0,0.8824,1.0,2.555
V3_DECOY_0369,SEMANTIC_DECOY,D9,ADAS,B5_AURA_Hybrid,HIGH,0.75,1.0,1.0,1.0,0.0,1.0,1.0,0.008
V3_DECOY_0370,SEMANTIC_DECOY,D10,POWERTRAIN,B0_Full_Suite,HIGH,0.7143,1.0,0.0,0.0,1.0,0.0,1.0,0.1
V3_DECOY_0370,SEMANTIC_DECOY,D10,POWERTRAIN,B1_Keyword,HIGH,0.7143,1.0,0.0,0.0,1.0,0.9875,1.0,1.071
V3_DECOY_0370,SEMANTIC_DECOY,D10,POWERTRAIN,B2_Raw_Embedding,HIGH,0.7143,1.0,0.0,0.0,1.0,0.875,1.0,1.509
V3_DECOY_0370,SEMANTIC_DECOY,D10,POWERTRAIN,B3_Graph_Only,HIGH,0.7143,1.0,1.0,1.0,0.0,1.0,1.0,0.005
V3_DECOY_0370,SEMANTIC_DECOY,D10,POWERTRAIN,B4_Contextual_Embedding,HIGH,0.7143,1.0,0.0,0.0,1.0,0.875,1.0,2.083
V3_DECOY_0370,SEMANTIC_DECOY,D10,POWERTRAIN,B5_AURA_Hybrid,HIGH,0.7143,1.0,1.0,1.0,0.0,1.0,1.0,0.017
V3_DECOY_0371,SEMANTIC_DECOY,D1,BODY_ELECTRONICS,B0_Full_Suite,HIGH,0.6667,1.0,0.0,0.0,1.0,0.0,1.0,0.1
V3_DECOY_0371,SEMANTIC_DECOY,D1,BODY_ELECTRONICS,B1_Keyword,HIGH,0.6667,1.0,0.0,0.0,1.0,0.8333,1.0,0.987
V3_DECOY_0371,SEMANTIC_DECOY,D1,BODY_ELECTRONICS,B2_Raw_Embedding,HIGH,0.6667,1.0,0.0,0.0,1.0,0.8125,1.0,1.234
V3_DECOY_0371,SEMANTIC_DECOY,D1,BODY_ELECTRONICS,B3_Graph_Only,HIGH,0.6667,1.0,1.0,1.0,0.0,1.0,1.0,0.002
V3_DECOY_0371,SEMANTIC_DECOY,D1,BODY_ELECTRONICS,B4_Contextual_Embedding,HIGH,0.6667,1.0,0.0,0.0,1.0,0.8125,1.0,1.754
V3_DECOY_0371,SEMANTIC_DECOY,D1,BODY_ELECTRONICS,B5_AURA_Hybrid,HIGH,0.6667,1.0,1.0,1.0,0.0,1.0,1.0,0.017
V3_DECOY_0372,SEMANTIC_DECOY,D2,ADAS,B0_Full_Suite,HIGH,0.75,1.0,0.0,0.0,1.0,0.0,1.0,0.1
V3_DECOY_0372,SEMANTIC_DECOY,D2,ADAS,B1_Keyword,HIGH,0.75,1.0,0.0,0.0,1.0,0.9059,1.0,1.433
V3_DECOY_0372,SEMANTIC_DECOY,D2,ADAS,B2_Raw_Embedding,HIGH,0.75,1.0,0.0,0.0,1.0,0.8941,1.0,1.613
V3_DECOY_0372,SEMANTIC_DECOY,D2,ADAS,B3_Graph_Only,HIGH,0.75,1.0,1.0,1.0,0.0,1.0,1.0,0.005
V3_DECOY_0372,SEMANTIC_DECOY,D2,ADAS,B4_Contextual_Embedding,HIGH,0.75,1.0,0.0,0.0,1.0,0.8941,1.0,2.23
V3_DECOY_0372,SEMANTIC_DECOY,D2,ADAS,B5_AURA_Hybrid,HIGH,0.75,1.0,1.0,1.0,0.0,1.0,1.0,0.036
V3_DECOY_0373,SEMANTIC_DECOY,D3,POWERTRAIN,B0_Full_Suite,HIGH,0.75,1.0,0.0,0.0,1.0,0.0,1.0,0.1
V3_DECOY_0373,SEMANTIC_DECOY,D3,POWERTRAIN,B1_Keyword,HIGH,0.75,1.0,0.0,0.0,1.0,0.9875,1.0,1.201
V3_DECOY_0373,SEMANTIC_DECOY,D3,POWERTRAIN,B2_Raw_Embedding,HIGH,0.75,1.0,0.0,0.0,1.0,0.875,1.0,1.545
V3_DECOY_0373,SEMANTIC_DECOY,D3,POWERTRAIN,B3_Graph_Only,HIGH,0.75,1.0,1.0,1.0,0.0,1.0,1.0,0.006
V3_DECOY_0373,SEMANTIC_DECOY,D3,POWERTRAIN,B4_Contextual_Embedding,HIGH,0.75,1.0,0.0,0.0,1.0,0.875,1.0,2.028
V3_DECOY_0373,SEMANTIC_DECOY,D3,POWERTRAIN,B5_AURA_Hybrid,HIGH,0.75,1.0,1.0,1.0,0.0,1.0,1.0,0.018
V3_DECOY_0374,SEMANTIC_DECOY,D4,POWERTRAIN,B0_Full_Suite,HIGH,0.75,1.0,0.0,0.0,1.0,0.0,1.0,0.1
V3_DECOY_0374,SEMANTIC_DECOY,D4,POWERTRAIN,B1_Keyword,HIGH,0.75,1.0,0.0,0.0,1.0,0.9875,1.0,1.153
V3_DECOY_0374,SEMANTIC_DECOY,D4,POWERTRAIN,B2_Raw_Embedding,HIGH,0.75,1.0,0.0,0.0,1.0,0.875,1.0,1.322
V3_DECOY_0374,SEMANTIC_DECOY,D4,POWERTRAIN,B3_Graph_Only,HIGH,0.75,1.0,1.0,1.0,0.0,1.0,1.0,0.002
V3_DECOY_0374,SEMANTIC_DECOY,D4,POWERTRAIN,B4_Contextual_Embedding,HIGH,0.75,1.0,0.0,0.0,1.0,0.875,1.0,1.432
V3_DECOY_0374,SEMANTIC_DECOY,D4,POWERTRAIN,B5_AURA_Hybrid,HIGH,0.75,1.0,1.0,1.0,0.0,1.0,1.0,0.007
V3_DECOY_0375,SEMANTIC_DECOY,D5,ADAS,B0_Full_Suite,HIGH,0.7143,1.0,0.0,0.0,1.0,0.0,1.0,0.1
V3_DECOY_0375,SEMANTIC_DECOY,D5,ADAS,B1_Keyword,HIGH,0.7143,1.0,0.0,0.0,1.0,0.9059,1.0,1.14
V3_DECOY_0375,SEMANTIC_DECOY,D5,ADAS,B2_Raw_Embedding,HIGH,0.7143,1.0,0.0,0.0,1.0,0.8824,1.0,1.49
V3_DECOY_0375,SEMANTIC_DECOY,D5,ADAS,B3_Graph_Only,HIGH,0.7143,1.0,1.0,1.0,0.0,1.0,1.0,0.005
V3_DECOY_0375,SEMANTIC_DECOY,D5,ADAS,B4_Contextual_Embedding,HIGH,0.7143,1.0,0.0,0.0,1.0,0.8824,1.0,2.073
V3_DECOY_0375,SEMANTIC_DECOY,D5,ADAS,B5_AURA_Hybrid,HIGH,0.7143,1.0,1.0,1.0,0.0,1.0,1.0,0.018
V3_DECOY_0376,SEMANTIC_DECOY,D6,ADAS,B0_Full_Suite,HIGH,0.7778,1.0,0.0,0.0,1.0,0.0,1.0,0.1
V3_DECOY_0376,SEMANTIC_DECOY,D6,ADAS,B1_Keyword,HIGH,0.7778,1.0,1.0,1.0,0.0,1.0,1.0,1.335
V3_DECOY_0376,SEMANTIC_DECOY,D6,ADAS,B2_Raw_Embedding,HIGH,0.7778,1.0,0.0,0.0,1.0,0.8824,1.0,1.576
V3_DECOY_0376,SEMANTIC_DECOY,D6,ADAS,B3_Graph_Only,HIGH,0.7778,1.0,1.0,1.0,0.0,1.0,1.0,0.01
V3_DECOY_0376,SEMANTIC_DECOY,D6,ADAS,B4_Contextual_Embedding,HIGH,0.7778,1.0,0.0,0.0,1.0,0.8824,1.0,2.464
V3_DECOY_0376,SEMANTIC_DECOY,D6,ADAS,B5_AURA_Hybrid,HIGH,0.7778,1.0,1.0,1.0,0.0,1.0,1.0,0.019
V3_DECOY_0377,SEMANTIC_DECOY,D7,POWERTRAIN,B0_Full_Suite,HIGH,0.7143,1.0,0.0,0.0,1.0,0.0,1.0,0.1
V3_DECOY_0377,SEMANTIC_DECOY,D7,POWERTRAIN,B1_Keyword,HIGH,0.7143,1.0,0.0,0.0,1.0,0.8625,1.0,1.233
V3_DECOY_0377,SEMANTIC_DECOY,D7,POWERTRAIN,B2_Raw_Embedding,HIGH,0.7143,1.0,0.0,0.0,1.0,0.8875,1.0,1.438
V3_DECOY_0377,SEMANTIC_DECOY,D7,POWERTRAIN,B3_Graph_Only,HIGH,0.7143,1.0,1.0,1.0,0.0,1.0,1.0,0.005
V3_DECOY_0377,SEMANTIC_DECOY,D7,POWERTRAIN,B4_Contextual_Embedding,HIGH,0.7143,1.0,0.0,0.0,1.0,0.875,1.0,2.138
V3_DECOY_0377,SEMANTIC_DECOY,D7,POWERTRAIN,B5_AURA_Hybrid,HIGH,0.7143,1.0,1.0,1.0,0.0,1.0,1.0,0.011
V3_DECOY_0378,SEMANTIC_DECOY,D8,BODY_ELECTRONICS,B0_Full_Suite,HIGH,0.75,1.0,0.0,0.0,1.0,0.0,1.0,0.1
V3_DECOY_0378,SEMANTIC_DECOY,D8,BODY_ELECTRONICS,B1_Keyword,HIGH,0.75,1.0,1.0,1.0,0.0,1.0,1.0,1.013
V3_DECOY_0378,SEMANTIC_DECOY,D8,BODY_ELECTRONICS,B2_Raw_Embedding,HIGH,0.75,1.0,0.0,0.0,1.0,0.7917,1.0,0.659
V3_DECOY_0378,SEMANTIC_DECOY,D8,BODY_ELECTRONICS,B3_Graph_Only,HIGH,0.75,1.0,1.0,1.0,0.0,1.0,1.0,0.006
V3_DECOY_0378,SEMANTIC_DECOY,D8,BODY_ELECTRONICS,B4_Contextual_Embedding,HIGH,0.75,1.0,0.0,0.0,1.0,0.7917,1.0,1.129
V3_DECOY_0378,SEMANTIC_DECOY,D8,BODY_ELECTRONICS,B5_AURA_Hybrid,HIGH,0.75,1.0,1.0,1.0,0.0,1.0,1.0,0.007
V3_DECOY_0379,SEMANTIC_DECOY,D9,ADAS,B0_Full_Suite,HIGH,0.75,1.0,0.0,0.0,1.0,0.0,1.0,0.1
V3_DECOY_0379,SEMANTIC_DECOY,D9,ADAS,B1_Keyword,HIGH,0.75,1.0,0.0,0.0,1.0,0.7059,1.0,1.03
V3_DECOY_0379,SEMANTIC_DECOY,D9,ADAS,B2_Raw_Embedding,HIGH,0.75,1.0,0.0,0.0,1.0,0.8824,1.0,1.772
V3_DECOY_0379,SEMANTIC_DECOY,D9,ADAS,B3_Graph_Only,HIGH,0.75,1.0,1.0,1.0,0.0,1.0,1.0,0.006
V3_DECOY_0379,SEMANTIC_DECOY,D9,ADAS,B4_Contextual_Embedding,HIGH,0.75,1.0,0.0,0.0,1.0,0.8824,1.0,2.332
V3_DECOY_0379,SEMANTIC_DECOY,D9,ADAS,B5_AURA_Hybrid,HIGH,0.75,1.0,1.0,1.0,0.0,1.0,1.0,0.018
V3_DECOY_0380,SEMANTIC_DECOY,D10,POWERTRAIN,B0_Full_Suite,HIGH,0.7143,1.0,0.0,0.0,1.0,0.0,1.0,0.1
V3_DECOY_0380,SEMANTIC_DECOY,D10,POWERTRAIN,B1_Keyword,HIGH,0.7143,1.0,0.0,0.0,1.0,0.9875,1.0,1.083
V3_DECOY_0380,SEMANTIC_DECOY,D10,POWERTRAIN,B2_Raw_Embedding,HIGH,0.7143,1.0,0.0,0.0,1.0,0.875,1.0,1.521
V3_DECOY_0380,SEMANTIC_DECOY,D10,POWERTRAIN,B3_Graph_Only,HIGH,0.7143,1.0,1.0,1.0,0.0,1.0,1.0,0.002
V3_DECOY_0380,SEMANTIC_DECOY,D10,POWERTRAIN,B4_Contextual_Embedding,HIGH,0.7143,1.0,0.0,0.0,1.0,0.875,1.0,1.311
V3_DECOY_0380,SEMANTIC_DECOY,D10,POWERTRAIN,B5_AURA_Hybrid,HIGH,0.7143,1.0,1.0,1.0,0.0,1.0,1.0,0.008
V3_DECOY_0381,SEMANTIC_DECOY,D1,BODY_ELECTRONICS,B0_Full_Suite,HIGH,0.6667,1.0,0.0,0.0,1.0,0.0,1.0,0.1
V3_DECOY_0381,SEMANTIC_DECOY,D1,BODY_ELECTRONICS,B1_Keyword,HIGH,0.6667,1.0,0.0,0.0,1.0,0.8333,1.0,1.216
V3_DECOY_0381,SEMANTIC_DECOY,D1,BODY_ELECTRONICS,B2_Raw_Embedding,HIGH,0.6667,1.0,0.0,0.0,1.0,0.8125,1.0,1.172
V3_DECOY_0381,SEMANTIC_DECOY,D1,BODY_ELECTRONICS,B3_Graph_Only,HIGH,0.6667,1.0,1.0,1.0,0.0,1.0,1.0,0.005
V3_DECOY_0381,SEMANTIC_DECOY,D1,BODY_ELECTRONICS,B4_Contextual_Embedding,HIGH,0.6667,1.0,0.0,0.0,1.0,0.8125,1.0,1.635
V3_DECOY_0381,SEMANTIC_DECOY,D1,BODY_ELECTRONICS,B5_AURA_Hybrid,HIGH,0.6667,1.0,1.0,1.0,0.0,1.0,1.0,0.017
V3_DECOY_0382,SEMANTIC_DECOY,D2,ADAS,B0_Full_Suite,HIGH,0.75,1.0,0.0,0.0,1.0,0.0,1.0,0.1
V3_DECOY_0382,SEMANTIC_DECOY,D2,ADAS,B1_Keyword,HIGH,0.75,1.0,0.0,0.0,1.0,0.9059,1.0,0.665
V3_DECOY_0382,SEMANTIC_DECOY,D2,ADAS,B2_Raw_Embedding,HIGH,0.75,1.0,0.0,0.0,1.0,0.8941,1.0,1.332
V3_DECOY_0382,SEMANTIC_DECOY,D2,ADAS,B3_Graph_Only,HIGH,0.75,1.0,1.0,1.0,0.0,1.0,1.0,0.005
V3_DECOY_0382,SEMANTIC_DECOY,D2,ADAS,B4_Contextual_Embedding,HIGH,0.75,1.0,0.0,0.0,1.0,0.8941,1.0,2.282
V3_DECOY_0382,SEMANTIC_DECOY,D2,ADAS,B5_AURA_Hybrid,HIGH,0.75,1.0,1.0,1.0,0.0,1.0,1.0,0.016
V3_DECOY_0383,SEMANTIC_DECOY,D3,POWERTRAIN,B0_Full_Suite,HIGH,0.75,1.0,0.0,0.0,1.0,0.0,1.0,0.1
V3_DECOY_0383,SEMANTIC_DECOY,D3,POWERTRAIN,B1_Keyword,HIGH,0.75,1.0,0.0,0.0,1.0,0.9875,1.0,1.223
V3_DECOY_0383,SEMANTIC_DECOY,D3,POWERTRAIN,B2_Raw_Embedding,HIGH,0.75,1.0,0.0,0.0,1.0,0.8875,1.0,1.425
V3_DECOY_0383,SEMANTIC_DECOY,D3,POWERTRAIN,B3_Graph_Only,HIGH,0.75,1.0,1.0,1.0,0.0,1.0,1.0,0.005
V3_DECOY_0383,SEMANTIC_DECOY,D3,POWERTRAIN,B4_Contextual_Embedding,HIGH,0.75,1.0,0.0,0.0,1.0,0.875,1.0,1.989
V3_DECOY_0383,SEMANTIC_DECOY,D3,POWERTRAIN,B5_AURA_Hybrid,HIGH,0.75,1.0,1.0,1.0,0.0,1.0,1.0,0.011
V3_DECOY_0384,SEMANTIC_DECOY,D4,POWERTRAIN,B0_Full_Suite,HIGH,0.75,1.0,0.0,0.0,1.0,0.0,1.0,0.1
V3_DECOY_0384,SEMANTIC_DECOY,D4,POWERTRAIN,B1_Keyword,HIGH,0.75,1.0,0.0,0.0,1.0,0.9875,1.0,0.55
V3_DECOY_0384,SEMANTIC_DECOY,D4,POWERTRAIN,B2_Raw_Embedding,HIGH,0.75,1.0,0.0,0.0,1.0,0.875,1.0,1.477
V3_DECOY_0384,SEMANTIC_DECOY,D4,POWERTRAIN,B3_Graph_Only,HIGH,0.75,1.0,1.0,1.0,0.0,1.0,1.0,0.008
V3_DECOY_0384,SEMANTIC_DECOY,D4,POWERTRAIN,B4_Contextual_Embedding,HIGH,0.75,1.0,0.0,0.0,1.0,0.875,1.0,2.083
V3_DECOY_0384,SEMANTIC_DECOY,D4,POWERTRAIN,B5_AURA_Hybrid,HIGH,0.75,1.0,1.0,1.0,0.0,1.0,1.0,0.012
V3_DECOY_0385,SEMANTIC_DECOY,D5,ADAS,B0_Full_Suite,HIGH,0.7143,1.0,0.0,0.0,1.0,0.0,1.0,0.1
V3_DECOY_0385,SEMANTIC_DECOY,D5,ADAS,B1_Keyword,HIGH,0.7143,1.0,0.0,0.0,1.0,0.9059,1.0,1.227
V3_DECOY_0385,SEMANTIC_DECOY,D5,ADAS,B2_Raw_Embedding,HIGH,0.7143,1.0,0.0,0.0,1.0,0.8824,1.0,2.092
V3_DECOY_0385,SEMANTIC_DECOY,D5,ADAS,B3_Graph_Only,HIGH,0.7143,1.0,1.0,1.0,0.0,1.0,1.0,0.003
V3_DECOY_0385,SEMANTIC_DECOY,D5,ADAS,B4_Contextual_Embedding,HIGH,0.7143,1.0,0.0,0.0,1.0,0.8824,1.0,2.23
V3_DECOY_0385,SEMANTIC_DECOY,D5,ADAS,B5_AURA_Hybrid,HIGH,0.7143,1.0,1.0,1.0,0.0,1.0,1.0,0.02
V3_DECOY_0386,SEMANTIC_DECOY,D6,ADAS,B0_Full_Suite,HIGH,0.7778,1.0,0.0,0.0,1.0,0.0,1.0,0.1
V3_DECOY_0386,SEMANTIC_DECOY,D6,ADAS,B1_Keyword,HIGH,0.7778,1.0,1.0,1.0,0.0,1.0,1.0,1.39
V3_DECOY_0386,SEMANTIC_DECOY,D6,ADAS,B2_Raw_Embedding,HIGH,0.7778,1.0,0.0,0.0,1.0,0.8824,1.0,1.717
V3_DECOY_0386,SEMANTIC_DECOY,D6,ADAS,B3_Graph_Only,HIGH,0.7778,1.0,1.0,1.0,0.0,1.0,1.0,0.006
V3_DECOY_0386,SEMANTIC_DECOY,D6,ADAS,B4_Contextual_Embedding,HIGH,0.7778,1.0,0.0,0.0,1.0,0.8824,1.0,2.173
V3_DECOY_0386,SEMANTIC_DECOY,D6,ADAS,B5_AURA_Hybrid,HIGH,0.7778,1.0,1.0,1.0,0.0,1.0,1.0,0.02
V3_DECOY_0387,SEMANTIC_DECOY,D7,POWERTRAIN,B0_Full_Suite,HIGH,0.7143,1.0,0.0,0.0,1.0,0.0,1.0,0.1
V3_DECOY_0387,SEMANTIC_DECOY,D7,POWERTRAIN,B1_Keyword,HIGH,0.7143,1.0,0.0,0.0,1.0,0.8625,1.0,1.124
V3_DECOY_0387,SEMANTIC_DECOY,D7,POWERTRAIN,B2_Raw_Embedding,HIGH,0.7143,1.0,0.0,0.0,1.0,0.8875,1.0,1.486
V3_DECOY_0387,SEMANTIC_DECOY,D7,POWERTRAIN,B3_Graph_Only,HIGH,0.7143,1.0,1.0,1.0,0.0,1.0,1.0,0.006
V3_DECOY_0387,SEMANTIC_DECOY,D7,POWERTRAIN,B4_Contextual_Embedding,HIGH,0.7143,1.0,0.0,0.0,1.0,0.875,1.0,2.284
V3_DECOY_0387,SEMANTIC_DECOY,D7,POWERTRAIN,B5_AURA_Hybrid,HIGH,0.7143,1.0,1.0,1.0,0.0,1.0,1.0,0.018
V3_DECOY_0388,SEMANTIC_DECOY,D8,BODY_ELECTRONICS,B0_Full_Suite,HIGH,0.75,1.0,0.0,0.0,1.0,0.0,1.0,0.1
V3_DECOY_0388,SEMANTIC_DECOY,D8,BODY_ELECTRONICS,B1_Keyword,HIGH,0.75,1.0,1.0,1.0,0.0,1.0,1.0,1.155
V3_DECOY_0388,SEMANTIC_DECOY,D8,BODY_ELECTRONICS,B2_Raw_Embedding,HIGH,0.75,1.0,0.0,0.0,1.0,0.7917,1.0,1.284
V3_DECOY_0388,SEMANTIC_DECOY,D8,BODY_ELECTRONICS,B3_Graph_Only,HIGH,0.75,1.0,1.0,1.0,0.0,1.0,1.0,0.006
V3_DECOY_0388,SEMANTIC_DECOY,D8,BODY_ELECTRONICS,B4_Contextual_Embedding,HIGH,0.75,1.0,0.0,0.0,1.0,0.7917,1.0,1.714
V3_DECOY_0388,SEMANTIC_DECOY,D8,BODY_ELECTRONICS,B5_AURA_Hybrid,HIGH,0.75,1.0,1.0,1.0,0.0,1.0,1.0,0.019
V3_DECOY_0389,SEMANTIC_DECOY,D9,ADAS,B0_Full_Suite,HIGH,0.75,1.0,0.0,0.0,1.0,0.0,1.0,0.1
V3_DECOY_0389,SEMANTIC_DECOY,D9,ADAS,B1_Keyword,HIGH,0.75,1.0,0.0,0.0,1.0,0.7059,1.0,1.681
V3_DECOY_0389,SEMANTIC_DECOY,D9,ADAS,B2_Raw_Embedding,HIGH,0.75,1.0,0.0,0.0,1.0,0.8824,1.0,1.988
V3_DECOY_0389,SEMANTIC_DECOY,D9,ADAS,B3_Graph_Only,HIGH,0.75,1.0,1.0,1.0,0.0,1.0,1.0,0.006
V3_DECOY_0389,SEMANTIC_DECOY,D9,ADAS,B4_Contextual_Embedding,HIGH,0.75,1.0,0.0,0.0,1.0,0.8824,1.0,2.279
V3_DECOY_0389,SEMANTIC_DECOY,D9,ADAS,B5_AURA_Hybrid,HIGH,0.75,1.0,1.0,1.0,0.0,1.0,1.0,0.021
V3_DECOY_0390,SEMANTIC_DECOY,D10,POWERTRAIN,B0_Full_Suite,HIGH,0.7143,1.0,0.0,0.0,1.0,0.0,1.0,0.1
V3_DECOY_0390,SEMANTIC_DECOY,D10,POWERTRAIN,B1_Keyword,HIGH,0.7143,1.0,0.0,0.0,1.0,0.9875,1.0,1.151
V3_DECOY_0390,SEMANTIC_DECOY,D10,POWERTRAIN,B2_Raw_Embedding,HIGH,0.7143,1.0,0.0,0.0,1.0,0.875,1.0,1.661
V3_DECOY_0390,SEMANTIC_DECOY,D10,POWERTRAIN,B3_Graph_Only,HIGH,0.7143,1.0,1.0,1.0,0.0,1.0,1.0,0.006
V3_DECOY_0390,SEMANTIC_DECOY,D10,POWERTRAIN,B4_Contextual_Embedding,HIGH,0.7143,1.0,0.0,0.0,1.0,0.875,1.0,2.031
V3_DECOY_0390,SEMANTIC_DECOY,D10,POWERTRAIN,B5_AURA_Hybrid,HIGH,0.7143,1.0,1.0,1.0,0.0,1.0,1.0,0.017
V3_AMB_0391,AMBIGUOUS,A1,ADAS,B0_Full_Suite,LOW,0.0,0.0,0.0,0.0,1.0,0.0,1.0,0.1
V3_AMB_0391,AMBIGUOUS,A1,ADAS,B1_Keyword,LOW,0.0,0.0,0.0,0.0,1.0,0.9176,1.0,1.005
V3_AMB_0391,AMBIGUOUS,A1,ADAS,B2_Raw_Embedding,LOW,0.0,0.0,0.0,0.0,1.0,0.8824,1.0,4.364
V3_AMB_0391,AMBIGUOUS,A1,ADAS,B3_Graph_Only,LOW,0.0,1.0,1.0,1.0,0.0,1.0,1.0,0.007
V3_AMB_0391,AMBIGUOUS,A1,ADAS,B4_Contextual_Embedding,LOW,0.0,0.0,0.0,0.0,1.0,0.8824,1.0,3.36
V3_AMB_0391,AMBIGUOUS,A1,ADAS,B5_AURA_Hybrid,LOW,0.0,1.0,1.0,1.0,0.0,0.8824,1.0,2.952
V3_AMB_0392,AMBIGUOUS,A2,ADAS,B0_Full_Suite,LOW,0.0,0.0,0.0,0.0,1.0,0.0,1.0,0.1
V3_AMB_0392,AMBIGUOUS,A2,ADAS,B1_Keyword,LOW,0.0,0.0,0.0,0.0,1.0,0.9176,1.0,1.42
V3_AMB_0392,AMBIGUOUS,A2,ADAS,B2_Raw_Embedding,LOW,0.0,0.0,0.0,0.0,1.0,0.8824,1.0,1.812
V3_AMB_0392,AMBIGUOUS,A2,ADAS,B3_Graph_Only,LOW,0.0,1.0,1.0,1.0,0.0,1.0,1.0,0.006
V3_AMB_0392,AMBIGUOUS,A2,ADAS,B4_Contextual_Embedding,LOW,0.0,0.0,0.0,0.0,1.0,0.8824,1.0,2.417
V3_AMB_0392,AMBIGUOUS,A2,ADAS,B5_AURA_Hybrid,LOW,0.0,1.0,1.0,1.0,0.0,0.8824,1.0,2.767
V3_AMB_0393,AMBIGUOUS,A3,ADAS,B0_Full_Suite,LOW,0.0,0.0,0.0,0.0,1.0,0.0,1.0,0.1
V3_AMB_0393,AMBIGUOUS,A3,ADAS,B1_Keyword,LOW,0.0,0.0,0.0,0.0,1.0,0.9176,1.0,1.347
V3_AMB_0393,AMBIGUOUS,A3,ADAS,B2_Raw_Embedding,LOW,0.0,0.0,0.0,0.0,1.0,0.8824,1.0,2.207
V3_AMB_0393,AMBIGUOUS,A3,ADAS,B3_Graph_Only,LOW,0.0,1.0,1.0,1.0,0.0,1.0,1.0,0.007
V3_AMB_0393,AMBIGUOUS,A3,ADAS,B4_Contextual_Embedding,LOW,0.0,0.0,0.0,0.0,1.0,0.8824,1.0,4.052
V3_AMB_0393,AMBIGUOUS,A3,ADAS,B5_AURA_Hybrid,LOW,0.0,1.0,1.0,1.0,0.0,0.8824,1.0,4.441
V3_AMB_0394,AMBIGUOUS,A4,ADAS,B0_Full_Suite,LOW,0.0,0.0,0.0,0.0,1.0,0.0,1.0,0.1
V3_AMB_0394,AMBIGUOUS,A4,ADAS,B1_Keyword,LOW,0.0,0.0,0.0,0.0,1.0,0.9176,1.0,2.902
V3_AMB_0394,AMBIGUOUS,A4,ADAS,B2_Raw_Embedding,LOW,0.0,0.0,0.0,0.0,1.0,0.8824,1.0,3.176
V3_AMB_0394,AMBIGUOUS,A4,ADAS,B3_Graph_Only,LOW,0.0,1.0,1.0,1.0,0.0,1.0,1.0,0.01
V3_AMB_0394,AMBIGUOUS,A4,ADAS,B4_Contextual_Embedding,LOW,0.0,0.0,0.0,0.0,1.0,0.8824,1.0,4.038
V3_AMB_0394,AMBIGUOUS,A4,ADAS,B5_AURA_Hybrid,LOW,0.0,1.0,1.0,1.0,0.0,0.8824,1.0,4.407
V3_AMB_0395,AMBIGUOUS,A5,ADAS,B0_Full_Suite,LOW,0.0,0.0,0.0,0.0,1.0,0.0,1.0,0.1
V3_AMB_0395,AMBIGUOUS,A5,ADAS,B1_Keyword,LOW,0.0,0.0,0.0,0.0,1.0,0.9176,1.0,2.209
V3_AMB_0395,AMBIGUOUS,A5,ADAS,B2_Raw_Embedding,LOW,0.0,0.0,0.0,0.0,1.0,0.8941,1.0,3.55
V3_AMB_0395,AMBIGUOUS,A5,ADAS,B3_Graph_Only,LOW,0.0,1.0,1.0,1.0,0.0,1.0,1.0,0.01
V3_AMB_0395,AMBIGUOUS,A5,ADAS,B4_Contextual_Embedding,LOW,0.0,0.0,0.0,0.0,1.0,0.8824,1.0,4.237
V3_AMB_0395,AMBIGUOUS,A5,ADAS,B5_AURA_Hybrid,LOW,0.0,1.0,1.0,1.0,0.0,0.8824,1.0,4.771
V3_AMB_0396,AMBIGUOUS,A1,POWERTRAIN,B0_Full_Suite,LOW,0.0,0.0,0.0,0.0,1.0,0.0,1.0,0.1
V3_AMB_0396,AMBIGUOUS,A1,POWERTRAIN,B1_Keyword,LOW,0.0,0.0,0.0,0.0,1.0,0.9875,1.0,2.134
V3_AMB_0396,AMBIGUOUS,A1,POWERTRAIN,B2_Raw_Embedding,LOW,0.0,0.0,0.0,0.0,1.0,0.9,1.0,5.881
V3_AMB_0396,AMBIGUOUS,A1,POWERTRAIN,B3_Graph_Only,LOW,0.0,1.0,1.0,1.0,0.0,1.0,1.0,0.01
V3_AMB_0396,AMBIGUOUS,A1,POWERTRAIN,B4_Contextual_Embedding,LOW,0.0,0.0,0.0,0.0,1.0,0.875,1.0,5.765
V3_AMB_0396,AMBIGUOUS,A1,POWERTRAIN,B5_AURA_Hybrid,LOW,0.0,1.0,1.0,1.0,0.0,0.875,1.0,4.416
V3_AMB_0397,AMBIGUOUS,A2,POWERTRAIN,B0_Full_Suite,LOW,0.0,0.0,0.0,0.0,1.0,0.0,1.0,0.1
V3_AMB_0397,AMBIGUOUS,A2,POWERTRAIN,B1_Keyword,LOW,0.0,0.0,0.0,0.0,1.0,0.85,1.0,6.696
V3_AMB_0397,AMBIGUOUS,A2,POWERTRAIN,B2_Raw_Embedding,LOW,0.0,0.0,0.0,0.0,1.0,0.875,1.0,3.25
V3_AMB_0397,AMBIGUOUS,A2,POWERTRAIN,B3_Graph_Only,LOW,0.0,1.0,1.0,1.0,0.0,1.0,1.0,0.011
V3_AMB_0397,AMBIGUOUS,A2,POWERTRAIN,B4_Contextual_Embedding,LOW,0.0,0.0,0.0,0.0,1.0,0.8875,1.0,3.67
V3_AMB_0397,AMBIGUOUS,A2,POWERTRAIN,B5_AURA_Hybrid,LOW,0.0,1.0,1.0,1.0,0.0,0.8875,1.0,8.418
V3_AMB_0398,AMBIGUOUS,A3,POWERTRAIN,B0_Full_Suite,LOW,0.0,0.0,0.0,0.0,1.0,0.0,1.0,0.1
V3_AMB_0398,AMBIGUOUS,A3,POWERTRAIN,B1_Keyword,LOW,0.0,0.0,0.0,0.0,1.0,0.9625,1.0,2.997
V3_AMB_0398,AMBIGUOUS,A3,POWERTRAIN,B2_Raw_Embedding,LOW,0.0,0.0,0.0,0.0,1.0,0.875,1.0,2.962
V3_AMB_0398,AMBIGUOUS,A3,POWERTRAIN,B3_Graph_Only,LOW,0.0,1.0,1.0,1.0,0.0,1.0,1.0,0.01
V3_AMB_0398,AMBIGUOUS,A3,POWERTRAIN,B4_Contextual_Embedding,LOW,0.0,0.0,0.0,0.0,1.0,0.9125,1.0,3.69
V3_AMB_0398,AMBIGUOUS,A3,POWERTRAIN,B5_AURA_Hybrid,LOW,0.0,1.0,1.0,1.0,0.0,0.9125,1.0,7.006
V3_AMB_0399,AMBIGUOUS,A4,POWERTRAIN,B0_Full_Suite,LOW,0.0,0.0,0.0,0.0,1.0,0.0,1.0,0.1
V3_AMB_0399,AMBIGUOUS,A4,POWERTRAIN,B1_Keyword,LOW,0.0,0.0,0.0,0.0,1.0,0.9875,1.0,2.967
V3_AMB_0399,AMBIGUOUS,A4,POWERTRAIN,B2_Raw_Embedding,LOW,0.0,0.0,0.0,0.0,1.0,0.875,1.0,3.068
V3_AMB_0399,AMBIGUOUS,A4,POWERTRAIN,B3_Graph_Only,LOW,0.0,1.0,1.0,1.0,0.0,1.0,1.0,0.01
V3_AMB_0399,AMBIGUOUS,A4,POWERTRAIN,B4_Contextual_Embedding,LOW,0.0,0.0,0.0,0.0,1.0,0.8,1.0,3.753
V3_AMB_0399,AMBIGUOUS,A4,POWERTRAIN,B5_AURA_Hybrid,LOW,0.0,1.0,1.0,1.0,0.0,0.8,1.0,6.579
V3_AMB_0400,AMBIGUOUS,A5,POWERTRAIN,B0_Full_Suite,LOW,0.0,0.0,0.0,0.0,1.0,0.0,1.0,0.1
V3_AMB_0400,AMBIGUOUS,A5,POWERTRAIN,B1_Keyword,LOW,0.0,0.0,0.0,0.0,1.0,0.9875,1.0,2.361
V3_AMB_0400,AMBIGUOUS,A5,POWERTRAIN,B2_Raw_Embedding,LOW,0.0,0.0,0.0,0.0,1.0,0.8875,1.0,2.791
V3_AMB_0400,AMBIGUOUS,A5,POWERTRAIN,B3_Graph_Only,LOW,0.0,1.0,1.0,1.0,0.0,1.0,1.0,0.01
V3_AMB_0400,AMBIGUOUS,A5,POWERTRAIN,B4_Contextual_Embedding,LOW,0.0,0.0,0.0,0.0,1.0,0.875,1.0,4.197
V3_AMB_0400,AMBIGUOUS,A5,POWERTRAIN,B5_AURA_Hybrid,LOW,0.0,1.0,1.0,1.0,0.0,0.875,1.0,4.053
V3_AMB_0401,AMBIGUOUS,A1,BATTERY_EV,B0_Full_Suite,LOW,0.0,0.0,0.0,0.0,1.0,0.0,1.0,0.1
V3_AMB_0401,AMBIGUOUS,A1,BATTERY_EV,B1_Keyword,LOW,0.0,0.0,0.0,0.0,1.0,0.975,1.0,1.246
V3_AMB_0401,AMBIGUOUS,A1,BATTERY_EV,B2_Raw_Embedding,LOW,0.0,0.0,0.0,0.0,1.0,0.875,1.0,1.842
V3_AMB_0401,AMBIGUOUS,A1,BATTERY_EV,B3_Graph_Only,LOW,0.0,1.0,1.0,1.0,0.0,1.0,1.0,0.006
V3_AMB_0401,AMBIGUOUS,A1,BATTERY_EV,B4_Contextual_Embedding,LOW,0.0,0.0,0.0,0.0,1.0,0.875,1.0,2.468
V3_AMB_0401,AMBIGUOUS,A1,BATTERY_EV,B5_AURA_Hybrid,LOW,0.0,1.0,1.0,1.0,0.0,0.875,1.0,2.656
V3_AMB_0402,AMBIGUOUS,A2,BATTERY_EV,B0_Full_Suite,LOW,0.0,0.0,0.0,0.0,1.0,0.0,1.0,0.1
V3_AMB_0402,AMBIGUOUS,A2,BATTERY_EV,B1_Keyword,LOW,0.0,0.0,0.0,0.0,1.0,0.975,1.0,1.313
V3_AMB_0402,AMBIGUOUS,A2,BATTERY_EV,B2_Raw_Embedding,LOW,0.0,0.0,0.0,0.0,1.0,0.8875,1.0,1.86
V3_AMB_0402,AMBIGUOUS,A2,BATTERY_EV,B3_Graph_Only,LOW,0.0,1.0,1.0,1.0,0.0,1.0,1.0,0.013
V3_AMB_0402,AMBIGUOUS,A2,BATTERY_EV,B4_Contextual_Embedding,LOW,0.0,0.0,0.0,0.0,1.0,0.875,1.0,2.325
V3_AMB_0402,AMBIGUOUS,A2,BATTERY_EV,B5_AURA_Hybrid,LOW,0.0,1.0,1.0,1.0,0.0,0.875,1.0,2.32
V3_AMB_0403,AMBIGUOUS,A3,BATTERY_EV,B0_Full_Suite,LOW,0.0,0.0,0.0,0.0,1.0,0.0,1.0,0.1
V3_AMB_0403,AMBIGUOUS,A3,BATTERY_EV,B1_Keyword,LOW,0.0,0.0,0.0,0.0,1.0,0.975,1.0,2.663
V3_AMB_0403,AMBIGUOUS,A3,BATTERY_EV,B2_Raw_Embedding,LOW,0.0,0.0,0.0,0.0,1.0,0.875,1.0,2.405
V3_AMB_0403,AMBIGUOUS,A3,BATTERY_EV,B3_Graph_Only,LOW,0.0,1.0,1.0,1.0,0.0,1.0,1.0,0.007
V3_AMB_0403,AMBIGUOUS,A3,BATTERY_EV,B4_Contextual_Embedding,LOW,0.0,0.0,0.0,0.0,1.0,0.875,1.0,2.986
V3_AMB_0403,AMBIGUOUS,A3,BATTERY_EV,B5_AURA_Hybrid,LOW,0.0,1.0,1.0,1.0,0.0,0.875,1.0,2.735
V3_AMB_0404,AMBIGUOUS,A4,BATTERY_EV,B0_Full_Suite,LOW,0.0,0.0,0.0,0.0,1.0,0.0,1.0,0.1
V3_AMB_0404,AMBIGUOUS,A4,BATTERY_EV,B1_Keyword,LOW,0.0,0.0,0.0,0.0,1.0,0.975,1.0,95.316
V3_AMB_0404,AMBIGUOUS,A4,BATTERY_EV,B2_Raw_Embedding,LOW,0.0,0.0,0.0,0.0,1.0,0.875,1.0,2.135
V3_AMB_0404,AMBIGUOUS,A4,BATTERY_EV,B3_Graph_Only,LOW,0.0,1.0,1.0,1.0,0.0,1.0,1.0,0.006
V3_AMB_0404,AMBIGUOUS,A4,BATTERY_EV,B4_Contextual_Embedding,LOW,0.0,0.0,0.0,0.0,1.0,0.875,1.0,2.706
V3_AMB_0404,AMBIGUOUS,A4,BATTERY_EV,B5_AURA_Hybrid,LOW,0.0,1.0,1.0,1.0,0.0,0.875,1.0,5.931
V3_AMB_0405,AMBIGUOUS,A5,BATTERY_EV,B0_Full_Suite,LOW,0.0,0.0,0.0,0.0,1.0,0.0,1.0,0.1
V3_AMB_0405,AMBIGUOUS,A5,BATTERY_EV,B1_Keyword,LOW,0.0,0.0,0.0,0.0,1.0,0.975,1.0,1.498
V3_AMB_0405,AMBIGUOUS,A5,BATTERY_EV,B2_Raw_Embedding,LOW,0.0,0.0,0.0,0.0,1.0,0.8875,1.0,1.678
V3_AMB_0405,AMBIGUOUS,A5,BATTERY_EV,B3_Graph_Only,LOW,0.0,1.0,1.0,1.0,0.0,1.0,1.0,0.006
V3_AMB_0405,AMBIGUOUS,A5,BATTERY_EV,B4_Contextual_Embedding,LOW,0.0,0.0,0.0,0.0,1.0,0.875,1.0,2.098
V3_AMB_0405,AMBIGUOUS,A5,BATTERY_EV,B5_AURA_Hybrid,LOW,0.0,1.0,1.0,1.0,0.0,0.875,1.0,2.291
V3_AMB_0406,AMBIGUOUS,A1,BODY_ELECTRONICS,B0_Full_Suite,LOW,0.0,0.0,0.0,0.0,1.0,0.0,1.0,0.1
V3_AMB_0406,AMBIGUOUS,A1,BODY_ELECTRONICS,B1_Keyword,LOW,0.0,0.0,0.0,0.0,1.0,0.875,1.0,1.221
V3_AMB_0406,AMBIGUOUS,A1,BODY_ELECTRONICS,B2_Raw_Embedding,LOW,0.0,0.0,0.0,0.0,1.0,0.7917,1.0,1.785
V3_AMB_0406,AMBIGUOUS,A1,BODY_ELECTRONICS,B3_Graph_Only,LOW,0.0,1.0,1.0,1.0,0.0,1.0,1.0,0.007
V3_AMB_0406,AMBIGUOUS,A1,BODY_ELECTRONICS,B4_Contextual_Embedding,LOW,0.0,0.0,0.0,0.0,1.0,0.7917,1.0,6.868
V3_AMB_0406,AMBIGUOUS,A1,BODY_ELECTRONICS,B5_AURA_Hybrid,LOW,0.0,1.0,1.0,1.0,0.0,0.7917,1.0,2.866
V3_AMB_0407,AMBIGUOUS,A2,BODY_ELECTRONICS,B0_Full_Suite,LOW,0.0,0.0,0.0,0.0,1.0,0.0,1.0,0.1
V3_AMB_0407,AMBIGUOUS,A2,BODY_ELECTRONICS,B1_Keyword,LOW,0.0,0.0,0.0,0.0,1.0,0.875,1.0,1.889
V3_AMB_0407,AMBIGUOUS,A2,BODY_ELECTRONICS,B2_Raw_Embedding,LOW,0.0,0.0,0.0,0.0,1.0,0.7917,1.0,1.623
V3_AMB_0407,AMBIGUOUS,A2,BODY_ELECTRONICS,B3_Graph_Only,LOW,0.0,1.0,1.0,1.0,0.0,1.0,1.0,0.007
V3_AMB_0407,AMBIGUOUS,A2,BODY_ELECTRONICS,B4_Contextual_Embedding,LOW,0.0,0.0,0.0,0.0,1.0,0.8333,1.0,1.905
V3_AMB_0407,AMBIGUOUS,A2,BODY_ELECTRONICS,B5_AURA_Hybrid,LOW,0.0,1.0,1.0,1.0,0.0,0.8333,1.0,2.325
V3_AMB_0408,AMBIGUOUS,A3,BODY_ELECTRONICS,B0_Full_Suite,LOW,0.0,0.0,0.0,0.0,1.0,0.0,1.0,0.1
V3_AMB_0408,AMBIGUOUS,A3,BODY_ELECTRONICS,B1_Keyword,LOW,0.0,0.0,0.0,0.0,1.0,0.875,1.0,1.305
V3_AMB_0408,AMBIGUOUS,A3,BODY_ELECTRONICS,B2_Raw_Embedding,LOW,0.0,0.0,0.0,0.0,1.0,0.7917,1.0,1.408
V3_AMB_0408,AMBIGUOUS,A3,BODY_ELECTRONICS,B3_Graph_Only,LOW,0.0,1.0,1.0,1.0,0.0,1.0,1.0,0.006
V3_AMB_0408,AMBIGUOUS,A3,BODY_ELECTRONICS,B4_Contextual_Embedding,LOW,0.0,0.0,0.0,0.0,1.0,0.7917,1.0,1.796
V3_AMB_0408,AMBIGUOUS,A3,BODY_ELECTRONICS,B5_AURA_Hybrid,LOW,0.0,1.0,1.0,1.0,0.0,0.7917,1.0,2.139
V3_AMB_0409,AMBIGUOUS,A4,BODY_ELECTRONICS,B0_Full_Suite,LOW,0.0,0.0,0.0,0.0,1.0,0.0,1.0,0.1
V3_AMB_0409,AMBIGUOUS,A4,BODY_ELECTRONICS,B1_Keyword,LOW,0.0,0.0,0.0,0.0,1.0,0.875,1.0,1.3
V3_AMB_0409,AMBIGUOUS,A4,BODY_ELECTRONICS,B2_Raw_Embedding,LOW,0.0,0.0,0.0,0.0,1.0,0.7917,1.0,1.522
V3_AMB_0409,AMBIGUOUS,A4,BODY_ELECTRONICS,B3_Graph_Only,LOW,0.0,1.0,1.0,1.0,0.0,1.0,1.0,0.006
V3_AMB_0409,AMBIGUOUS,A4,BODY_ELECTRONICS,B4_Contextual_Embedding,LOW,0.0,0.0,0.0,0.0,1.0,0.8333,1.0,1.777
V3_AMB_0409,AMBIGUOUS,A4,BODY_ELECTRONICS,B5_AURA_Hybrid,LOW,0.0,1.0,1.0,1.0,0.0,0.8333,1.0,2.613
V3_AMB_0410,AMBIGUOUS,A5,BODY_ELECTRONICS,B0_Full_Suite,LOW,0.0,0.0,0.0,0.0,1.0,0.0,1.0,0.1
V3_AMB_0410,AMBIGUOUS,A5,BODY_ELECTRONICS,B1_Keyword,LOW,0.0,0.0,0.0,0.0,1.0,0.875,1.0,1.234
V3_AMB_0410,AMBIGUOUS,A5,BODY_ELECTRONICS,B2_Raw_Embedding,LOW,0.0,0.0,0.0,0.0,1.0,0.7917,1.0,1.419
V3_AMB_0410,AMBIGUOUS,A5,BODY_ELECTRONICS,B3_Graph_Only,LOW,0.0,1.0,1.0,1.0,0.0,1.0,1.0,0.006
V3_AMB_0410,AMBIGUOUS,A5,BODY_ELECTRONICS,B4_Contextual_Embedding,LOW,0.0,0.0,0.0,0.0,1.0,0.7917,1.0,1.937
V3_AMB_0410,AMBIGUOUS,A5,BODY_ELECTRONICS,B5_AURA_Hybrid,LOW,0.0,1.0,1.0,1.0,0.0,0.7917,1.0,3.001
V3_AMB_0411,AMBIGUOUS,A1,ADAS,B0_Full_Suite,LOW,0.0,0.0,0.0,0.0,1.0,0.0,1.0,0.1
V3_AMB_0411,AMBIGUOUS,A1,ADAS,B1_Keyword,LOW,0.0,0.0,0.0,0.0,1.0,0.9176,1.0,1.438
V3_AMB_0411,AMBIGUOUS,A1,ADAS,B2_Raw_Embedding,LOW,0.0,0.0,0.0,0.0,1.0,0.8824,1.0,2.544
V3_AMB_0411,AMBIGUOUS,A1,ADAS,B3_Graph_Only,LOW,0.0,1.0,1.0,1.0,0.0,1.0,1.0,0.006
V3_AMB_0411,AMBIGUOUS,A1,ADAS,B4_Contextual_Embedding,LOW,0.0,0.0,0.0,0.0,1.0,0.8824,1.0,2.52
V3_AMB_0411,AMBIGUOUS,A1,ADAS,B5_AURA_Hybrid,LOW,0.0,1.0,1.0,1.0,0.0,0.8824,1.0,2.887
V3_AMB_0412,AMBIGUOUS,A2,ADAS,B0_Full_Suite,LOW,0.0,0.0,0.0,0.0,1.0,0.0,1.0,0.1
V3_AMB_0412,AMBIGUOUS,A2,ADAS,B1_Keyword,LOW,0.0,0.0,0.0,0.0,1.0,0.9176,1.0,1.385
V3_AMB_0412,AMBIGUOUS,A2,ADAS,B2_Raw_Embedding,LOW,0.0,0.0,0.0,0.0,1.0,0.8824,1.0,2.092
V3_AMB_0412,AMBIGUOUS,A2,ADAS,B3_Graph_Only,LOW,0.0,1.0,1.0,1.0,0.0,1.0,1.0,0.006
V3_AMB_0412,AMBIGUOUS,A2,ADAS,B4_Contextual_Embedding,LOW,0.0,0.0,0.0,0.0,1.0,0.8824,1.0,2.645
V3_AMB_0412,AMBIGUOUS,A2,ADAS,B5_AURA_Hybrid,LOW,0.0,1.0,1.0,1.0,0.0,0.8824,1.0,3.075
V3_AMB_0413,AMBIGUOUS,A3,ADAS,B0_Full_Suite,LOW,0.0,0.0,0.0,0.0,1.0,0.0,1.0,0.1
V3_AMB_0413,AMBIGUOUS,A3,ADAS,B1_Keyword,LOW,0.0,0.0,0.0,0.0,1.0,0.9176,1.0,1.704
V3_AMB_0413,AMBIGUOUS,A3,ADAS,B2_Raw_Embedding,LOW,0.0,0.0,0.0,0.0,1.0,0.8824,1.0,2.386
V3_AMB_0413,AMBIGUOUS,A3,ADAS,B3_Graph_Only,LOW,0.0,1.0,1.0,1.0,0.0,1.0,1.0,0.009
V3_AMB_0413,AMBIGUOUS,A3,ADAS,B4_Contextual_Embedding,LOW,0.0,0.0,0.0,0.0,1.0,0.8824,1.0,6.757
V3_AMB_0413,AMBIGUOUS,A3,ADAS,B5_AURA_Hybrid,LOW,0.0,1.0,1.0,1.0,0.0,0.8824,1.0,5.029
V3_AMB_0414,AMBIGUOUS,A4,ADAS,B0_Full_Suite,LOW,0.0,0.0,0.0,0.0,1.0,0.0,1.0,0.1
V3_AMB_0414,AMBIGUOUS,A4,ADAS,B1_Keyword,LOW,0.0,0.0,0.0,0.0,1.0,0.9176,1.0,2.631
V3_AMB_0414,AMBIGUOUS,A4,ADAS,B2_Raw_Embedding,LOW,0.0,0.0,0.0,0.0,1.0,0.8824,1.0,3.205
V3_AMB_0414,AMBIGUOUS,A4,ADAS,B3_Graph_Only,LOW,0.0,1.0,1.0,1.0,0.0,1.0,1.0,0.017
V3_AMB_0414,AMBIGUOUS,A4,ADAS,B4_Contextual_Embedding,LOW,0.0,0.0,0.0,0.0,1.0,0.8824,1.0,4.889
V3_AMB_0414,AMBIGUOUS,A4,ADAS,B5_AURA_Hybrid,LOW,0.0,1.0,1.0,1.0,0.0,0.8824,1.0,5.019
V3_AMB_0415,AMBIGUOUS,A5,ADAS,B0_Full_Suite,LOW,0.0,0.0,0.0,0.0,1.0,0.0,1.0,0.1
V3_AMB_0415,AMBIGUOUS,A5,ADAS,B1_Keyword,LOW,0.0,0.0,0.0,0.0,1.0,0.9176,1.0,2.283
V3_AMB_0415,AMBIGUOUS,A5,ADAS,B2_Raw_Embedding,LOW,0.0,0.0,0.0,0.0,1.0,0.8941,1.0,7.672
V3_AMB_0415,AMBIGUOUS,A5,ADAS,B3_Graph_Only,LOW,0.0,1.0,1.0,1.0,0.0,1.0,1.0,0.01
V3_AMB_0415,AMBIGUOUS,A5,ADAS,B4_Contextual_Embedding,LOW,0.0,0.0,0.0,0.0,1.0,0.8824,1.0,4.893
V3_AMB_0415,AMBIGUOUS,A5,ADAS,B5_AURA_Hybrid,LOW,0.0,1.0,1.0,1.0,0.0,0.8824,1.0,4.894
V3_AMB_0416,AMBIGUOUS,A1,POWERTRAIN,B0_Full_Suite,LOW,0.0,0.0,0.0,0.0,1.0,0.0,1.0,0.1
V3_AMB_0416,AMBIGUOUS,A1,POWERTRAIN,B1_Keyword,LOW,0.0,0.0,0.0,0.0,1.0,0.9875,1.0,3.478
V3_AMB_0416,AMBIGUOUS,A1,POWERTRAIN,B2_Raw_Embedding,LOW,0.0,0.0,0.0,0.0,1.0,0.9,1.0,3.273
V3_AMB_0416,AMBIGUOUS,A1,POWERTRAIN,B3_Graph_Only,LOW,0.0,1.0,1.0,1.0,0.0,1.0,1.0,0.009
V3_AMB_0416,AMBIGUOUS,A1,POWERTRAIN,B4_Contextual_Embedding,LOW,0.0,0.0,0.0,0.0,1.0,0.875,1.0,3.991
V3_AMB_0416,AMBIGUOUS,A1,POWERTRAIN,B5_AURA_Hybrid,LOW,0.0,1.0,1.0,1.0,0.0,0.875,1.0,6.725
V3_AMB_0417,AMBIGUOUS,A2,POWERTRAIN,B0_Full_Suite,LOW,0.0,0.0,0.0,0.0,1.0,0.0,1.0,0.1
V3_AMB_0417,AMBIGUOUS,A2,POWERTRAIN,B1_Keyword,LOW,0.0,0.0,0.0,0.0,1.0,0.9,1.0,2.9
V3_AMB_0417,AMBIGUOUS,A2,POWERTRAIN,B2_Raw_Embedding,LOW,0.0,0.0,0.0,0.0,1.0,0.875,1.0,2.939
V3_AMB_0417,AMBIGUOUS,A2,POWERTRAIN,B3_Graph_Only,LOW,0.0,1.0,1.0,1.0,0.0,1.0,1.0,0.01
V3_AMB_0417,AMBIGUOUS,A2,POWERTRAIN,B4_Contextual_Embedding,LOW,0.0,0.0,0.0,0.0,1.0,0.8875,1.0,3.698
V3_AMB_0417,AMBIGUOUS,A2,POWERTRAIN,B5_AURA_Hybrid,LOW,0.0,1.0,1.0,1.0,0.0,0.8875,1.0,4.117
V3_AMB_0418,AMBIGUOUS,A3,POWERTRAIN,B0_Full_Suite,LOW,0.0,0.0,0.0,0.0,1.0,0.0,1.0,0.1
V3_AMB_0418,AMBIGUOUS,A3,POWERTRAIN,B1_Keyword,LOW,0.0,0.0,0.0,0.0,1.0,0.9875,1.0,1.751
V3_AMB_0418,AMBIGUOUS,A3,POWERTRAIN,B2_Raw_Embedding,LOW,0.0,0.0,0.0,0.0,1.0,0.875,1.0,2.076
V3_AMB_0418,AMBIGUOUS,A3,POWERTRAIN,B3_Graph_Only,LOW,0.0,1.0,1.0,1.0,0.0,1.0,1.0,0.007
V3_AMB_0418,AMBIGUOUS,A3,POWERTRAIN,B4_Contextual_Embedding,LOW,0.0,0.0,0.0,0.0,1.0,0.8875,1.0,2.515
V3_AMB_0418,AMBIGUOUS,A3,POWERTRAIN,B5_AURA_Hybrid,LOW,0.0,1.0,1.0,1.0,0.0,0.8875,1.0,2.526
V3_AMB_0419,AMBIGUOUS,A4,POWERTRAIN,B0_Full_Suite,LOW,0.0,0.0,0.0,0.0,1.0,0.0,1.0,0.1
V3_AMB_0419,AMBIGUOUS,A4,POWERTRAIN,B1_Keyword,LOW,0.0,0.0,0.0,0.0,1.0,0.9875,1.0,1.254
V3_AMB_0419,AMBIGUOUS,A4,POWERTRAIN,B2_Raw_Embedding,LOW,0.0,0.0,0.0,0.0,1.0,0.875,1.0,1.648
V3_AMB_0419,AMBIGUOUS,A4,POWERTRAIN,B3_Graph_Only,LOW,0.0,1.0,1.0,1.0,0.0,1.0,1.0,0.006
V3_AMB_0419,AMBIGUOUS,A4,POWERTRAIN,B4_Contextual_Embedding,LOW,0.0,0.0,0.0,0.0,1.0,0.8,1.0,2.271
V3_AMB_0419,AMBIGUOUS,A4,POWERTRAIN,B5_AURA_Hybrid,LOW,0.0,1.0,1.0,1.0,0.0,0.8,1.0,2.941
V3_AMB_0420,AMBIGUOUS,A5,POWERTRAIN,B0_Full_Suite,LOW,0.0,0.0,0.0,0.0,1.0,0.0,1.0,0.1
V3_AMB_0420,AMBIGUOUS,A5,POWERTRAIN,B1_Keyword,LOW,0.0,0.0,0.0,0.0,1.0,0.9875,1.0,1.348
V3_AMB_0420,AMBIGUOUS,A5,POWERTRAIN,B2_Raw_Embedding,LOW,0.0,0.0,0.0,0.0,1.0,0.875,1.0,1.717
V3_AMB_0420,AMBIGUOUS,A5,POWERTRAIN,B3_Graph_Only,LOW,0.0,1.0,1.0,1.0,0.0,1.0,1.0,0.006
V3_AMB_0420,AMBIGUOUS,A5,POWERTRAIN,B4_Contextual_Embedding,LOW,0.0,0.0,0.0,0.0,1.0,0.875,1.0,2.759
V3_AMB_0420,AMBIGUOUS,A5,POWERTRAIN,B5_AURA_Hybrid,LOW,0.0,1.0,1.0,1.0,0.0,0.875,1.0,2.487
V3_AMB_0421,AMBIGUOUS,A1,BATTERY_EV,B0_Full_Suite,LOW,0.0,0.0,0.0,0.0,1.0,0.0,1.0,0.1
V3_AMB_0421,AMBIGUOUS,A1,BATTERY_EV,B1_Keyword,LOW,0.0,0.0,0.0,0.0,1.0,0.9875,1.0,1.374
V3_AMB_0421,AMBIGUOUS,A1,BATTERY_EV,B2_Raw_Embedding,LOW,0.0,0.0,0.0,0.0,1.0,0.875,1.0,2.028
V3_AMB_0421,AMBIGUOUS,A1,BATTERY_EV,B3_Graph_Only,LOW,0.0,1.0,1.0,1.0,0.0,1.0,1.0,0.006
V3_AMB_0421,AMBIGUOUS,A1,BATTERY_EV,B4_Contextual_Embedding,LOW,0.0,0.0,0.0,0.0,1.0,0.875,1.0,13.621
V3_AMB_0421,AMBIGUOUS,A1,BATTERY_EV,B5_AURA_Hybrid,LOW,0.0,1.0,1.0,1.0,0.0,0.875,1.0,6.92
V3_AMB_0422,AMBIGUOUS,A2,BATTERY_EV,B0_Full_Suite,LOW,0.0,0.0,0.0,0.0,1.0,0.0,1.0,0.1
V3_AMB_0422,AMBIGUOUS,A2,BATTERY_EV,B1_Keyword,LOW,0.0,0.0,0.0,0.0,1.0,0.9875,1.0,3.145
V3_AMB_0422,AMBIGUOUS,A2,BATTERY_EV,B2_Raw_Embedding,LOW,0.0,0.0,0.0,0.0,1.0,0.8875,1.0,2.443
V3_AMB_0422,AMBIGUOUS,A2,BATTERY_EV,B3_Graph_Only,LOW,0.0,1.0,1.0,1.0,0.0,1.0,1.0,0.007
V3_AMB_0422,AMBIGUOUS,A2,BATTERY_EV,B4_Contextual_Embedding,LOW,0.0,0.0,0.0,0.0,1.0,0.875,1.0,2.814
V3_AMB_0422,AMBIGUOUS,A2,BATTERY_EV,B5_AURA_Hybrid,LOW,0.0,1.0,1.0,1.0,0.0,0.875,1.0,7.544
V3_AMB_0423,AMBIGUOUS,A3,BATTERY_EV,B0_Full_Suite,LOW,0.0,0.0,0.0,0.0,1.0,0.0,1.0,0.1
V3_AMB_0423,AMBIGUOUS,A3,BATTERY_EV,B1_Keyword,LOW,0.0,0.0,0.0,0.0,1.0,0.9875,1.0,1.741
V3_AMB_0423,AMBIGUOUS,A3,BATTERY_EV,B2_Raw_Embedding,LOW,0.0,0.0,0.0,0.0,1.0,0.875,1.0,2.045
V3_AMB_0423,AMBIGUOUS,A3,BATTERY_EV,B3_Graph_Only,LOW,0.0,1.0,1.0,1.0,0.0,1.0,1.0,0.01
V3_AMB_0423,AMBIGUOUS,A3,BATTERY_EV,B4_Contextual_Embedding,LOW,0.0,0.0,0.0,0.0,1.0,0.875,1.0,2.237
V3_AMB_0423,AMBIGUOUS,A3,BATTERY_EV,B5_AURA_Hybrid,LOW,0.0,1.0,1.0,1.0,0.0,0.875,1.0,2.419
V3_AMB_0424,AMBIGUOUS,A4,BATTERY_EV,B0_Full_Suite,LOW,0.0,0.0,0.0,0.0,1.0,0.0,1.0,0.1
V3_AMB_0424,AMBIGUOUS,A4,BATTERY_EV,B1_Keyword,LOW,0.0,0.0,0.0,0.0,1.0,0.9875,1.0,1.216
V3_AMB_0424,AMBIGUOUS,A4,BATTERY_EV,B2_Raw_Embedding,LOW,0.0,0.0,0.0,0.0,1.0,0.875,1.0,1.647
V3_AMB_0424,AMBIGUOUS,A4,BATTERY_EV,B3_Graph_Only,LOW,0.0,1.0,1.0,1.0,0.0,1.0,1.0,0.006
V3_AMB_0424,AMBIGUOUS,A4,BATTERY_EV,B4_Contextual_Embedding,LOW,0.0,0.0,0.0,0.0,1.0,0.875,1.0,2.081
V3_AMB_0424,AMBIGUOUS,A4,BATTERY_EV,B5_AURA_Hybrid,LOW,0.0,1.0,1.0,1.0,0.0,0.875,1.0,2.249
V3_AMB_0425,AMBIGUOUS,A5,BATTERY_EV,B0_Full_Suite,LOW,0.0,0.0,0.0,0.0,1.0,0.0,1.0,0.1
V3_AMB_0425,AMBIGUOUS,A5,BATTERY_EV,B1_Keyword,LOW,0.0,0.0,0.0,0.0,1.0,0.9875,1.0,1.365
V3_AMB_0425,AMBIGUOUS,A5,BATTERY_EV,B2_Raw_Embedding,LOW,0.0,0.0,0.0,0.0,1.0,0.8875,1.0,2.854
V3_AMB_0425,AMBIGUOUS,A5,BATTERY_EV,B3_Graph_Only,LOW,0.0,1.0,1.0,1.0,0.0,1.0,1.0,0.007
V3_AMB_0425,AMBIGUOUS,A5,BATTERY_EV,B4_Contextual_Embedding,LOW,0.0,0.0,0.0,0.0,1.0,0.875,1.0,2.192
V3_AMB_0425,AMBIGUOUS,A5,BATTERY_EV,B5_AURA_Hybrid,LOW,0.0,1.0,1.0,1.0,0.0,0.875,1.0,2.395
V3_AMB_0426,AMBIGUOUS,A1,BODY_ELECTRONICS,B0_Full_Suite,LOW,0.0,0.0,0.0,0.0,1.0,0.0,1.0,0.1
V3_AMB_0426,AMBIGUOUS,A1,BODY_ELECTRONICS,B1_Keyword,LOW,0.0,0.0,0.0,0.0,1.0,0.875,1.0,1.363
V3_AMB_0426,AMBIGUOUS,A1,BODY_ELECTRONICS,B2_Raw_Embedding,LOW,0.0,0.0,0.0,0.0,1.0,0.7917,1.0,1.416
V3_AMB_0426,AMBIGUOUS,A1,BODY_ELECTRONICS,B3_Graph_Only,LOW,0.0,1.0,1.0,1.0,0.0,1.0,1.0,0.005
V3_AMB_0426,AMBIGUOUS,A1,BODY_ELECTRONICS,B4_Contextual_Embedding,LOW,0.0,0.0,0.0,0.0,1.0,0.7917,1.0,2.0
V3_AMB_0426,AMBIGUOUS,A1,BODY_ELECTRONICS,B5_AURA_Hybrid,LOW,0.0,1.0,1.0,1.0,0.0,0.7917,1.0,2.509
V3_AMB_0427,AMBIGUOUS,A2,BODY_ELECTRONICS,B0_Full_Suite,LOW,0.0,0.0,0.0,0.0,1.0,0.0,1.0,0.1
V3_AMB_0427,AMBIGUOUS,A2,BODY_ELECTRONICS,B1_Keyword,LOW,0.0,0.0,0.0,0.0,1.0,0.875,1.0,1.16
V3_AMB_0427,AMBIGUOUS,A2,BODY_ELECTRONICS,B2_Raw_Embedding,LOW,0.0,0.0,0.0,0.0,1.0,0.7917,1.0,1.379
V3_AMB_0427,AMBIGUOUS,A2,BODY_ELECTRONICS,B3_Graph_Only,LOW,0.0,1.0,1.0,1.0,0.0,1.0,1.0,0.006
V3_AMB_0427,AMBIGUOUS,A2,BODY_ELECTRONICS,B4_Contextual_Embedding,LOW,0.0,0.0,0.0,0.0,1.0,0.8333,1.0,1.721
V3_AMB_0427,AMBIGUOUS,A2,BODY_ELECTRONICS,B5_AURA_Hybrid,LOW,0.0,1.0,1.0,1.0,0.0,0.8333,1.0,2.006
V3_AMB_0428,AMBIGUOUS,A3,BODY_ELECTRONICS,B0_Full_Suite,LOW,0.0,0.0,0.0,0.0,1.0,0.0,1.0,0.1
V3_AMB_0428,AMBIGUOUS,A3,BODY_ELECTRONICS,B1_Keyword,LOW,0.0,0.0,0.0,0.0,1.0,0.875,1.0,1.196
V3_AMB_0428,AMBIGUOUS,A3,BODY_ELECTRONICS,B2_Raw_Embedding,LOW,0.0,0.0,0.0,0.0,1.0,0.7917,1.0,1.398
V3_AMB_0428,AMBIGUOUS,A3,BODY_ELECTRONICS,B3_Graph_Only,LOW,0.0,1.0,1.0,1.0,0.0,1.0,1.0,0.006
V3_AMB_0428,AMBIGUOUS,A3,BODY_ELECTRONICS,B4_Contextual_Embedding,LOW,0.0,0.0,0.0,0.0,1.0,0.7917,1.0,96.18
V3_AMB_0428,AMBIGUOUS,A3,BODY_ELECTRONICS,B5_AURA_Hybrid,LOW,0.0,1.0,1.0,1.0,0.0,0.7917,1.0,2.525
V3_AMB_0429,AMBIGUOUS,A4,BODY_ELECTRONICS,B0_Full_Suite,LOW,0.0,0.0,0.0,0.0,1.0,0.0,1.0,0.1
V3_AMB_0429,AMBIGUOUS,A4,BODY_ELECTRONICS,B1_Keyword,LOW,0.0,0.0,0.0,0.0,1.0,0.875,1.0,1.43
V3_AMB_0429,AMBIGUOUS,A4,BODY_ELECTRONICS,B2_Raw_Embedding,LOW,0.0,0.0,0.0,0.0,1.0,0.7917,1.0,1.534
V3_AMB_0429,AMBIGUOUS,A4,BODY_ELECTRONICS,B3_Graph_Only,LOW,0.0,1.0,1.0,1.0,0.0,1.0,1.0,0.008
V3_AMB_0429,AMBIGUOUS,A4,BODY_ELECTRONICS,B4_Contextual_Embedding,LOW,0.0,0.0,0.0,0.0,1.0,0.8333,1.0,2.207
V3_AMB_0429,AMBIGUOUS,A4,BODY_ELECTRONICS,B5_AURA_Hybrid,LOW,0.0,1.0,1.0,1.0,0.0,0.8333,1.0,1.923
V3_AMB_0430,AMBIGUOUS,A5,BODY_ELECTRONICS,B0_Full_Suite,LOW,0.0,0.0,0.0,0.0,1.0,0.0,1.0,0.1
V3_AMB_0430,AMBIGUOUS,A5,BODY_ELECTRONICS,B1_Keyword,LOW,0.0,0.0,0.0,0.0,1.0,0.875,1.0,1.316
V3_AMB_0430,AMBIGUOUS,A5,BODY_ELECTRONICS,B2_Raw_Embedding,LOW,0.0,0.0,0.0,0.0,1.0,0.7917,1.0,1.748
V3_AMB_0430,AMBIGUOUS,A5,BODY_ELECTRONICS,B3_Graph_Only,LOW,0.0,1.0,1.0,1.0,0.0,1.0,1.0,0.007
V3_AMB_0430,AMBIGUOUS,A5,BODY_ELECTRONICS,B4_Contextual_Embedding,LOW,0.0,0.0,0.0,0.0,1.0,0.7917,1.0,2.463
V3_AMB_0430,AMBIGUOUS,A5,BODY_ELECTRONICS,B5_AURA_Hybrid,LOW,0.0,1.0,1.0,1.0,0.0,0.7917,1.0,2.131
V3_AMB_0431,AMBIGUOUS,A1,ADAS,B0_Full_Suite,LOW,0.0,0.0,0.0,0.0,1.0,0.0,1.0,0.1
V3_AMB_0431,AMBIGUOUS,A1,ADAS,B1_Keyword,LOW,0.0,0.0,0.0,0.0,1.0,0.9059,1.0,1.303
V3_AMB_0431,AMBIGUOUS,A1,ADAS,B2_Raw_Embedding,LOW,0.0,0.0,0.0,0.0,1.0,0.8824,1.0,1.966
V3_AMB_0431,AMBIGUOUS,A1,ADAS,B3_Graph_Only,LOW,0.0,1.0,1.0,1.0,0.0,1.0,1.0,0.007
V3_AMB_0431,AMBIGUOUS,A1,ADAS,B4_Contextual_Embedding,LOW,0.0,0.0,0.0,0.0,1.0,0.8824,1.0,2.558
V3_AMB_0431,AMBIGUOUS,A1,ADAS,B5_AURA_Hybrid,LOW,0.0,1.0,1.0,1.0,0.0,0.8824,1.0,2.846
V3_AMB_0432,AMBIGUOUS,A2,ADAS,B0_Full_Suite,LOW,0.0,0.0,0.0,0.0,1.0,0.0,1.0,0.1
V3_AMB_0432,AMBIGUOUS,A2,ADAS,B1_Keyword,LOW,0.0,1.0,1.0,1.0,0.0,1.0,1.0,1.287
V3_AMB_0432,AMBIGUOUS,A2,ADAS,B2_Raw_Embedding,LOW,0.0,0.0,0.0,0.0,1.0,0.8824,1.0,2.567
V3_AMB_0432,AMBIGUOUS,A2,ADAS,B3_Graph_Only,LOW,0.0,1.0,1.0,1.0,0.0,1.0,1.0,0.007
V3_AMB_0432,AMBIGUOUS,A2,ADAS,B4_Contextual_Embedding,LOW,0.0,0.0,0.0,0.0,1.0,0.8824,1.0,2.614
V3_AMB_0432,AMBIGUOUS,A2,ADAS,B5_AURA_Hybrid,LOW,0.0,1.0,1.0,1.0,0.0,0.8824,1.0,2.575
V3_AMB_0433,AMBIGUOUS,A3,ADAS,B0_Full_Suite,LOW,0.0,0.0,0.0,0.0,1.0,0.0,1.0,0.1
V3_AMB_0433,AMBIGUOUS,A3,ADAS,B1_Keyword,LOW,0.0,1.0,1.0,1.0,0.0,1.0,1.0,1.657
V3_AMB_0433,AMBIGUOUS,A3,ADAS,B2_Raw_Embedding,LOW,0.0,0.0,0.0,0.0,1.0,0.8824,1.0,1.839
V3_AMB_0433,AMBIGUOUS,A3,ADAS,B3_Graph_Only,LOW,0.0,1.0,1.0,1.0,0.0,1.0,1.0,0.012
V3_AMB_0433,AMBIGUOUS,A3,ADAS,B4_Contextual_Embedding,LOW,0.0,0.0,0.0,0.0,1.0,0.8824,1.0,2.691
V3_AMB_0433,AMBIGUOUS,A3,ADAS,B5_AURA_Hybrid,LOW,0.0,1.0,1.0,1.0,0.0,0.8824,1.0,2.56
V3_AMB_0434,AMBIGUOUS,A4,ADAS,B0_Full_Suite,LOW,0.0,0.0,0.0,0.0,1.0,0.0,1.0,0.1
V3_AMB_0434,AMBIGUOUS,A4,ADAS,B1_Keyword,LOW,0.0,0.0,0.0,0.0,1.0,0.3176,1.0,1.333
V3_AMB_0434,AMBIGUOUS,A4,ADAS,B2_Raw_Embedding,LOW,0.0,0.0,0.0,0.0,1.0,0.8824,1.0,1.783
V3_AMB_0434,AMBIGUOUS,A4,ADAS,B3_Graph_Only,LOW,0.0,1.0,1.0,1.0,0.0,1.0,1.0,0.009
V3_AMB_0434,AMBIGUOUS,A4,ADAS,B4_Contextual_Embedding,LOW,0.0,0.0,0.0,0.0,1.0,0.8824,1.0,2.408
V3_AMB_0434,AMBIGUOUS,A4,ADAS,B5_AURA_Hybrid,LOW,0.0,1.0,1.0,1.0,0.0,0.8824,1.0,2.907
V3_AMB_0435,AMBIGUOUS,A5,ADAS,B0_Full_Suite,LOW,0.0,0.0,0.0,0.0,1.0,0.0,1.0,0.1
V3_AMB_0435,AMBIGUOUS,A5,ADAS,B1_Keyword,LOW,0.0,1.0,1.0,1.0,0.0,1.0,1.0,1.27
V3_AMB_0435,AMBIGUOUS,A5,ADAS,B2_Raw_Embedding,LOW,0.0,0.0,0.0,0.0,1.0,0.8941,1.0,1.801
V3_AMB_0435,AMBIGUOUS,A5,ADAS,B3_Graph_Only,LOW,0.0,1.0,1.0,1.0,0.0,1.0,1.0,0.006
V3_AMB_0435,AMBIGUOUS,A5,ADAS,B4_Contextual_Embedding,LOW,0.0,0.0,0.0,0.0,1.0,0.8824,1.0,2.427
V3_AMB_0435,AMBIGUOUS,A5,ADAS,B5_AURA_Hybrid,LOW,0.0,1.0,1.0,1.0,0.0,0.8824,1.0,2.624
V3_AMB_0436,AMBIGUOUS,A1,POWERTRAIN,B0_Full_Suite,LOW,0.0,0.0,0.0,0.0,1.0,0.0,1.0,0.1
V3_AMB_0436,AMBIGUOUS,A1,POWERTRAIN,B1_Keyword,LOW,0.0,0.0,0.0,0.0,1.0,0.9875,1.0,1.265
V3_AMB_0436,AMBIGUOUS,A1,POWERTRAIN,B2_Raw_Embedding,LOW,0.0,0.0,0.0,0.0,1.0,0.9,1.0,1.823
V3_AMB_0436,AMBIGUOUS,A1,POWERTRAIN,B3_Graph_Only,LOW,0.0,1.0,1.0,1.0,0.0,1.0,1.0,0.006
V3_AMB_0436,AMBIGUOUS,A1,POWERTRAIN,B4_Contextual_Embedding,LOW,0.0,0.0,0.0,0.0,1.0,0.875,1.0,2.25
V3_AMB_0436,AMBIGUOUS,A1,POWERTRAIN,B5_AURA_Hybrid,LOW,0.0,1.0,1.0,1.0,0.0,0.875,1.0,2.375
V3_AMB_0437,AMBIGUOUS,A2,POWERTRAIN,B0_Full_Suite,LOW,0.0,0.0,0.0,0.0,1.0,0.0,1.0,0.1
V3_AMB_0437,AMBIGUOUS,A2,POWERTRAIN,B1_Keyword,LOW,0.0,0.0,0.0,0.0,1.0,0.9,1.0,1.241
V3_AMB_0437,AMBIGUOUS,A2,POWERTRAIN,B2_Raw_Embedding,LOW,0.0,0.0,0.0,0.0,1.0,0.875,1.0,1.838
V3_AMB_0437,AMBIGUOUS,A2,POWERTRAIN,B3_Graph_Only,LOW,0.0,1.0,1.0,1.0,0.0,1.0,1.0,0.007
V3_AMB_0437,AMBIGUOUS,A2,POWERTRAIN,B4_Contextual_Embedding,LOW,0.0,0.0,0.0,0.0,1.0,0.875,1.0,2.896
V3_AMB_0437,AMBIGUOUS,A2,POWERTRAIN,B5_AURA_Hybrid,LOW,0.0,1.0,1.0,1.0,0.0,0.875,1.0,2.824
V3_AMB_0438,AMBIGUOUS,A3,POWERTRAIN,B0_Full_Suite,LOW,0.0,0.0,0.0,0.0,1.0,0.0,1.0,0.1
V3_AMB_0438,AMBIGUOUS,A3,POWERTRAIN,B1_Keyword,LOW,0.0,0.0,0.0,0.0,1.0,0.9875,1.0,1.342
V3_AMB_0438,AMBIGUOUS,A3,POWERTRAIN,B2_Raw_Embedding,LOW,0.0,0.0,0.0,0.0,1.0,0.875,1.0,2.55
V3_AMB_0438,AMBIGUOUS,A3,POWERTRAIN,B3_Graph_Only,LOW,0.0,1.0,1.0,1.0,0.0,1.0,1.0,0.006
V3_AMB_0438,AMBIGUOUS,A3,POWERTRAIN,B4_Contextual_Embedding,LOW,0.0,0.0,0.0,0.0,1.0,0.9125,1.0,2.199
V3_AMB_0438,AMBIGUOUS,A3,POWERTRAIN,B5_AURA_Hybrid,LOW,0.0,1.0,1.0,1.0,0.0,0.9125,1.0,3.049
V3_AMB_0439,AMBIGUOUS,A4,POWERTRAIN,B0_Full_Suite,LOW,0.0,0.0,0.0,0.0,1.0,0.0,1.0,0.1
V3_AMB_0439,AMBIGUOUS,A4,POWERTRAIN,B1_Keyword,LOW,0.0,0.0,0.0,0.0,1.0,0.9875,1.0,1.391
V3_AMB_0439,AMBIGUOUS,A4,POWERTRAIN,B2_Raw_Embedding,LOW,0.0,0.0,0.0,0.0,1.0,0.875,1.0,1.717
V3_AMB_0439,AMBIGUOUS,A4,POWERTRAIN,B3_Graph_Only,LOW,0.0,1.0,1.0,1.0,0.0,1.0,1.0,0.007
V3_AMB_0439,AMBIGUOUS,A4,POWERTRAIN,B4_Contextual_Embedding,LOW,0.0,0.0,0.0,0.0,1.0,0.875,1.0,2.166
V3_AMB_0439,AMBIGUOUS,A4,POWERTRAIN,B5_AURA_Hybrid,LOW,0.0,1.0,1.0,1.0,0.0,0.875,1.0,2.316
V3_AMB_0440,AMBIGUOUS,A5,POWERTRAIN,B0_Full_Suite,LOW,0.0,0.0,0.0,0.0,1.0,0.0,1.0,0.1
V3_AMB_0440,AMBIGUOUS,A5,POWERTRAIN,B1_Keyword,LOW,0.0,0.0,0.0,0.0,1.0,0.9875,1.0,1.171
V3_AMB_0440,AMBIGUOUS,A5,POWERTRAIN,B2_Raw_Embedding,LOW,0.0,0.0,0.0,0.0,1.0,0.875,1.0,1.62
V3_AMB_0440,AMBIGUOUS,A5,POWERTRAIN,B3_Graph_Only,LOW,0.0,1.0,1.0,1.0,0.0,1.0,1.0,0.008
V3_AMB_0440,AMBIGUOUS,A5,POWERTRAIN,B4_Contextual_Embedding,LOW,0.0,0.0,0.0,0.0,1.0,0.875,1.0,2.124
V3_AMB_0440,AMBIGUOUS,A5,POWERTRAIN,B5_AURA_Hybrid,LOW,0.0,1.0,1.0,1.0,0.0,0.875,1.0,2.819
V3_AMB_0441,AMBIGUOUS,A1,BATTERY_EV,B0_Full_Suite,LOW,0.0,0.0,0.0,0.0,1.0,0.0,1.0,0.1
V3_AMB_0441,AMBIGUOUS,A1,BATTERY_EV,B1_Keyword,LOW,0.0,0.0,0.0,0.0,1.0,0.9875,1.0,1.167
V3_AMB_0441,AMBIGUOUS,A1,BATTERY_EV,B2_Raw_Embedding,LOW,0.0,0.0,0.0,0.0,1.0,0.875,1.0,2.469
V3_AMB_0441,AMBIGUOUS,A1,BATTERY_EV,B3_Graph_Only,LOW,0.0,1.0,1.0,1.0,0.0,1.0,1.0,0.007
V3_AMB_0441,AMBIGUOUS,A1,BATTERY_EV,B4_Contextual_Embedding,LOW,0.0,0.0,0.0,0.0,1.0,0.875,1.0,2.499
V3_AMB_0441,AMBIGUOUS,A1,BATTERY_EV,B5_AURA_Hybrid,LOW,0.0,1.0,1.0,1.0,0.0,0.875,1.0,13.69
V3_AMB_0442,AMBIGUOUS,A2,BATTERY_EV,B0_Full_Suite,LOW,0.0,0.0,0.0,0.0,1.0,0.0,1.0,0.1
V3_AMB_0442,AMBIGUOUS,A2,BATTERY_EV,B1_Keyword,LOW,0.0,0.0,0.0,0.0,1.0,0.9875,1.0,24.074
V3_AMB_0442,AMBIGUOUS,A2,BATTERY_EV,B2_Raw_Embedding,LOW,0.0,0.0,0.0,0.0,1.0,0.8875,1.0,11.412
V3_AMB_0442,AMBIGUOUS,A2,BATTERY_EV,B3_Graph_Only,LOW,0.0,1.0,1.0,1.0,0.0,1.0,1.0,0.011
V3_AMB_0442,AMBIGUOUS,A2,BATTERY_EV,B4_Contextual_Embedding,LOW,0.0,0.0,0.0,0.0,1.0,0.875,1.0,44.08
V3_AMB_0442,AMBIGUOUS,A2,BATTERY_EV,B5_AURA_Hybrid,LOW,0.0,1.0,1.0,1.0,0.0,0.875,1.0,4.093
V3_AMB_0443,AMBIGUOUS,A3,BATTERY_EV,B0_Full_Suite,LOW,0.0,0.0,0.0,0.0,1.0,0.0,1.0,0.1
V3_AMB_0443,AMBIGUOUS,A3,BATTERY_EV,B1_Keyword,LOW,0.0,0.0,0.0,0.0,1.0,0.9875,1.0,2.947
V3_AMB_0443,AMBIGUOUS,A3,BATTERY_EV,B2_Raw_Embedding,LOW,0.0,0.0,0.0,0.0,1.0,0.875,1.0,1.552
V3_AMB_0443,AMBIGUOUS,A3,BATTERY_EV,B3_Graph_Only,LOW,0.0,1.0,1.0,1.0,0.0,1.0,1.0,0.007
V3_AMB_0443,AMBIGUOUS,A3,BATTERY_EV,B4_Contextual_Embedding,LOW,0.0,0.0,0.0,0.0,1.0,0.875,1.0,2.05
V3_AMB_0443,AMBIGUOUS,A3,BATTERY_EV,B5_AURA_Hybrid,LOW,0.0,1.0,1.0,1.0,0.0,0.875,1.0,2.204
V3_AMB_0444,AMBIGUOUS,A4,BATTERY_EV,B0_Full_Suite,LOW,0.0,0.0,0.0,0.0,1.0,0.0,1.0,0.1
V3_AMB_0444,AMBIGUOUS,A4,BATTERY_EV,B1_Keyword,LOW,0.0,0.0,0.0,0.0,1.0,0.9875,1.0,1.977
V3_AMB_0444,AMBIGUOUS,A4,BATTERY_EV,B2_Raw_Embedding,LOW,0.0,0.0,0.0,0.0,1.0,0.875,1.0,1.989
V3_AMB_0444,AMBIGUOUS,A4,BATTERY_EV,B3_Graph_Only,LOW,0.0,1.0,1.0,1.0,0.0,1.0,1.0,0.007
V3_AMB_0444,AMBIGUOUS,A4,BATTERY_EV,B4_Contextual_Embedding,LOW,0.0,0.0,0.0,0.0,1.0,0.875,1.0,4.599
V3_AMB_0444,AMBIGUOUS,A4,BATTERY_EV,B5_AURA_Hybrid,LOW,0.0,1.0,1.0,1.0,0.0,0.875,1.0,2.481
V3_AMB_0445,AMBIGUOUS,A5,BATTERY_EV,B0_Full_Suite,LOW,0.0,0.0,0.0,0.0,1.0,0.0,1.0,0.1
V3_AMB_0445,AMBIGUOUS,A5,BATTERY_EV,B1_Keyword,LOW,0.0,0.0,0.0,0.0,1.0,0.9875,1.0,1.336
V3_AMB_0445,AMBIGUOUS,A5,BATTERY_EV,B2_Raw_Embedding,LOW,0.0,0.0,0.0,0.0,1.0,0.875,1.0,1.8
V3_AMB_0445,AMBIGUOUS,A5,BATTERY_EV,B3_Graph_Only,LOW,0.0,1.0,1.0,1.0,0.0,1.0,1.0,0.003
V3_AMB_0445,AMBIGUOUS,A5,BATTERY_EV,B4_Contextual_Embedding,LOW,0.0,0.0,0.0,0.0,1.0,0.875,1.0,1.757
V3_AMB_0445,AMBIGUOUS,A5,BATTERY_EV,B5_AURA_Hybrid,LOW,0.0,1.0,1.0,1.0,0.0,0.875,1.0,2.452
V3_AMB_0446,AMBIGUOUS,A1,BODY_ELECTRONICS,B0_Full_Suite,LOW,0.0,0.0,0.0,0.0,1.0,0.0,1.0,0.1
V3_AMB_0446,AMBIGUOUS,A1,BODY_ELECTRONICS,B1_Keyword,LOW,0.0,0.0,0.0,0.0,1.0,0.8333,1.0,1.546
V3_AMB_0446,AMBIGUOUS,A1,BODY_ELECTRONICS,B2_Raw_Embedding,LOW,0.0,0.0,0.0,0.0,1.0,0.7917,1.0,1.799
V3_AMB_0446,AMBIGUOUS,A1,BODY_ELECTRONICS,B3_Graph_Only,LOW,0.0,1.0,1.0,1.0,0.0,1.0,1.0,0.003
V3_AMB_0446,AMBIGUOUS,A1,BODY_ELECTRONICS,B4_Contextual_Embedding,LOW,0.0,0.0,0.0,0.0,1.0,0.7917,1.0,2.072
V3_AMB_0446,AMBIGUOUS,A1,BODY_ELECTRONICS,B5_AURA_Hybrid,LOW,0.0,1.0,1.0,1.0,0.0,0.7917,1.0,2.052
V3_AMB_0447,AMBIGUOUS,A2,BODY_ELECTRONICS,B0_Full_Suite,LOW,0.0,0.0,0.0,0.0,1.0,0.0,1.0,0.1
V3_AMB_0447,AMBIGUOUS,A2,BODY_ELECTRONICS,B1_Keyword,LOW,0.0,0.0,0.0,0.0,1.0,0.8333,1.0,1.159
V3_AMB_0447,AMBIGUOUS,A2,BODY_ELECTRONICS,B2_Raw_Embedding,LOW,0.0,0.0,0.0,0.0,1.0,0.7917,1.0,1.403
V3_AMB_0447,AMBIGUOUS,A2,BODY_ELECTRONICS,B3_Graph_Only,LOW,0.0,1.0,1.0,1.0,0.0,1.0,1.0,0.005
V3_AMB_0447,AMBIGUOUS,A2,BODY_ELECTRONICS,B4_Contextual_Embedding,LOW,0.0,0.0,0.0,0.0,1.0,0.8333,1.0,1.794
V3_AMB_0447,AMBIGUOUS,A2,BODY_ELECTRONICS,B5_AURA_Hybrid,LOW,0.0,1.0,1.0,1.0,0.0,0.8333,1.0,1.939
V3_AMB_0448,AMBIGUOUS,A3,BODY_ELECTRONICS,B0_Full_Suite,LOW,0.0,0.0,0.0,0.0,1.0,0.0,1.0,0.1
V3_AMB_0448,AMBIGUOUS,A3,BODY_ELECTRONICS,B1_Keyword,LOW,0.0,0.0,0.0,0.0,1.0,0.6667,1.0,1.448
V3_AMB_0448,AMBIGUOUS,A3,BODY_ELECTRONICS,B2_Raw_Embedding,LOW,0.0,0.0,0.0,0.0,1.0,0.7917,1.0,1.248
V3_AMB_0448,AMBIGUOUS,A3,BODY_ELECTRONICS,B3_Graph_Only,LOW,0.0,1.0,1.0,1.0,0.0,1.0,1.0,0.006
V3_AMB_0448,AMBIGUOUS,A3,BODY_ELECTRONICS,B4_Contextual_Embedding,LOW,0.0,0.0,0.0,0.0,1.0,0.7917,1.0,1.791
V3_AMB_0448,AMBIGUOUS,A3,BODY_ELECTRONICS,B5_AURA_Hybrid,LOW,0.0,1.0,1.0,1.0,0.0,0.7917,1.0,2.213
V3_AMB_0449,AMBIGUOUS,A4,BODY_ELECTRONICS,B0_Full_Suite,LOW,0.0,0.0,0.0,0.0,1.0,0.0,1.0,0.1
V3_AMB_0449,AMBIGUOUS,A4,BODY_ELECTRONICS,B1_Keyword,LOW,0.0,1.0,1.0,1.0,0.0,1.0,1.0,1.076
V3_AMB_0449,AMBIGUOUS,A4,BODY_ELECTRONICS,B2_Raw_Embedding,LOW,0.0,0.0,0.0,0.0,1.0,0.7917,1.0,1.46
V3_AMB_0449,AMBIGUOUS,A4,BODY_ELECTRONICS,B3_Graph_Only,LOW,0.0,1.0,1.0,1.0,0.0,1.0,1.0,0.007
V3_AMB_0449,AMBIGUOUS,A4,BODY_ELECTRONICS,B4_Contextual_Embedding,LOW,0.0,0.0,0.0,0.0,1.0,0.8333,1.0,14.254
V3_AMB_0449,AMBIGUOUS,A4,BODY_ELECTRONICS,B5_AURA_Hybrid,LOW,0.0,1.0,1.0,1.0,0.0,0.8333,1.0,11.665
V3_AMB_0450,AMBIGUOUS,A5,BODY_ELECTRONICS,B0_Full_Suite,LOW,0.0,0.0,0.0,0.0,1.0,0.0,1.0,0.1
V3_AMB_0450,AMBIGUOUS,A5,BODY_ELECTRONICS,B1_Keyword,LOW,0.0,1.0,1.0,1.0,0.0,1.0,1.0,2.264
V3_AMB_0450,AMBIGUOUS,A5,BODY_ELECTRONICS,B2_Raw_Embedding,LOW,0.0,0.0,0.0,0.0,1.0,0.7917,1.0,5.652
V3_AMB_0450,AMBIGUOUS,A5,BODY_ELECTRONICS,B3_Graph_Only,LOW,0.0,1.0,1.0,1.0,0.0,1.0,1.0,0.009
V3_AMB_0450,AMBIGUOUS,A5,BODY_ELECTRONICS,B4_Contextual_Embedding,LOW,0.0,0.0,0.0,0.0,1.0,0.7917,1.0,18.158
V3_AMB_0450,AMBIGUOUS,A5,BODY_ELECTRONICS,B5_AURA_Hybrid,LOW,0.0,1.0,1.0,1.0,0.0,0.7917,1.0,12.051
