project,mutation_id,change_type,category_name,method,total_tests,selected_tests,true_impacted_tests,selected_impacted_tests,true_safety_tests,selected_safety_tests,hit_count,recall,precision,f1,specificity,test_reduction,safety_recall,false_negatives,latency_ms
ADAS,ADAS_M01_01,M01,Numeric requirement change,Full_Suite,85,85,17,17,2,2,17,1.0,0.2,0.3333,0.0,0.0,1.0,0,0.1
ADAS,ADAS_M01_01,M01,Numeric requirement change,Keyword,85,61,17,14,2,2,14,0.8235,0.2295,0.359,0.3529,0.2824,1.0,3,0.625
ADAS,ADAS_M01_01,M01,Numeric requirement change,Embedding_Only,85,3,17,3,2,2,3,0.1765,1.0,0.3,1.2059,0.9647,1.0,14,0.336
ADAS,ADAS_M01_01,M01,Numeric requirement change,Embedding_Context,85,3,17,3,2,2,3,0.1765,1.0,0.3,1.2059,0.9647,1.0,14,150.723
ADAS,ADAS_M01_01,M01,Numeric requirement change,Graph_Only,85,17,17,17,2,2,17,1.0,1.0,1.0,1.0,0.8,1.0,0,0.122
ADAS,ADAS_M01_01,M01,Numeric requirement change,Hybrid_AURA_Routed,85,17,17,17,2,2,17,1.0,1.0,1.0,1.0,0.8,1.0,0,128.481
ADAS,ADAS_M01_01,M01,Numeric requirement change,Hybrid_AURA_Fixed,85,17,17,17,2,2,17,1.0,1.0,1.0,1.0,0.8,1.0,0,131.616
ADAS,ADAS_M02_01,M02,Threshold change,Full_Suite,85,85,15,15,9,9,15,1.0,0.1765,0.3,0.0,0.0,1.0,0,0.1
ADAS,ADAS_M02_01,M02,Threshold change,Keyword,85,12,15,12,9,9,12,0.8,1.0,0.8889,1.0429,0.8588,1.0,3,0.714
ADAS,ADAS_M02_01,M02,Threshold change,Embedding_Only,85,12,15,12,9,9,12,0.8,1.0,0.8889,1.0429,0.8588,1.0,3,0.378
ADAS,ADAS_M02_01,M02,Threshold change,Embedding_Context,85,12,15,12,9,9,12,0.8,1.0,0.8889,1.0429,0.8588,1.0,3,39.66
ADAS,ADAS_M02_01,M02,Threshold change,Graph_Only,85,15,15,15,9,9,15,1.0,1.0,1.0,1.0,0.8235,1.0,0,0.076
ADAS,ADAS_M02_01,M02,Threshold change,Hybrid_AURA_Routed,85,15,15,15,9,9,15,1.0,1.0,1.0,1.0,0.8235,1.0,0,22.328
ADAS,ADAS_M02_01,M02,Threshold change,Hybrid_AURA_Fixed,85,15,15,15,9,9,15,1.0,1.0,1.0,1.0,0.8235,1.0,0,22.34
ADAS,ADAS_M03_01,M03,Semantic wording change,Full_Suite,85,85,18,18,3,3,18,1.0,0.2118,0.3495,0.0,0.0,1.0,0,0.1
ADAS,ADAS_M03_01,M03,Semantic wording change,Keyword,85,10,18,5,3,3,5,0.2778,0.5,0.3571,1.1194,0.8824,1.0,13,0.706
ADAS,ADAS_M03_01,M03,Semantic wording change,Embedding_Only,85,4,18,4,3,3,4,0.2222,1.0,0.3636,1.209,0.9529,1.0,14,0.396
ADAS,ADAS_M03_01,M03,Semantic wording change,Embedding_Context,85,4,18,4,3,3,4,0.2222,1.0,0.3636,1.209,0.9529,1.0,14,22.638
ADAS,ADAS_M03_01,M03,Semantic wording change,Graph_Only,85,18,18,18,3,3,18,1.0,1.0,1.0,1.0,0.7882,1.0,0,0.088
ADAS,ADAS_M03_01,M03,Semantic wording change,Hybrid_AURA_Routed,85,18,18,18,3,3,18,1.0,1.0,1.0,1.0,0.7882,1.0,0,23.254
ADAS,ADAS_M03_01,M03,Semantic wording change,Hybrid_AURA_Fixed,85,18,18,18,3,3,18,1.0,1.0,1.0,1.0,0.7882,1.0,0,23.035
ADAS,ADAS_M04_01,M04,Requirement synonym replacement,Full_Suite,85,85,18,18,9,9,18,1.0,0.2118,0.3495,0.0,0.0,1.0,0,0.1
ADAS,ADAS_M04_01,M04,Requirement synonym replacement,Keyword,85,9,18,9,9,9,9,0.5,1.0,0.6667,1.1343,0.8941,1.0,9,0.728
ADAS,ADAS_M04_01,M04,Requirement synonym replacement,Embedding_Only,85,9,18,9,9,9,9,0.5,1.0,0.6667,1.1343,0.8941,1.0,9,0.385
ADAS,ADAS_M04_01,M04,Requirement synonym replacement,Embedding_Context,85,9,18,9,9,9,9,0.5,1.0,0.6667,1.1343,0.8941,1.0,9,0.387
ADAS,ADAS_M04_01,M04,Requirement synonym replacement,Graph_Only,85,18,18,18,9,9,18,1.0,1.0,1.0,1.0,0.7882,1.0,0,0.092
ADAS,ADAS_M04_01,M04,Requirement synonym replacement,Hybrid_AURA_Routed,85,18,18,18,9,9,18,1.0,1.0,1.0,1.0,0.7882,1.0,0,0.558
ADAS,ADAS_M04_01,M04,Requirement synonym replacement,Hybrid_AURA_Fixed,85,18,18,18,9,9,18,1.0,1.0,1.0,1.0,0.7882,1.0,0,0.553
ADAS,ADAS_M05_01,M05,Requirement constraint addition,Full_Suite,85,85,17,17,2,2,17,1.0,0.2,0.3333,0.0,0.0,1.0,0,0.1
ADAS,ADAS_M05_01,M05,Requirement constraint addition,Keyword,85,61,17,14,2,2,14,0.8235,0.2295,0.359,0.3529,0.2824,1.0,3,0.493
ADAS,ADAS_M05_01,M05,Requirement constraint addition,Embedding_Only,85,3,17,3,2,2,3,0.1765,1.0,0.3,1.2059,0.9647,1.0,14,0.349
ADAS,ADAS_M05_01,M05,Requirement constraint addition,Embedding_Context,85,3,17,3,2,2,3,0.1765,1.0,0.3,1.2059,0.9647,1.0,14,145.45
ADAS,ADAS_M05_01,M05,Requirement constraint addition,Graph_Only,85,17,17,17,2,2,17,1.0,1.0,1.0,1.0,0.8,1.0,0,0.092
ADAS,ADAS_M05_01,M05,Requirement constraint addition,Hybrid_AURA_Routed,85,17,17,17,2,2,17,1.0,1.0,1.0,1.0,0.8,1.0,0,156.134
ADAS,ADAS_M05_01,M05,Requirement constraint addition,Hybrid_AURA_Fixed,85,17,17,17,2,2,17,1.0,1.0,1.0,1.0,0.8,1.0,0,138.801
ADAS,ADAS_M06_01,M06,ARXML datatype change,Full_Suite,85,85,0,0,0,0,0,1.0,0.0,0.0,0.0,0.0,1.0,0,0.1
ADAS,ADAS_M06_01,M06,ARXML datatype change,Keyword,85,0,0,0,0,0,0,1.0,1.0,1.0,1.0,1.0,1.0,0,0.645
ADAS,ADAS_M06_01,M06,ARXML datatype change,Embedding_Only,85,0,0,0,0,0,0,1.0,1.0,1.0,1.0,1.0,1.0,0,0.484
ADAS,ADAS_M06_01,M06,ARXML datatype change,Embedding_Context,85,0,0,0,0,0,0,1.0,1.0,1.0,1.0,1.0,1.0,0,0.374
ADAS,ADAS_M06_01,M06,ARXML datatype change,Graph_Only,85,0,0,0,0,0,0,1.0,1.0,1.0,1.0,1.0,1.0,0,0.007
ADAS,ADAS_M06_01,M06,ARXML datatype change,Hybrid_AURA_Routed,85,0,0,0,0,0,0,1.0,1.0,1.0,1.0,1.0,1.0,0,0.02
ADAS,ADAS_M06_01,M06,ARXML datatype change,Hybrid_AURA_Fixed,85,0,0,0,0,0,0,1.0,1.0,1.0,1.0,1.0,1.0,0,0.337
ADAS,ADAS_M07_01,M07,ARXML scaling change,Full_Suite,85,85,0,0,0,0,0,1.0,0.0,0.0,0.0,0.0,1.0,0,0.1
ADAS,ADAS_M07_01,M07,ARXML scaling change,Keyword,85,1,0,0,0,0,0,1.0,0.0,0.0,0.0,0.9882,1.0,0,0.416
ADAS,ADAS_M07_01,M07,ARXML scaling change,Embedding_Only,85,0,0,0,0,0,0,1.0,1.0,1.0,1.0,1.0,1.0,0,0.302
ADAS,ADAS_M07_01,M07,ARXML scaling change,Embedding_Context,85,0,0,0,0,0,0,1.0,1.0,1.0,1.0,1.0,1.0,0,0.301
ADAS,ADAS_M07_01,M07,ARXML scaling change,Graph_Only,85,0,0,0,0,0,0,1.0,1.0,1.0,1.0,1.0,1.0,0,0.006
ADAS,ADAS_M07_01,M07,ARXML scaling change,Hybrid_AURA_Routed,85,0,0,0,0,0,0,1.0,1.0,1.0,1.0,1.0,1.0,0,0.017
ADAS,ADAS_M07_01,M07,ARXML scaling change,Hybrid_AURA_Fixed,85,0,0,0,0,0,0,1.0,1.0,1.0,1.0,1.0,1.0,0,0.3
ADAS,ADAS_M08_01,M08,Interface field change,Full_Suite,85,85,0,0,0,0,0,1.0,0.0,0.0,0.0,0.0,1.0,0,0.1
ADAS,ADAS_M08_01,M08,Interface field change,Keyword,85,0,0,0,0,0,0,1.0,1.0,1.0,1.0,1.0,1.0,0,0.404
ADAS,ADAS_M08_01,M08,Interface field change,Embedding_Only,85,0,0,0,0,0,0,1.0,1.0,1.0,1.0,1.0,1.0,0,0.3
ADAS,ADAS_M08_01,M08,Interface field change,Embedding_Context,85,0,0,0,0,0,0,1.0,1.0,1.0,1.0,1.0,1.0,0,0.333
ADAS,ADAS_M08_01,M08,Interface field change,Graph_Only,85,0,0,0,0,0,0,1.0,1.0,1.0,1.0,1.0,1.0,0,0.007
ADAS,ADAS_M08_01,M08,Interface field change,Hybrid_AURA_Routed,85,0,0,0,0,0,0,1.0,1.0,1.0,1.0,1.0,1.0,0,0.019
ADAS,ADAS_M08_01,M08,Interface field change,Hybrid_AURA_Fixed,85,0,0,0,0,0,0,1.0,1.0,1.0,1.0,1.0,1.0,0,0.438
ADAS,ADAS_M09_01,M09,Interface version change,Full_Suite,85,85,0,0,0,0,0,1.0,0.0,0.0,0.0,0.0,1.0,0,0.1
ADAS,ADAS_M09_01,M09,Interface version change,Keyword,85,1,0,0,0,0,0,1.0,0.0,0.0,0.0,0.9882,1.0,0,0.413
ADAS,ADAS_M09_01,M09,Interface version change,Embedding_Only,85,0,0,0,0,0,0,1.0,1.0,1.0,1.0,1.0,1.0,0,0.323
ADAS,ADAS_M09_01,M09,Interface version change,Embedding_Context,85,0,0,0,0,0,0,1.0,1.0,1.0,1.0,1.0,1.0,0,0.288
ADAS,ADAS_M09_01,M09,Interface version change,Graph_Only,85,0,0,0,0,0,0,1.0,1.0,1.0,1.0,1.0,1.0,0,0.006
ADAS,ADAS_M09_01,M09,Interface version change,Hybrid_AURA_Routed,85,0,0,0,0,0,0,1.0,1.0,1.0,1.0,1.0,1.0,0,0.016
ADAS,ADAS_M09_01,M09,Interface version change,Hybrid_AURA_Fixed,85,0,0,0,0,0,0,1.0,1.0,1.0,1.0,1.0,1.0,0,0.298
ADAS,ADAS_M10_01,M10,C function signature change,Full_Suite,85,85,18,18,0,0,18,1.0,0.2118,0.3495,0.0,0.0,1.0,0,0.1
ADAS,ADAS_M10_01,M10,C function signature change,Keyword,85,2,18,1,0,0,1,0.0556,0.5,0.1,1.2388,0.9765,1.0,17,0.474
ADAS,ADAS_M10_01,M10,C function signature change,Embedding_Only,85,1,18,1,0,0,1,0.0556,1.0,0.1053,1.2537,0.9882,1.0,17,0.303
ADAS,ADAS_M10_01,M10,C function signature change,Embedding_Context,85,1,18,1,0,0,1,0.0556,1.0,0.1053,1.2537,0.9882,1.0,17,0.305
ADAS,ADAS_M10_01,M10,C function signature change,Graph_Only,85,18,18,18,0,0,18,1.0,1.0,1.0,1.0,0.7882,1.0,0,0.107
ADAS,ADAS_M10_01,M10,C function signature change,Hybrid_AURA_Routed,85,18,18,18,0,0,18,1.0,1.0,1.0,1.0,0.7882,1.0,0,0.211
ADAS,ADAS_M10_01,M10,C function signature change,Hybrid_AURA_Fixed,85,18,18,18,0,0,18,1.0,1.0,1.0,1.0,0.7882,1.0,0,0.54
ADAS,ADAS_M11_01,M11,C constant change,Full_Suite,85,85,18,18,11,11,18,1.0,0.2118,0.3495,0.0,0.0,1.0,0,0.1
ADAS,ADAS_M11_01,M11,C constant change,Keyword,85,12,18,11,11,11,11,0.6111,0.9167,0.7333,1.0896,0.8588,1.0,7,0.379
ADAS,ADAS_M11_01,M11,C constant change,Embedding_Only,85,11,18,11,11,11,11,0.6111,1.0,0.7586,1.1045,0.8706,1.0,7,0.301
ADAS,ADAS_M11_01,M11,C constant change,Embedding_Context,85,11,18,11,11,11,11,0.6111,1.0,0.7586,1.1045,0.8706,1.0,7,0.299
ADAS,ADAS_M11_01,M11,C constant change,Graph_Only,85,18,18,18,11,11,18,1.0,1.0,1.0,1.0,0.7882,1.0,0,0.1
ADAS,ADAS_M11_01,M11,C constant change,Hybrid_AURA_Routed,85,18,18,18,11,11,18,1.0,1.0,1.0,1.0,0.7882,1.0,0,0.206
ADAS,ADAS_M11_01,M11,C constant change,Hybrid_AURA_Fixed,85,18,18,18,11,11,18,1.0,1.0,1.0,1.0,0.7882,1.0,0,0.553
ADAS,ADAS_M12_01,M12,Function dependency change,Full_Suite,85,85,0,0,0,0,0,1.0,0.0,0.0,0.0,0.0,1.0,0,0.1
ADAS,ADAS_M12_01,M12,Function dependency change,Keyword,85,8,0,0,0,0,0,1.0,0.0,0.0,0.0,0.9059,1.0,0,0.395
ADAS,ADAS_M12_01,M12,Function dependency change,Embedding_Only,85,0,0,0,0,0,0,1.0,1.0,1.0,1.0,1.0,1.0,0,0.286
ADAS,ADAS_M12_01,M12,Function dependency change,Embedding_Context,85,0,0,0,0,0,0,1.0,1.0,1.0,1.0,1.0,1.0,0,5.45
ADAS,ADAS_M12_01,M12,Function dependency change,Graph_Only,85,0,0,0,0,0,0,1.0,1.0,1.0,1.0,1.0,1.0,0,0.007
ADAS,ADAS_M12_01,M12,Function dependency change,Hybrid_AURA_Routed,85,0,0,0,0,0,0,1.0,1.0,1.0,1.0,1.0,1.0,0,0.017
ADAS,ADAS_M12_01,M12,Function dependency change,Hybrid_AURA_Fixed,85,0,0,0,0,0,0,1.0,1.0,1.0,1.0,1.0,1.0,0,5.782
ADAS,ADAS_M13_01,M13,Variable dependency change,Full_Suite,85,85,0,0,0,0,0,1.0,0.0,0.0,0.0,0.0,1.0,0,0.1
ADAS,ADAS_M13_01,M13,Variable dependency change,Keyword,85,1,0,0,0,0,0,1.0,0.0,0.0,0.0,0.9882,1.0,0,0.522
ADAS,ADAS_M13_01,M13,Variable dependency change,Embedding_Only,85,0,0,0,0,0,0,1.0,1.0,1.0,1.0,1.0,1.0,0,0.348
ADAS,ADAS_M13_01,M13,Variable dependency change,Embedding_Context,85,0,0,0,0,0,0,1.0,1.0,1.0,1.0,1.0,1.0,0,7.313
ADAS,ADAS_M13_01,M13,Variable dependency change,Graph_Only,85,0,0,0,0,0,0,1.0,1.0,1.0,1.0,1.0,1.0,0,0.007
ADAS,ADAS_M13_01,M13,Variable dependency change,Hybrid_AURA_Routed,85,0,0,0,0,0,0,1.0,1.0,1.0,1.0,1.0,1.0,0,0.023
ADAS,ADAS_M13_01,M13,Variable dependency change,Hybrid_AURA_Fixed,85,0,0,0,0,0,0,1.0,1.0,1.0,1.0,1.0,1.0,0,18.154
ADAS,ADAS_M14_01,M14,Test requirement modification,Full_Suite,85,85,22,22,3,3,22,1.0,0.2588,0.4112,0.0,0.0,1.0,0,0.1
ADAS,ADAS_M14_01,M14,Test requirement modification,Keyword,85,37,22,10,3,3,10,0.4545,0.2703,0.339,0.7619,0.5647,1.0,12,0.557
ADAS,ADAS_M14_01,M14,Test requirement modification,Embedding_Only,85,4,22,4,3,3,4,0.1818,1.0,0.3077,1.2857,0.9529,1.0,18,0.318
ADAS,ADAS_M14_01,M14,Test requirement modification,Embedding_Context,85,4,22,4,3,3,4,0.1818,1.0,0.3077,1.2857,0.9529,1.0,18,210.891
ADAS,ADAS_M14_01,M14,Test requirement modification,Graph_Only,85,22,22,22,3,3,22,1.0,1.0,1.0,1.0,0.7412,1.0,0,0.113
ADAS,ADAS_M14_01,M14,Test requirement modification,Hybrid_AURA_Routed,85,22,22,22,3,3,22,1.0,1.0,1.0,1.0,0.7412,1.0,0,0.263
ADAS,ADAS_M14_01,M14,Test requirement modification,Hybrid_AURA_Fixed,85,22,22,22,3,3,22,1.0,1.0,1.0,1.0,0.7412,1.0,0,227.485
ADAS,ADAS_M15_01,M15,Unrelated/no-impact change,Full_Suite,85,85,0,0,0,0,0,1.0,0.0,0.0,0.0,0.0,1.0,0,0.1
ADAS,ADAS_M15_01,M15,Unrelated/no-impact change,Keyword,85,1,0,0,0,0,0,1.0,0.0,0.0,0.0,0.9882,1.0,0,0.61
ADAS,ADAS_M15_01,M15,Unrelated/no-impact change,Embedding_Only,85,1,0,0,0,0,0,1.0,0.0,0.0,0.0,0.9882,1.0,0,0.389
ADAS,ADAS_M15_01,M15,Unrelated/no-impact change,Embedding_Context,85,1,0,0,0,0,0,1.0,0.0,0.0,0.0,0.9882,1.0,0,0.346
ADAS,ADAS_M15_01,M15,Unrelated/no-impact change,Graph_Only,85,17,0,0,0,0,0,1.0,0.0,0.0,0.0,0.8,1.0,0,0.094
ADAS,ADAS_M15_01,M15,Unrelated/no-impact change,Hybrid_AURA_Routed,85,0,0,0,0,0,0,1.0,1.0,1.0,1.0,1.0,1.0,0,0.007
ADAS,ADAS_M15_01,M15,Unrelated/no-impact change,Hybrid_AURA_Fixed,85,17,0,0,0,0,0,1.0,0.0,0.0,0.0,0.8,1.0,0,0.55
ADAS,ADAS_M16_01,M16,Indirect dependency change,Full_Suite,85,85,18,18,4,4,18,1.0,0.2118,0.3495,0.0,0.0,1.0,0,0.1
ADAS,ADAS_M16_01,M16,Indirect dependency change,Keyword,85,5,18,5,4,4,5,0.2778,1.0,0.4348,1.194,0.9412,1.0,13,0.39
ADAS,ADAS_M16_01,M16,Indirect dependency change,Embedding_Only,85,5,18,5,4,4,5,0.2778,1.0,0.4348,1.194,0.9412,1.0,13,0.309
ADAS,ADAS_M16_01,M16,Indirect dependency change,Embedding_Context,85,5,18,5,4,4,5,0.2778,1.0,0.4348,1.194,0.9412,1.0,13,4.512
ADAS,ADAS_M16_01,M16,Indirect dependency change,Graph_Only,85,18,18,18,4,4,18,1.0,1.0,1.0,1.0,0.7882,1.0,0,0.092
ADAS,ADAS_M16_01,M16,Indirect dependency change,Hybrid_AURA_Routed,85,18,18,18,4,4,18,1.0,1.0,1.0,1.0,0.7882,1.0,0,0.213
ADAS,ADAS_M16_01,M16,Indirect dependency change,Hybrid_AURA_Fixed,85,18,18,18,4,4,18,1.0,1.0,1.0,1.0,0.7882,1.0,0,4.71
ADAS,ADAS_M17_01,M17,Long-chain dependency change,Full_Suite,85,85,18,18,8,8,18,1.0,0.2118,0.3495,0.0,0.0,1.0,0,0.1
ADAS,ADAS_M17_01,M17,Long-chain dependency change,Keyword,85,85,18,18,8,8,18,1.0,0.2118,0.3495,0.0,0.0,1.0,0,0.49
ADAS,ADAS_M17_01,M17,Long-chain dependency change,Embedding_Only,85,8,18,8,8,8,8,0.4444,1.0,0.6154,1.1493,0.9059,1.0,10,0.324
ADAS,ADAS_M17_01,M17,Long-chain dependency change,Embedding_Context,85,8,18,8,8,8,8,0.4444,1.0,0.6154,1.1493,0.9059,1.0,10,0.319
ADAS,ADAS_M17_01,M17,Long-chain dependency change,Graph_Only,85,18,18,18,8,8,18,1.0,1.0,1.0,1.0,0.7882,1.0,0,0.074
ADAS,ADAS_M17_01,M17,Long-chain dependency change,Hybrid_AURA_Routed,85,18,18,18,8,8,18,1.0,1.0,1.0,1.0,0.7882,1.0,0,0.19
ADAS,ADAS_M17_01,M17,Long-chain dependency change,Hybrid_AURA_Fixed,85,18,18,18,8,8,18,1.0,1.0,1.0,1.0,0.7882,1.0,0,0.525
ADAS,ADAS_M18_01,M18,Cross-domain Req->ARXML->C->Test change,Full_Suite,85,85,16,16,10,10,16,1.0,0.1882,0.3168,0.0,0.0,1.0,0,0.1
ADAS,ADAS_M18_01,M18,Cross-domain Req->ARXML->C->Test change,Keyword,85,10,16,10,10,10,10,0.625,1.0,0.7692,1.087,0.8824,1.0,6,0.498
ADAS,ADAS_M18_01,M18,Cross-domain Req->ARXML->C->Test change,Embedding_Only,85,10,16,10,10,10,10,0.625,1.0,0.7692,1.087,0.8824,1.0,6,0.314
ADAS,ADAS_M18_01,M18,Cross-domain Req->ARXML->C->Test change,Embedding_Context,85,10,16,10,10,10,10,0.625,1.0,0.7692,1.087,0.8824,1.0,6,0.319
ADAS,ADAS_M18_01,M18,Cross-domain Req->ARXML->C->Test change,Graph_Only,85,16,16,16,10,10,16,1.0,1.0,1.0,1.0,0.8118,1.0,0,0.067
ADAS,ADAS_M18_01,M18,Cross-domain Req->ARXML->C->Test change,Hybrid_AURA_Routed,85,16,16,16,10,10,16,1.0,1.0,1.0,1.0,0.8118,1.0,0,0.516
ADAS,ADAS_M18_01,M18,Cross-domain Req->ARXML->C->Test change,Hybrid_AURA_Fixed,85,16,16,16,10,10,16,1.0,1.0,1.0,1.0,0.8118,1.0,0,0.486
ADAS,ADAS_M19_01,M19,Misleading semantic similarity,Full_Suite,85,85,1,1,0,0,1,1.0,0.0118,0.0233,0.0,0.0,1.0,0,0.1
ADAS,ADAS_M19_01,M19,Misleading semantic similarity,Keyword,85,6,1,1,0,0,1,1.0,0.1667,0.2857,0.9405,0.9294,1.0,0,0.378
ADAS,ADAS_M19_01,M19,Misleading semantic similarity,Embedding_Only,85,1,1,1,0,0,1,1.0,1.0,1.0,1.0,0.9882,1.0,0,0.296
ADAS,ADAS_M19_01,M19,Misleading semantic similarity,Embedding_Context,85,1,1,1,0,0,1,1.0,1.0,1.0,1.0,0.9882,1.0,0,0.289
ADAS,ADAS_M19_01,M19,Misleading semantic similarity,Graph_Only,85,18,1,1,0,0,1,1.0,0.0556,0.1053,0.7976,0.7882,1.0,0,0.071
ADAS,ADAS_M19_01,M19,Misleading semantic similarity,Hybrid_AURA_Routed,85,18,1,1,0,0,1,1.0,0.0556,0.1053,0.7976,0.7882,1.0,0,0.481
ADAS,ADAS_M19_01,M19,Misleading semantic similarity,Hybrid_AURA_Fixed,85,18,1,1,0,0,1,1.0,0.0556,0.1053,0.7976,0.7882,1.0,0,0.499
ADAS,ADAS_M20_01,M20,Multiple simultaneous changes,Full_Suite,85,85,0,0,0,0,0,1.0,0.0,0.0,0.0,0.0,1.0,0,0.1
ADAS,ADAS_M20_01,M20,Multiple simultaneous changes,Keyword,85,9,0,0,0,0,0,1.0,0.0,0.0,0.0,0.8941,1.0,0,0.379
ADAS,ADAS_M20_01,M20,Multiple simultaneous changes,Embedding_Only,85,0,0,0,0,0,0,1.0,1.0,1.0,1.0,1.0,1.0,0,0.288
ADAS,ADAS_M20_01,M20,Multiple simultaneous changes,Embedding_Context,85,0,0,0,0,0,0,1.0,1.0,1.0,1.0,1.0,1.0,0,0.273
ADAS,ADAS_M20_01,M20,Multiple simultaneous changes,Graph_Only,85,0,0,0,0,0,0,1.0,1.0,1.0,1.0,1.0,1.0,0,0.005
ADAS,ADAS_M20_01,M20,Multiple simultaneous changes,Hybrid_AURA_Routed,85,0,0,0,0,0,0,1.0,1.0,1.0,1.0,1.0,1.0,0,0.285
ADAS,ADAS_M20_01,M20,Multiple simultaneous changes,Hybrid_AURA_Fixed,85,0,0,0,0,0,0,1.0,1.0,1.0,1.0,1.0,1.0,0,0.276
ADAS,ADAS_M21_01,M21,Lexical renaming,Full_Suite,85,85,15,15,15,15,15,1.0,0.1765,0.3,0.0,0.0,1.0,0,0.1
ADAS,ADAS_M21_01,M21,Lexical renaming,Keyword,85,15,15,15,15,15,15,1.0,1.0,1.0,1.0,0.8235,1.0,0,0.361
ADAS,ADAS_M21_01,M21,Lexical renaming,Embedding_Only,85,15,15,15,15,15,15,1.0,1.0,1.0,1.0,0.8235,1.0,0,0.33
ADAS,ADAS_M21_01,M21,Lexical renaming,Embedding_Context,85,15,15,15,15,15,15,1.0,1.0,1.0,1.0,0.8235,1.0,0,4.546
ADAS,ADAS_M21_01,M21,Lexical renaming,Graph_Only,85,15,15,15,15,15,15,1.0,1.0,1.0,1.0,0.8235,1.0,0,0.081
ADAS,ADAS_M21_01,M21,Lexical renaming,Hybrid_AURA_Routed,85,15,15,15,15,15,15,1.0,1.0,1.0,1.0,0.8235,1.0,0,0.188
ADAS,ADAS_M21_01,M21,Lexical renaming,Hybrid_AURA_Fixed,85,15,15,15,15,15,15,1.0,1.0,1.0,1.0,0.8235,1.0,0,4.802
ADAS,ADAS_M22_01,M22,Structural rename with same semantics,Full_Suite,85,85,18,18,0,0,18,1.0,0.2118,0.3495,0.0,0.0,1.0,0,0.1
ADAS,ADAS_M22_01,M22,Structural rename with same semantics,Keyword,85,1,18,1,0,0,1,0.0556,1.0,0.1053,1.2537,0.9882,1.0,17,0.459
ADAS,ADAS_M22_01,M22,Structural rename with same semantics,Embedding_Only,85,1,18,1,0,0,1,0.0556,1.0,0.1053,1.2537,0.9882,1.0,17,0.339
ADAS,ADAS_M22_01,M22,Structural rename with same semantics,Embedding_Context,85,1,18,1,0,0,1,0.0556,1.0,0.1053,1.2537,0.9882,1.0,17,0.298
ADAS,ADAS_M22_01,M22,Structural rename with same semantics,Graph_Only,85,18,18,18,0,0,18,1.0,1.0,1.0,1.0,0.7882,1.0,0,0.096
ADAS,ADAS_M22_01,M22,Structural rename with same semantics,Hybrid_AURA_Routed,85,18,18,18,0,0,18,1.0,1.0,1.0,1.0,0.7882,1.0,0,0.222
ADAS,ADAS_M22_01,M22,Structural rename with same semantics,Hybrid_AURA_Fixed,85,18,18,18,0,0,18,1.0,1.0,1.0,1.0,0.7882,1.0,0,0.547
ADAS,ADAS_M23_01,M23,Semantic requirement change with little textual overlap,Full_Suite,85,85,17,17,5,5,17,1.0,0.2,0.3333,0.0,0.0,1.0,0,0.1
ADAS,ADAS_M23_01,M23,Semantic requirement change with little textual overlap,Keyword,85,12,17,7,5,5,7,0.4118,0.5833,0.4828,1.0735,0.8588,1.0,10,0.428
ADAS,ADAS_M23_01,M23,Semantic requirement change with little textual overlap,Embedding_Only,85,6,17,6,5,5,6,0.3529,1.0,0.5217,1.1618,0.9294,1.0,11,0.316
ADAS,ADAS_M23_01,M23,Semantic requirement change with little textual overlap,Embedding_Context,85,6,17,6,5,5,6,0.3529,1.0,0.5217,1.1618,0.9294,1.0,11,0.308
ADAS,ADAS_M23_01,M23,Semantic requirement change with little textual overlap,Graph_Only,85,17,17,17,5,5,17,1.0,1.0,1.0,1.0,0.8,1.0,0,0.089
ADAS,ADAS_M23_01,M23,Semantic requirement change with little textual overlap,Hybrid_AURA_Routed,85,17,17,17,5,5,17,1.0,1.0,1.0,1.0,0.8,1.0,0,0.497
ADAS,ADAS_M23_01,M23,Semantic requirement change with little textual overlap,Hybrid_AURA_Fixed,85,17,17,17,5,5,17,1.0,1.0,1.0,1.0,0.8,1.0,0,0.496
ADAS,ADAS_M24_01,M24,Dead-code modification,Full_Suite,85,85,0,0,0,0,0,1.0,0.0,0.0,0.0,0.0,1.0,0,0.1
ADAS,ADAS_M24_01,M24,Dead-code modification,Keyword,85,2,0,0,0,0,0,1.0,0.0,0.0,0.0,0.9765,1.0,0,0.407
ADAS,ADAS_M24_01,M24,Dead-code modification,Embedding_Only,85,1,0,0,0,0,0,1.0,0.0,0.0,0.0,0.9882,1.0,0,0.299
ADAS,ADAS_M24_01,M24,Dead-code modification,Embedding_Context,85,1,0,0,0,0,0,1.0,0.0,0.0,0.0,0.9882,1.0,0,0.307
ADAS,ADAS_M24_01,M24,Dead-code modification,Graph_Only,85,17,0,0,0,0,0,1.0,0.0,0.0,0.0,0.8,1.0,0,0.088
ADAS,ADAS_M24_01,M24,Dead-code modification,Hybrid_AURA_Routed,85,0,0,0,0,0,0,1.0,1.0,1.0,1.0,1.0,1.0,0,0.006
ADAS,ADAS_M24_01,M24,Dead-code modification,Hybrid_AURA_Fixed,85,17,0,0,0,0,0,1.0,0.0,0.0,0.0,0.8,1.0,0,0.52
ADAS,ADAS_M25_01,M25,Documentation-only change,Full_Suite,85,85,0,0,0,0,0,1.0,0.0,0.0,0.0,0.0,1.0,0,0.1
ADAS,ADAS_M25_01,M25,Documentation-only change,Keyword,85,1,0,0,0,0,0,1.0,0.0,0.0,0.0,0.9882,1.0,0,0.406
ADAS,ADAS_M25_01,M25,Documentation-only change,Embedding_Only,85,1,0,0,0,0,0,1.0,0.0,0.0,0.0,0.9882,1.0,0,0.302
ADAS,ADAS_M25_01,M25,Documentation-only change,Embedding_Context,85,1,0,0,0,0,0,1.0,0.0,0.0,0.0,0.9882,1.0,0,4.601
ADAS,ADAS_M25_01,M25,Documentation-only change,Graph_Only,85,18,0,0,0,0,0,1.0,0.0,0.0,0.0,0.7882,1.0,0,0.072
ADAS,ADAS_M25_01,M25,Documentation-only change,Hybrid_AURA_Routed,85,0,0,0,0,0,0,1.0,1.0,1.0,1.0,1.0,1.0,0,0.006
ADAS,ADAS_M25_01,M25,Documentation-only change,Hybrid_AURA_Fixed,85,18,0,0,0,0,0,1.0,0.0,0.0,0.0,0.7882,1.0,0,4.869
ADAS,ADAS_M01_02,M01,Numeric requirement change,Full_Suite,85,85,17,17,2,2,17,1.0,0.2,0.3333,0.0,0.0,1.0,0,0.1
ADAS,ADAS_M01_02,M01,Numeric requirement change,Keyword,85,61,17,14,2,2,14,0.8235,0.2295,0.359,0.3529,0.2824,1.0,3,0.576
ADAS,ADAS_M01_02,M01,Numeric requirement change,Embedding_Only,85,3,17,3,2,2,3,0.1765,1.0,0.3,1.2059,0.9647,1.0,14,0.373
ADAS,ADAS_M01_02,M01,Numeric requirement change,Embedding_Context,85,3,17,3,2,2,3,0.1765,1.0,0.3,1.2059,0.9647,1.0,14,159.995
ADAS,ADAS_M01_02,M01,Numeric requirement change,Graph_Only,85,17,17,17,2,2,17,1.0,1.0,1.0,1.0,0.8,1.0,0,0.082
ADAS,ADAS_M01_02,M01,Numeric requirement change,Hybrid_AURA_Routed,85,17,17,17,2,2,17,1.0,1.0,1.0,1.0,0.8,1.0,0,139.345
ADAS,ADAS_M01_02,M01,Numeric requirement change,Hybrid_AURA_Fixed,85,17,17,17,2,2,17,1.0,1.0,1.0,1.0,0.8,1.0,0,154.677
ADAS,ADAS_M02_02,M02,Threshold change,Full_Suite,85,85,18,18,3,3,18,1.0,0.2118,0.3495,0.0,0.0,1.0,0,0.1
ADAS,ADAS_M02_02,M02,Threshold change,Keyword,85,6,18,6,3,3,6,0.3333,1.0,0.5,1.1791,0.9294,1.0,12,0.72
ADAS,ADAS_M02_02,M02,Threshold change,Embedding_Only,85,5,18,5,3,3,5,0.2778,1.0,0.4348,1.194,0.9412,1.0,13,0.399
ADAS,ADAS_M02_02,M02,Threshold change,Embedding_Context,85,5,18,5,3,3,5,0.2778,1.0,0.4348,1.194,0.9412,1.0,13,26.085
ADAS,ADAS_M02_02,M02,Threshold change,Graph_Only,85,18,18,18,3,3,18,1.0,1.0,1.0,1.0,0.7882,1.0,0,0.094
ADAS,ADAS_M02_02,M02,Threshold change,Hybrid_AURA_Routed,85,18,18,18,3,3,18,1.0,1.0,1.0,1.0,0.7882,1.0,0,22.375
ADAS,ADAS_M02_02,M02,Threshold change,Hybrid_AURA_Fixed,85,18,18,18,3,3,18,1.0,1.0,1.0,1.0,0.7882,1.0,0,21.42
ADAS,ADAS_M03_02,M03,Semantic wording change,Full_Suite,85,85,18,18,3,3,18,1.0,0.2118,0.3495,0.0,0.0,1.0,0,0.1
ADAS,ADAS_M03_02,M03,Semantic wording change,Keyword,85,10,18,5,3,3,5,0.2778,0.5,0.3571,1.1194,0.8824,1.0,13,0.63
ADAS,ADAS_M03_02,M03,Semantic wording change,Embedding_Only,85,4,18,4,3,3,4,0.2222,1.0,0.3636,1.209,0.9529,1.0,14,0.364
ADAS,ADAS_M03_02,M03,Semantic wording change,Embedding_Context,85,4,18,4,3,3,4,0.2222,1.0,0.3636,1.209,0.9529,1.0,14,22.024
ADAS,ADAS_M03_02,M03,Semantic wording change,Graph_Only,85,18,18,18,3,3,18,1.0,1.0,1.0,1.0,0.7882,1.0,0,0.083
ADAS,ADAS_M03_02,M03,Semantic wording change,Hybrid_AURA_Routed,85,18,18,18,3,3,18,1.0,1.0,1.0,1.0,0.7882,1.0,0,22.446
ADAS,ADAS_M03_02,M03,Semantic wording change,Hybrid_AURA_Fixed,85,18,18,18,3,3,18,1.0,1.0,1.0,1.0,0.7882,1.0,0,21.906
ADAS,ADAS_M04_02,M04,Requirement synonym replacement,Full_Suite,85,85,17,17,2,2,17,1.0,0.2,0.3333,0.0,0.0,1.0,0,0.1
ADAS,ADAS_M04_02,M04,Requirement synonym replacement,Keyword,85,3,17,3,2,2,3,0.1765,1.0,0.3,1.2059,0.9647,1.0,14,0.618
ADAS,ADAS_M04_02,M04,Requirement synonym replacement,Embedding_Only,85,3,17,3,2,2,3,0.1765,1.0,0.3,1.2059,0.9647,1.0,14,0.359
ADAS,ADAS_M04_02,M04,Requirement synonym replacement,Embedding_Context,85,3,17,3,2,2,3,0.1765,1.0,0.3,1.2059,0.9647,1.0,14,0.338
ADAS,ADAS_M04_02,M04,Requirement synonym replacement,Graph_Only,85,17,17,17,2,2,17,1.0,1.0,1.0,1.0,0.8,1.0,0,0.084
ADAS,ADAS_M04_02,M04,Requirement synonym replacement,Hybrid_AURA_Routed,85,17,17,17,2,2,17,1.0,1.0,1.0,1.0,0.8,1.0,0,0.544
ADAS,ADAS_M04_02,M04,Requirement synonym replacement,Hybrid_AURA_Fixed,85,17,17,17,2,2,17,1.0,1.0,1.0,1.0,0.8,1.0,0,0.534
ADAS,ADAS_M05_02,M05,Requirement constraint addition,Full_Suite,85,85,17,17,2,2,17,1.0,0.2,0.3333,0.0,0.0,1.0,0,0.1
ADAS,ADAS_M05_02,M05,Requirement constraint addition,Keyword,85,61,17,14,2,2,14,0.8235,0.2295,0.359,0.3529,0.2824,1.0,3,0.528
ADAS,ADAS_M05_02,M05,Requirement constraint addition,Embedding_Only,85,3,17,3,2,2,3,0.1765,1.0,0.3,1.2059,0.9647,1.0,14,0.356
ADAS,ADAS_M05_02,M05,Requirement constraint addition,Embedding_Context,85,3,17,3,2,2,3,0.1765,1.0,0.3,1.2059,0.9647,1.0,14,162.887
ADAS,ADAS_M05_02,M05,Requirement constraint addition,Graph_Only,85,17,17,17,2,2,17,1.0,1.0,1.0,1.0,0.8,1.0,0,0.088
ADAS,ADAS_M05_02,M05,Requirement constraint addition,Hybrid_AURA_Routed,85,17,17,17,2,2,17,1.0,1.0,1.0,1.0,0.8,1.0,0,142.569
ADAS,ADAS_M05_02,M05,Requirement constraint addition,Hybrid_AURA_Fixed,85,17,17,17,2,2,17,1.0,1.0,1.0,1.0,0.8,1.0,0,160.489
ADAS,ADAS_M06_02,M06,ARXML datatype change,Full_Suite,85,85,0,0,0,0,0,1.0,0.0,0.0,0.0,0.0,1.0,0,0.1
ADAS,ADAS_M06_02,M06,ARXML datatype change,Keyword,85,0,0,0,0,0,0,1.0,1.0,1.0,1.0,1.0,1.0,0,0.802
ADAS,ADAS_M06_02,M06,ARXML datatype change,Embedding_Only,85,0,0,0,0,0,0,1.0,1.0,1.0,1.0,1.0,1.0,0,0.415
ADAS,ADAS_M06_02,M06,ARXML datatype change,Embedding_Context,85,0,0,0,0,0,0,1.0,1.0,1.0,1.0,1.0,1.0,0,0.34
ADAS,ADAS_M06_02,M06,ARXML datatype change,Graph_Only,85,0,0,0,0,0,0,1.0,1.0,1.0,1.0,1.0,1.0,0,0.007
ADAS,ADAS_M06_02,M06,ARXML datatype change,Hybrid_AURA_Routed,85,0,0,0,0,0,0,1.0,1.0,1.0,1.0,1.0,1.0,0,0.02
ADAS,ADAS_M06_02,M06,ARXML datatype change,Hybrid_AURA_Fixed,85,0,0,0,0,0,0,1.0,1.0,1.0,1.0,1.0,1.0,0,0.324
ADAS,ADAS_M07_02,M07,ARXML scaling change,Full_Suite,85,85,0,0,0,0,0,1.0,0.0,0.0,0.0,0.0,1.0,0,0.1
ADAS,ADAS_M07_02,M07,ARXML scaling change,Keyword,85,1,0,0,0,0,0,1.0,0.0,0.0,0.0,0.9882,1.0,0,0.4
ADAS,ADAS_M07_02,M07,ARXML scaling change,Embedding_Only,85,0,0,0,0,0,0,1.0,1.0,1.0,1.0,1.0,1.0,0,0.298
ADAS,ADAS_M07_02,M07,ARXML scaling change,Embedding_Context,85,0,0,0,0,0,0,1.0,1.0,1.0,1.0,1.0,1.0,0,0.298
ADAS,ADAS_M07_02,M07,ARXML scaling change,Graph_Only,85,0,0,0,0,0,0,1.0,1.0,1.0,1.0,1.0,1.0,0,0.006
ADAS,ADAS_M07_02,M07,ARXML scaling change,Hybrid_AURA_Routed,85,0,0,0,0,0,0,1.0,1.0,1.0,1.0,1.0,1.0,0,0.019
ADAS,ADAS_M07_02,M07,ARXML scaling change,Hybrid_AURA_Fixed,85,0,0,0,0,0,0,1.0,1.0,1.0,1.0,1.0,1.0,0,0.31
ADAS,ADAS_M08_02,M08,Interface field change,Full_Suite,85,85,0,0,0,0,0,1.0,0.0,0.0,0.0,0.0,1.0,0,0.1
ADAS,ADAS_M08_02,M08,Interface field change,Keyword,85,0,0,0,0,0,0,1.0,1.0,1.0,1.0,1.0,1.0,0,0.397
ADAS,ADAS_M08_02,M08,Interface field change,Embedding_Only,85,0,0,0,0,0,0,1.0,1.0,1.0,1.0,1.0,1.0,0,0.3
ADAS,ADAS_M08_02,M08,Interface field change,Embedding_Context,85,0,0,0,0,0,0,1.0,1.0,1.0,1.0,1.0,1.0,0,0.312
ADAS,ADAS_M08_02,M08,Interface field change,Graph_Only,85,0,0,0,0,0,0,1.0,1.0,1.0,1.0,1.0,1.0,0,0.006
ADAS,ADAS_M08_02,M08,Interface field change,Hybrid_AURA_Routed,85,0,0,0,0,0,0,1.0,1.0,1.0,1.0,1.0,1.0,0,0.017
ADAS,ADAS_M08_02,M08,Interface field change,Hybrid_AURA_Fixed,85,0,0,0,0,0,0,1.0,1.0,1.0,1.0,1.0,1.0,0,0.316
ADAS,ADAS_M09_02,M09,Interface version change,Full_Suite,85,85,0,0,0,0,0,1.0,0.0,0.0,0.0,0.0,1.0,0,0.1
ADAS,ADAS_M09_02,M09,Interface version change,Keyword,85,1,0,0,0,0,0,1.0,0.0,0.0,0.0,0.9882,1.0,0,0.398
ADAS,ADAS_M09_02,M09,Interface version change,Embedding_Only,85,0,0,0,0,0,0,1.0,1.0,1.0,1.0,1.0,1.0,0,0.303
ADAS,ADAS_M09_02,M09,Interface version change,Embedding_Context,85,0,0,0,0,0,0,1.0,1.0,1.0,1.0,1.0,1.0,0,0.282
ADAS,ADAS_M09_02,M09,Interface version change,Graph_Only,85,0,0,0,0,0,0,1.0,1.0,1.0,1.0,1.0,1.0,0,0.006
ADAS,ADAS_M09_02,M09,Interface version change,Hybrid_AURA_Routed,85,0,0,0,0,0,0,1.0,1.0,1.0,1.0,1.0,1.0,0,0.016
ADAS,ADAS_M09_02,M09,Interface version change,Hybrid_AURA_Fixed,85,0,0,0,0,0,0,1.0,1.0,1.0,1.0,1.0,1.0,0,0.29
ADAS,ADAS_M10_02,M10,C function signature change,Full_Suite,85,85,18,18,0,0,18,1.0,0.2118,0.3495,0.0,0.0,1.0,0,0.1
ADAS,ADAS_M10_02,M10,C function signature change,Keyword,85,2,18,1,0,0,1,0.0556,0.5,0.1,1.2388,0.9765,1.0,17,0.389
ADAS,ADAS_M10_02,M10,C function signature change,Embedding_Only,85,1,18,1,0,0,1,0.0556,1.0,0.1053,1.2537,0.9882,1.0,17,0.289
ADAS,ADAS_M10_02,M10,C function signature change,Embedding_Context,85,1,18,1,0,0,1,0.0556,1.0,0.1053,1.2537,0.9882,1.0,17,0.294
ADAS,ADAS_M10_02,M10,C function signature change,Graph_Only,85,18,18,18,0,0,18,1.0,1.0,1.0,1.0,0.7882,1.0,0,0.104
ADAS,ADAS_M10_02,M10,C function signature change,Hybrid_AURA_Routed,85,18,18,18,0,0,18,1.0,1.0,1.0,1.0,0.7882,1.0,0,0.215
ADAS,ADAS_M10_02,M10,C function signature change,Hybrid_AURA_Fixed,85,18,18,18,0,0,18,1.0,1.0,1.0,1.0,0.7882,1.0,0,0.534
ADAS,ADAS_M11_02,M11,C constant change,Full_Suite,85,85,18,18,0,0,18,1.0,0.2118,0.3495,0.0,0.0,1.0,0,0.1
ADAS,ADAS_M11_02,M11,C constant change,Keyword,85,2,18,1,0,0,1,0.0556,0.5,0.1,1.2388,0.9765,1.0,17,0.411
ADAS,ADAS_M11_02,M11,C constant change,Embedding_Only,85,1,18,1,0,0,1,0.0556,1.0,0.1053,1.2537,0.9882,1.0,17,0.326
ADAS,ADAS_M11_02,M11,C constant change,Embedding_Context,85,1,18,1,0,0,1,0.0556,1.0,0.1053,1.2537,0.9882,1.0,17,0.327
ADAS,ADAS_M11_02,M11,C constant change,Graph_Only,85,18,18,18,0,0,18,1.0,1.0,1.0,1.0,0.7882,1.0,0,0.098
ADAS,ADAS_M11_02,M11,C constant change,Hybrid_AURA_Routed,85,18,18,18,0,0,18,1.0,1.0,1.0,1.0,0.7882,1.0,0,0.212
ADAS,ADAS_M11_02,M11,C constant change,Hybrid_AURA_Fixed,85,18,18,18,0,0,18,1.0,1.0,1.0,1.0,0.7882,1.0,0,0.519
ADAS,ADAS_M12_02,M12,Function dependency change,Full_Suite,85,85,0,0,0,0,0,1.0,0.0,0.0,0.0,0.0,1.0,0,0.1
ADAS,ADAS_M12_02,M12,Function dependency change,Keyword,85,9,0,0,0,0,0,1.0,0.0,0.0,0.0,0.8941,1.0,0,0.422
ADAS,ADAS_M12_02,M12,Function dependency change,Embedding_Only,85,0,0,0,0,0,0,1.0,1.0,1.0,1.0,1.0,1.0,0,0.296
ADAS,ADAS_M12_02,M12,Function dependency change,Embedding_Context,85,0,0,0,0,0,0,1.0,1.0,1.0,1.0,1.0,1.0,0,0.302
ADAS,ADAS_M12_02,M12,Function dependency change,Graph_Only,85,0,0,0,0,0,0,1.0,1.0,1.0,1.0,1.0,1.0,0,0.006
ADAS,ADAS_M12_02,M12,Function dependency change,Hybrid_AURA_Routed,85,0,0,0,0,0,0,1.0,1.0,1.0,1.0,1.0,1.0,0,0.015
ADAS,ADAS_M12_02,M12,Function dependency change,Hybrid_AURA_Fixed,85,0,0,0,0,0,0,1.0,1.0,1.0,1.0,1.0,1.0,0,0.307
ADAS,ADAS_M13_02,M13,Variable dependency change,Full_Suite,85,85,17,17,8,8,17,1.0,0.2,0.3333,0.0,0.0,1.0,0,0.1
ADAS,ADAS_M13_02,M13,Variable dependency change,Keyword,85,9,17,9,8,8,9,0.5294,1.0,0.6923,1.1176,0.8941,1.0,8,0.371
ADAS,ADAS_M13_02,M13,Variable dependency change,Embedding_Only,85,9,17,9,8,8,9,0.5294,1.0,0.6923,1.1176,0.8941,1.0,8,0.264
ADAS,ADAS_M13_02,M13,Variable dependency change,Embedding_Context,85,9,17,9,8,8,9,0.5294,1.0,0.6923,1.1176,0.8941,1.0,8,4.504
ADAS,ADAS_M13_02,M13,Variable dependency change,Graph_Only,85,17,17,17,8,8,17,1.0,1.0,1.0,1.0,0.8,1.0,0,0.085
ADAS,ADAS_M13_02,M13,Variable dependency change,Hybrid_AURA_Routed,85,17,17,17,8,8,17,1.0,1.0,1.0,1.0,0.8,1.0,0,0.198
ADAS,ADAS_M13_02,M13,Variable dependency change,Hybrid_AURA_Fixed,85,17,17,17,8,8,17,1.0,1.0,1.0,1.0,0.8,1.0,0,4.938
ADAS,ADAS_M14_02,M14,Test requirement modification,Full_Suite,85,85,39,39,4,4,39,1.0,0.4588,0.629,0.0,0.0,1.0,0,0.1
ADAS,ADAS_M14_02,M14,Test requirement modification,Keyword,85,37,39,37,4,4,37,0.9487,1.0,0.9737,1.0435,0.5647,1.0,2,0.573
ADAS,ADAS_M14_02,M14,Test requirement modification,Embedding_Only,85,5,39,5,4,4,5,0.1282,1.0,0.2273,1.7391,0.9412,1.0,34,0.355
ADAS,ADAS_M14_02,M14,Test requirement modification,Embedding_Context,85,5,39,5,4,4,5,0.1282,1.0,0.2273,1.7391,0.9412,1.0,34,210.521
ADAS,ADAS_M14_02,M14,Test requirement modification,Graph_Only,85,39,39,39,4,4,39,1.0,1.0,1.0,1.0,0.5412,1.0,0,0.153
ADAS,ADAS_M14_02,M14,Test requirement modification,Hybrid_AURA_Routed,85,39,39,39,4,4,39,1.0,1.0,1.0,1.0,0.5412,1.0,0,0.318
ADAS,ADAS_M14_02,M14,Test requirement modification,Hybrid_AURA_Fixed,85,39,39,39,4,4,39,1.0,1.0,1.0,1.0,0.5412,1.0,0,228.831
ADAS,ADAS_M15_02,M15,Unrelated/no-impact change,Full_Suite,85,85,0,0,0,0,0,1.0,0.0,0.0,0.0,0.0,1.0,0,0.1
ADAS,ADAS_M15_02,M15,Unrelated/no-impact change,Keyword,85,1,0,0,0,0,0,1.0,0.0,0.0,0.0,0.9882,1.0,0,0.635
ADAS,ADAS_M15_02,M15,Unrelated/no-impact change,Embedding_Only,85,1,0,0,0,0,0,1.0,0.0,0.0,0.0,0.9882,1.0,0,0.41
ADAS,ADAS_M15_02,M15,Unrelated/no-impact change,Embedding_Context,85,1,0,0,0,0,0,1.0,0.0,0.0,0.0,0.9882,1.0,0,0.363
ADAS,ADAS_M15_02,M15,Unrelated/no-impact change,Graph_Only,85,18,0,0,0,0,0,1.0,0.0,0.0,0.0,0.7882,1.0,0,0.101
ADAS,ADAS_M15_02,M15,Unrelated/no-impact change,Hybrid_AURA_Routed,85,0,0,0,0,0,0,1.0,1.0,1.0,1.0,1.0,1.0,0,0.008
ADAS,ADAS_M15_02,M15,Unrelated/no-impact change,Hybrid_AURA_Fixed,85,18,0,0,0,0,0,1.0,0.0,0.0,0.0,0.7882,1.0,0,0.591
ADAS,ADAS_M16_02,M16,Indirect dependency change,Full_Suite,85,85,18,18,16,16,18,1.0,0.2118,0.3495,0.0,0.0,1.0,0,0.1
ADAS,ADAS_M16_02,M16,Indirect dependency change,Keyword,85,16,18,16,16,16,16,0.8889,1.0,0.9412,1.0299,0.8118,1.0,2,0.454
ADAS,ADAS_M16_02,M16,Indirect dependency change,Embedding_Only,85,16,18,16,16,16,16,0.8889,1.0,0.9412,1.0299,0.8118,1.0,2,0.307
ADAS,ADAS_M16_02,M16,Indirect dependency change,Embedding_Context,85,16,18,16,16,16,16,0.8889,1.0,0.9412,1.0299,0.8118,1.0,2,4.511
ADAS,ADAS_M16_02,M16,Indirect dependency change,Graph_Only,85,18,18,18,16,16,18,1.0,1.0,1.0,1.0,0.7882,1.0,0,0.102
ADAS,ADAS_M16_02,M16,Indirect dependency change,Hybrid_AURA_Routed,85,18,18,18,16,16,18,1.0,1.0,1.0,1.0,0.7882,1.0,0,0.233
ADAS,ADAS_M16_02,M16,Indirect dependency change,Hybrid_AURA_Fixed,85,18,18,18,16,16,18,1.0,1.0,1.0,1.0,0.7882,1.0,0,4.98
ADAS,ADAS_M17_02,M17,Long-chain dependency change,Full_Suite,85,85,18,18,6,6,18,1.0,0.2118,0.3495,0.0,0.0,1.0,0,0.1
ADAS,ADAS_M17_02,M17,Long-chain dependency change,Keyword,85,85,18,18,6,6,18,1.0,0.2118,0.3495,0.0,0.0,1.0,0,0.552
ADAS,ADAS_M17_02,M17,Long-chain dependency change,Embedding_Only,85,6,18,6,6,6,6,0.3333,1.0,0.5,1.1791,0.9294,1.0,12,0.385
ADAS,ADAS_M17_02,M17,Long-chain dependency change,Embedding_Context,85,6,18,6,6,6,6,0.3333,1.0,0.5,1.1791,0.9294,1.0,12,0.337
ADAS,ADAS_M17_02,M17,Long-chain dependency change,Graph_Only,85,18,18,18,6,6,18,1.0,1.0,1.0,1.0,0.7882,1.0,0,0.078
ADAS,ADAS_M17_02,M17,Long-chain dependency change,Hybrid_AURA_Routed,85,18,18,18,6,6,18,1.0,1.0,1.0,1.0,0.7882,1.0,0,0.192
ADAS,ADAS_M17_02,M17,Long-chain dependency change,Hybrid_AURA_Fixed,85,18,18,18,6,6,18,1.0,1.0,1.0,1.0,0.7882,1.0,0,0.529
ADAS,ADAS_M18_02,M18,Cross-domain Req->ARXML->C->Test change,Full_Suite,85,85,18,18,8,8,18,1.0,0.2118,0.3495,0.0,0.0,1.0,0,0.1
ADAS,ADAS_M18_02,M18,Cross-domain Req->ARXML->C->Test change,Keyword,85,8,18,8,8,8,8,0.4444,1.0,0.6154,1.1493,0.9059,1.0,10,0.414
ADAS,ADAS_M18_02,M18,Cross-domain Req->ARXML->C->Test change,Embedding_Only,85,8,18,8,8,8,8,0.4444,1.0,0.6154,1.1493,0.9059,1.0,10,0.318
ADAS,ADAS_M18_02,M18,Cross-domain Req->ARXML->C->Test change,Embedding_Context,85,8,18,8,8,8,8,0.4444,1.0,0.6154,1.1493,0.9059,1.0,10,0.314
ADAS,ADAS_M18_02,M18,Cross-domain Req->ARXML->C->Test change,Graph_Only,85,18,18,18,8,8,18,1.0,1.0,1.0,1.0,0.7882,1.0,0,0.073
ADAS,ADAS_M18_02,M18,Cross-domain Req->ARXML->C->Test change,Hybrid_AURA_Routed,85,18,18,18,8,8,18,1.0,1.0,1.0,1.0,0.7882,1.0,0,0.53
ADAS,ADAS_M18_02,M18,Cross-domain Req->ARXML->C->Test change,Hybrid_AURA_Fixed,85,18,18,18,8,8,18,1.0,1.0,1.0,1.0,0.7882,1.0,0,0.539
ADAS,ADAS_M19_02,M19,Misleading semantic similarity,Full_Suite,85,85,1,1,0,0,1,1.0,0.0118,0.0233,0.0,0.0,1.0,0,0.1
ADAS,ADAS_M19_02,M19,Misleading semantic similarity,Keyword,85,7,1,1,0,0,1,1.0,0.1429,0.25,0.9286,0.9176,1.0,0,0.403
ADAS,ADAS_M19_02,M19,Misleading semantic similarity,Embedding_Only,85,1,1,1,0,0,1,1.0,1.0,1.0,1.0,0.9882,1.0,0,0.297
ADAS,ADAS_M19_02,M19,Misleading semantic similarity,Embedding_Context,85,1,1,1,0,0,1,1.0,1.0,1.0,1.0,0.9882,1.0,0,0.328
ADAS,ADAS_M19_02,M19,Misleading semantic similarity,Graph_Only,85,17,1,1,0,0,1,1.0,0.0588,0.1111,0.8095,0.8,1.0,0,0.074
ADAS,ADAS_M19_02,M19,Misleading semantic similarity,Hybrid_AURA_Routed,85,17,1,1,0,0,1,1.0,0.0588,0.1111,0.8095,0.8,1.0,0,0.499
ADAS,ADAS_M19_02,M19,Misleading semantic similarity,Hybrid_AURA_Fixed,85,17,1,1,0,0,1,1.0,0.0588,0.1111,0.8095,0.8,1.0,0,0.522
ADAS,ADAS_M20_02,M20,Multiple simultaneous changes,Full_Suite,85,85,18,18,0,0,18,1.0,0.2118,0.3495,0.0,0.0,1.0,0,0.1
ADAS,ADAS_M20_02,M20,Multiple simultaneous changes,Keyword,85,1,18,1,0,0,1,0.0556,1.0,0.1053,1.2537,0.9882,1.0,17,0.42
ADAS,ADAS_M20_02,M20,Multiple simultaneous changes,Embedding_Only,85,1,18,1,0,0,1,0.0556,1.0,0.1053,1.2537,0.9882,1.0,17,0.317
ADAS,ADAS_M20_02,M20,Multiple simultaneous changes,Embedding_Context,85,1,18,1,0,0,1,0.0556,1.0,0.1053,1.2537,0.9882,1.0,17,0.311
ADAS,ADAS_M20_02,M20,Multiple simultaneous changes,Graph_Only,85,18,18,18,0,0,18,1.0,1.0,1.0,1.0,0.7882,1.0,0,0.101
ADAS,ADAS_M20_02,M20,Multiple simultaneous changes,Hybrid_AURA_Routed,85,18,18,18,0,0,18,1.0,1.0,1.0,1.0,0.7882,1.0,0,0.618
ADAS,ADAS_M20_02,M20,Multiple simultaneous changes,Hybrid_AURA_Fixed,85,18,18,18,0,0,18,1.0,1.0,1.0,1.0,0.7882,1.0,0,0.53
ADAS,ADAS_M21_02,M21,Lexical renaming,Full_Suite,85,85,0,0,0,0,0,1.0,0.0,0.0,0.0,0.0,1.0,0,0.1
ADAS,ADAS_M21_02,M21,Lexical renaming,Keyword,85,9,0,0,0,0,0,1.0,0.0,0.0,0.0,0.8941,1.0,0,0.389
ADAS,ADAS_M21_02,M21,Lexical renaming,Embedding_Only,85,0,0,0,0,0,0,1.0,1.0,1.0,1.0,1.0,1.0,0,0.291
ADAS,ADAS_M21_02,M21,Lexical renaming,Embedding_Context,85,0,0,0,0,0,0,1.0,1.0,1.0,1.0,1.0,1.0,0,4.567
ADAS,ADAS_M21_02,M21,Lexical renaming,Graph_Only,85,0,0,0,0,0,0,1.0,1.0,1.0,1.0,1.0,1.0,0,0.009
ADAS,ADAS_M21_02,M21,Lexical renaming,Hybrid_AURA_Routed,85,0,0,0,0,0,0,1.0,1.0,1.0,1.0,1.0,1.0,0,0.025
ADAS,ADAS_M21_02,M21,Lexical renaming,Hybrid_AURA_Fixed,85,0,0,0,0,0,0,1.0,1.0,1.0,1.0,1.0,1.0,0,5.503
ADAS,ADAS_M22_02,M22,Structural rename with same semantics,Full_Suite,85,85,0,0,0,0,0,1.0,0.0,0.0,0.0,0.0,1.0,0,0.1
ADAS,ADAS_M22_02,M22,Structural rename with same semantics,Keyword,85,9,0,0,0,0,0,1.0,0.0,0.0,0.0,0.8941,1.0,0,0.608
ADAS,ADAS_M22_02,M22,Structural rename with same semantics,Embedding_Only,85,0,0,0,0,0,0,1.0,1.0,1.0,1.0,1.0,1.0,0,0.38
ADAS,ADAS_M22_02,M22,Structural rename with same semantics,Embedding_Context,85,0,0,0,0,0,0,1.0,1.0,1.0,1.0,1.0,1.0,0,5.194
ADAS,ADAS_M22_02,M22,Structural rename with same semantics,Graph_Only,85,0,0,0,0,0,0,1.0,1.0,1.0,1.0,1.0,1.0,0,0.008
ADAS,ADAS_M22_02,M22,Structural rename with same semantics,Hybrid_AURA_Routed,85,0,0,0,0,0,0,1.0,1.0,1.0,1.0,1.0,1.0,0,0.024
ADAS,ADAS_M22_02,M22,Structural rename with same semantics,Hybrid_AURA_Fixed,85,0,0,0,0,0,0,1.0,1.0,1.0,1.0,1.0,1.0,0,4.908
ADAS,ADAS_M23_02,M23,Semantic requirement change with little textual overlap,Full_Suite,85,85,17,17,10,10,17,1.0,0.2,0.3333,0.0,0.0,1.0,0,0.1
ADAS,ADAS_M23_02,M23,Semantic requirement change with little textual overlap,Keyword,85,15,17,10,10,10,10,0.5882,0.6667,0.625,1.0294,0.8235,1.0,7,0.598
ADAS,ADAS_M23_02,M23,Semantic requirement change with little textual overlap,Embedding_Only,85,10,17,10,10,10,10,0.5882,1.0,0.7407,1.1029,0.8824,1.0,7,0.352
ADAS,ADAS_M23_02,M23,Semantic requirement change with little textual overlap,Embedding_Context,85,10,17,10,10,10,10,0.5882,1.0,0.7407,1.1029,0.8824,1.0,7,0.323
ADAS,ADAS_M23_02,M23,Semantic requirement change with little textual overlap,Graph_Only,85,17,17,17,10,10,17,1.0,1.0,1.0,1.0,0.8,1.0,0,0.085
ADAS,ADAS_M23_02,M23,Semantic requirement change with little textual overlap,Hybrid_AURA_Routed,85,17,17,17,10,10,17,1.0,1.0,1.0,1.0,0.8,1.0,0,0.511
ADAS,ADAS_M23_02,M23,Semantic requirement change with little textual overlap,Hybrid_AURA_Fixed,85,17,17,17,10,10,17,1.0,1.0,1.0,1.0,0.8,1.0,0,0.816
ADAS,ADAS_M24_02,M24,Dead-code modification,Full_Suite,85,85,0,0,0,0,0,1.0,0.0,0.0,0.0,0.0,1.0,0,0.1
ADAS,ADAS_M24_02,M24,Dead-code modification,Keyword,85,2,0,0,0,0,0,1.0,0.0,0.0,0.0,0.9765,1.0,0,0.406
ADAS,ADAS_M24_02,M24,Dead-code modification,Embedding_Only,85,1,0,0,0,0,0,1.0,0.0,0.0,0.0,0.9882,1.0,0,0.294
ADAS,ADAS_M24_02,M24,Dead-code modification,Embedding_Context,85,1,0,0,0,0,0,1.0,0.0,0.0,0.0,0.9882,1.0,0,0.286
ADAS,ADAS_M24_02,M24,Dead-code modification,Graph_Only,85,18,0,0,0,0,0,1.0,0.0,0.0,0.0,0.7882,1.0,0,0.096
ADAS,ADAS_M24_02,M24,Dead-code modification,Hybrid_AURA_Routed,85,0,0,0,0,0,0,1.0,1.0,1.0,1.0,1.0,1.0,0,0.007
ADAS,ADAS_M24_02,M24,Dead-code modification,Hybrid_AURA_Fixed,85,18,0,0,0,0,0,1.0,0.0,0.0,0.0,0.7882,1.0,0,0.509
ADAS,ADAS_M25_02,M25,Documentation-only change,Full_Suite,85,85,0,0,0,0,0,1.0,0.0,0.0,0.0,0.0,1.0,0,0.1
ADAS,ADAS_M25_02,M25,Documentation-only change,Keyword,85,1,0,0,0,0,0,1.0,0.0,0.0,0.0,0.9882,1.0,0,0.39
ADAS,ADAS_M25_02,M25,Documentation-only change,Embedding_Only,85,1,0,0,0,0,0,1.0,0.0,0.0,0.0,0.9882,1.0,0,0.317
ADAS,ADAS_M25_02,M25,Documentation-only change,Embedding_Context,85,1,0,0,0,0,0,1.0,0.0,0.0,0.0,0.9882,1.0,0,6.272
ADAS,ADAS_M25_02,M25,Documentation-only change,Graph_Only,85,18,0,0,0,0,0,1.0,0.0,0.0,0.0,0.7882,1.0,0,0.09
ADAS,ADAS_M25_02,M25,Documentation-only change,Hybrid_AURA_Routed,85,0,0,0,0,0,0,1.0,1.0,1.0,1.0,1.0,1.0,0,0.01
ADAS,ADAS_M25_02,M25,Documentation-only change,Hybrid_AURA_Fixed,85,18,0,0,0,0,0,1.0,0.0,0.0,0.0,0.7882,1.0,0,4.863
POWERTRAIN,POWERTRAIN_M01_01,M01,Numeric requirement change,Full_Suite,80,80,11,11,2,2,11,1.0,0.1375,0.2418,0.0,0.0,1.0,0,0.1
POWERTRAIN,POWERTRAIN_M01_01,M01,Numeric requirement change,Keyword,80,80,11,11,2,2,11,1.0,0.1375,0.2418,0.0,0.0,1.0,0,0.652
POWERTRAIN,POWERTRAIN_M01_01,M01,Numeric requirement change,Embedding_Only,80,3,11,3,2,2,3,0.2727,1.0,0.4286,1.1159,0.9625,1.0,8,0.355
POWERTRAIN,POWERTRAIN_M01_01,M01,Numeric requirement change,Embedding_Context,80,3,11,3,2,2,3,0.2727,1.0,0.4286,1.1159,0.9625,1.0,8,184.685
POWERTRAIN,POWERTRAIN_M01_01,M01,Numeric requirement change,Graph_Only,80,11,11,11,2,2,11,1.0,1.0,1.0,1.0,0.8625,1.0,0,0.049
POWERTRAIN,POWERTRAIN_M01_01,M01,Numeric requirement change,Hybrid_AURA_Routed,80,11,11,11,2,2,11,1.0,1.0,1.0,1.0,0.8625,1.0,0,178.497
POWERTRAIN,POWERTRAIN_M01_01,M01,Numeric requirement change,Hybrid_AURA_Fixed,80,11,11,11,2,2,11,1.0,1.0,1.0,1.0,0.8625,1.0,0,175.838
POWERTRAIN,POWERTRAIN_M02_01,M02,Threshold change,Full_Suite,80,80,11,11,2,2,11,1.0,0.1375,0.2418,0.0,0.0,1.0,0,0.1
POWERTRAIN,POWERTRAIN_M02_01,M02,Threshold change,Keyword,80,80,11,11,2,2,11,1.0,0.1375,0.2418,0.0,0.0,1.0,0,0.647
POWERTRAIN,POWERTRAIN_M02_01,M02,Threshold change,Embedding_Only,80,3,11,3,2,2,3,0.2727,1.0,0.4286,1.1159,0.9625,1.0,8,0.34
POWERTRAIN,POWERTRAIN_M02_01,M02,Threshold change,Embedding_Context,80,3,11,3,2,2,3,0.2727,1.0,0.4286,1.1159,0.9625,1.0,8,161.642
POWERTRAIN,POWERTRAIN_M02_01,M02,Threshold change,Graph_Only,80,11,11,11,2,2,11,1.0,1.0,1.0,1.0,0.8625,1.0,0,0.048
POWERTRAIN,POWERTRAIN_M02_01,M02,Threshold change,Hybrid_AURA_Routed,80,11,11,11,2,2,11,1.0,1.0,1.0,1.0,0.8625,1.0,0,171.859
POWERTRAIN,POWERTRAIN_M02_01,M02,Threshold change,Hybrid_AURA_Fixed,80,11,11,11,2,2,11,1.0,1.0,1.0,1.0,0.8625,1.0,0,176.247
POWERTRAIN,POWERTRAIN_M03_01,M03,Semantic wording change,Full_Suite,80,80,11,11,2,2,11,1.0,0.1375,0.2418,0.0,0.0,1.0,0,0.1
POWERTRAIN,POWERTRAIN_M03_01,M03,Semantic wording change,Keyword,80,13,11,4,2,2,4,0.3636,0.3077,0.3333,0.971,0.8375,1.0,7,0.671
POWERTRAIN,POWERTRAIN_M03_01,M03,Semantic wording change,Embedding_Only,80,3,11,3,2,2,3,0.2727,1.0,0.4286,1.1159,0.9625,1.0,8,0.352
POWERTRAIN,POWERTRAIN_M03_01,M03,Semantic wording change,Embedding_Context,80,3,11,3,2,2,3,0.2727,1.0,0.4286,1.1159,0.9625,1.0,8,0.306
POWERTRAIN,POWERTRAIN_M03_01,M03,Semantic wording change,Graph_Only,80,11,11,11,2,2,11,1.0,1.0,1.0,1.0,0.8625,1.0,0,0.047
POWERTRAIN,POWERTRAIN_M03_01,M03,Semantic wording change,Hybrid_AURA_Routed,80,11,11,11,2,2,11,1.0,1.0,1.0,1.0,0.8625,1.0,0,0.417
POWERTRAIN,POWERTRAIN_M03_01,M03,Semantic wording change,Hybrid_AURA_Fixed,80,11,11,11,2,2,11,1.0,1.0,1.0,1.0,0.8625,1.0,0,0.481
POWERTRAIN,POWERTRAIN_M04_01,M04,Requirement synonym replacement,Full_Suite,80,80,34,34,2,2,34,1.0,0.425,0.5965,0.0,0.0,1.0,0,0.1
POWERTRAIN,POWERTRAIN_M04_01,M04,Requirement synonym replacement,Keyword,80,41,34,31,2,2,31,0.9118,0.7561,0.8267,0.8478,0.4875,1.0,3,0.484
POWERTRAIN,POWERTRAIN_M04_01,M04,Requirement synonym replacement,Embedding_Only,80,31,34,31,2,2,31,0.9118,1.0,0.9538,1.0652,0.6125,1.0,3,0.326
POWERTRAIN,POWERTRAIN_M04_01,M04,Requirement synonym replacement,Embedding_Context,80,31,34,31,2,2,31,0.9118,1.0,0.9538,1.0652,0.6125,1.0,3,0.304
POWERTRAIN,POWERTRAIN_M04_01,M04,Requirement synonym replacement,Graph_Only,80,34,34,34,2,2,34,1.0,1.0,1.0,1.0,0.575,1.0,0,0.042
POWERTRAIN,POWERTRAIN_M04_01,M04,Requirement synonym replacement,Hybrid_AURA_Routed,80,34,34,34,2,2,34,1.0,1.0,1.0,1.0,0.575,1.0,0,0.509
POWERTRAIN,POWERTRAIN_M04_01,M04,Requirement synonym replacement,Hybrid_AURA_Fixed,80,34,34,34,2,2,34,1.0,1.0,1.0,1.0,0.575,1.0,0,0.394
POWERTRAIN,POWERTRAIN_M05_01,M05,Requirement constraint addition,Full_Suite,80,80,11,11,5,5,11,1.0,0.1375,0.2418,0.0,0.0,1.0,0,0.1
POWERTRAIN,POWERTRAIN_M05_01,M05,Requirement constraint addition,Keyword,80,80,11,11,5,5,11,1.0,0.1375,0.2418,0.0,0.0,1.0,0,0.448
POWERTRAIN,POWERTRAIN_M05_01,M05,Requirement constraint addition,Embedding_Only,80,5,11,5,5,5,5,0.4545,1.0,0.625,1.087,0.9375,1.0,6,0.321
POWERTRAIN,POWERTRAIN_M05_01,M05,Requirement constraint addition,Embedding_Context,80,5,11,5,5,5,5,0.4545,1.0,0.625,1.087,0.9375,1.0,6,178.183
POWERTRAIN,POWERTRAIN_M05_01,M05,Requirement constraint addition,Graph_Only,80,11,11,11,5,5,11,1.0,1.0,1.0,1.0,0.8625,1.0,0,0.046
POWERTRAIN,POWERTRAIN_M05_01,M05,Requirement constraint addition,Hybrid_AURA_Routed,80,11,11,11,5,5,11,1.0,1.0,1.0,1.0,0.8625,1.0,0,157.758
POWERTRAIN,POWERTRAIN_M05_01,M05,Requirement constraint addition,Hybrid_AURA_Fixed,80,11,11,11,5,5,11,1.0,1.0,1.0,1.0,0.8625,1.0,0,169.911
POWERTRAIN,POWERTRAIN_M06_01,M06,ARXML datatype change,Full_Suite,80,80,0,0,0,0,0,1.0,0.0,0.0,0.0,0.0,1.0,0,0.1
POWERTRAIN,POWERTRAIN_M06_01,M06,ARXML datatype change,Keyword,80,0,0,0,0,0,0,1.0,1.0,1.0,1.0,1.0,1.0,0,0.55
POWERTRAIN,POWERTRAIN_M06_01,M06,ARXML datatype change,Embedding_Only,80,0,0,0,0,0,0,1.0,1.0,1.0,1.0,1.0,1.0,0,0.317
POWERTRAIN,POWERTRAIN_M06_01,M06,ARXML datatype change,Embedding_Context,80,0,0,0,0,0,0,1.0,1.0,1.0,1.0,1.0,1.0,0,2.917
POWERTRAIN,POWERTRAIN_M06_01,M06,ARXML datatype change,Graph_Only,80,0,0,0,0,0,0,1.0,1.0,1.0,1.0,1.0,1.0,0,0.006
POWERTRAIN,POWERTRAIN_M06_01,M06,ARXML datatype change,Hybrid_AURA_Routed,80,0,0,0,0,0,0,1.0,1.0,1.0,1.0,1.0,1.0,0,0.021
POWERTRAIN,POWERTRAIN_M06_01,M06,ARXML datatype change,Hybrid_AURA_Fixed,80,0,0,0,0,0,0,1.0,1.0,1.0,1.0,1.0,1.0,0,3.351
POWERTRAIN,POWERTRAIN_M07_01,M07,ARXML scaling change,Full_Suite,80,80,0,0,0,0,0,1.0,0.0,0.0,0.0,0.0,1.0,0,0.1
POWERTRAIN,POWERTRAIN_M07_01,M07,ARXML scaling change,Keyword,80,10,0,0,0,0,0,1.0,0.0,0.0,0.0,0.875,1.0,0,0.475
POWERTRAIN,POWERTRAIN_M07_01,M07,ARXML scaling change,Embedding_Only,80,0,0,0,0,0,0,1.0,1.0,1.0,1.0,1.0,1.0,0,0.336
POWERTRAIN,POWERTRAIN_M07_01,M07,ARXML scaling change,Embedding_Context,80,0,0,0,0,0,0,1.0,1.0,1.0,1.0,1.0,1.0,0,0.318
POWERTRAIN,POWERTRAIN_M07_01,M07,ARXML scaling change,Graph_Only,80,0,0,0,0,0,0,1.0,1.0,1.0,1.0,1.0,1.0,0,0.006
POWERTRAIN,POWERTRAIN_M07_01,M07,ARXML scaling change,Hybrid_AURA_Routed,80,0,0,0,0,0,0,1.0,1.0,1.0,1.0,1.0,1.0,0,0.016
POWERTRAIN,POWERTRAIN_M07_01,M07,ARXML scaling change,Hybrid_AURA_Fixed,80,0,0,0,0,0,0,1.0,1.0,1.0,1.0,1.0,1.0,0,0.29
POWERTRAIN,POWERTRAIN_M08_01,M08,Interface field change,Full_Suite,80,80,0,0,0,0,0,1.0,0.0,0.0,0.0,0.0,1.0,0,0.1
POWERTRAIN,POWERTRAIN_M08_01,M08,Interface field change,Keyword,80,0,0,0,0,0,0,1.0,1.0,1.0,1.0,1.0,1.0,0,0.366
POWERTRAIN,POWERTRAIN_M08_01,M08,Interface field change,Embedding_Only,80,0,0,0,0,0,0,1.0,1.0,1.0,1.0,1.0,1.0,0,0.281
POWERTRAIN,POWERTRAIN_M08_01,M08,Interface field change,Embedding_Context,80,0,0,0,0,0,0,1.0,1.0,1.0,1.0,1.0,1.0,0,0.281
POWERTRAIN,POWERTRAIN_M08_01,M08,Interface field change,Graph_Only,80,0,0,0,0,0,0,1.0,1.0,1.0,1.0,1.0,1.0,0,0.005
POWERTRAIN,POWERTRAIN_M08_01,M08,Interface field change,Hybrid_AURA_Routed,80,0,0,0,0,0,0,1.0,1.0,1.0,1.0,1.0,1.0,0,0.016
POWERTRAIN,POWERTRAIN_M08_01,M08,Interface field change,Hybrid_AURA_Fixed,80,0,0,0,0,0,0,1.0,1.0,1.0,1.0,1.0,1.0,0,0.283
POWERTRAIN,POWERTRAIN_M09_01,M09,Interface version change,Full_Suite,80,80,0,0,0,0,0,1.0,0.0,0.0,0.0,0.0,1.0,0,0.1
POWERTRAIN,POWERTRAIN_M09_01,M09,Interface version change,Keyword,80,10,0,0,0,0,0,1.0,0.0,0.0,0.0,0.875,1.0,0,0.357
POWERTRAIN,POWERTRAIN_M09_01,M09,Interface version change,Embedding_Only,80,0,0,0,0,0,0,1.0,1.0,1.0,1.0,1.0,1.0,0,0.285
POWERTRAIN,POWERTRAIN_M09_01,M09,Interface version change,Embedding_Context,80,0,0,0,0,0,0,1.0,1.0,1.0,1.0,1.0,1.0,0,0.27
POWERTRAIN,POWERTRAIN_M09_01,M09,Interface version change,Graph_Only,80,0,0,0,0,0,0,1.0,1.0,1.0,1.0,1.0,1.0,0,0.005
POWERTRAIN,POWERTRAIN_M09_01,M09,Interface version change,Hybrid_AURA_Routed,80,0,0,0,0,0,0,1.0,1.0,1.0,1.0,1.0,1.0,0,0.016
POWERTRAIN,POWERTRAIN_M09_01,M09,Interface version change,Hybrid_AURA_Fixed,80,0,0,0,0,0,0,1.0,1.0,1.0,1.0,1.0,1.0,0,0.271
POWERTRAIN,POWERTRAIN_M10_01,M10,C function signature change,Full_Suite,80,80,6,6,0,0,6,1.0,0.075,0.1395,0.0,0.0,1.0,0,0.1
POWERTRAIN,POWERTRAIN_M10_01,M10,C function signature change,Keyword,80,1,6,1,0,0,1,0.1667,1.0,0.2857,1.0676,0.9875,1.0,5,0.376
POWERTRAIN,POWERTRAIN_M10_01,M10,C function signature change,Embedding_Only,80,1,6,1,0,0,1,0.1667,1.0,0.2857,1.0676,0.9875,1.0,5,0.266
POWERTRAIN,POWERTRAIN_M10_01,M10,C function signature change,Embedding_Context,80,1,6,1,0,0,1,0.1667,1.0,0.2857,1.0676,0.9875,1.0,5,3.55
POWERTRAIN,POWERTRAIN_M10_01,M10,C function signature change,Graph_Only,80,6,6,6,0,0,6,1.0,1.0,1.0,1.0,0.925,1.0,0,0.028
POWERTRAIN,POWERTRAIN_M10_01,M10,C function signature change,Hybrid_AURA_Routed,80,6,6,6,0,0,6,1.0,1.0,1.0,1.0,0.925,1.0,0,0.068
POWERTRAIN,POWERTRAIN_M10_01,M10,C function signature change,Hybrid_AURA_Fixed,80,6,6,6,0,0,6,1.0,1.0,1.0,1.0,0.925,1.0,0,3.578
POWERTRAIN,POWERTRAIN_M11_01,M11,C constant change,Full_Suite,80,80,6,6,6,6,6,1.0,0.075,0.1395,0.0,0.0,1.0,0,0.1
POWERTRAIN,POWERTRAIN_M11_01,M11,C constant change,Keyword,80,7,6,6,6,6,6,1.0,0.8571,0.9231,0.9865,0.9125,1.0,0,0.427
POWERTRAIN,POWERTRAIN_M11_01,M11,C constant change,Embedding_Only,80,6,6,6,6,6,6,1.0,1.0,1.0,1.0,0.925,1.0,0,0.31
POWERTRAIN,POWERTRAIN_M11_01,M11,C constant change,Embedding_Context,80,6,6,6,6,6,6,1.0,1.0,1.0,1.0,0.925,1.0,0,0.273
POWERTRAIN,POWERTRAIN_M11_01,M11,C constant change,Graph_Only,80,6,6,6,6,6,6,1.0,1.0,1.0,1.0,0.925,1.0,0,0.032
POWERTRAIN,POWERTRAIN_M11_01,M11,C constant change,Hybrid_AURA_Routed,80,6,6,6,6,6,6,1.0,1.0,1.0,1.0,0.925,1.0,0,0.075
POWERTRAIN,POWERTRAIN_M11_01,M11,C constant change,Hybrid_AURA_Fixed,80,6,6,6,6,6,6,1.0,1.0,1.0,1.0,0.925,1.0,0,0.362
POWERTRAIN,POWERTRAIN_M12_01,M12,Function dependency change,Full_Suite,80,80,6,6,4,4,6,1.0,0.075,0.1395,0.0,0.0,1.0,0,0.1
POWERTRAIN,POWERTRAIN_M12_01,M12,Function dependency change,Keyword,80,4,6,4,4,4,4,0.6667,1.0,0.8,1.027,0.95,1.0,2,0.37
POWERTRAIN,POWERTRAIN_M12_01,M12,Function dependency change,Embedding_Only,80,4,6,4,4,4,4,0.6667,1.0,0.8,1.027,0.95,1.0,2,0.267
POWERTRAIN,POWERTRAIN_M12_01,M12,Function dependency change,Embedding_Context,80,4,6,4,4,4,4,0.6667,1.0,0.8,1.027,0.95,1.0,2,0.262
POWERTRAIN,POWERTRAIN_M12_01,M12,Function dependency change,Graph_Only,80,6,6,6,4,4,6,1.0,1.0,1.0,1.0,0.925,1.0,0,0.027
POWERTRAIN,POWERTRAIN_M12_01,M12,Function dependency change,Hybrid_AURA_Routed,80,6,6,6,4,4,6,1.0,1.0,1.0,1.0,0.925,1.0,0,0.071
POWERTRAIN,POWERTRAIN_M12_01,M12,Function dependency change,Hybrid_AURA_Fixed,80,6,6,6,4,4,6,1.0,1.0,1.0,1.0,0.925,1.0,0,0.363
POWERTRAIN,POWERTRAIN_M13_01,M13,Variable dependency change,Full_Suite,80,80,6,6,1,1,6,1.0,0.075,0.1395,0.0,0.0,1.0,0,0.1
POWERTRAIN,POWERTRAIN_M13_01,M13,Variable dependency change,Keyword,80,1,6,1,1,1,1,0.1667,1.0,0.2857,1.0676,0.9875,1.0,5,0.345
POWERTRAIN,POWERTRAIN_M13_01,M13,Variable dependency change,Embedding_Only,80,1,6,1,1,1,1,0.1667,1.0,0.2857,1.0676,0.9875,1.0,5,0.247
POWERTRAIN,POWERTRAIN_M13_01,M13,Variable dependency change,Embedding_Context,80,1,6,1,1,1,1,0.1667,1.0,0.2857,1.0676,0.9875,1.0,5,0.251
POWERTRAIN,POWERTRAIN_M13_01,M13,Variable dependency change,Graph_Only,80,6,6,6,1,1,6,1.0,1.0,1.0,1.0,0.925,1.0,0,0.028
POWERTRAIN,POWERTRAIN_M13_01,M13,Variable dependency change,Hybrid_AURA_Routed,80,6,6,6,1,1,6,1.0,1.0,1.0,1.0,0.925,1.0,0,0.063
POWERTRAIN,POWERTRAIN_M13_01,M13,Variable dependency change,Hybrid_AURA_Fixed,80,6,6,6,1,1,6,1.0,1.0,1.0,1.0,0.925,1.0,0,0.34
POWERTRAIN,POWERTRAIN_M14_01,M14,Test requirement modification,Full_Suite,80,80,35,35,3,3,35,1.0,0.4375,0.6087,0.0,0.0,1.0,0,0.1
POWERTRAIN,POWERTRAIN_M14_01,M14,Test requirement modification,Keyword,80,18,35,18,3,3,18,0.5143,1.0,0.6792,1.3778,0.775,1.0,17,0.377
POWERTRAIN,POWERTRAIN_M14_01,M14,Test requirement modification,Embedding_Only,80,4,35,4,3,3,4,0.1143,1.0,0.2051,1.6889,0.95,1.0,31,0.273
POWERTRAIN,POWERTRAIN_M14_01,M14,Test requirement modification,Embedding_Context,80,4,35,4,3,3,4,0.1143,1.0,0.2051,1.6889,0.95,1.0,31,177.191
POWERTRAIN,POWERTRAIN_M14_01,M14,Test requirement modification,Graph_Only,80,35,35,35,3,3,35,1.0,1.0,1.0,1.0,0.5625,1.0,0,0.061
POWERTRAIN,POWERTRAIN_M14_01,M14,Test requirement modification,Hybrid_AURA_Routed,80,35,35,35,3,3,35,1.0,1.0,1.0,1.0,0.5625,1.0,0,0.132
POWERTRAIN,POWERTRAIN_M14_01,M14,Test requirement modification,Hybrid_AURA_Fixed,80,35,35,35,3,3,35,1.0,1.0,1.0,1.0,0.5625,1.0,0,169.04
POWERTRAIN,POWERTRAIN_M15_01,M15,Unrelated/no-impact change,Full_Suite,80,80,0,0,0,0,0,1.0,0.0,0.0,0.0,0.0,1.0,0,0.1
POWERTRAIN,POWERTRAIN_M15_01,M15,Unrelated/no-impact change,Keyword,80,1,0,0,0,0,0,1.0,0.0,0.0,0.0,0.9875,1.0,0,0.558
POWERTRAIN,POWERTRAIN_M15_01,M15,Unrelated/no-impact change,Embedding_Only,80,1,0,0,0,0,0,1.0,0.0,0.0,0.0,0.9875,1.0,0,0.315
POWERTRAIN,POWERTRAIN_M15_01,M15,Unrelated/no-impact change,Embedding_Context,80,1,0,0,0,0,0,1.0,0.0,0.0,0.0,0.9875,1.0,0,0.269
POWERTRAIN,POWERTRAIN_M15_01,M15,Unrelated/no-impact change,Graph_Only,80,6,0,0,0,0,0,1.0,0.0,0.0,0.0,0.925,1.0,0,0.033
POWERTRAIN,POWERTRAIN_M15_01,M15,Unrelated/no-impact change,Hybrid_AURA_Routed,80,0,0,0,0,0,0,1.0,1.0,1.0,1.0,1.0,1.0,0,0.006
POWERTRAIN,POWERTRAIN_M15_01,M15,Unrelated/no-impact change,Hybrid_AURA_Fixed,80,6,0,0,0,0,0,1.0,0.0,0.0,0.0,0.925,1.0,0,0.302
POWERTRAIN,POWERTRAIN_M16_01,M16,Indirect dependency change,Full_Suite,80,80,6,6,0,0,6,1.0,0.075,0.1395,0.0,0.0,1.0,0,0.1
POWERTRAIN,POWERTRAIN_M16_01,M16,Indirect dependency change,Keyword,80,1,6,1,0,0,1,0.1667,1.0,0.2857,1.0676,0.9875,1.0,5,0.322
POWERTRAIN,POWERTRAIN_M16_01,M16,Indirect dependency change,Embedding_Only,80,1,6,1,0,0,1,0.1667,1.0,0.2857,1.0676,0.9875,1.0,5,0.225
POWERTRAIN,POWERTRAIN_M16_01,M16,Indirect dependency change,Embedding_Context,80,1,6,1,0,0,1,0.1667,1.0,0.2857,1.0676,0.9875,1.0,5,0.217
POWERTRAIN,POWERTRAIN_M16_01,M16,Indirect dependency change,Graph_Only,80,6,6,6,0,0,6,1.0,1.0,1.0,1.0,0.925,1.0,0,0.024
POWERTRAIN,POWERTRAIN_M16_01,M16,Indirect dependency change,Hybrid_AURA_Routed,80,6,6,6,0,0,6,1.0,1.0,1.0,1.0,0.925,1.0,0,0.056
POWERTRAIN,POWERTRAIN_M16_01,M16,Indirect dependency change,Hybrid_AURA_Fixed,80,6,6,6,0,0,6,1.0,1.0,1.0,1.0,0.925,1.0,0,0.292
POWERTRAIN,POWERTRAIN_M17_01,M17,Long-chain dependency change,Full_Suite,80,80,11,11,2,2,11,1.0,0.1375,0.2418,0.0,0.0,1.0,0,0.1
POWERTRAIN,POWERTRAIN_M17_01,M17,Long-chain dependency change,Keyword,80,3,11,3,2,2,3,0.2727,1.0,0.4286,1.1159,0.9625,1.0,8,0.301
POWERTRAIN,POWERTRAIN_M17_01,M17,Long-chain dependency change,Embedding_Only,80,3,11,3,2,2,3,0.2727,1.0,0.4286,1.1159,0.9625,1.0,8,0.222
POWERTRAIN,POWERTRAIN_M17_01,M17,Long-chain dependency change,Embedding_Context,80,3,11,3,2,2,3,0.2727,1.0,0.4286,1.1159,0.9625,1.0,8,0.235
POWERTRAIN,POWERTRAIN_M17_01,M17,Long-chain dependency change,Graph_Only,80,11,11,11,2,2,11,1.0,1.0,1.0,1.0,0.8625,1.0,0,0.032
POWERTRAIN,POWERTRAIN_M17_01,M17,Long-chain dependency change,Hybrid_AURA_Routed,80,11,11,11,2,2,11,1.0,1.0,1.0,1.0,0.8625,1.0,0,0.076
POWERTRAIN,POWERTRAIN_M17_01,M17,Long-chain dependency change,Hybrid_AURA_Fixed,80,11,11,11,2,2,11,1.0,1.0,1.0,1.0,0.8625,1.0,0,0.318
POWERTRAIN,POWERTRAIN_M18_01,M18,Cross-domain Req->ARXML->C->Test change,Full_Suite,80,80,11,11,3,3,11,1.0,0.1375,0.2418,0.0,0.0,1.0,0,0.1
POWERTRAIN,POWERTRAIN_M18_01,M18,Cross-domain Req->ARXML->C->Test change,Keyword,80,13,11,4,3,3,4,0.3636,0.3077,0.3333,0.971,0.8375,1.0,7,0.319
POWERTRAIN,POWERTRAIN_M18_01,M18,Cross-domain Req->ARXML->C->Test change,Embedding_Only,80,3,11,3,3,3,3,0.2727,1.0,0.4286,1.1159,0.9625,1.0,8,0.235
POWERTRAIN,POWERTRAIN_M18_01,M18,Cross-domain Req->ARXML->C->Test change,Embedding_Context,80,3,11,3,3,3,3,0.2727,1.0,0.4286,1.1159,0.9625,1.0,8,0.239
POWERTRAIN,POWERTRAIN_M18_01,M18,Cross-domain Req->ARXML->C->Test change,Graph_Only,80,11,11,11,3,3,11,1.0,1.0,1.0,1.0,0.8625,1.0,0,0.032
POWERTRAIN,POWERTRAIN_M18_01,M18,Cross-domain Req->ARXML->C->Test change,Hybrid_AURA_Routed,80,11,11,11,3,3,11,1.0,1.0,1.0,1.0,0.8625,1.0,0,0.306
POWERTRAIN,POWERTRAIN_M18_01,M18,Cross-domain Req->ARXML->C->Test change,Hybrid_AURA_Fixed,80,11,11,11,3,3,11,1.0,1.0,1.0,1.0,0.8625,1.0,0,0.315
POWERTRAIN,POWERTRAIN_M19_01,M19,Misleading semantic similarity,Full_Suite,80,80,1,1,1,1,1,1.0,0.0125,0.0247,0.0,0.0,1.0,0,0.1
POWERTRAIN,POWERTRAIN_M19_01,M19,Misleading semantic similarity,Keyword,80,11,1,1,1,1,1,1.0,0.0909,0.1667,0.8734,0.8625,1.0,0,0.329
POWERTRAIN,POWERTRAIN_M19_01,M19,Misleading semantic similarity,Embedding_Only,80,1,1,1,1,1,1,1.0,1.0,1.0,1.0,0.9875,1.0,0,0.22
POWERTRAIN,POWERTRAIN_M19_01,M19,Misleading semantic similarity,Embedding_Context,80,1,1,1,1,1,1,1.0,1.0,1.0,1.0,0.9875,1.0,0,0.228
POWERTRAIN,POWERTRAIN_M19_01,M19,Misleading semantic similarity,Graph_Only,80,11,1,1,1,1,1,1.0,0.0909,0.1667,0.8734,0.8625,1.0,0,0.03
POWERTRAIN,POWERTRAIN_M19_01,M19,Misleading semantic similarity,Hybrid_AURA_Routed,80,11,1,1,1,1,1,1.0,0.0909,0.1667,0.8734,0.8625,1.0,0,0.305
POWERTRAIN,POWERTRAIN_M19_01,M19,Misleading semantic similarity,Hybrid_AURA_Fixed,80,11,1,1,1,1,1,1.0,0.0909,0.1667,0.8734,0.8625,1.0,0,0.298
POWERTRAIN,POWERTRAIN_M20_01,M20,Multiple simultaneous changes,Full_Suite,80,80,6,6,1,1,6,1.0,0.075,0.1395,0.0,0.0,1.0,0,0.1
POWERTRAIN,POWERTRAIN_M20_01,M20,Multiple simultaneous changes,Keyword,80,1,6,1,1,1,1,0.1667,1.0,0.2857,1.0676,0.9875,1.0,5,0.375
POWERTRAIN,POWERTRAIN_M20_01,M20,Multiple simultaneous changes,Embedding_Only,80,1,6,1,1,1,1,0.1667,1.0,0.2857,1.0676,0.9875,1.0,5,0.313
POWERTRAIN,POWERTRAIN_M20_01,M20,Multiple simultaneous changes,Embedding_Context,80,1,6,1,1,1,1,0.1667,1.0,0.2857,1.0676,0.9875,1.0,5,0.255
POWERTRAIN,POWERTRAIN_M20_01,M20,Multiple simultaneous changes,Graph_Only,80,6,6,6,1,1,6,1.0,1.0,1.0,1.0,0.925,1.0,0,0.038
POWERTRAIN,POWERTRAIN_M20_01,M20,Multiple simultaneous changes,Hybrid_AURA_Routed,80,6,6,6,1,1,6,1.0,1.0,1.0,1.0,0.925,1.0,0,0.297
POWERTRAIN,POWERTRAIN_M20_01,M20,Multiple simultaneous changes,Hybrid_AURA_Fixed,80,6,6,6,1,1,6,1.0,1.0,1.0,1.0,0.925,1.0,0,0.31
POWERTRAIN,POWERTRAIN_M21_01,M21,Lexical renaming,Full_Suite,80,80,0,0,0,0,0,1.0,0.0,0.0,0.0,0.0,1.0,0,0.1
POWERTRAIN,POWERTRAIN_M21_01,M21,Lexical renaming,Keyword,80,8,0,0,0,0,0,1.0,0.0,0.0,0.0,0.9,1.0,0,0.313
POWERTRAIN,POWERTRAIN_M21_01,M21,Lexical renaming,Embedding_Only,80,0,0,0,0,0,0,1.0,1.0,1.0,1.0,1.0,1.0,0,0.222
POWERTRAIN,POWERTRAIN_M21_01,M21,Lexical renaming,Embedding_Context,80,0,0,0,0,0,0,1.0,1.0,1.0,1.0,1.0,1.0,0,0.221
POWERTRAIN,POWERTRAIN_M21_01,M21,Lexical renaming,Graph_Only,80,0,0,0,0,0,0,1.0,1.0,1.0,1.0,1.0,1.0,0,0.004
POWERTRAIN,POWERTRAIN_M21_01,M21,Lexical renaming,Hybrid_AURA_Routed,80,0,0,0,0,0,0,1.0,1.0,1.0,1.0,1.0,1.0,0,0.014
POWERTRAIN,POWERTRAIN_M21_01,M21,Lexical renaming,Hybrid_AURA_Fixed,80,0,0,0,0,0,0,1.0,1.0,1.0,1.0,1.0,1.0,0,0.252
POWERTRAIN,POWERTRAIN_M22_01,M22,Structural rename with same semantics,Full_Suite,80,80,0,0,0,0,0,1.0,0.0,0.0,0.0,0.0,1.0,0,0.1
POWERTRAIN,POWERTRAIN_M22_01,M22,Structural rename with same semantics,Keyword,80,8,0,0,0,0,0,1.0,0.0,0.0,0.0,0.9,1.0,0,0.304
POWERTRAIN,POWERTRAIN_M22_01,M22,Structural rename with same semantics,Embedding_Only,80,0,0,0,0,0,0,1.0,1.0,1.0,1.0,1.0,1.0,0,0.224
POWERTRAIN,POWERTRAIN_M22_01,M22,Structural rename with same semantics,Embedding_Context,80,0,0,0,0,0,0,1.0,1.0,1.0,1.0,1.0,1.0,0,0.231
POWERTRAIN,POWERTRAIN_M22_01,M22,Structural rename with same semantics,Graph_Only,80,0,0,0,0,0,0,1.0,1.0,1.0,1.0,1.0,1.0,0,0.005
POWERTRAIN,POWERTRAIN_M22_01,M22,Structural rename with same semantics,Hybrid_AURA_Routed,80,0,0,0,0,0,0,1.0,1.0,1.0,1.0,1.0,1.0,0,0.014
POWERTRAIN,POWERTRAIN_M22_01,M22,Structural rename with same semantics,Hybrid_AURA_Fixed,80,0,0,0,0,0,0,1.0,1.0,1.0,1.0,1.0,1.0,0,0.254
POWERTRAIN,POWERTRAIN_M23_01,M23,Semantic requirement change with little textual overlap,Full_Suite,80,80,11,11,4,4,11,1.0,0.1375,0.2418,0.0,0.0,1.0,0,0.1
POWERTRAIN,POWERTRAIN_M23_01,M23,Semantic requirement change with little textual overlap,Keyword,80,14,11,4,4,4,4,0.3636,0.2857,0.32,0.9565,0.825,1.0,7,0.349
POWERTRAIN,POWERTRAIN_M23_01,M23,Semantic requirement change with little textual overlap,Embedding_Only,80,4,11,4,4,4,4,0.3636,1.0,0.5333,1.1014,0.95,1.0,7,0.245
POWERTRAIN,POWERTRAIN_M23_01,M23,Semantic requirement change with little textual overlap,Embedding_Context,80,4,11,4,4,4,4,0.3636,1.0,0.5333,1.1014,0.95,1.0,7,0.249
POWERTRAIN,POWERTRAIN_M23_01,M23,Semantic requirement change with little textual overlap,Graph_Only,80,11,11,11,4,4,11,1.0,1.0,1.0,1.0,0.8625,1.0,0,0.036
POWERTRAIN,POWERTRAIN_M23_01,M23,Semantic requirement change with little textual overlap,Hybrid_AURA_Routed,80,11,11,11,4,4,11,1.0,1.0,1.0,1.0,0.8625,1.0,0,0.349
POWERTRAIN,POWERTRAIN_M23_01,M23,Semantic requirement change with little textual overlap,Hybrid_AURA_Fixed,80,11,11,11,4,4,11,1.0,1.0,1.0,1.0,0.8625,1.0,0,0.356
POWERTRAIN,POWERTRAIN_M24_01,M24,Dead-code modification,Full_Suite,80,80,0,0,0,0,0,1.0,0.0,0.0,0.0,0.0,1.0,0,0.1
POWERTRAIN,POWERTRAIN_M24_01,M24,Dead-code modification,Keyword,80,11,0,0,0,0,0,1.0,0.0,0.0,0.0,0.8625,1.0,0,0.37
POWERTRAIN,POWERTRAIN_M24_01,M24,Dead-code modification,Embedding_Only,80,1,0,0,0,0,0,1.0,0.0,0.0,0.0,0.9875,1.0,0,0.251
POWERTRAIN,POWERTRAIN_M24_01,M24,Dead-code modification,Embedding_Context,80,1,0,0,0,0,0,1.0,0.0,0.0,0.0,0.9875,1.0,0,0.235
POWERTRAIN,POWERTRAIN_M24_01,M24,Dead-code modification,Graph_Only,80,6,0,0,0,0,0,1.0,0.0,0.0,0.0,0.925,1.0,0,0.028
POWERTRAIN,POWERTRAIN_M24_01,M24,Dead-code modification,Hybrid_AURA_Routed,80,0,0,0,0,0,0,1.0,1.0,1.0,1.0,1.0,1.0,0,0.005
POWERTRAIN,POWERTRAIN_M24_01,M24,Dead-code modification,Hybrid_AURA_Fixed,80,6,0,0,0,0,0,1.0,0.0,0.0,0.0,0.925,1.0,0,0.303
POWERTRAIN,POWERTRAIN_M25_01,M25,Documentation-only change,Full_Suite,80,80,0,0,0,0,0,1.0,0.0,0.0,0.0,0.0,1.0,0,0.1
POWERTRAIN,POWERTRAIN_M25_01,M25,Documentation-only change,Keyword,80,11,0,0,0,0,0,1.0,0.0,0.0,0.0,0.8625,1.0,0,0.343
POWERTRAIN,POWERTRAIN_M25_01,M25,Documentation-only change,Embedding_Only,80,1,0,0,0,0,0,1.0,0.0,0.0,0.0,0.9875,1.0,0,0.265
POWERTRAIN,POWERTRAIN_M25_01,M25,Documentation-only change,Embedding_Context,80,1,0,0,0,0,0,1.0,0.0,0.0,0.0,0.9875,1.0,0,0.268
POWERTRAIN,POWERTRAIN_M25_01,M25,Documentation-only change,Graph_Only,80,11,0,0,0,0,0,1.0,0.0,0.0,0.0,0.8625,1.0,0,0.038
POWERTRAIN,POWERTRAIN_M25_01,M25,Documentation-only change,Hybrid_AURA_Routed,80,0,0,0,0,0,0,1.0,1.0,1.0,1.0,1.0,1.0,0,0.005
POWERTRAIN,POWERTRAIN_M25_01,M25,Documentation-only change,Hybrid_AURA_Fixed,80,11,0,0,0,0,0,1.0,0.0,0.0,0.0,0.8625,1.0,0,0.36
POWERTRAIN,POWERTRAIN_M01_02,M01,Numeric requirement change,Full_Suite,80,80,34,34,2,2,34,1.0,0.425,0.5965,0.0,0.0,1.0,0,0.1
POWERTRAIN,POWERTRAIN_M01_02,M01,Numeric requirement change,Keyword,80,80,34,34,2,2,34,1.0,0.425,0.5965,0.0,0.0,1.0,0,0.418
POWERTRAIN,POWERTRAIN_M01_02,M01,Numeric requirement change,Embedding_Only,80,31,34,31,2,2,31,0.9118,1.0,0.9538,1.0652,0.6125,1.0,3,0.276
POWERTRAIN,POWERTRAIN_M01_02,M01,Numeric requirement change,Embedding_Context,80,31,34,31,2,2,31,0.9118,1.0,0.9538,1.0652,0.6125,1.0,3,159.861
POWERTRAIN,POWERTRAIN_M01_02,M01,Numeric requirement change,Graph_Only,80,34,34,34,2,2,34,1.0,1.0,1.0,1.0,0.575,1.0,0,0.049
POWERTRAIN,POWERTRAIN_M01_02,M01,Numeric requirement change,Hybrid_AURA_Routed,80,34,34,34,2,2,34,1.0,1.0,1.0,1.0,0.575,1.0,0,175.943
POWERTRAIN,POWERTRAIN_M01_02,M01,Numeric requirement change,Hybrid_AURA_Fixed,80,34,34,34,2,2,34,1.0,1.0,1.0,1.0,0.575,1.0,0,170.497
POWERTRAIN,POWERTRAIN_M02_02,M02,Threshold change,Full_Suite,80,80,11,11,2,2,11,1.0,0.1375,0.2418,0.0,0.0,1.0,0,0.1
POWERTRAIN,POWERTRAIN_M02_02,M02,Threshold change,Keyword,80,80,11,11,2,2,11,1.0,0.1375,0.2418,0.0,0.0,1.0,0,0.86
POWERTRAIN,POWERTRAIN_M02_02,M02,Threshold change,Embedding_Only,80,3,11,3,2,2,3,0.2727,1.0,0.4286,1.1159,0.9625,1.0,8,0.405
POWERTRAIN,POWERTRAIN_M02_02,M02,Threshold change,Embedding_Context,80,3,11,3,2,2,3,0.2727,1.0,0.4286,1.1159,0.9625,1.0,8,179.145
POWERTRAIN,POWERTRAIN_M02_02,M02,Threshold change,Graph_Only,80,11,11,11,2,2,11,1.0,1.0,1.0,1.0,0.8625,1.0,0,0.046
POWERTRAIN,POWERTRAIN_M02_02,M02,Threshold change,Hybrid_AURA_Routed,80,11,11,11,2,2,11,1.0,1.0,1.0,1.0,0.8625,1.0,0,162.726
POWERTRAIN,POWERTRAIN_M02_02,M02,Threshold change,Hybrid_AURA_Fixed,80,11,11,11,2,2,11,1.0,1.0,1.0,1.0,0.8625,1.0,0,180.598
POWERTRAIN,POWERTRAIN_M03_02,M03,Semantic wording change,Full_Suite,80,80,11,11,2,2,11,1.0,0.1375,0.2418,0.0,0.0,1.0,0,0.1
POWERTRAIN,POWERTRAIN_M03_02,M03,Semantic wording change,Keyword,80,13,11,3,2,2,3,0.2727,0.2308,0.25,0.971,0.8375,1.0,8,0.628
POWERTRAIN,POWERTRAIN_M03_02,M03,Semantic wording change,Embedding_Only,80,3,11,3,2,2,3,0.2727,1.0,0.4286,1.1159,0.9625,1.0,8,0.347
POWERTRAIN,POWERTRAIN_M03_02,M03,Semantic wording change,Embedding_Context,80,3,11,3,2,2,3,0.2727,1.0,0.4286,1.1159,0.9625,1.0,8,0.31
POWERTRAIN,POWERTRAIN_M03_02,M03,Semantic wording change,Graph_Only,80,11,11,11,2,2,11,1.0,1.0,1.0,1.0,0.8625,1.0,0,0.043
POWERTRAIN,POWERTRAIN_M03_02,M03,Semantic wording change,Hybrid_AURA_Routed,80,11,11,11,2,2,11,1.0,1.0,1.0,1.0,0.8625,1.0,0,0.397
POWERTRAIN,POWERTRAIN_M03_02,M03,Semantic wording change,Hybrid_AURA_Fixed,80,11,11,11,2,2,11,1.0,1.0,1.0,1.0,0.8625,1.0,0,0.369
POWERTRAIN,POWERTRAIN_M04_02,M04,Requirement synonym replacement,Full_Suite,80,80,11,11,2,2,11,1.0,0.1375,0.2418,0.0,0.0,1.0,0,0.1
POWERTRAIN,POWERTRAIN_M04_02,M04,Requirement synonym replacement,Keyword,80,13,11,4,2,2,4,0.3636,0.3077,0.3333,0.971,0.8375,1.0,7,0.374
POWERTRAIN,POWERTRAIN_M04_02,M04,Requirement synonym replacement,Embedding_Only,80,3,11,3,2,2,3,0.2727,1.0,0.4286,1.1159,0.9625,1.0,8,0.266
POWERTRAIN,POWERTRAIN_M04_02,M04,Requirement synonym replacement,Embedding_Context,80,3,11,3,2,2,3,0.2727,1.0,0.4286,1.1159,0.9625,1.0,8,0.277
POWERTRAIN,POWERTRAIN_M04_02,M04,Requirement synonym replacement,Graph_Only,80,11,11,11,2,2,11,1.0,1.0,1.0,1.0,0.8625,1.0,0,0.037
POWERTRAIN,POWERTRAIN_M04_02,M04,Requirement synonym replacement,Hybrid_AURA_Routed,80,11,11,11,2,2,11,1.0,1.0,1.0,1.0,0.8625,1.0,0,0.355
POWERTRAIN,POWERTRAIN_M04_02,M04,Requirement synonym replacement,Hybrid_AURA_Fixed,80,11,11,11,2,2,11,1.0,1.0,1.0,1.0,0.8625,1.0,0,0.371
POWERTRAIN,POWERTRAIN_M05_02,M05,Requirement constraint addition,Full_Suite,80,80,11,11,2,2,11,1.0,0.1375,0.2418,0.0,0.0,1.0,0,0.1
POWERTRAIN,POWERTRAIN_M05_02,M05,Requirement constraint addition,Keyword,80,80,11,11,2,2,11,1.0,0.1375,0.2418,0.0,0.0,1.0,0,0.425
POWERTRAIN,POWERTRAIN_M05_02,M05,Requirement constraint addition,Embedding_Only,80,3,11,3,2,2,3,0.2727,1.0,0.4286,1.1159,0.9625,1.0,8,0.298
POWERTRAIN,POWERTRAIN_M05_02,M05,Requirement constraint addition,Embedding_Context,80,3,11,3,2,2,3,0.2727,1.0,0.4286,1.1159,0.9625,1.0,8,187.576
POWERTRAIN,POWERTRAIN_M05_02,M05,Requirement constraint addition,Graph_Only,80,11,11,11,2,2,11,1.0,1.0,1.0,1.0,0.8625,1.0,0,0.051
POWERTRAIN,POWERTRAIN_M05_02,M05,Requirement constraint addition,Hybrid_AURA_Routed,80,11,11,11,2,2,11,1.0,1.0,1.0,1.0,0.8625,1.0,0,179.525
POWERTRAIN,POWERTRAIN_M05_02,M05,Requirement constraint addition,Hybrid_AURA_Fixed,80,11,11,11,2,2,11,1.0,1.0,1.0,1.0,0.8625,1.0,0,157.442
POWERTRAIN,POWERTRAIN_M06_02,M06,ARXML datatype change,Full_Suite,80,80,0,0,0,0,0,1.0,0.0,0.0,0.0,0.0,1.0,0,0.1
POWERTRAIN,POWERTRAIN_M06_02,M06,ARXML datatype change,Keyword,80,0,0,0,0,0,0,1.0,1.0,1.0,1.0,1.0,1.0,0,0.616
POWERTRAIN,POWERTRAIN_M06_02,M06,ARXML datatype change,Embedding_Only,80,0,0,0,0,0,0,1.0,1.0,1.0,1.0,1.0,1.0,0,0.376
POWERTRAIN,POWERTRAIN_M06_02,M06,ARXML datatype change,Embedding_Context,80,0,0,0,0,0,0,1.0,1.0,1.0,1.0,1.0,1.0,0,3.819
POWERTRAIN,POWERTRAIN_M06_02,M06,ARXML datatype change,Graph_Only,80,0,0,0,0,0,0,1.0,1.0,1.0,1.0,1.0,1.0,0,0.007
POWERTRAIN,POWERTRAIN_M06_02,M06,ARXML datatype change,Hybrid_AURA_Routed,80,0,0,0,0,0,0,1.0,1.0,1.0,1.0,1.0,1.0,0,0.021
POWERTRAIN,POWERTRAIN_M06_02,M06,ARXML datatype change,Hybrid_AURA_Fixed,80,0,0,0,0,0,0,1.0,1.0,1.0,1.0,1.0,1.0,0,5.026
POWERTRAIN,POWERTRAIN_M07_02,M07,ARXML scaling change,Full_Suite,80,80,0,0,0,0,0,1.0,0.0,0.0,0.0,0.0,1.0,0,0.1
POWERTRAIN,POWERTRAIN_M07_02,M07,ARXML scaling change,Keyword,80,10,0,0,0,0,0,1.0,0.0,0.0,0.0,0.875,1.0,0,0.433
POWERTRAIN,POWERTRAIN_M07_02,M07,ARXML scaling change,Embedding_Only,80,0,0,0,0,0,0,1.0,1.0,1.0,1.0,1.0,1.0,0,0.346
POWERTRAIN,POWERTRAIN_M07_02,M07,ARXML scaling change,Embedding_Context,80,0,0,0,0,0,0,1.0,1.0,1.0,1.0,1.0,1.0,0,0.329
POWERTRAIN,POWERTRAIN_M07_02,M07,ARXML scaling change,Graph_Only,80,0,0,0,0,0,0,1.0,1.0,1.0,1.0,1.0,1.0,0,0.006
POWERTRAIN,POWERTRAIN_M07_02,M07,ARXML scaling change,Hybrid_AURA_Routed,80,0,0,0,0,0,0,1.0,1.0,1.0,1.0,1.0,1.0,0,0.018
POWERTRAIN,POWERTRAIN_M07_02,M07,ARXML scaling change,Hybrid_AURA_Fixed,80,0,0,0,0,0,0,1.0,1.0,1.0,1.0,1.0,1.0,0,0.305
POWERTRAIN,POWERTRAIN_M08_02,M08,Interface field change,Full_Suite,80,80,0,0,0,0,0,1.0,0.0,0.0,0.0,0.0,1.0,0,0.1
POWERTRAIN,POWERTRAIN_M08_02,M08,Interface field change,Keyword,80,0,0,0,0,0,0,1.0,1.0,1.0,1.0,1.0,1.0,0,0.414
POWERTRAIN,POWERTRAIN_M08_02,M08,Interface field change,Embedding_Only,80,0,0,0,0,0,0,1.0,1.0,1.0,1.0,1.0,1.0,0,0.294
POWERTRAIN,POWERTRAIN_M08_02,M08,Interface field change,Embedding_Context,80,0,0,0,0,0,0,1.0,1.0,1.0,1.0,1.0,1.0,0,0.29
POWERTRAIN,POWERTRAIN_M08_02,M08,Interface field change,Graph_Only,80,0,0,0,0,0,0,1.0,1.0,1.0,1.0,1.0,1.0,0,0.005
POWERTRAIN,POWERTRAIN_M08_02,M08,Interface field change,Hybrid_AURA_Routed,80,0,0,0,0,0,0,1.0,1.0,1.0,1.0,1.0,1.0,0,0.017
POWERTRAIN,POWERTRAIN_M08_02,M08,Interface field change,Hybrid_AURA_Fixed,80,0,0,0,0,0,0,1.0,1.0,1.0,1.0,1.0,1.0,0,0.289
POWERTRAIN,POWERTRAIN_M09_02,M09,Interface version change,Full_Suite,80,80,0,0,0,0,0,1.0,0.0,0.0,0.0,0.0,1.0,0,0.1
POWERTRAIN,POWERTRAIN_M09_02,M09,Interface version change,Keyword,80,10,0,0,0,0,0,1.0,0.0,0.0,0.0,0.875,1.0,0,0.375
POWERTRAIN,POWERTRAIN_M09_02,M09,Interface version change,Embedding_Only,80,0,0,0,0,0,0,1.0,1.0,1.0,1.0,1.0,1.0,0,0.274
POWERTRAIN,POWERTRAIN_M09_02,M09,Interface version change,Embedding_Context,80,0,0,0,0,0,0,1.0,1.0,1.0,1.0,1.0,1.0,0,0.262
POWERTRAIN,POWERTRAIN_M09_02,M09,Interface version change,Graph_Only,80,0,0,0,0,0,0,1.0,1.0,1.0,1.0,1.0,1.0,0,0.005
POWERTRAIN,POWERTRAIN_M09_02,M09,Interface version change,Hybrid_AURA_Routed,80,0,0,0,0,0,0,1.0,1.0,1.0,1.0,1.0,1.0,0,0.016
POWERTRAIN,POWERTRAIN_M09_02,M09,Interface version change,Hybrid_AURA_Fixed,80,0,0,0,0,0,0,1.0,1.0,1.0,1.0,1.0,1.0,0,0.273
POWERTRAIN,POWERTRAIN_M10_02,M10,C function signature change,Full_Suite,80,80,6,6,1,1,6,1.0,0.075,0.1395,0.0,0.0,1.0,0,0.1
POWERTRAIN,POWERTRAIN_M10_02,M10,C function signature change,Keyword,80,2,6,2,1,1,2,0.3333,1.0,0.5,1.0541,0.975,1.0,4,0.37
POWERTRAIN,POWERTRAIN_M10_02,M10,C function signature change,Embedding_Only,80,2,6,2,1,1,2,0.3333,1.0,0.5,1.0541,0.975,1.0,4,0.263
POWERTRAIN,POWERTRAIN_M10_02,M10,C function signature change,Embedding_Context,80,2,6,2,1,1,2,0.3333,1.0,0.5,1.0541,0.975,1.0,4,0.275
POWERTRAIN,POWERTRAIN_M10_02,M10,C function signature change,Graph_Only,80,6,6,6,1,1,6,1.0,1.0,1.0,1.0,0.925,1.0,0,0.032
POWERTRAIN,POWERTRAIN_M10_02,M10,C function signature change,Hybrid_AURA_Routed,80,6,6,6,1,1,6,1.0,1.0,1.0,1.0,0.925,1.0,0,0.07
POWERTRAIN,POWERTRAIN_M10_02,M10,C function signature change,Hybrid_AURA_Fixed,80,6,6,6,1,1,6,1.0,1.0,1.0,1.0,0.925,1.0,0,0.367
POWERTRAIN,POWERTRAIN_M11_02,M11,C constant change,Full_Suite,80,80,6,6,6,6,6,1.0,0.075,0.1395,0.0,0.0,1.0,0,0.1
POWERTRAIN,POWERTRAIN_M11_02,M11,C constant change,Keyword,80,6,6,6,6,6,6,1.0,1.0,1.0,1.0,0.925,1.0,0,0.371
POWERTRAIN,POWERTRAIN_M11_02,M11,C constant change,Embedding_Only,80,6,6,6,6,6,6,1.0,1.0,1.0,1.0,0.925,1.0,0,0.26
POWERTRAIN,POWERTRAIN_M11_02,M11,C constant change,Embedding_Context,80,6,6,6,6,6,6,1.0,1.0,1.0,1.0,0.925,1.0,0,0.256
POWERTRAIN,POWERTRAIN_M11_02,M11,C constant change,Graph_Only,80,6,6,6,6,6,6,1.0,1.0,1.0,1.0,0.925,1.0,0,0.028
POWERTRAIN,POWERTRAIN_M11_02,M11,C constant change,Hybrid_AURA_Routed,80,6,6,6,6,6,6,1.0,1.0,1.0,1.0,0.925,1.0,0,0.079
POWERTRAIN,POWERTRAIN_M11_02,M11,C constant change,Hybrid_AURA_Fixed,80,6,6,6,6,6,6,1.0,1.0,1.0,1.0,0.925,1.0,0,0.462
POWERTRAIN,POWERTRAIN_M12_02,M12,Function dependency change,Full_Suite,80,80,0,0,0,0,0,1.0,0.0,0.0,0.0,0.0,1.0,0,0.1
POWERTRAIN,POWERTRAIN_M12_02,M12,Function dependency change,Keyword,80,0,0,0,0,0,0,1.0,1.0,1.0,1.0,1.0,1.0,0,0.384
POWERTRAIN,POWERTRAIN_M12_02,M12,Function dependency change,Embedding_Only,80,0,0,0,0,0,0,1.0,1.0,1.0,1.0,1.0,1.0,0,0.276
POWERTRAIN,POWERTRAIN_M12_02,M12,Function dependency change,Embedding_Context,80,0,0,0,0,0,0,1.0,1.0,1.0,1.0,1.0,1.0,0,0.262
POWERTRAIN,POWERTRAIN_M12_02,M12,Function dependency change,Graph_Only,80,0,0,0,0,0,0,1.0,1.0,1.0,1.0,1.0,1.0,0,0.005
POWERTRAIN,POWERTRAIN_M12_02,M12,Function dependency change,Hybrid_AURA_Routed,80,0,0,0,0,0,0,1.0,1.0,1.0,1.0,1.0,1.0,0,0.015
POWERTRAIN,POWERTRAIN_M12_02,M12,Function dependency change,Hybrid_AURA_Fixed,80,0,0,0,0,0,0,1.0,1.0,1.0,1.0,1.0,1.0,0,0.263
POWERTRAIN,POWERTRAIN_M13_02,M13,Variable dependency change,Full_Suite,80,80,6,6,2,2,6,1.0,0.075,0.1395,0.0,0.0,1.0,0,0.1
POWERTRAIN,POWERTRAIN_M13_02,M13,Variable dependency change,Keyword,80,3,6,3,2,2,3,0.5,1.0,0.6667,1.0405,0.9625,1.0,3,0.329
POWERTRAIN,POWERTRAIN_M13_02,M13,Variable dependency change,Embedding_Only,80,3,6,3,2,2,3,0.5,1.0,0.6667,1.0405,0.9625,1.0,3,0.258
POWERTRAIN,POWERTRAIN_M13_02,M13,Variable dependency change,Embedding_Context,80,3,6,3,2,2,3,0.5,1.0,0.6667,1.0405,0.9625,1.0,3,0.266
POWERTRAIN,POWERTRAIN_M13_02,M13,Variable dependency change,Graph_Only,80,6,6,6,2,2,6,1.0,1.0,1.0,1.0,0.925,1.0,0,0.03
POWERTRAIN,POWERTRAIN_M13_02,M13,Variable dependency change,Hybrid_AURA_Routed,80,6,6,6,2,2,6,1.0,1.0,1.0,1.0,0.925,1.0,0,0.067
POWERTRAIN,POWERTRAIN_M13_02,M13,Variable dependency change,Hybrid_AURA_Fixed,80,6,6,6,2,2,6,1.0,1.0,1.0,1.0,0.925,1.0,0,0.357
POWERTRAIN,POWERTRAIN_M14_02,M14,Test requirement modification,Full_Suite,80,80,12,12,2,2,12,1.0,0.15,0.2609,0.0,0.0,1.0,0,0.1
POWERTRAIN,POWERTRAIN_M14_02,M14,Test requirement modification,Keyword,80,18,12,4,2,2,4,0.3333,0.2222,0.2667,0.9118,0.775,1.0,8,0.391
POWERTRAIN,POWERTRAIN_M14_02,M14,Test requirement modification,Embedding_Only,80,3,12,3,2,2,3,0.25,1.0,0.4,1.1324,0.9625,1.0,9,0.275
POWERTRAIN,POWERTRAIN_M14_02,M14,Test requirement modification,Embedding_Context,80,3,12,3,2,2,3,0.25,1.0,0.4,1.1324,0.9625,1.0,9,178.597
POWERTRAIN,POWERTRAIN_M14_02,M14,Test requirement modification,Graph_Only,80,12,12,12,2,2,12,1.0,1.0,1.0,1.0,0.85,1.0,0,0.049
POWERTRAIN,POWERTRAIN_M14_02,M14,Test requirement modification,Hybrid_AURA_Routed,80,12,12,12,2,2,12,1.0,1.0,1.0,1.0,0.85,1.0,0,0.114
POWERTRAIN,POWERTRAIN_M14_02,M14,Test requirement modification,Hybrid_AURA_Fixed,80,12,12,12,2,2,12,1.0,1.0,1.0,1.0,0.85,1.0,0,174.706
POWERTRAIN,POWERTRAIN_M15_02,M15,Unrelated/no-impact change,Full_Suite,80,80,0,0,0,0,0,1.0,0.0,0.0,0.0,0.0,1.0,0,0.1
POWERTRAIN,POWERTRAIN_M15_02,M15,Unrelated/no-impact change,Keyword,80,8,0,0,0,0,0,1.0,0.0,0.0,0.0,0.9,1.0,0,0.614
POWERTRAIN,POWERTRAIN_M15_02,M15,Unrelated/no-impact change,Embedding_Only,80,0,0,0,0,0,0,1.0,1.0,1.0,1.0,1.0,1.0,0,0.361
POWERTRAIN,POWERTRAIN_M15_02,M15,Unrelated/no-impact change,Embedding_Context,80,0,0,0,0,0,0,1.0,1.0,1.0,1.0,1.0,1.0,0,0.296
POWERTRAIN,POWERTRAIN_M15_02,M15,Unrelated/no-impact change,Graph_Only,80,0,0,0,0,0,0,1.0,1.0,1.0,1.0,1.0,1.0,0,0.007
POWERTRAIN,POWERTRAIN_M15_02,M15,Unrelated/no-impact change,Hybrid_AURA_Routed,80,0,0,0,0,0,0,1.0,1.0,1.0,1.0,1.0,1.0,0,0.007
POWERTRAIN,POWERTRAIN_M15_02,M15,Unrelated/no-impact change,Hybrid_AURA_Fixed,80,0,0,0,0,0,0,1.0,1.0,1.0,1.0,1.0,1.0,0,0.318
POWERTRAIN,POWERTRAIN_M16_02,M16,Indirect dependency change,Full_Suite,80,80,6,6,0,0,6,1.0,0.075,0.1395,0.0,0.0,1.0,0,0.1
POWERTRAIN,POWERTRAIN_M16_02,M16,Indirect dependency change,Keyword,80,1,6,1,0,0,1,0.1667,1.0,0.2857,1.0676,0.9875,1.0,5,0.383
POWERTRAIN,POWERTRAIN_M16_02,M16,Indirect dependency change,Embedding_Only,80,1,6,1,0,0,1,0.1667,1.0,0.2857,1.0676,0.9875,1.0,5,0.276
POWERTRAIN,POWERTRAIN_M16_02,M16,Indirect dependency change,Embedding_Context,80,1,6,1,0,0,1,0.1667,1.0,0.2857,1.0676,0.9875,1.0,5,0.283
POWERTRAIN,POWERTRAIN_M16_02,M16,Indirect dependency change,Graph_Only,80,6,6,6,0,0,6,1.0,1.0,1.0,1.0,0.925,1.0,0,0.031
POWERTRAIN,POWERTRAIN_M16_02,M16,Indirect dependency change,Hybrid_AURA_Routed,80,6,6,6,0,0,6,1.0,1.0,1.0,1.0,0.925,1.0,0,0.071
POWERTRAIN,POWERTRAIN_M16_02,M16,Indirect dependency change,Hybrid_AURA_Fixed,80,6,6,6,0,0,6,1.0,1.0,1.0,1.0,0.925,1.0,0,0.363
POWERTRAIN,POWERTRAIN_M17_02,M17,Long-chain dependency change,Full_Suite,80,80,11,11,2,2,11,1.0,0.1375,0.2418,0.0,0.0,1.0,0,0.1
POWERTRAIN,POWERTRAIN_M17_02,M17,Long-chain dependency change,Keyword,80,3,11,3,2,2,3,0.2727,1.0,0.4286,1.1159,0.9625,1.0,8,0.397
POWERTRAIN,POWERTRAIN_M17_02,M17,Long-chain dependency change,Embedding_Only,80,3,11,3,2,2,3,0.2727,1.0,0.4286,1.1159,0.9625,1.0,8,0.279
POWERTRAIN,POWERTRAIN_M17_02,M17,Long-chain dependency change,Embedding_Context,80,3,11,3,2,2,3,0.2727,1.0,0.4286,1.1159,0.9625,1.0,8,0.283
POWERTRAIN,POWERTRAIN_M17_02,M17,Long-chain dependency change,Graph_Only,80,11,11,11,2,2,11,1.0,1.0,1.0,1.0,0.8625,1.0,0,0.04
POWERTRAIN,POWERTRAIN_M17_02,M17,Long-chain dependency change,Hybrid_AURA_Routed,80,11,11,11,2,2,11,1.0,1.0,1.0,1.0,0.8625,1.0,0,0.093
POWERTRAIN,POWERTRAIN_M17_02,M17,Long-chain dependency change,Hybrid_AURA_Fixed,80,11,11,11,2,2,11,1.0,1.0,1.0,1.0,0.8625,1.0,0,0.399
POWERTRAIN,POWERTRAIN_M18_02,M18,Cross-domain Req->ARXML->C->Test change,Full_Suite,80,80,11,11,2,2,11,1.0,0.1375,0.2418,0.0,0.0,1.0,0,0.1
POWERTRAIN,POWERTRAIN_M18_02,M18,Cross-domain Req->ARXML->C->Test change,Keyword,80,13,11,4,2,2,4,0.3636,0.3077,0.3333,0.971,0.8375,1.0,7,0.385
POWERTRAIN,POWERTRAIN_M18_02,M18,Cross-domain Req->ARXML->C->Test change,Embedding_Only,80,3,11,3,2,2,3,0.2727,1.0,0.4286,1.1159,0.9625,1.0,8,0.293
POWERTRAIN,POWERTRAIN_M18_02,M18,Cross-domain Req->ARXML->C->Test change,Embedding_Context,80,3,11,3,2,2,3,0.2727,1.0,0.4286,1.1159,0.9625,1.0,8,0.278
POWERTRAIN,POWERTRAIN_M18_02,M18,Cross-domain Req->ARXML->C->Test change,Graph_Only,80,11,11,11,2,2,11,1.0,1.0,1.0,1.0,0.8625,1.0,0,0.042
POWERTRAIN,POWERTRAIN_M18_02,M18,Cross-domain Req->ARXML->C->Test change,Hybrid_AURA_Routed,80,11,11,11,2,2,11,1.0,1.0,1.0,1.0,0.8625,1.0,0,0.369
POWERTRAIN,POWERTRAIN_M18_02,M18,Cross-domain Req->ARXML->C->Test change,Hybrid_AURA_Fixed,80,11,11,11,2,2,11,1.0,1.0,1.0,1.0,0.8625,1.0,0,0.38
POWERTRAIN,POWERTRAIN_M19_02,M19,Misleading semantic similarity,Full_Suite,80,80,1,1,0,0,1,1.0,0.0125,0.0247,0.0,0.0,1.0,0,0.1
POWERTRAIN,POWERTRAIN_M19_02,M19,Misleading semantic similarity,Keyword,80,11,1,1,0,0,1,1.0,0.0909,0.1667,0.8734,0.8625,1.0,0,0.397
POWERTRAIN,POWERTRAIN_M19_02,M19,Misleading semantic similarity,Embedding_Only,80,1,1,1,0,0,1,1.0,1.0,1.0,1.0,0.9875,1.0,0,0.28
POWERTRAIN,POWERTRAIN_M19_02,M19,Misleading semantic similarity,Embedding_Context,80,1,1,1,0,0,1,1.0,1.0,1.0,1.0,0.9875,1.0,0,0.27
POWERTRAIN,POWERTRAIN_M19_02,M19,Misleading semantic similarity,Graph_Only,80,11,1,1,0,0,1,1.0,0.0909,0.1667,0.8734,0.8625,1.0,0,0.042
POWERTRAIN,POWERTRAIN_M19_02,M19,Misleading semantic similarity,Hybrid_AURA_Routed,80,11,1,1,0,0,1,1.0,0.0909,0.1667,0.8734,0.8625,1.0,0,0.361
POWERTRAIN,POWERTRAIN_M19_02,M19,Misleading semantic similarity,Hybrid_AURA_Fixed,80,11,1,1,0,0,1,1.0,0.0909,0.1667,0.8734,0.8625,1.0,0,0.49
POWERTRAIN,POWERTRAIN_M20_02,M20,Multiple simultaneous changes,Full_Suite,80,80,6,6,0,0,6,1.0,0.075,0.1395,0.0,0.0,1.0,0,0.1
POWERTRAIN,POWERTRAIN_M20_02,M20,Multiple simultaneous changes,Keyword,80,1,6,1,0,0,1,0.1667,1.0,0.2857,1.0676,0.9875,1.0,5,0.393
POWERTRAIN,POWERTRAIN_M20_02,M20,Multiple simultaneous changes,Embedding_Only,80,1,6,1,0,0,1,0.1667,1.0,0.2857,1.0676,0.9875,1.0,5,0.292
POWERTRAIN,POWERTRAIN_M20_02,M20,Multiple simultaneous changes,Embedding_Context,80,1,6,1,0,0,1,0.1667,1.0,0.2857,1.0676,0.9875,1.0,5,0.265
POWERTRAIN,POWERTRAIN_M20_02,M20,Multiple simultaneous changes,Graph_Only,80,6,6,6,0,0,6,1.0,1.0,1.0,1.0,0.925,1.0,0,0.029
POWERTRAIN,POWERTRAIN_M20_02,M20,Multiple simultaneous changes,Hybrid_AURA_Routed,80,6,6,6,0,0,6,1.0,1.0,1.0,1.0,0.925,1.0,0,0.333
POWERTRAIN,POWERTRAIN_M20_02,M20,Multiple simultaneous changes,Hybrid_AURA_Fixed,80,6,6,6,0,0,6,1.0,1.0,1.0,1.0,0.925,1.0,0,0.337
POWERTRAIN,POWERTRAIN_M21_02,M21,Lexical renaming,Full_Suite,80,80,6,6,5,5,6,1.0,0.075,0.1395,0.0,0.0,1.0,0,0.1
POWERTRAIN,POWERTRAIN_M21_02,M21,Lexical renaming,Keyword,80,6,6,6,5,5,6,1.0,1.0,1.0,1.0,0.925,1.0,0,0.374
POWERTRAIN,POWERTRAIN_M21_02,M21,Lexical renaming,Embedding_Only,80,6,6,6,5,5,6,1.0,1.0,1.0,1.0,0.925,1.0,0,0.276
POWERTRAIN,POWERTRAIN_M21_02,M21,Lexical renaming,Embedding_Context,80,6,6,6,5,5,6,1.0,1.0,1.0,1.0,0.925,1.0,0,0.282
POWERTRAIN,POWERTRAIN_M21_02,M21,Lexical renaming,Graph_Only,80,6,6,6,5,5,6,1.0,1.0,1.0,1.0,0.925,1.0,0,0.031
POWERTRAIN,POWERTRAIN_M21_02,M21,Lexical renaming,Hybrid_AURA_Routed,80,6,6,6,5,5,6,1.0,1.0,1.0,1.0,0.925,1.0,0,0.069
POWERTRAIN,POWERTRAIN_M21_02,M21,Lexical renaming,Hybrid_AURA_Fixed,80,6,6,6,5,5,6,1.0,1.0,1.0,1.0,0.925,1.0,0,0.332
POWERTRAIN,POWERTRAIN_M22_02,M22,Structural rename with same semantics,Full_Suite,80,80,6,6,0,0,6,1.0,0.075,0.1395,0.0,0.0,1.0,0,0.1
POWERTRAIN,POWERTRAIN_M22_02,M22,Structural rename with same semantics,Keyword,80,1,6,1,0,0,1,0.1667,1.0,0.2857,1.0676,0.9875,1.0,5,0.371
POWERTRAIN,POWERTRAIN_M22_02,M22,Structural rename with same semantics,Embedding_Only,80,1,6,1,0,0,1,0.1667,1.0,0.2857,1.0676,0.9875,1.0,5,0.263
POWERTRAIN,POWERTRAIN_M22_02,M22,Structural rename with same semantics,Embedding_Context,80,1,6,1,0,0,1,0.1667,1.0,0.2857,1.0676,0.9875,1.0,5,0.265
POWERTRAIN,POWERTRAIN_M22_02,M22,Structural rename with same semantics,Graph_Only,80,6,6,6,0,0,6,1.0,1.0,1.0,1.0,0.925,1.0,0,0.029
POWERTRAIN,POWERTRAIN_M22_02,M22,Structural rename with same semantics,Hybrid_AURA_Routed,80,6,6,6,0,0,6,1.0,1.0,1.0,1.0,0.925,1.0,0,0.065
POWERTRAIN,POWERTRAIN_M22_02,M22,Structural rename with same semantics,Hybrid_AURA_Fixed,80,6,6,6,0,0,6,1.0,1.0,1.0,1.0,0.925,1.0,0,0.361
POWERTRAIN,POWERTRAIN_M23_02,M23,Semantic requirement change with little textual overlap,Full_Suite,80,80,11,11,2,2,11,1.0,0.1375,0.2418,0.0,0.0,1.0,0,0.1
POWERTRAIN,POWERTRAIN_M23_02,M23,Semantic requirement change with little textual overlap,Keyword,80,13,11,4,2,2,4,0.3636,0.3077,0.3333,0.971,0.8375,1.0,7,0.376
POWERTRAIN,POWERTRAIN_M23_02,M23,Semantic requirement change with little textual overlap,Embedding_Only,80,3,11,3,2,2,3,0.2727,1.0,0.4286,1.1159,0.9625,1.0,8,0.256
POWERTRAIN,POWERTRAIN_M23_02,M23,Semantic requirement change with little textual overlap,Embedding_Context,80,3,11,3,2,2,3,0.2727,1.0,0.4286,1.1159,0.9625,1.0,8,0.254
POWERTRAIN,POWERTRAIN_M23_02,M23,Semantic requirement change with little textual overlap,Graph_Only,80,11,11,11,2,2,11,1.0,1.0,1.0,1.0,0.8625,1.0,0,0.042
POWERTRAIN,POWERTRAIN_M23_02,M23,Semantic requirement change with little textual overlap,Hybrid_AURA_Routed,80,11,11,11,2,2,11,1.0,1.0,1.0,1.0,0.8625,1.0,0,0.361
POWERTRAIN,POWERTRAIN_M23_02,M23,Semantic requirement change with little textual overlap,Hybrid_AURA_Fixed,80,11,11,11,2,2,11,1.0,1.0,1.0,1.0,0.8625,1.0,0,0.361
POWERTRAIN,POWERTRAIN_M24_02,M24,Dead-code modification,Full_Suite,80,80,0,0,0,0,0,1.0,0.0,0.0,0.0,0.0,1.0,0,0.1
POWERTRAIN,POWERTRAIN_M24_02,M24,Dead-code modification,Keyword,80,11,0,0,0,0,0,1.0,0.0,0.0,0.0,0.8625,1.0,0,0.355
POWERTRAIN,POWERTRAIN_M24_02,M24,Dead-code modification,Embedding_Only,80,1,0,0,0,0,0,1.0,0.0,0.0,0.0,0.9875,1.0,0,0.251
POWERTRAIN,POWERTRAIN_M24_02,M24,Dead-code modification,Embedding_Context,80,1,0,0,0,0,0,1.0,0.0,0.0,0.0,0.9875,1.0,0,0.248
POWERTRAIN,POWERTRAIN_M24_02,M24,Dead-code modification,Graph_Only,80,6,0,0,0,0,0,1.0,0.0,0.0,0.0,0.925,1.0,0,0.027
POWERTRAIN,POWERTRAIN_M24_02,M24,Dead-code modification,Hybrid_AURA_Routed,80,0,0,0,0,0,0,1.0,1.0,1.0,1.0,1.0,1.0,0,0.005
POWERTRAIN,POWERTRAIN_M24_02,M24,Dead-code modification,Hybrid_AURA_Fixed,80,6,0,0,0,0,0,1.0,0.0,0.0,0.0,0.925,1.0,0,0.309
POWERTRAIN,POWERTRAIN_M25_02,M25,Documentation-only change,Full_Suite,80,80,0,0,0,0,0,1.0,0.0,0.0,0.0,0.0,1.0,0,0.1
POWERTRAIN,POWERTRAIN_M25_02,M25,Documentation-only change,Keyword,80,11,0,0,0,0,0,1.0,0.0,0.0,0.0,0.8625,1.0,0,0.338
POWERTRAIN,POWERTRAIN_M25_02,M25,Documentation-only change,Embedding_Only,80,1,0,0,0,0,0,1.0,0.0,0.0,0.0,0.9875,1.0,0,0.273
POWERTRAIN,POWERTRAIN_M25_02,M25,Documentation-only change,Embedding_Context,80,1,0,0,0,0,0,1.0,0.0,0.0,0.0,0.9875,1.0,0,0.263
POWERTRAIN,POWERTRAIN_M25_02,M25,Documentation-only change,Graph_Only,80,11,0,0,0,0,0,1.0,0.0,0.0,0.0,0.8625,1.0,0,0.037
POWERTRAIN,POWERTRAIN_M25_02,M25,Documentation-only change,Hybrid_AURA_Routed,80,0,0,0,0,0,0,1.0,1.0,1.0,1.0,1.0,1.0,0,0.005
POWERTRAIN,POWERTRAIN_M25_02,M25,Documentation-only change,Hybrid_AURA_Fixed,80,11,0,0,0,0,0,1.0,0.0,0.0,0.0,0.8625,1.0,0,0.352
BATTERY_EV,BATTERY_EV_M01_01,M01,Numeric requirement change,Full_Suite,80,80,11,11,2,2,11,1.0,0.1375,0.2418,0.0,0.0,1.0,0,0.1
BATTERY_EV,BATTERY_EV_M01_01,M01,Numeric requirement change,Keyword,80,80,11,11,2,2,11,1.0,0.1375,0.2418,0.0,0.0,1.0,0,0.458
BATTERY_EV,BATTERY_EV_M01_01,M01,Numeric requirement change,Embedding_Only,80,8,11,4,2,2,4,0.3636,0.5,0.4211,1.0435,0.9,1.0,7,0.313
BATTERY_EV,BATTERY_EV_M01_01,M01,Numeric requirement change,Embedding_Context,80,4,11,4,2,2,4,0.3636,1.0,0.5333,1.1014,0.95,1.0,7,180.759
BATTERY_EV,BATTERY_EV_M01_01,M01,Numeric requirement change,Graph_Only,80,11,11,11,2,2,11,1.0,1.0,1.0,1.0,0.8625,1.0,0,0.045
BATTERY_EV,BATTERY_EV_M01_01,M01,Numeric requirement change,Hybrid_AURA_Routed,80,11,11,11,2,2,11,1.0,1.0,1.0,1.0,0.8625,1.0,0,157.942
BATTERY_EV,BATTERY_EV_M01_01,M01,Numeric requirement change,Hybrid_AURA_Fixed,80,11,11,11,2,2,11,1.0,1.0,1.0,1.0,0.8625,1.0,0,175.732
BATTERY_EV,BATTERY_EV_M02_01,M02,Threshold change,Full_Suite,80,80,11,11,2,2,11,1.0,0.1375,0.2418,0.0,0.0,1.0,0,0.1
BATTERY_EV,BATTERY_EV_M02_01,M02,Threshold change,Keyword,80,80,11,11,2,2,11,1.0,0.1375,0.2418,0.0,0.0,1.0,0,0.676
BATTERY_EV,BATTERY_EV_M02_01,M02,Threshold change,Embedding_Only,80,21,11,5,2,2,5,0.4545,0.2381,0.3125,0.8551,0.7375,1.0,6,0.38
BATTERY_EV,BATTERY_EV_M02_01,M02,Threshold change,Embedding_Context,80,5,11,5,2,2,5,0.4545,1.0,0.625,1.087,0.9375,1.0,6,180.794
BATTERY_EV,BATTERY_EV_M02_01,M02,Threshold change,Graph_Only,80,11,11,11,2,2,11,1.0,1.0,1.0,1.0,0.8625,1.0,0,0.043
BATTERY_EV,BATTERY_EV_M02_01,M02,Threshold change,Hybrid_AURA_Routed,80,11,11,11,2,2,11,1.0,1.0,1.0,1.0,0.8625,1.0,0,179.973
BATTERY_EV,BATTERY_EV_M02_01,M02,Threshold change,Hybrid_AURA_Fixed,80,11,11,11,2,2,11,1.0,1.0,1.0,1.0,0.8625,1.0,0,153.242
BATTERY_EV,BATTERY_EV_M03_01,M03,Semantic wording change,Full_Suite,80,80,11,11,3,3,11,1.0,0.1375,0.2418,0.0,0.0,1.0,0,0.1
BATTERY_EV,BATTERY_EV_M03_01,M03,Semantic wording change,Keyword,80,4,11,4,3,3,4,0.3636,1.0,0.5333,1.1014,0.95,1.0,7,0.636
BATTERY_EV,BATTERY_EV_M03_01,M03,Semantic wording change,Embedding_Only,80,4,11,4,3,3,4,0.3636,1.0,0.5333,1.1014,0.95,1.0,7,0.376
BATTERY_EV,BATTERY_EV_M03_01,M03,Semantic wording change,Embedding_Context,80,4,11,4,3,3,4,0.3636,1.0,0.5333,1.1014,0.95,1.0,7,0.336
BATTERY_EV,BATTERY_EV_M03_01,M03,Semantic wording change,Graph_Only,80,11,11,11,3,3,11,1.0,1.0,1.0,1.0,0.8625,1.0,0,0.045
BATTERY_EV,BATTERY_EV_M03_01,M03,Semantic wording change,Hybrid_AURA_Routed,80,11,11,11,3,3,11,1.0,1.0,1.0,1.0,0.8625,1.0,0,0.415
BATTERY_EV,BATTERY_EV_M03_01,M03,Semantic wording change,Hybrid_AURA_Fixed,80,11,11,11,3,3,11,1.0,1.0,1.0,1.0,0.8625,1.0,0,0.424
BATTERY_EV,BATTERY_EV_M04_01,M04,Requirement synonym replacement,Full_Suite,80,80,11,11,3,3,11,1.0,0.1375,0.2418,0.0,0.0,1.0,0,0.1
BATTERY_EV,BATTERY_EV_M04_01,M04,Requirement synonym replacement,Keyword,80,4,11,4,3,3,4,0.3636,1.0,0.5333,1.1014,0.95,1.0,7,0.405
BATTERY_EV,BATTERY_EV_M04_01,M04,Requirement synonym replacement,Embedding_Only,80,4,11,4,3,3,4,0.3636,1.0,0.5333,1.1014,0.95,1.0,7,0.281
BATTERY_EV,BATTERY_EV_M04_01,M04,Requirement synonym replacement,Embedding_Context,80,4,11,4,3,3,4,0.3636,1.0,0.5333,1.1014,0.95,1.0,7,0.301
BATTERY_EV,BATTERY_EV_M04_01,M04,Requirement synonym replacement,Graph_Only,80,11,11,11,3,3,11,1.0,1.0,1.0,1.0,0.8625,1.0,0,0.04
BATTERY_EV,BATTERY_EV_M04_01,M04,Requirement synonym replacement,Hybrid_AURA_Routed,80,11,11,11,3,3,11,1.0,1.0,1.0,1.0,0.8625,1.0,0,0.393
BATTERY_EV,BATTERY_EV_M04_01,M04,Requirement synonym replacement,Hybrid_AURA_Fixed,80,11,11,11,3,3,11,1.0,1.0,1.0,1.0,0.8625,1.0,0,0.451
BATTERY_EV,BATTERY_EV_M05_01,M05,Requirement constraint addition,Full_Suite,80,80,11,11,4,4,11,1.0,0.1375,0.2418,0.0,0.0,1.0,0,0.1
BATTERY_EV,BATTERY_EV_M05_01,M05,Requirement constraint addition,Keyword,80,80,11,11,4,4,11,1.0,0.1375,0.2418,0.0,0.0,1.0,0,0.5
BATTERY_EV,BATTERY_EV_M05_01,M05,Requirement constraint addition,Embedding_Only,80,6,11,6,4,4,6,0.5455,1.0,0.7059,1.0725,0.925,1.0,5,0.337
BATTERY_EV,BATTERY_EV_M05_01,M05,Requirement constraint addition,Embedding_Context,80,6,11,6,4,4,6,0.5455,1.0,0.7059,1.0725,0.925,1.0,5,181.835
BATTERY_EV,BATTERY_EV_M05_01,M05,Requirement constraint addition,Graph_Only,80,11,11,11,4,4,11,1.0,1.0,1.0,1.0,0.8625,1.0,0,0.051
BATTERY_EV,BATTERY_EV_M05_01,M05,Requirement constraint addition,Hybrid_AURA_Routed,80,11,11,11,4,4,11,1.0,1.0,1.0,1.0,0.8625,1.0,0,179.704
BATTERY_EV,BATTERY_EV_M05_01,M05,Requirement constraint addition,Hybrid_AURA_Fixed,80,11,11,11,4,4,11,1.0,1.0,1.0,1.0,0.8625,1.0,0,240.736
BATTERY_EV,BATTERY_EV_M06_01,M06,ARXML datatype change,Full_Suite,80,80,0,0,0,0,0,1.0,0.0,0.0,0.0,0.0,1.0,0,0.1
BATTERY_EV,BATTERY_EV_M06_01,M06,ARXML datatype change,Keyword,80,0,0,0,0,0,0,1.0,1.0,1.0,1.0,1.0,1.0,0,0.773
BATTERY_EV,BATTERY_EV_M06_01,M06,ARXML datatype change,Embedding_Only,80,0,0,0,0,0,0,1.0,1.0,1.0,1.0,1.0,1.0,0,0.398
BATTERY_EV,BATTERY_EV_M06_01,M06,ARXML datatype change,Embedding_Context,80,0,0,0,0,0,0,1.0,1.0,1.0,1.0,1.0,1.0,0,0.35
BATTERY_EV,BATTERY_EV_M06_01,M06,ARXML datatype change,Graph_Only,80,0,0,0,0,0,0,1.0,1.0,1.0,1.0,1.0,1.0,0,0.008
BATTERY_EV,BATTERY_EV_M06_01,M06,ARXML datatype change,Hybrid_AURA_Routed,80,0,0,0,0,0,0,1.0,1.0,1.0,1.0,1.0,1.0,0,0.021
BATTERY_EV,BATTERY_EV_M06_01,M06,ARXML datatype change,Hybrid_AURA_Fixed,80,0,0,0,0,0,0,1.0,1.0,1.0,1.0,1.0,1.0,0,0.356
BATTERY_EV,BATTERY_EV_M07_01,M07,ARXML scaling change,Full_Suite,80,80,0,0,0,0,0,1.0,0.0,0.0,0.0,0.0,1.0,0,0.1
BATTERY_EV,BATTERY_EV_M07_01,M07,ARXML scaling change,Keyword,80,0,0,0,0,0,0,1.0,1.0,1.0,1.0,1.0,1.0,0,0.426
BATTERY_EV,BATTERY_EV_M07_01,M07,ARXML scaling change,Embedding_Only,80,0,0,0,0,0,0,1.0,1.0,1.0,1.0,1.0,1.0,0,0.301
BATTERY_EV,BATTERY_EV_M07_01,M07,ARXML scaling change,Embedding_Context,80,0,0,0,0,0,0,1.0,1.0,1.0,1.0,1.0,1.0,0,0.371
BATTERY_EV,BATTERY_EV_M07_01,M07,ARXML scaling change,Graph_Only,80,0,0,0,0,0,0,1.0,1.0,1.0,1.0,1.0,1.0,0,0.007
BATTERY_EV,BATTERY_EV_M07_01,M07,ARXML scaling change,Hybrid_AURA_Routed,80,0,0,0,0,0,0,1.0,1.0,1.0,1.0,1.0,1.0,0,0.018
BATTERY_EV,BATTERY_EV_M07_01,M07,ARXML scaling change,Hybrid_AURA_Fixed,80,0,0,0,0,0,0,1.0,1.0,1.0,1.0,1.0,1.0,0,0.346
BATTERY_EV,BATTERY_EV_M08_01,M08,Interface field change,Full_Suite,80,80,0,0,0,0,0,1.0,0.0,0.0,0.0,0.0,1.0,0,0.1
BATTERY_EV,BATTERY_EV_M08_01,M08,Interface field change,Keyword,80,0,0,0,0,0,0,1.0,1.0,1.0,1.0,1.0,1.0,0,0.419
BATTERY_EV,BATTERY_EV_M08_01,M08,Interface field change,Embedding_Only,80,0,0,0,0,0,0,1.0,1.0,1.0,1.0,1.0,1.0,0,0.292
BATTERY_EV,BATTERY_EV_M08_01,M08,Interface field change,Embedding_Context,80,0,0,0,0,0,0,1.0,1.0,1.0,1.0,1.0,1.0,0,0.309
BATTERY_EV,BATTERY_EV_M08_01,M08,Interface field change,Graph_Only,80,0,0,0,0,0,0,1.0,1.0,1.0,1.0,1.0,1.0,0,0.006
BATTERY_EV,BATTERY_EV_M08_01,M08,Interface field change,Hybrid_AURA_Routed,80,0,0,0,0,0,0,1.0,1.0,1.0,1.0,1.0,1.0,0,0.017
BATTERY_EV,BATTERY_EV_M08_01,M08,Interface field change,Hybrid_AURA_Fixed,80,0,0,0,0,0,0,1.0,1.0,1.0,1.0,1.0,1.0,0,0.312
BATTERY_EV,BATTERY_EV_M09_01,M09,Interface version change,Full_Suite,80,80,0,0,0,0,0,1.0,0.0,0.0,0.0,0.0,1.0,0,0.1
BATTERY_EV,BATTERY_EV_M09_01,M09,Interface version change,Keyword,80,0,0,0,0,0,0,1.0,1.0,1.0,1.0,1.0,1.0,0,0.38
BATTERY_EV,BATTERY_EV_M09_01,M09,Interface version change,Embedding_Only,80,0,0,0,0,0,0,1.0,1.0,1.0,1.0,1.0,1.0,0,0.289
BATTERY_EV,BATTERY_EV_M09_01,M09,Interface version change,Embedding_Context,80,0,0,0,0,0,0,1.0,1.0,1.0,1.0,1.0,1.0,0,0.293
BATTERY_EV,BATTERY_EV_M09_01,M09,Interface version change,Graph_Only,80,0,0,0,0,0,0,1.0,1.0,1.0,1.0,1.0,1.0,0,0.01
BATTERY_EV,BATTERY_EV_M09_01,M09,Interface version change,Hybrid_AURA_Routed,80,0,0,0,0,0,0,1.0,1.0,1.0,1.0,1.0,1.0,0,0.018
BATTERY_EV,BATTERY_EV_M09_01,M09,Interface version change,Hybrid_AURA_Fixed,80,0,0,0,0,0,0,1.0,1.0,1.0,1.0,1.0,1.0,0,0.3
BATTERY_EV,BATTERY_EV_M10_01,M10,C function signature change,Full_Suite,80,80,6,6,0,0,6,1.0,0.075,0.1395,0.0,0.0,1.0,0,0.1
BATTERY_EV,BATTERY_EV_M10_01,M10,C function signature change,Keyword,80,1,6,1,0,0,1,0.1667,1.0,0.2857,1.0676,0.9875,1.0,5,0.392
BATTERY_EV,BATTERY_EV_M10_01,M10,C function signature change,Embedding_Only,80,1,6,1,0,0,1,0.1667,1.0,0.2857,1.0676,0.9875,1.0,5,0.296
BATTERY_EV,BATTERY_EV_M10_01,M10,C function signature change,Embedding_Context,80,1,6,1,0,0,1,0.1667,1.0,0.2857,1.0676,0.9875,1.0,5,3.571
BATTERY_EV,BATTERY_EV_M10_01,M10,C function signature change,Graph_Only,80,6,6,6,0,0,6,1.0,1.0,1.0,1.0,0.925,1.0,0,0.029
BATTERY_EV,BATTERY_EV_M10_01,M10,C function signature change,Hybrid_AURA_Routed,80,6,6,6,0,0,6,1.0,1.0,1.0,1.0,0.925,1.0,0,0.093
BATTERY_EV,BATTERY_EV_M10_01,M10,C function signature change,Hybrid_AURA_Fixed,80,6,6,6,0,0,6,1.0,1.0,1.0,1.0,0.925,1.0,0,3.724
BATTERY_EV,BATTERY_EV_M11_01,M11,C constant change,Full_Suite,80,80,6,6,6,6,6,1.0,0.075,0.1395,0.0,0.0,1.0,0,0.1
BATTERY_EV,BATTERY_EV_M11_01,M11,C constant change,Keyword,80,6,6,6,6,6,6,1.0,1.0,1.0,1.0,0.925,1.0,0,0.447
BATTERY_EV,BATTERY_EV_M11_01,M11,C constant change,Embedding_Only,80,6,6,6,6,6,6,1.0,1.0,1.0,1.0,0.925,1.0,0,0.329
BATTERY_EV,BATTERY_EV_M11_01,M11,C constant change,Embedding_Context,80,6,6,6,6,6,6,1.0,1.0,1.0,1.0,0.925,1.0,0,0.3
BATTERY_EV,BATTERY_EV_M11_01,M11,C constant change,Graph_Only,80,6,6,6,6,6,6,1.0,1.0,1.0,1.0,0.925,1.0,0,0.034
BATTERY_EV,BATTERY_EV_M11_01,M11,C constant change,Hybrid_AURA_Routed,80,6,6,6,6,6,6,1.0,1.0,1.0,1.0,0.925,1.0,0,0.071
BATTERY_EV,BATTERY_EV_M11_01,M11,C constant change,Hybrid_AURA_Fixed,80,6,6,6,6,6,6,1.0,1.0,1.0,1.0,0.925,1.0,0,0.352
BATTERY_EV,BATTERY_EV_M12_01,M12,Function dependency change,Full_Suite,80,80,6,6,6,6,6,1.0,0.075,0.1395,0.0,0.0,1.0,0,0.1
BATTERY_EV,BATTERY_EV_M12_01,M12,Function dependency change,Keyword,80,6,6,6,6,6,6,1.0,1.0,1.0,1.0,0.925,1.0,0,0.466
BATTERY_EV,BATTERY_EV_M12_01,M12,Function dependency change,Embedding_Only,80,6,6,6,6,6,6,1.0,1.0,1.0,1.0,0.925,1.0,0,0.347
BATTERY_EV,BATTERY_EV_M12_01,M12,Function dependency change,Embedding_Context,80,6,6,6,6,6,6,1.0,1.0,1.0,1.0,0.925,1.0,0,0.282
BATTERY_EV,BATTERY_EV_M12_01,M12,Function dependency change,Graph_Only,80,6,6,6,6,6,6,1.0,1.0,1.0,1.0,0.925,1.0,0,0.029
BATTERY_EV,BATTERY_EV_M12_01,M12,Function dependency change,Hybrid_AURA_Routed,80,6,6,6,6,6,6,1.0,1.0,1.0,1.0,0.925,1.0,0,0.069
BATTERY_EV,BATTERY_EV_M12_01,M12,Function dependency change,Hybrid_AURA_Fixed,80,6,6,6,6,6,6,1.0,1.0,1.0,1.0,0.925,1.0,0,0.371
BATTERY_EV,BATTERY_EV_M13_01,M13,Variable dependency change,Full_Suite,80,80,6,6,6,6,6,1.0,0.075,0.1395,0.0,0.0,1.0,0,0.1
BATTERY_EV,BATTERY_EV_M13_01,M13,Variable dependency change,Keyword,80,6,6,6,6,6,6,1.0,1.0,1.0,1.0,0.925,1.0,0,0.369
BATTERY_EV,BATTERY_EV_M13_01,M13,Variable dependency change,Embedding_Only,80,6,6,6,6,6,6,1.0,1.0,1.0,1.0,0.925,1.0,0,0.258
BATTERY_EV,BATTERY_EV_M13_01,M13,Variable dependency change,Embedding_Context,80,6,6,6,6,6,6,1.0,1.0,1.0,1.0,0.925,1.0,0,0.266
BATTERY_EV,BATTERY_EV_M13_01,M13,Variable dependency change,Graph_Only,80,6,6,6,6,6,6,1.0,1.0,1.0,1.0,0.925,1.0,0,0.028
BATTERY_EV,BATTERY_EV_M13_01,M13,Variable dependency change,Hybrid_AURA_Routed,80,6,6,6,6,6,6,1.0,1.0,1.0,1.0,0.925,1.0,0,0.075
BATTERY_EV,BATTERY_EV_M13_01,M13,Variable dependency change,Hybrid_AURA_Fixed,80,6,6,6,6,6,6,1.0,1.0,1.0,1.0,0.925,1.0,0,0.36
BATTERY_EV,BATTERY_EV_M14_01,M14,Test requirement modification,Full_Suite,80,80,42,42,6,6,42,1.0,0.525,0.6885,0.0,0.0,1.0,0,0.1
BATTERY_EV,BATTERY_EV_M14_01,M14,Test requirement modification,Keyword,80,80,42,42,6,6,42,1.0,0.525,0.6885,0.0,0.0,1.0,0,0.468
BATTERY_EV,BATTERY_EV_M14_01,M14,Test requirement modification,Embedding_Only,80,7,42,7,6,6,7,0.1667,1.0,0.2857,1.9211,0.9125,1.0,35,0.301
BATTERY_EV,BATTERY_EV_M14_01,M14,Test requirement modification,Embedding_Context,80,7,42,7,6,6,7,0.1667,1.0,0.2857,1.9211,0.9125,1.0,35,165.042
BATTERY_EV,BATTERY_EV_M14_01,M14,Test requirement modification,Graph_Only,80,42,42,42,6,6,42,1.0,1.0,1.0,1.0,0.475,1.0,0,0.082
BATTERY_EV,BATTERY_EV_M14_01,M14,Test requirement modification,Hybrid_AURA_Routed,80,42,42,42,6,6,42,1.0,1.0,1.0,1.0,0.475,1.0,0,0.184
BATTERY_EV,BATTERY_EV_M14_01,M14,Test requirement modification,Hybrid_AURA_Fixed,80,42,42,42,6,6,42,1.0,1.0,1.0,1.0,0.475,1.0,0,174.69
BATTERY_EV,BATTERY_EV_M15_01,M15,Unrelated/no-impact change,Full_Suite,80,80,0,0,0,0,0,1.0,0.0,0.0,0.0,0.0,1.0,0,0.1
BATTERY_EV,BATTERY_EV_M15_01,M15,Unrelated/no-impact change,Keyword,80,1,0,0,0,0,0,1.0,0.0,0.0,0.0,0.9875,1.0,0,0.603
BATTERY_EV,BATTERY_EV_M15_01,M15,Unrelated/no-impact change,Embedding_Only,80,1,0,0,0,0,0,1.0,0.0,0.0,0.0,0.9875,1.0,0,0.371
BATTERY_EV,BATTERY_EV_M15_01,M15,Unrelated/no-impact change,Embedding_Context,80,1,0,0,0,0,0,1.0,0.0,0.0,0.0,0.9875,1.0,0,0.353
BATTERY_EV,BATTERY_EV_M15_01,M15,Unrelated/no-impact change,Graph_Only,80,6,0,0,0,0,0,1.0,0.0,0.0,0.0,0.925,1.0,0,0.032
BATTERY_EV,BATTERY_EV_M15_01,M15,Unrelated/no-impact change,Hybrid_AURA_Routed,80,0,0,0,0,0,0,1.0,1.0,1.0,1.0,1.0,1.0,0,0.007
BATTERY_EV,BATTERY_EV_M15_01,M15,Unrelated/no-impact change,Hybrid_AURA_Fixed,80,6,0,0,0,0,0,1.0,0.0,0.0,0.0,0.925,1.0,0,0.439
BATTERY_EV,BATTERY_EV_M16_01,M16,Indirect dependency change,Full_Suite,80,80,6,6,5,5,6,1.0,0.075,0.1395,0.0,0.0,1.0,0,0.1
BATTERY_EV,BATTERY_EV_M16_01,M16,Indirect dependency change,Keyword,80,6,6,6,5,5,6,1.0,1.0,1.0,1.0,0.925,1.0,0,0.381
BATTERY_EV,BATTERY_EV_M16_01,M16,Indirect dependency change,Embedding_Only,80,6,6,6,5,5,6,1.0,1.0,1.0,1.0,0.925,1.0,0,0.262
BATTERY_EV,BATTERY_EV_M16_01,M16,Indirect dependency change,Embedding_Context,80,6,6,6,5,5,6,1.0,1.0,1.0,1.0,0.925,1.0,0,0.304
BATTERY_EV,BATTERY_EV_M16_01,M16,Indirect dependency change,Graph_Only,80,6,6,6,5,5,6,1.0,1.0,1.0,1.0,0.925,1.0,0,0.031
BATTERY_EV,BATTERY_EV_M16_01,M16,Indirect dependency change,Hybrid_AURA_Routed,80,6,6,6,5,5,6,1.0,1.0,1.0,1.0,0.925,1.0,0,0.068
BATTERY_EV,BATTERY_EV_M16_01,M16,Indirect dependency change,Hybrid_AURA_Fixed,80,6,6,6,5,5,6,1.0,1.0,1.0,1.0,0.925,1.0,0,0.384
BATTERY_EV,BATTERY_EV_M17_01,M17,Long-chain dependency change,Full_Suite,80,80,11,11,4,4,11,1.0,0.1375,0.2418,0.0,0.0,1.0,0,0.1
BATTERY_EV,BATTERY_EV_M17_01,M17,Long-chain dependency change,Keyword,80,4,11,4,4,4,4,0.3636,1.0,0.5333,1.1014,0.95,1.0,7,0.399
BATTERY_EV,BATTERY_EV_M17_01,M17,Long-chain dependency change,Embedding_Only,80,4,11,4,4,4,4,0.3636,1.0,0.5333,1.1014,0.95,1.0,7,0.292
BATTERY_EV,BATTERY_EV_M17_01,M17,Long-chain dependency change,Embedding_Context,80,4,11,4,4,4,4,0.3636,1.0,0.5333,1.1014,0.95,1.0,7,3.55
BATTERY_EV,BATTERY_EV_M17_01,M17,Long-chain dependency change,Graph_Only,80,11,11,11,4,4,11,1.0,1.0,1.0,1.0,0.8625,1.0,0,0.039
BATTERY_EV,BATTERY_EV_M17_01,M17,Long-chain dependency change,Hybrid_AURA_Routed,80,11,11,11,4,4,11,1.0,1.0,1.0,1.0,0.8625,1.0,0,0.088
BATTERY_EV,BATTERY_EV_M17_01,M17,Long-chain dependency change,Hybrid_AURA_Fixed,80,11,11,11,4,4,11,1.0,1.0,1.0,1.0,0.8625,1.0,0,3.441
BATTERY_EV,BATTERY_EV_M18_01,M18,Cross-domain Req->ARXML->C->Test change,Full_Suite,80,80,11,11,5,5,11,1.0,0.1375,0.2418,0.0,0.0,1.0,0,0.1
BATTERY_EV,BATTERY_EV_M18_01,M18,Cross-domain Req->ARXML->C->Test change,Keyword,80,5,11,5,5,5,5,0.4545,1.0,0.625,1.087,0.9375,1.0,6,0.408
BATTERY_EV,BATTERY_EV_M18_01,M18,Cross-domain Req->ARXML->C->Test change,Embedding_Only,80,5,11,5,5,5,5,0.4545,1.0,0.625,1.087,0.9375,1.0,6,0.305
BATTERY_EV,BATTERY_EV_M18_01,M18,Cross-domain Req->ARXML->C->Test change,Embedding_Context,80,5,11,5,5,5,5,0.4545,1.0,0.625,1.087,0.9375,1.0,6,0.283
BATTERY_EV,BATTERY_EV_M18_01,M18,Cross-domain Req->ARXML->C->Test change,Graph_Only,80,11,11,11,5,5,11,1.0,1.0,1.0,1.0,0.8625,1.0,0,0.039
BATTERY_EV,BATTERY_EV_M18_01,M18,Cross-domain Req->ARXML->C->Test change,Hybrid_AURA_Routed,80,11,11,11,5,5,11,1.0,1.0,1.0,1.0,0.8625,1.0,0,0.367
BATTERY_EV,BATTERY_EV_M18_01,M18,Cross-domain Req->ARXML->C->Test change,Hybrid_AURA_Fixed,80,11,11,11,5,5,11,1.0,1.0,1.0,1.0,0.8625,1.0,0,0.372
BATTERY_EV,BATTERY_EV_M19_01,M19,Misleading semantic similarity,Full_Suite,80,80,1,1,1,1,1,1.0,0.0125,0.0247,0.0,0.0,1.0,0,0.1
BATTERY_EV,BATTERY_EV_M19_01,M19,Misleading semantic similarity,Keyword,80,1,1,1,1,1,1,1.0,1.0,1.0,1.0,0.9875,1.0,0,0.36
BATTERY_EV,BATTERY_EV_M19_01,M19,Misleading semantic similarity,Embedding_Only,80,1,1,1,1,1,1,1.0,1.0,1.0,1.0,0.9875,1.0,0,0.269
BATTERY_EV,BATTERY_EV_M19_01,M19,Misleading semantic similarity,Embedding_Context,80,1,1,1,1,1,1,1.0,1.0,1.0,1.0,0.9875,1.0,0,0.264
BATTERY_EV,BATTERY_EV_M19_01,M19,Misleading semantic similarity,Graph_Only,80,11,1,1,1,1,1,1.0,0.0909,0.1667,0.8734,0.8625,1.0,0,0.036
BATTERY_EV,BATTERY_EV_M19_01,M19,Misleading semantic similarity,Hybrid_AURA_Routed,80,11,1,1,1,1,1,1.0,0.0909,0.1667,0.8734,0.8625,1.0,0,0.354
BATTERY_EV,BATTERY_EV_M19_01,M19,Misleading semantic similarity,Hybrid_AURA_Fixed,80,11,1,1,1,1,1,1.0,0.0909,0.1667,0.8734,0.8625,1.0,0,0.337
BATTERY_EV,BATTERY_EV_M20_01,M20,Multiple simultaneous changes,Full_Suite,80,80,6,6,0,0,6,1.0,0.075,0.1395,0.0,0.0,1.0,0,0.1
BATTERY_EV,BATTERY_EV_M20_01,M20,Multiple simultaneous changes,Keyword,80,1,6,1,0,0,1,0.1667,1.0,0.2857,1.0676,0.9875,1.0,5,0.372
BATTERY_EV,BATTERY_EV_M20_01,M20,Multiple simultaneous changes,Embedding_Only,80,1,6,1,0,0,1,0.1667,1.0,0.2857,1.0676,0.9875,1.0,5,0.262
BATTERY_EV,BATTERY_EV_M20_01,M20,Multiple simultaneous changes,Embedding_Context,80,1,6,1,0,0,1,0.1667,1.0,0.2857,1.0676,0.9875,1.0,5,0.263
BATTERY_EV,BATTERY_EV_M20_01,M20,Multiple simultaneous changes,Graph_Only,80,6,6,6,0,0,6,1.0,1.0,1.0,1.0,0.925,1.0,0,0.027
BATTERY_EV,BATTERY_EV_M20_01,M20,Multiple simultaneous changes,Hybrid_AURA_Routed,80,6,6,6,0,0,6,1.0,1.0,1.0,1.0,0.925,1.0,0,0.321
BATTERY_EV,BATTERY_EV_M20_01,M20,Multiple simultaneous changes,Hybrid_AURA_Fixed,80,6,6,6,0,0,6,1.0,1.0,1.0,1.0,0.925,1.0,0,0.346
BATTERY_EV,BATTERY_EV_M21_01,M21,Lexical renaming,Full_Suite,80,80,6,6,4,4,6,1.0,0.075,0.1395,0.0,0.0,1.0,0,0.1
BATTERY_EV,BATTERY_EV_M21_01,M21,Lexical renaming,Keyword,80,43,6,4,4,4,4,0.6667,0.093,0.1633,0.5,0.4625,1.0,2,0.358
BATTERY_EV,BATTERY_EV_M21_01,M21,Lexical renaming,Embedding_Only,80,4,6,4,4,4,4,0.6667,1.0,0.8,1.027,0.95,1.0,2,0.261
BATTERY_EV,BATTERY_EV_M21_01,M21,Lexical renaming,Embedding_Context,80,4,6,4,4,4,4,0.6667,1.0,0.8,1.027,0.95,1.0,2,0.252
BATTERY_EV,BATTERY_EV_M21_01,M21,Lexical renaming,Graph_Only,80,6,6,6,4,4,6,1.0,1.0,1.0,1.0,0.925,1.0,0,0.026
BATTERY_EV,BATTERY_EV_M21_01,M21,Lexical renaming,Hybrid_AURA_Routed,80,6,6,6,4,4,6,1.0,1.0,1.0,1.0,0.925,1.0,0,0.064
BATTERY_EV,BATTERY_EV_M21_01,M21,Lexical renaming,Hybrid_AURA_Fixed,80,6,6,6,4,4,6,1.0,1.0,1.0,1.0,0.925,1.0,0,0.318
BATTERY_EV,BATTERY_EV_M22_01,M22,Structural rename with same semantics,Full_Suite,80,80,6,6,6,6,6,1.0,0.075,0.1395,0.0,0.0,1.0,0,0.1
BATTERY_EV,BATTERY_EV_M22_01,M22,Structural rename with same semantics,Keyword,80,6,6,6,6,6,6,1.0,1.0,1.0,1.0,0.925,1.0,0,0.338
BATTERY_EV,BATTERY_EV_M22_01,M22,Structural rename with same semantics,Embedding_Only,80,6,6,6,6,6,6,1.0,1.0,1.0,1.0,0.925,1.0,0,0.244
BATTERY_EV,BATTERY_EV_M22_01,M22,Structural rename with same semantics,Embedding_Context,80,6,6,6,6,6,6,1.0,1.0,1.0,1.0,0.925,1.0,0,0.245
BATTERY_EV,BATTERY_EV_M22_01,M22,Structural rename with same semantics,Graph_Only,80,6,6,6,6,6,6,1.0,1.0,1.0,1.0,0.925,1.0,0,0.026
BATTERY_EV,BATTERY_EV_M22_01,M22,Structural rename with same semantics,Hybrid_AURA_Routed,80,6,6,6,6,6,6,1.0,1.0,1.0,1.0,0.925,1.0,0,0.064
BATTERY_EV,BATTERY_EV_M22_01,M22,Structural rename with same semantics,Hybrid_AURA_Fixed,80,6,6,6,6,6,6,1.0,1.0,1.0,1.0,0.925,1.0,0,0.32
BATTERY_EV,BATTERY_EV_M23_01,M23,Semantic requirement change with little textual overlap,Full_Suite,80,80,11,11,6,6,11,1.0,0.1375,0.2418,0.0,0.0,1.0,0,0.1
BATTERY_EV,BATTERY_EV_M23_01,M23,Semantic requirement change with little textual overlap,Keyword,80,6,11,6,6,6,6,0.5455,1.0,0.7059,1.0725,0.925,1.0,5,0.35
BATTERY_EV,BATTERY_EV_M23_01,M23,Semantic requirement change with little textual overlap,Embedding_Only,80,6,11,6,6,6,6,0.5455,1.0,0.7059,1.0725,0.925,1.0,5,0.488
BATTERY_EV,BATTERY_EV_M23_01,M23,Semantic requirement change with little textual overlap,Embedding_Context,80,6,11,6,6,6,6,0.5455,1.0,0.7059,1.0725,0.925,1.0,5,0.328
BATTERY_EV,BATTERY_EV_M23_01,M23,Semantic requirement change with little textual overlap,Graph_Only,80,11,11,11,6,6,11,1.0,1.0,1.0,1.0,0.8625,1.0,0,0.039
BATTERY_EV,BATTERY_EV_M23_01,M23,Semantic requirement change with little textual overlap,Hybrid_AURA_Routed,80,11,11,11,6,6,11,1.0,1.0,1.0,1.0,0.8625,1.0,0,0.365
BATTERY_EV,BATTERY_EV_M23_01,M23,Semantic requirement change with little textual overlap,Hybrid_AURA_Fixed,80,11,11,11,6,6,11,1.0,1.0,1.0,1.0,0.8625,1.0,0,0.347
BATTERY_EV,BATTERY_EV_M24_01,M24,Dead-code modification,Full_Suite,80,80,0,0,0,0,0,1.0,0.0,0.0,0.0,0.0,1.0,0,0.1
BATTERY_EV,BATTERY_EV_M24_01,M24,Dead-code modification,Keyword,80,1,0,0,0,0,0,1.0,0.0,0.0,0.0,0.9875,1.0,0,0.356
BATTERY_EV,BATTERY_EV_M24_01,M24,Dead-code modification,Embedding_Only,80,1,0,0,0,0,0,1.0,0.0,0.0,0.0,0.9875,1.0,0,0.252
BATTERY_EV,BATTERY_EV_M24_01,M24,Dead-code modification,Embedding_Context,80,1,0,0,0,0,0,1.0,0.0,0.0,0.0,0.9875,1.0,0,0.241
BATTERY_EV,BATTERY_EV_M24_01,M24,Dead-code modification,Graph_Only,80,6,0,0,0,0,0,1.0,0.0,0.0,0.0,0.925,1.0,0,0.027
BATTERY_EV,BATTERY_EV_M24_01,M24,Dead-code modification,Hybrid_AURA_Routed,80,0,0,0,0,0,0,1.0,1.0,1.0,1.0,1.0,1.0,0,0.005
BATTERY_EV,BATTERY_EV_M24_01,M24,Dead-code modification,Hybrid_AURA_Fixed,80,6,0,0,0,0,0,1.0,0.0,0.0,0.0,0.925,1.0,0,0.321
BATTERY_EV,BATTERY_EV_M25_01,M25,Documentation-only change,Full_Suite,80,80,0,0,0,0,0,1.0,0.0,0.0,0.0,0.0,1.0,0,0.1
BATTERY_EV,BATTERY_EV_M25_01,M25,Documentation-only change,Keyword,80,1,0,0,0,0,0,1.0,0.0,0.0,0.0,0.9875,1.0,0,0.32
BATTERY_EV,BATTERY_EV_M25_01,M25,Documentation-only change,Embedding_Only,80,1,0,0,0,0,0,1.0,0.0,0.0,0.0,0.9875,1.0,0,0.251
BATTERY_EV,BATTERY_EV_M25_01,M25,Documentation-only change,Embedding_Context,80,1,0,0,0,0,0,1.0,0.0,0.0,0.0,0.9875,1.0,0,0.446
BATTERY_EV,BATTERY_EV_M25_01,M25,Documentation-only change,Graph_Only,80,11,0,0,0,0,0,1.0,0.0,0.0,0.0,0.8625,1.0,0,0.071
BATTERY_EV,BATTERY_EV_M25_01,M25,Documentation-only change,Hybrid_AURA_Routed,80,0,0,0,0,0,0,1.0,1.0,1.0,1.0,1.0,1.0,0,0.011
BATTERY_EV,BATTERY_EV_M25_01,M25,Documentation-only change,Hybrid_AURA_Fixed,80,11,0,0,0,0,0,1.0,0.0,0.0,0.0,0.8625,1.0,0,0.693
BATTERY_EV,BATTERY_EV_M01_02,M01,Numeric requirement change,Full_Suite,80,80,11,11,3,3,11,1.0,0.1375,0.2418,0.0,0.0,1.0,0,0.1
BATTERY_EV,BATTERY_EV_M01_02,M01,Numeric requirement change,Keyword,80,80,11,11,3,3,11,1.0,0.1375,0.2418,0.0,0.0,1.0,0,0.476
BATTERY_EV,BATTERY_EV_M01_02,M01,Numeric requirement change,Embedding_Only,80,9,11,5,3,3,5,0.4545,0.5556,0.5,1.029,0.8875,1.0,6,0.631
BATTERY_EV,BATTERY_EV_M01_02,M01,Numeric requirement change,Embedding_Context,80,5,11,5,3,3,5,0.4545,1.0,0.625,1.087,0.9375,1.0,6,178.439
BATTERY_EV,BATTERY_EV_M01_02,M01,Numeric requirement change,Graph_Only,80,11,11,11,3,3,11,1.0,1.0,1.0,1.0,0.8625,1.0,0,0.063
BATTERY_EV,BATTERY_EV_M01_02,M01,Numeric requirement change,Hybrid_AURA_Routed,80,11,11,11,3,3,11,1.0,1.0,1.0,1.0,0.8625,1.0,0,175.84
BATTERY_EV,BATTERY_EV_M01_02,M01,Numeric requirement change,Hybrid_AURA_Fixed,80,11,11,11,3,3,11,1.0,1.0,1.0,1.0,0.8625,1.0,0,162.561
BATTERY_EV,BATTERY_EV_M02_02,M02,Threshold change,Full_Suite,80,80,11,11,2,2,11,1.0,0.1375,0.2418,0.0,0.0,1.0,0,0.1
BATTERY_EV,BATTERY_EV_M02_02,M02,Threshold change,Keyword,80,80,11,11,2,2,11,1.0,0.1375,0.2418,0.0,0.0,1.0,0,0.679
BATTERY_EV,BATTERY_EV_M02_02,M02,Threshold change,Embedding_Only,80,21,11,5,2,2,5,0.4545,0.2381,0.3125,0.8551,0.7375,1.0,6,0.404
BATTERY_EV,BATTERY_EV_M02_02,M02,Threshold change,Embedding_Context,80,5,11,5,2,2,5,0.4545,1.0,0.625,1.087,0.9375,1.0,6,172.727
BATTERY_EV,BATTERY_EV_M02_02,M02,Threshold change,Graph_Only,80,11,11,11,2,2,11,1.0,1.0,1.0,1.0,0.8625,1.0,0,0.051
BATTERY_EV,BATTERY_EV_M02_02,M02,Threshold change,Hybrid_AURA_Routed,80,11,11,11,2,2,11,1.0,1.0,1.0,1.0,0.8625,1.0,0,175.898
BATTERY_EV,BATTERY_EV_M02_02,M02,Threshold change,Hybrid_AURA_Fixed,80,11,11,11,2,2,11,1.0,1.0,1.0,1.0,0.8625,1.0,0,177.164
BATTERY_EV,BATTERY_EV_M03_02,M03,Semantic wording change,Full_Suite,80,80,11,11,5,5,11,1.0,0.1375,0.2418,0.0,0.0,1.0,0,0.1
BATTERY_EV,BATTERY_EV_M03_02,M03,Semantic wording change,Keyword,80,5,11,5,5,5,5,0.4545,1.0,0.625,1.087,0.9375,1.0,6,0.606
BATTERY_EV,BATTERY_EV_M03_02,M03,Semantic wording change,Embedding_Only,80,5,11,5,5,5,5,0.4545,1.0,0.625,1.087,0.9375,1.0,6,0.355
BATTERY_EV,BATTERY_EV_M03_02,M03,Semantic wording change,Embedding_Context,80,5,11,5,5,5,5,0.4545,1.0,0.625,1.087,0.9375,1.0,6,0.318
BATTERY_EV,BATTERY_EV_M03_02,M03,Semantic wording change,Graph_Only,80,11,11,11,5,5,11,1.0,1.0,1.0,1.0,0.8625,1.0,0,0.042
BATTERY_EV,BATTERY_EV_M03_02,M03,Semantic wording change,Hybrid_AURA_Routed,80,11,11,11,5,5,11,1.0,1.0,1.0,1.0,0.8625,1.0,0,0.554
BATTERY_EV,BATTERY_EV_M03_02,M03,Semantic wording change,Hybrid_AURA_Fixed,80,11,11,11,5,5,11,1.0,1.0,1.0,1.0,0.8625,1.0,0,0.467
BATTERY_EV,BATTERY_EV_M04_02,M04,Requirement synonym replacement,Full_Suite,80,80,11,11,2,2,11,1.0,0.1375,0.2418,0.0,0.0,1.0,0,0.1
BATTERY_EV,BATTERY_EV_M04_02,M04,Requirement synonym replacement,Keyword,80,3,11,3,2,2,3,0.2727,1.0,0.4286,1.1159,0.9625,1.0,8,0.381
BATTERY_EV,BATTERY_EV_M04_02,M04,Requirement synonym replacement,Embedding_Only,80,3,11,3,2,2,3,0.2727,1.0,0.4286,1.1159,0.9625,1.0,8,0.283
BATTERY_EV,BATTERY_EV_M04_02,M04,Requirement synonym replacement,Embedding_Context,80,3,11,3,2,2,3,0.2727,1.0,0.4286,1.1159,0.9625,1.0,8,0.271
BATTERY_EV,BATTERY_EV_M04_02,M04,Requirement synonym replacement,Graph_Only,80,11,11,11,2,2,11,1.0,1.0,1.0,1.0,0.8625,1.0,0,0.037
BATTERY_EV,BATTERY_EV_M04_02,M04,Requirement synonym replacement,Hybrid_AURA_Routed,80,11,11,11,2,2,11,1.0,1.0,1.0,1.0,0.8625,1.0,0,0.371
BATTERY_EV,BATTERY_EV_M04_02,M04,Requirement synonym replacement,Hybrid_AURA_Fixed,80,11,11,11,2,2,11,1.0,1.0,1.0,1.0,0.8625,1.0,0,0.361
BATTERY_EV,BATTERY_EV_M05_02,M05,Requirement constraint addition,Full_Suite,80,80,11,11,2,2,11,1.0,0.1375,0.2418,0.0,0.0,1.0,0,0.1
BATTERY_EV,BATTERY_EV_M05_02,M05,Requirement constraint addition,Keyword,80,80,11,11,2,2,11,1.0,0.1375,0.2418,0.0,0.0,1.0,0,0.451
BATTERY_EV,BATTERY_EV_M05_02,M05,Requirement constraint addition,Embedding_Only,80,34,11,7,2,2,7,0.6364,0.2059,0.3111,0.6667,0.575,1.0,4,0.322
BATTERY_EV,BATTERY_EV_M05_02,M05,Requirement constraint addition,Embedding_Context,80,34,11,7,2,2,7,0.6364,0.2059,0.3111,0.6667,0.575,1.0,4,159.555
BATTERY_EV,BATTERY_EV_M05_02,M05,Requirement constraint addition,Graph_Only,80,11,11,11,2,2,11,1.0,1.0,1.0,1.0,0.8625,1.0,0,0.045
BATTERY_EV,BATTERY_EV_M05_02,M05,Requirement constraint addition,Hybrid_AURA_Routed,80,38,11,11,2,2,11,1.0,0.2895,0.449,0.6087,0.525,1.0,0,171.167
BATTERY_EV,BATTERY_EV_M05_02,M05,Requirement constraint addition,Hybrid_AURA_Fixed,80,38,11,11,2,2,11,1.0,0.2895,0.449,0.6087,0.525,1.0,0,176.319
BATTERY_EV,BATTERY_EV_M06_02,M06,ARXML datatype change,Full_Suite,80,80,0,0,0,0,0,1.0,0.0,0.0,0.0,0.0,1.0,0,0.1
BATTERY_EV,BATTERY_EV_M06_02,M06,ARXML datatype change,Keyword,80,0,0,0,0,0,0,1.0,1.0,1.0,1.0,1.0,1.0,0,0.626
BATTERY_EV,BATTERY_EV_M06_02,M06,ARXML datatype change,Embedding_Only,80,0,0,0,0,0,0,1.0,1.0,1.0,1.0,1.0,1.0,0,0.373
BATTERY_EV,BATTERY_EV_M06_02,M06,ARXML datatype change,Embedding_Context,80,0,0,0,0,0,0,1.0,1.0,1.0,1.0,1.0,1.0,0,0.318
BATTERY_EV,BATTERY_EV_M06_02,M06,ARXML datatype change,Graph_Only,80,0,0,0,0,0,0,1.0,1.0,1.0,1.0,1.0,1.0,0,0.007
BATTERY_EV,BATTERY_EV_M06_02,M06,ARXML datatype change,Hybrid_AURA_Routed,80,0,0,0,0,0,0,1.0,1.0,1.0,1.0,1.0,1.0,0,0.019
BATTERY_EV,BATTERY_EV_M06_02,M06,ARXML datatype change,Hybrid_AURA_Fixed,80,0,0,0,0,0,0,1.0,1.0,1.0,1.0,1.0,1.0,0,0.315
BATTERY_EV,BATTERY_EV_M07_02,M07,ARXML scaling change,Full_Suite,80,80,0,0,0,0,0,1.0,0.0,0.0,0.0,0.0,1.0,0,0.1
BATTERY_EV,BATTERY_EV_M07_02,M07,ARXML scaling change,Keyword,80,0,0,0,0,0,0,1.0,1.0,1.0,1.0,1.0,1.0,0,0.401
BATTERY_EV,BATTERY_EV_M07_02,M07,ARXML scaling change,Embedding_Only,80,0,0,0,0,0,0,1.0,1.0,1.0,1.0,1.0,1.0,0,0.304
BATTERY_EV,BATTERY_EV_M07_02,M07,ARXML scaling change,Embedding_Context,80,0,0,0,0,0,0,1.0,1.0,1.0,1.0,1.0,1.0,0,0.306
BATTERY_EV,BATTERY_EV_M07_02,M07,ARXML scaling change,Graph_Only,80,0,0,0,0,0,0,1.0,1.0,1.0,1.0,1.0,1.0,0,0.007
BATTERY_EV,BATTERY_EV_M07_02,M07,ARXML scaling change,Hybrid_AURA_Routed,80,0,0,0,0,0,0,1.0,1.0,1.0,1.0,1.0,1.0,0,0.018
BATTERY_EV,BATTERY_EV_M07_02,M07,ARXML scaling change,Hybrid_AURA_Fixed,80,0,0,0,0,0,0,1.0,1.0,1.0,1.0,1.0,1.0,0,0.316
BATTERY_EV,BATTERY_EV_M08_02,M08,Interface field change,Full_Suite,80,80,0,0,0,0,0,1.0,0.0,0.0,0.0,0.0,1.0,0,0.1
BATTERY_EV,BATTERY_EV_M08_02,M08,Interface field change,Keyword,80,0,0,0,0,0,0,1.0,1.0,1.0,1.0,1.0,1.0,0,0.427
BATTERY_EV,BATTERY_EV_M08_02,M08,Interface field change,Embedding_Only,80,0,0,0,0,0,0,1.0,1.0,1.0,1.0,1.0,1.0,0,0.304
BATTERY_EV,BATTERY_EV_M08_02,M08,Interface field change,Embedding_Context,80,0,0,0,0,0,0,1.0,1.0,1.0,1.0,1.0,1.0,0,0.285
BATTERY_EV,BATTERY_EV_M08_02,M08,Interface field change,Graph_Only,80,0,0,0,0,0,0,1.0,1.0,1.0,1.0,1.0,1.0,0,0.006
BATTERY_EV,BATTERY_EV_M08_02,M08,Interface field change,Hybrid_AURA_Routed,80,0,0,0,0,0,0,1.0,1.0,1.0,1.0,1.0,1.0,0,0.017
BATTERY_EV,BATTERY_EV_M08_02,M08,Interface field change,Hybrid_AURA_Fixed,80,0,0,0,0,0,0,1.0,1.0,1.0,1.0,1.0,1.0,0,0.29
BATTERY_EV,BATTERY_EV_M09_02,M09,Interface version change,Full_Suite,80,80,0,0,0,0,0,1.0,0.0,0.0,0.0,0.0,1.0,0,0.1
BATTERY_EV,BATTERY_EV_M09_02,M09,Interface version change,Keyword,80,0,0,0,0,0,0,1.0,1.0,1.0,1.0,1.0,1.0,0,0.383
BATTERY_EV,BATTERY_EV_M09_02,M09,Interface version change,Embedding_Only,80,0,0,0,0,0,0,1.0,1.0,1.0,1.0,1.0,1.0,0,0.272
BATTERY_EV,BATTERY_EV_M09_02,M09,Interface version change,Embedding_Context,80,0,0,0,0,0,0,1.0,1.0,1.0,1.0,1.0,1.0,0,0.269
BATTERY_EV,BATTERY_EV_M09_02,M09,Interface version change,Graph_Only,80,0,0,0,0,0,0,1.0,1.0,1.0,1.0,1.0,1.0,0,0.006
BATTERY_EV,BATTERY_EV_M09_02,M09,Interface version change,Hybrid_AURA_Routed,80,0,0,0,0,0,0,1.0,1.0,1.0,1.0,1.0,1.0,0,0.016
BATTERY_EV,BATTERY_EV_M09_02,M09,Interface version change,Hybrid_AURA_Fixed,80,0,0,0,0,0,0,1.0,1.0,1.0,1.0,1.0,1.0,0,0.379
BATTERY_EV,BATTERY_EV_M10_02,M10,C function signature change,Full_Suite,80,80,6,6,6,6,6,1.0,0.075,0.1395,0.0,0.0,1.0,0,0.1
BATTERY_EV,BATTERY_EV_M10_02,M10,C function signature change,Keyword,80,6,6,6,6,6,6,1.0,1.0,1.0,1.0,0.925,1.0,0,0.416
BATTERY_EV,BATTERY_EV_M10_02,M10,C function signature change,Embedding_Only,80,6,6,6,6,6,6,1.0,1.0,1.0,1.0,0.925,1.0,0,0.291
BATTERY_EV,BATTERY_EV_M10_02,M10,C function signature change,Embedding_Context,80,6,6,6,6,6,6,1.0,1.0,1.0,1.0,0.925,1.0,0,0.283
BATTERY_EV,BATTERY_EV_M10_02,M10,C function signature change,Graph_Only,80,6,6,6,6,6,6,1.0,1.0,1.0,1.0,0.925,1.0,0,0.033
BATTERY_EV,BATTERY_EV_M10_02,M10,C function signature change,Hybrid_AURA_Routed,80,6,6,6,6,6,6,1.0,1.0,1.0,1.0,0.925,1.0,0,0.069
BATTERY_EV,BATTERY_EV_M10_02,M10,C function signature change,Hybrid_AURA_Fixed,80,6,6,6,6,6,6,1.0,1.0,1.0,1.0,0.925,1.0,0,0.367
BATTERY_EV,BATTERY_EV_M11_02,M11,C constant change,Full_Suite,80,80,6,6,0,0,6,1.0,0.075,0.1395,0.0,0.0,1.0,0,0.1
BATTERY_EV,BATTERY_EV_M11_02,M11,C constant change,Keyword,80,2,6,1,0,0,1,0.1667,0.5,0.25,1.0541,0.975,1.0,5,0.368
BATTERY_EV,BATTERY_EV_M11_02,M11,C constant change,Embedding_Only,80,1,6,1,0,0,1,0.1667,1.0,0.2857,1.0676,0.9875,1.0,5,0.259
BATTERY_EV,BATTERY_EV_M11_02,M11,C constant change,Embedding_Context,80,1,6,1,0,0,1,0.1667,1.0,0.2857,1.0676,0.9875,1.0,5,0.266
BATTERY_EV,BATTERY_EV_M11_02,M11,C constant change,Graph_Only,80,6,6,6,0,0,6,1.0,1.0,1.0,1.0,0.925,1.0,0,0.028
BATTERY_EV,BATTERY_EV_M11_02,M11,C constant change,Hybrid_AURA_Routed,80,6,6,6,0,0,6,1.0,1.0,1.0,1.0,0.925,1.0,0,0.07
BATTERY_EV,BATTERY_EV_M11_02,M11,C constant change,Hybrid_AURA_Fixed,80,6,6,6,0,0,6,1.0,1.0,1.0,1.0,0.925,1.0,0,0.394
BATTERY_EV,BATTERY_EV_M12_02,M12,Function dependency change,Full_Suite,80,80,6,6,0,0,6,1.0,0.075,0.1395,0.0,0.0,1.0,0,0.1
BATTERY_EV,BATTERY_EV_M12_02,M12,Function dependency change,Keyword,80,1,6,1,0,0,1,0.1667,1.0,0.2857,1.0676,0.9875,1.0,5,0.376
BATTERY_EV,BATTERY_EV_M12_02,M12,Function dependency change,Embedding_Only,80,1,6,1,0,0,1,0.1667,1.0,0.2857,1.0676,0.9875,1.0,5,0.26
BATTERY_EV,BATTERY_EV_M12_02,M12,Function dependency change,Embedding_Context,80,1,6,1,0,0,1,0.1667,1.0,0.2857,1.0676,0.9875,1.0,5,0.284
BATTERY_EV,BATTERY_EV_M12_02,M12,Function dependency change,Graph_Only,80,6,6,6,0,0,6,1.0,1.0,1.0,1.0,0.925,1.0,0,0.03
BATTERY_EV,BATTERY_EV_M12_02,M12,Function dependency change,Hybrid_AURA_Routed,80,6,6,6,0,0,6,1.0,1.0,1.0,1.0,0.925,1.0,0,0.065
BATTERY_EV,BATTERY_EV_M12_02,M12,Function dependency change,Hybrid_AURA_Fixed,80,6,6,6,0,0,6,1.0,1.0,1.0,1.0,0.925,1.0,0,0.35
BATTERY_EV,BATTERY_EV_M13_02,M13,Variable dependency change,Full_Suite,80,80,0,0,0,0,0,1.0,0.0,0.0,0.0,0.0,1.0,0,0.1
BATTERY_EV,BATTERY_EV_M13_02,M13,Variable dependency change,Keyword,80,8,0,0,0,0,0,1.0,0.0,0.0,0.0,0.9,1.0,0,0.351
BATTERY_EV,BATTERY_EV_M13_02,M13,Variable dependency change,Embedding_Only,80,0,0,0,0,0,0,1.0,1.0,1.0,1.0,1.0,1.0,0,0.25
BATTERY_EV,BATTERY_EV_M13_02,M13,Variable dependency change,Embedding_Context,80,0,0,0,0,0,0,1.0,1.0,1.0,1.0,1.0,1.0,0,0.239
BATTERY_EV,BATTERY_EV_M13_02,M13,Variable dependency change,Graph_Only,80,0,0,0,0,0,0,1.0,1.0,1.0,1.0,1.0,1.0,0,0.006
BATTERY_EV,BATTERY_EV_M13_02,M13,Variable dependency change,Hybrid_AURA_Routed,80,0,0,0,0,0,0,1.0,1.0,1.0,1.0,1.0,1.0,0,0.022
BATTERY_EV,BATTERY_EV_M13_02,M13,Variable dependency change,Hybrid_AURA_Fixed,80,0,0,0,0,0,0,1.0,1.0,1.0,1.0,1.0,1.0,0,0.249
BATTERY_EV,BATTERY_EV_M14_02,M14,Test requirement modification,Full_Suite,80,80,12,12,2,2,12,1.0,0.15,0.2609,0.0,0.0,1.0,0,0.1
BATTERY_EV,BATTERY_EV_M14_02,M14,Test requirement modification,Keyword,80,80,12,12,2,2,12,1.0,0.15,0.2609,0.0,0.0,1.0,0,0.4
BATTERY_EV,BATTERY_EV_M14_02,M14,Test requirement modification,Embedding_Only,80,3,12,3,2,2,3,0.25,1.0,0.4,1.1324,0.9625,1.0,9,0.267
BATTERY_EV,BATTERY_EV_M14_02,M14,Test requirement modification,Embedding_Context,80,3,12,3,2,2,3,0.25,1.0,0.4,1.1324,0.9625,1.0,9,178.914
BATTERY_EV,BATTERY_EV_M14_02,M14,Test requirement modification,Graph_Only,80,12,12,12,2,2,12,1.0,1.0,1.0,1.0,0.85,1.0,0,0.046
BATTERY_EV,BATTERY_EV_M14_02,M14,Test requirement modification,Hybrid_AURA_Routed,80,12,12,12,2,2,12,1.0,1.0,1.0,1.0,0.85,1.0,0,0.108
BATTERY_EV,BATTERY_EV_M14_02,M14,Test requirement modification,Hybrid_AURA_Fixed,80,12,12,12,2,2,12,1.0,1.0,1.0,1.0,0.85,1.0,0,157.807
BATTERY_EV,BATTERY_EV_M15_02,M15,Unrelated/no-impact change,Full_Suite,80,80,0,0,0,0,0,1.0,0.0,0.0,0.0,0.0,1.0,0,0.1
BATTERY_EV,BATTERY_EV_M15_02,M15,Unrelated/no-impact change,Keyword,80,1,0,0,0,0,0,1.0,0.0,0.0,0.0,0.9875,1.0,0,0.613
BATTERY_EV,BATTERY_EV_M15_02,M15,Unrelated/no-impact change,Embedding_Only,80,1,0,0,0,0,0,1.0,0.0,0.0,0.0,0.9875,1.0,0,0.36
BATTERY_EV,BATTERY_EV_M15_02,M15,Unrelated/no-impact change,Embedding_Context,80,1,0,0,0,0,0,1.0,0.0,0.0,0.0,0.9875,1.0,0,0.322
BATTERY_EV,BATTERY_EV_M15_02,M15,Unrelated/no-impact change,Graph_Only,80,6,0,0,0,0,0,1.0,0.0,0.0,0.0,0.925,1.0,0,0.033
BATTERY_EV,BATTERY_EV_M15_02,M15,Unrelated/no-impact change,Hybrid_AURA_Routed,80,0,0,0,0,0,0,1.0,1.0,1.0,1.0,1.0,1.0,0,0.007
BATTERY_EV,BATTERY_EV_M15_02,M15,Unrelated/no-impact change,Hybrid_AURA_Fixed,80,6,0,0,0,0,0,1.0,0.0,0.0,0.0,0.925,1.0,0,0.356
BATTERY_EV,BATTERY_EV_M16_02,M16,Indirect dependency change,Full_Suite,80,80,6,6,0,0,6,1.0,0.075,0.1395,0.0,0.0,1.0,0,0.1
BATTERY_EV,BATTERY_EV_M16_02,M16,Indirect dependency change,Keyword,80,1,6,1,0,0,1,0.1667,1.0,0.2857,1.0676,0.9875,1.0,5,0.41
BATTERY_EV,BATTERY_EV_M16_02,M16,Indirect dependency change,Embedding_Only,80,1,6,1,0,0,1,0.1667,1.0,0.2857,1.0676,0.9875,1.0,5,0.278
BATTERY_EV,BATTERY_EV_M16_02,M16,Indirect dependency change,Embedding_Context,80,1,6,1,0,0,1,0.1667,1.0,0.2857,1.0676,0.9875,1.0,5,0.269
BATTERY_EV,BATTERY_EV_M16_02,M16,Indirect dependency change,Graph_Only,80,6,6,6,0,0,6,1.0,1.0,1.0,1.0,0.925,1.0,0,0.029
BATTERY_EV,BATTERY_EV_M16_02,M16,Indirect dependency change,Hybrid_AURA_Routed,80,6,6,6,0,0,6,1.0,1.0,1.0,1.0,0.925,1.0,0,0.07
BATTERY_EV,BATTERY_EV_M16_02,M16,Indirect dependency change,Hybrid_AURA_Fixed,80,6,6,6,0,0,6,1.0,1.0,1.0,1.0,0.925,1.0,0,0.359
BATTERY_EV,BATTERY_EV_M17_02,M17,Long-chain dependency change,Full_Suite,80,80,11,11,3,3,11,1.0,0.1375,0.2418,0.0,0.0,1.0,0,0.1
BATTERY_EV,BATTERY_EV_M17_02,M17,Long-chain dependency change,Keyword,80,4,11,4,3,3,4,0.3636,1.0,0.5333,1.1014,0.95,1.0,7,0.386
BATTERY_EV,BATTERY_EV_M17_02,M17,Long-chain dependency change,Embedding_Only,80,4,11,4,3,3,4,0.3636,1.0,0.5333,1.1014,0.95,1.0,7,0.283
BATTERY_EV,BATTERY_EV_M17_02,M17,Long-chain dependency change,Embedding_Context,80,4,11,4,3,3,4,0.3636,1.0,0.5333,1.1014,0.95,1.0,7,0.285
BATTERY_EV,BATTERY_EV_M17_02,M17,Long-chain dependency change,Graph_Only,80,11,11,11,3,3,11,1.0,1.0,1.0,1.0,0.8625,1.0,0,0.042
BATTERY_EV,BATTERY_EV_M17_02,M17,Long-chain dependency change,Hybrid_AURA_Routed,80,11,11,11,3,3,11,1.0,1.0,1.0,1.0,0.8625,1.0,0,0.088
BATTERY_EV,BATTERY_EV_M17_02,M17,Long-chain dependency change,Hybrid_AURA_Fixed,80,11,11,11,3,3,11,1.0,1.0,1.0,1.0,0.8625,1.0,0,0.361
BATTERY_EV,BATTERY_EV_M18_02,M18,Cross-domain Req->ARXML->C->Test change,Full_Suite,80,80,11,11,2,2,11,1.0,0.1375,0.2418,0.0,0.0,1.0,0,0.1
BATTERY_EV,BATTERY_EV_M18_02,M18,Cross-domain Req->ARXML->C->Test change,Keyword,80,3,11,3,2,2,3,0.2727,1.0,0.4286,1.1159,0.9625,1.0,8,0.364
BATTERY_EV,BATTERY_EV_M18_02,M18,Cross-domain Req->ARXML->C->Test change,Embedding_Only,80,3,11,3,2,2,3,0.2727,1.0,0.4286,1.1159,0.9625,1.0,8,0.262
BATTERY_EV,BATTERY_EV_M18_02,M18,Cross-domain Req->ARXML->C->Test change,Embedding_Context,80,3,11,3,2,2,3,0.2727,1.0,0.4286,1.1159,0.9625,1.0,8,0.266
BATTERY_EV,BATTERY_EV_M18_02,M18,Cross-domain Req->ARXML->C->Test change,Graph_Only,80,11,11,11,2,2,11,1.0,1.0,1.0,1.0,0.8625,1.0,0,0.039
BATTERY_EV,BATTERY_EV_M18_02,M18,Cross-domain Req->ARXML->C->Test change,Hybrid_AURA_Routed,80,11,11,11,2,2,11,1.0,1.0,1.0,1.0,0.8625,1.0,0,0.351
BATTERY_EV,BATTERY_EV_M18_02,M18,Cross-domain Req->ARXML->C->Test change,Hybrid_AURA_Fixed,80,11,11,11,2,2,11,1.0,1.0,1.0,1.0,0.8625,1.0,0,0.361
BATTERY_EV,BATTERY_EV_M19_02,M19,Misleading semantic similarity,Full_Suite,80,80,1,1,1,1,1,1.0,0.0125,0.0247,0.0,0.0,1.0,0,0.1
BATTERY_EV,BATTERY_EV_M19_02,M19,Misleading semantic similarity,Keyword,80,1,1,1,1,1,1,1.0,1.0,1.0,1.0,0.9875,1.0,0,0.347
BATTERY_EV,BATTERY_EV_M19_02,M19,Misleading semantic similarity,Embedding_Only,80,1,1,1,1,1,1,1.0,1.0,1.0,1.0,0.9875,1.0,0,0.247
BATTERY_EV,BATTERY_EV_M19_02,M19,Misleading semantic similarity,Embedding_Context,80,1,1,1,1,1,1,1.0,1.0,1.0,1.0,0.9875,1.0,0,0.249
BATTERY_EV,BATTERY_EV_M19_02,M19,Misleading semantic similarity,Graph_Only,80,11,1,1,1,1,1,1.0,0.0909,0.1667,0.8734,0.8625,1.0,0,0.041
BATTERY_EV,BATTERY_EV_M19_02,M19,Misleading semantic similarity,Hybrid_AURA_Routed,80,11,1,1,1,1,1,1.0,0.0909,0.1667,0.8734,0.8625,1.0,0,0.355
BATTERY_EV,BATTERY_EV_M19_02,M19,Misleading semantic similarity,Hybrid_AURA_Fixed,80,11,1,1,1,1,1,1.0,0.0909,0.1667,0.8734,0.8625,1.0,0,0.351
BATTERY_EV,BATTERY_EV_M20_02,M20,Multiple simultaneous changes,Full_Suite,80,80,6,6,0,0,6,1.0,0.075,0.1395,0.0,0.0,1.0,0,0.1
BATTERY_EV,BATTERY_EV_M20_02,M20,Multiple simultaneous changes,Keyword,80,1,6,1,0,0,1,0.1667,1.0,0.2857,1.0676,0.9875,1.0,5,0.348
BATTERY_EV,BATTERY_EV_M20_02,M20,Multiple simultaneous changes,Embedding_Only,80,1,6,1,0,0,1,0.1667,1.0,0.2857,1.0676,0.9875,1.0,5,0.292
BATTERY_EV,BATTERY_EV_M20_02,M20,Multiple simultaneous changes,Embedding_Context,80,1,6,1,0,0,1,0.1667,1.0,0.2857,1.0676,0.9875,1.0,5,0.305
BATTERY_EV,BATTERY_EV_M20_02,M20,Multiple simultaneous changes,Graph_Only,80,6,6,6,0,0,6,1.0,1.0,1.0,1.0,0.925,1.0,0,0.03
BATTERY_EV,BATTERY_EV_M20_02,M20,Multiple simultaneous changes,Hybrid_AURA_Routed,80,6,6,6,0,0,6,1.0,1.0,1.0,1.0,0.925,1.0,0,0.358
BATTERY_EV,BATTERY_EV_M20_02,M20,Multiple simultaneous changes,Hybrid_AURA_Fixed,80,6,6,6,0,0,6,1.0,1.0,1.0,1.0,0.925,1.0,0,0.347
BATTERY_EV,BATTERY_EV_M21_02,M21,Lexical renaming,Full_Suite,80,80,6,6,0,0,6,1.0,0.075,0.1395,0.0,0.0,1.0,0,0.1
BATTERY_EV,BATTERY_EV_M21_02,M21,Lexical renaming,Keyword,80,40,6,6,0,0,6,1.0,0.15,0.2609,0.5405,0.5,1.0,0,0.365
BATTERY_EV,BATTERY_EV_M21_02,M21,Lexical renaming,Embedding_Only,80,1,6,1,0,0,1,0.1667,1.0,0.2857,1.0676,0.9875,1.0,5,0.243
BATTERY_EV,BATTERY_EV_M21_02,M21,Lexical renaming,Embedding_Context,80,1,6,1,0,0,1,0.1667,1.0,0.2857,1.0676,0.9875,1.0,5,0.255
BATTERY_EV,BATTERY_EV_M21_02,M21,Lexical renaming,Graph_Only,80,6,6,6,0,0,6,1.0,1.0,1.0,1.0,0.925,1.0,0,0.026
BATTERY_EV,BATTERY_EV_M21_02,M21,Lexical renaming,Hybrid_AURA_Routed,80,6,6,6,0,0,6,1.0,1.0,1.0,1.0,0.925,1.0,0,0.064
BATTERY_EV,BATTERY_EV_M21_02,M21,Lexical renaming,Hybrid_AURA_Fixed,80,6,6,6,0,0,6,1.0,1.0,1.0,1.0,0.925,1.0,0,0.321
BATTERY_EV,BATTERY_EV_M22_02,M22,Structural rename with same semantics,Full_Suite,80,80,6,6,0,0,6,1.0,0.075,0.1395,0.0,0.0,1.0,0,0.1
BATTERY_EV,BATTERY_EV_M22_02,M22,Structural rename with same semantics,Keyword,80,1,6,1,0,0,1,0.1667,1.0,0.2857,1.0676,0.9875,1.0,5,0.335
BATTERY_EV,BATTERY_EV_M22_02,M22,Structural rename with same semantics,Embedding_Only,80,1,6,1,0,0,1,0.1667,1.0,0.2857,1.0676,0.9875,1.0,5,0.245
BATTERY_EV,BATTERY_EV_M22_02,M22,Structural rename with same semantics,Embedding_Context,80,1,6,1,0,0,1,0.1667,1.0,0.2857,1.0676,0.9875,1.0,5,0.238
BATTERY_EV,BATTERY_EV_M22_02,M22,Structural rename with same semantics,Graph_Only,80,6,6,6,0,0,6,1.0,1.0,1.0,1.0,0.925,1.0,0,0.027
BATTERY_EV,BATTERY_EV_M22_02,M22,Structural rename with same semantics,Hybrid_AURA_Routed,80,6,6,6,0,0,6,1.0,1.0,1.0,1.0,0.925,1.0,0,0.064
BATTERY_EV,BATTERY_EV_M22_02,M22,Structural rename with same semantics,Hybrid_AURA_Fixed,80,6,6,6,0,0,6,1.0,1.0,1.0,1.0,0.925,1.0,0,0.331
BATTERY_EV,BATTERY_EV_M23_02,M23,Semantic requirement change with little textual overlap,Full_Suite,80,80,11,11,2,2,11,1.0,0.1375,0.2418,0.0,0.0,1.0,0,0.1
BATTERY_EV,BATTERY_EV_M23_02,M23,Semantic requirement change with little textual overlap,Keyword,80,3,11,3,2,2,3,0.2727,1.0,0.4286,1.1159,0.9625,1.0,8,0.348
BATTERY_EV,BATTERY_EV_M23_02,M23,Semantic requirement change with little textual overlap,Embedding_Only,80,3,11,3,2,2,3,0.2727,1.0,0.4286,1.1159,0.9625,1.0,8,0.248
BATTERY_EV,BATTERY_EV_M23_02,M23,Semantic requirement change with little textual overlap,Embedding_Context,80,3,11,3,2,2,3,0.2727,1.0,0.4286,1.1159,0.9625,1.0,8,0.27
BATTERY_EV,BATTERY_EV_M23_02,M23,Semantic requirement change with little textual overlap,Graph_Only,80,11,11,11,2,2,11,1.0,1.0,1.0,1.0,0.8625,1.0,0,0.038
BATTERY_EV,BATTERY_EV_M23_02,M23,Semantic requirement change with little textual overlap,Hybrid_AURA_Routed,80,11,11,11,2,2,11,1.0,1.0,1.0,1.0,0.8625,1.0,0,0.35
BATTERY_EV,BATTERY_EV_M23_02,M23,Semantic requirement change with little textual overlap,Hybrid_AURA_Fixed,80,11,11,11,2,2,11,1.0,1.0,1.0,1.0,0.8625,1.0,0,0.34
BATTERY_EV,BATTERY_EV_M24_02,M24,Dead-code modification,Full_Suite,80,80,0,0,0,0,0,1.0,0.0,0.0,0.0,0.0,1.0,0,0.1
BATTERY_EV,BATTERY_EV_M24_02,M24,Dead-code modification,Keyword,80,1,0,0,0,0,0,1.0,0.0,0.0,0.0,0.9875,1.0,0,0.332
BATTERY_EV,BATTERY_EV_M24_02,M24,Dead-code modification,Embedding_Only,80,1,0,0,0,0,0,1.0,0.0,0.0,0.0,0.9875,1.0,0,0.243
BATTERY_EV,BATTERY_EV_M24_02,M24,Dead-code modification,Embedding_Context,80,1,0,0,0,0,0,1.0,0.0,0.0,0.0,0.9875,1.0,0,0.244
BATTERY_EV,BATTERY_EV_M24_02,M24,Dead-code modification,Graph_Only,80,6,0,0,0,0,0,1.0,0.0,0.0,0.0,0.925,1.0,0,0.026
BATTERY_EV,BATTERY_EV_M24_02,M24,Dead-code modification,Hybrid_AURA_Routed,80,0,0,0,0,0,0,1.0,1.0,1.0,1.0,1.0,1.0,0,0.005
BATTERY_EV,BATTERY_EV_M24_02,M24,Dead-code modification,Hybrid_AURA_Fixed,80,6,0,0,0,0,0,1.0,0.0,0.0,0.0,0.925,1.0,0,0.299
BATTERY_EV,BATTERY_EV_M25_02,M25,Documentation-only change,Full_Suite,80,80,0,0,0,0,0,1.0,0.0,0.0,0.0,0.0,1.0,0,0.1
BATTERY_EV,BATTERY_EV_M25_02,M25,Documentation-only change,Keyword,80,1,0,0,0,0,0,1.0,0.0,0.0,0.0,0.9875,1.0,0,0.341
BATTERY_EV,BATTERY_EV_M25_02,M25,Documentation-only change,Embedding_Only,80,1,0,0,0,0,0,1.0,0.0,0.0,0.0,0.9875,1.0,0,0.252
BATTERY_EV,BATTERY_EV_M25_02,M25,Documentation-only change,Embedding_Context,80,1,0,0,0,0,0,1.0,0.0,0.0,0.0,0.9875,1.0,0,0.251
BATTERY_EV,BATTERY_EV_M25_02,M25,Documentation-only change,Graph_Only,80,11,0,0,0,0,0,1.0,0.0,0.0,0.0,0.8625,1.0,0,0.038
BATTERY_EV,BATTERY_EV_M25_02,M25,Documentation-only change,Hybrid_AURA_Routed,80,0,0,0,0,0,0,1.0,1.0,1.0,1.0,1.0,1.0,0,0.005
BATTERY_EV,BATTERY_EV_M25_02,M25,Documentation-only change,Hybrid_AURA_Fixed,80,11,0,0,0,0,0,1.0,0.0,0.0,0.0,0.8625,1.0,0,0.334
