case_id,benchmark_class,sub_category,project_id,source_artifact_id,source_artifact_type,query_text,target_artifact_ids,target_test_ids,safety_critical_tests,token_overlap_score,lexical_overlap_category,graph_reachability,decoy_artifact_ids,expected_action,ground_truth_methods,metadata
V3_EXP_0001,EXPLICIT_STRUCTURAL,S_DIRECT_PATH,ADAS,REQ_ADAS_001,Requirement,Emergency braking deceleration and collision mitigation when obstacle hazard detected. Operational verification requirement variant 1.,['ADAS_Func_001'],['TC_ADAS_001'],['TC_ADAS_001'],0.25,MEDIUM,True,[],IMPACT,"['DETERMINISTIC_GRAPH_TRAVERSAL', 'SPEC_ALLOCATION']",{}
V3_EXP_0002,EXPLICIT_STRUCTURAL,S_DIRECT_PATH,ADAS,REQ_ADAS_002,Requirement,Emergency braking deceleration and collision mitigation when obstacle hazard detected. Operational verification requirement variant 2.,['ADAS_Func_002'],['TC_ADAS_002'],['TC_ADAS_002'],0.0435,LOW,True,[],IMPACT,"['DETERMINISTIC_GRAPH_TRAVERSAL', 'SPEC_ALLOCATION']",{}
V3_EXP_0003,EXPLICIT_STRUCTURAL,S_DIRECT_PATH,ADAS,REQ_ADAS_003,Requirement,Emergency braking deceleration and collision mitigation when obstacle hazard detected. Operational verification requirement variant 3.,['ADAS_Func_003'],['TC_ADAS_003'],['TC_ADAS_003'],0.0435,LOW,True,[],IMPACT,"['DETERMINISTIC_GRAPH_TRAVERSAL', 'SPEC_ALLOCATION']",{}
V3_EXP_0004,EXPLICIT_STRUCTURAL,S_DIRECT_PATH,ADAS,REQ_ADAS_004,Requirement,Emergency braking deceleration and collision mitigation when obstacle hazard detected. Operational verification requirement variant 4.,['ADAS_Func_004'],['TC_ADAS_004'],['TC_ADAS_004'],0.0909,LOW,True,[],IMPACT,"['DETERMINISTIC_GRAPH_TRAVERSAL', 'SPEC_ALLOCATION']",{}
V3_EXP_0005,EXPLICIT_STRUCTURAL,S_DIRECT_PATH,ADAS,REQ_ADAS_005,Requirement,Emergency braking deceleration and collision mitigation when obstacle hazard detected. Operational verification requirement variant 5.,['ADAS_Func_005'],['TC_ADAS_005'],['TC_ADAS_005'],0.0435,LOW,True,[],IMPACT,"['DETERMINISTIC_GRAPH_TRAVERSAL', 'SPEC_ALLOCATION']",{}
V3_EXP_0006,EXPLICIT_STRUCTURAL,S_DIRECT_PATH,ADAS,REQ_ADAS_006,Requirement,Emergency braking deceleration and collision mitigation when obstacle hazard detected. Operational verification requirement variant 6.,['ADAS_Func_006'],['TC_ADAS_006'],['TC_ADAS_006'],0.0909,LOW,True,[],IMPACT,"['DETERMINISTIC_GRAPH_TRAVERSAL', 'SPEC_ALLOCATION']",{}
V3_EXP_0007,EXPLICIT_STRUCTURAL,S_DIRECT_PATH,ADAS,REQ_ADAS_007,Requirement,Emergency braking deceleration and collision mitigation when obstacle hazard detected. Operational verification requirement variant 7.,['ADAS_Func_007'],['TC_ADAS_007'],['TC_ADAS_007'],0.0909,LOW,True,[],IMPACT,"['DETERMINISTIC_GRAPH_TRAVERSAL', 'SPEC_ALLOCATION']",{}
V3_EXP_0008,EXPLICIT_STRUCTURAL,S_DIRECT_PATH,ADAS,REQ_ADAS_008,Requirement,Emergency braking deceleration and collision mitigation when obstacle hazard detected. Operational verification requirement variant 8.,['ADAS_Func_008'],['TC_ADAS_008'],['TC_ADAS_008'],0.0417,LOW,True,[],IMPACT,"['DETERMINISTIC_GRAPH_TRAVERSAL', 'SPEC_ALLOCATION']",{}
V3_EXP_0009,EXPLICIT_STRUCTURAL,S_DIRECT_PATH,ADAS,REQ_ADAS_009,Requirement,Adaptive cruise headway distance tracking and vehicle speed regulation. Operational verification requirement variant 1.,['ADAS_Func_009'],['TC_ADAS_009'],['TC_ADAS_009'],0.0455,LOW,True,[],IMPACT,"['DETERMINISTIC_GRAPH_TRAVERSAL', 'SPEC_ALLOCATION']",{}
V3_EXP_0010,EXPLICIT_STRUCTURAL,S_DIRECT_PATH,ADAS,REQ_ADAS_010,Requirement,Adaptive cruise headway distance tracking and vehicle speed regulation. Operational verification requirement variant 2.,['ADAS_Func_010'],['TC_ADAS_010'],['TC_ADAS_010'],0.0952,LOW,True,[],IMPACT,"['DETERMINISTIC_GRAPH_TRAVERSAL', 'SPEC_ALLOCATION']",{}
V3_EXP_0011,EXPLICIT_STRUCTURAL,S_DIRECT_PATH,ADAS,REQ_ADAS_011,Requirement,Adaptive cruise headway distance tracking and vehicle speed regulation. Operational verification requirement variant 3.,['ADAS_Func_011'],['TC_ADAS_011'],['TC_ADAS_011'],0.0435,LOW,True,[],IMPACT,"['DETERMINISTIC_GRAPH_TRAVERSAL', 'SPEC_ALLOCATION']",{}
V3_EXP_0012,EXPLICIT_STRUCTURAL,S_DIRECT_PATH,ADAS,REQ_ADAS_012,Requirement,Adaptive cruise headway distance tracking and vehicle speed regulation. Operational verification requirement variant 4.,['ADAS_Func_012'],['TC_ADAS_012'],['TC_ADAS_012'],0.3529,MEDIUM,True,[],IMPACT,"['DETERMINISTIC_GRAPH_TRAVERSAL', 'SPEC_ALLOCATION']",{}
V3_EXP_0013,EXPLICIT_STRUCTURAL,S_DIRECT_PATH,ADAS,REQ_ADAS_013,Requirement,Adaptive cruise headway distance tracking and vehicle speed regulation. Operational verification requirement variant 5.,['ADAS_Func_013'],['TC_ADAS_013'],['TC_ADAS_013'],0.0952,LOW,True,[],IMPACT,"['DETERMINISTIC_GRAPH_TRAVERSAL', 'SPEC_ALLOCATION']",{}
V3_EXP_0014,EXPLICIT_STRUCTURAL,S_DIRECT_PATH,ADAS,REQ_ADAS_014,Requirement,Adaptive cruise headway distance tracking and vehicle speed regulation. Operational verification requirement variant 6.,['ADAS_Func_014'],['TC_ADAS_014'],['TC_ADAS_014'],0.0952,LOW,True,[],IMPACT,"['DETERMINISTIC_GRAPH_TRAVERSAL', 'SPEC_ALLOCATION']",{}
V3_EXP_0015,EXPLICIT_STRUCTURAL,S_DIRECT_PATH,ADAS,REQ_ADAS_015,Requirement,Adaptive cruise headway distance tracking and vehicle speed regulation. Operational verification requirement variant 7.,['ADAS_Func_015'],['TC_ADAS_015'],['TC_ADAS_015'],0.0455,LOW,True,[],IMPACT,"['DETERMINISTIC_GRAPH_TRAVERSAL', 'SPEC_ALLOCATION']",{}
V3_EXP_0016,EXPLICIT_STRUCTURAL,S_DIRECT_PATH,ADAS,REQ_ADAS_016,Requirement,Adaptive cruise headway distance tracking and vehicle speed regulation. Operational verification requirement variant 8.,['ADAS_Func_016'],['TC_ADAS_016'],['TC_ADAS_016'],0.0455,LOW,True,[],IMPACT,"['DETERMINISTIC_GRAPH_TRAVERSAL', 'SPEC_ALLOCATION']",{}
V3_EXP_0017,EXPLICIT_STRUCTURAL,S_DIRECT_PATH,ADAS,REQ_ADAS_017,Requirement,Lane keeping assist steering torque regulation and lane departure avoidance. Operational verification requirement variant 1.,['ADAS_Func_017'],['TC_ADAS_017'],['TC_ADAS_017'],0.0455,LOW,True,[],IMPACT,"['DETERMINISTIC_GRAPH_TRAVERSAL', 'SPEC_ALLOCATION']",{}
V3_EXP_0018,EXPLICIT_STRUCTURAL,S_DIRECT_PATH,ADAS,REQ_ADAS_018,Requirement,Lane keeping assist steering torque regulation and lane departure avoidance. Operational verification requirement variant 2.,['ADAS_Func_018'],['TC_ADAS_018'],['TC_ADAS_018'],0.0435,LOW,True,[],IMPACT,"['DETERMINISTIC_GRAPH_TRAVERSAL', 'SPEC_ALLOCATION']",{}
V3_EXP_0019,EXPLICIT_STRUCTURAL,S_DIRECT_PATH,ADAS,REQ_ADAS_019,Requirement,Lane keeping assist steering torque regulation and lane departure avoidance. Operational verification requirement variant 3.,['ADAS_Func_019'],['TC_ADAS_019'],['TC_ADAS_019'],0.0952,LOW,True,[],IMPACT,"['DETERMINISTIC_GRAPH_TRAVERSAL', 'SPEC_ALLOCATION']",{}
V3_EXP_0020,EXPLICIT_STRUCTURAL,S_DIRECT_PATH,ADAS,REQ_ADAS_020,Requirement,Lane keeping assist steering torque regulation and lane departure avoidance. Operational verification requirement variant 4.,['ADAS_Func_020'],['TC_ADAS_020'],['TC_ADAS_020'],0.0455,LOW,True,[],IMPACT,"['DETERMINISTIC_GRAPH_TRAVERSAL', 'SPEC_ALLOCATION']",{}
V3_EXP_0021,EXPLICIT_STRUCTURAL,S_DIRECT_PATH,ADAS,REQ_ADAS_021,Requirement,Lane keeping assist steering torque regulation and lane departure avoidance. Operational verification requirement variant 5.,['ADAS_Func_021'],['TC_ADAS_021'],['TC_ADAS_021'],0.0909,LOW,True,[],IMPACT,"['DETERMINISTIC_GRAPH_TRAVERSAL', 'SPEC_ALLOCATION']",{}
V3_EXP_0022,EXPLICIT_STRUCTURAL,S_DIRECT_PATH,ADAS,REQ_ADAS_022,Requirement,Lane keeping assist steering torque regulation and lane departure avoidance. Operational verification requirement variant 6.,['ADAS_Func_022'],['TC_ADAS_022'],['TC_ADAS_022'],0.0952,LOW,True,[],IMPACT,"['DETERMINISTIC_GRAPH_TRAVERSAL', 'SPEC_ALLOCATION']",{}
V3_EXP_0023,EXPLICIT_STRUCTURAL,S_DIRECT_PATH,ADAS,REQ_ADAS_023,Requirement,Lane keeping assist steering torque regulation and lane departure avoidance. Operational verification requirement variant 7.,['ADAS_Func_023'],['TC_ADAS_023'],['TC_ADAS_023'],0.4375,HIGH,True,[],IMPACT,"['DETERMINISTIC_GRAPH_TRAVERSAL', 'SPEC_ALLOCATION']",{}
V3_EXP_0024,EXPLICIT_STRUCTURAL,S_DIRECT_PATH,ADAS,REQ_ADAS_024,Requirement,Lane keeping assist steering torque regulation and lane departure avoidance. Operational verification requirement variant 8.,['ADAS_Func_024'],['TC_ADAS_024'],['TC_ADAS_024'],0.0455,LOW,True,[],IMPACT,"['DETERMINISTIC_GRAPH_TRAVERSAL', 'SPEC_ALLOCATION']",{}
V3_EXP_0025,EXPLICIT_STRUCTURAL,S_DIRECT_PATH,ADAS,REQ_ADAS_025,Requirement,Long-range radar object distance measurement and relative velocity tracking. Operational verification requirement variant 1.,['ADAS_Func_025'],['TC_ADAS_025'],['TC_ADAS_025'],0.0909,LOW,True,[],IMPACT,"['DETERMINISTIC_GRAPH_TRAVERSAL', 'SPEC_ALLOCATION']",{}
V3_EXP_0026,EXPLICIT_STRUCTURAL,S_DIRECT_PATH,ADAS,REQ_ADAS_026,Requirement,Long-range radar object distance measurement and relative velocity tracking. Operational verification requirement variant 2.,['ADAS_Func_026'],['TC_ADAS_026'],[],0.0435,LOW,True,[],IMPACT,"['DETERMINISTIC_GRAPH_TRAVERSAL', 'SPEC_ALLOCATION']",{}
V3_EXP_0027,EXPLICIT_STRUCTURAL,S_DIRECT_PATH,ADAS,REQ_ADAS_027,Requirement,Long-range radar object distance measurement and relative velocity tracking. Operational verification requirement variant 3.,['ADAS_Func_027'],['TC_ADAS_027'],[],0.0435,LOW,True,[],IMPACT,"['DETERMINISTIC_GRAPH_TRAVERSAL', 'SPEC_ALLOCATION']",{}
V3_EXP_0028,EXPLICIT_STRUCTURAL,S_DIRECT_PATH,ADAS,REQ_ADAS_028,Requirement,Long-range radar object distance measurement and relative velocity tracking. Operational verification requirement variant 4.,['ADAS_Func_028'],['TC_ADAS_028'],[],0.0417,LOW,True,[],IMPACT,"['DETERMINISTIC_GRAPH_TRAVERSAL', 'SPEC_ALLOCATION']",{}
V3_EXP_0029,EXPLICIT_STRUCTURAL,S_DIRECT_PATH,ADAS,REQ_ADAS_029,Requirement,Long-range radar object distance measurement and relative velocity tracking. Operational verification requirement variant 5.,['ADAS_Func_029'],['TC_ADAS_029'],[],0.0435,LOW,True,[],IMPACT,"['DETERMINISTIC_GRAPH_TRAVERSAL', 'SPEC_ALLOCATION']",{}
V3_EXP_0030,EXPLICIT_STRUCTURAL,S_DIRECT_PATH,ADAS,REQ_ADAS_030,Requirement,Long-range radar object distance measurement and relative velocity tracking. Operational verification requirement variant 6.,['ADAS_Func_030'],['TC_ADAS_030'],[],0.0435,LOW,True,[],IMPACT,"['DETERMINISTIC_GRAPH_TRAVERSAL', 'SPEC_ALLOCATION']",{}
V3_EXP_0031,EXPLICIT_STRUCTURAL,S_DIRECT_PATH,POWERTRAIN,R_PT_001,Requirement,Electronic throttle control shall regulate intake air valve position within 2.5% accuracy.,['PT_Func_001'],['TC_PT_001'],['TC_PT_001'],0.0455,LOW,True,[],IMPACT,"['DETERMINISTIC_GRAPH_TRAVERSAL', 'SPEC_ALLOCATION']",{}
V3_EXP_0032,EXPLICIT_STRUCTURAL,S_DIRECT_PATH,POWERTRAIN,R_PT_002,Requirement,Electronic throttle control shall regulate intake air valve position within 3.0% accuracy.,['PT_Func_002'],['TC_PT_002'],['TC_PT_002'],0.05,LOW,True,[],IMPACT,"['DETERMINISTIC_GRAPH_TRAVERSAL', 'SPEC_ALLOCATION']",{}
V3_EXP_0033,EXPLICIT_STRUCTURAL,S_DIRECT_PATH,POWERTRAIN,R_PT_003,Requirement,Electronic throttle control shall regulate intake air valve position within 3.5% accuracy.,['PT_Func_003'],['TC_PT_003'],['TC_PT_003'],0.0,LOW,True,[],IMPACT,"['DETERMINISTIC_GRAPH_TRAVERSAL', 'SPEC_ALLOCATION']",{}
V3_EXP_0034,EXPLICIT_STRUCTURAL,S_DIRECT_PATH,POWERTRAIN,R_PT_004,Requirement,Electronic throttle control shall regulate intake air valve position within 4.0% accuracy.,['PT_Func_004'],['TC_PT_004'],['TC_PT_004'],0.0,LOW,True,[],IMPACT,"['DETERMINISTIC_GRAPH_TRAVERSAL', 'SPEC_ALLOCATION']",{}
V3_EXP_0035,EXPLICIT_STRUCTURAL,S_DIRECT_PATH,POWERTRAIN,R_PT_005,Requirement,Electronic throttle control shall regulate intake air valve position within 2.0% accuracy.,['PT_Func_005'],['TC_PT_005'],['TC_PT_005'],0.0,LOW,True,[],IMPACT,"['DETERMINISTIC_GRAPH_TRAVERSAL', 'SPEC_ALLOCATION']",{}
V3_EXP_0036,EXPLICIT_STRUCTURAL,S_DIRECT_PATH,POWERTRAIN,R_PT_006,Requirement,Electronic throttle control shall regulate intake air valve position within 2.5% accuracy.,['PT_Func_006'],['TC_PT_006'],['TC_PT_006'],0.0476,LOW,True,[],IMPACT,"['DETERMINISTIC_GRAPH_TRAVERSAL', 'SPEC_ALLOCATION']",{}
V3_EXP_0037,EXPLICIT_STRUCTURAL,S_DIRECT_PATH,POWERTRAIN,R_PT_007,Requirement,Electronic throttle control shall regulate intake air valve position within 3.0% accuracy.,['PT_Func_007'],['TC_PT_007'],['TC_PT_007'],0.0,LOW,True,[],IMPACT,"['DETERMINISTIC_GRAPH_TRAVERSAL', 'SPEC_ALLOCATION']",{}
V3_EXP_0038,EXPLICIT_STRUCTURAL,S_DIRECT_PATH,POWERTRAIN,R_PT_008,Requirement,Electronic throttle control shall regulate intake air valve position within 3.5% accuracy.,['PT_Func_008'],['TC_PT_008'],['TC_PT_008'],0.0455,LOW,True,[],IMPACT,"['DETERMINISTIC_GRAPH_TRAVERSAL', 'SPEC_ALLOCATION']",{}
V3_EXP_0039,EXPLICIT_STRUCTURAL,S_DIRECT_PATH,POWERTRAIN,R_PT_009,Requirement,Electronic throttle control shall regulate intake air valve position within 4.0% accuracy.,['PT_Func_009'],['TC_PT_009'],['TC_PT_009'],0.05,LOW,True,[],IMPACT,"['DETERMINISTIC_GRAPH_TRAVERSAL', 'SPEC_ALLOCATION']",{}
V3_EXP_0040,EXPLICIT_STRUCTURAL,S_DIRECT_PATH,POWERTRAIN,R_PT_010,Requirement,Electronic throttle control shall regulate intake air valve position within 2.0% accuracy.,['PT_Func_010'],['TC_PT_010'],['TC_PT_010'],0.0,LOW,True,[],IMPACT,"['DETERMINISTIC_GRAPH_TRAVERSAL', 'SPEC_ALLOCATION']",{}
V3_EXP_0041,EXPLICIT_STRUCTURAL,S_DIRECT_PATH,POWERTRAIN,R_PT_011,Requirement,Electronic throttle control shall regulate intake air valve position within 2.5% accuracy.,['PT_Func_011'],['TC_PT_011'],['TC_PT_011'],0.0,LOW,True,[],IMPACT,"['DETERMINISTIC_GRAPH_TRAVERSAL', 'SPEC_ALLOCATION']",{}
V3_EXP_0042,EXPLICIT_STRUCTURAL,S_DIRECT_PATH,POWERTRAIN,R_PT_012,Requirement,Electronic throttle control shall regulate intake air valve position within 3.0% accuracy.,['PT_Func_012'],['TC_PT_012'],['TC_PT_012'],0.0,LOW,True,[],IMPACT,"['DETERMINISTIC_GRAPH_TRAVERSAL', 'SPEC_ALLOCATION']",{}
V3_EXP_0043,EXPLICIT_STRUCTURAL,S_DIRECT_PATH,POWERTRAIN,R_PT_013,Requirement,Electronic throttle control shall regulate intake air valve position within 3.5% accuracy.,['PT_Func_013'],['TC_PT_013'],['TC_PT_013'],0.0476,LOW,True,[],IMPACT,"['DETERMINISTIC_GRAPH_TRAVERSAL', 'SPEC_ALLOCATION']",{}
V3_EXP_0044,EXPLICIT_STRUCTURAL,S_DIRECT_PATH,POWERTRAIN,R_PT_014,Requirement,Electronic throttle control shall regulate intake air valve position within 4.0% accuracy.,['PT_Func_014'],['TC_PT_014'],['TC_PT_014'],0.0,LOW,True,[],IMPACT,"['DETERMINISTIC_GRAPH_TRAVERSAL', 'SPEC_ALLOCATION']",{}
V3_EXP_0045,EXPLICIT_STRUCTURAL,S_DIRECT_PATH,POWERTRAIN,R_PT_015,Requirement,Electronic throttle control shall regulate intake air valve position within 2.0% accuracy.,['PT_Func_015'],['TC_PT_015'],['TC_PT_015'],0.0455,LOW,True,[],IMPACT,"['DETERMINISTIC_GRAPH_TRAVERSAL', 'SPEC_ALLOCATION']",{}
V3_EXP_0046,EXPLICIT_STRUCTURAL,S_DIRECT_PATH,POWERTRAIN,R_PT_016,Requirement,Electronic throttle control shall regulate intake air valve position within 2.5% accuracy.,['PT_Func_016'],['TC_PT_016'],['TC_PT_016'],0.05,LOW,True,[],IMPACT,"['DETERMINISTIC_GRAPH_TRAVERSAL', 'SPEC_ALLOCATION']",{}
V3_EXP_0047,EXPLICIT_STRUCTURAL,S_DIRECT_PATH,POWERTRAIN,R_PT_017,Requirement,Electronic throttle control shall regulate intake air valve position within 3.0% accuracy.,['PT_Func_017'],['TC_PT_017'],['TC_PT_017'],0.0,LOW,True,[],IMPACT,"['DETERMINISTIC_GRAPH_TRAVERSAL', 'SPEC_ALLOCATION']",{}
V3_EXP_0048,EXPLICIT_STRUCTURAL,S_DIRECT_PATH,POWERTRAIN,R_PT_018,Requirement,Electronic throttle control shall regulate intake air valve position within 3.5% accuracy.,['PT_Func_018'],['TC_PT_018'],['TC_PT_018'],0.0,LOW,True,[],IMPACT,"['DETERMINISTIC_GRAPH_TRAVERSAL', 'SPEC_ALLOCATION']",{}
V3_EXP_0049,EXPLICIT_STRUCTURAL,S_DIRECT_PATH,POWERTRAIN,R_PT_019,Requirement,Electronic throttle control shall regulate intake air valve position within 4.0% accuracy.,['PT_Func_019'],['TC_PT_019'],['TC_PT_019'],0.0,LOW,True,[],IMPACT,"['DETERMINISTIC_GRAPH_TRAVERSAL', 'SPEC_ALLOCATION']",{}
V3_EXP_0050,EXPLICIT_STRUCTURAL,S_DIRECT_PATH,POWERTRAIN,R_PT_020,Requirement,Electronic throttle control shall regulate intake air valve position within 2.0% accuracy.,['PT_Func_020'],['TC_PT_020'],['TC_PT_020'],0.0476,LOW,True,[],IMPACT,"['DETERMINISTIC_GRAPH_TRAVERSAL', 'SPEC_ALLOCATION']",{}
V3_EXP_0051,EXPLICIT_STRUCTURAL,S_DIRECT_PATH,POWERTRAIN,R_PT_021,Requirement,Electronic throttle control shall regulate intake air valve position within 2.5% accuracy.,['PT_Func_021'],['TC_PT_021'],[],0.0,LOW,True,[],IMPACT,"['DETERMINISTIC_GRAPH_TRAVERSAL', 'SPEC_ALLOCATION']",{}
V3_EXP_0052,EXPLICIT_STRUCTURAL,S_DIRECT_PATH,POWERTRAIN,R_PT_022,Requirement,Electronic throttle control shall regulate intake air valve position within 3.0% accuracy.,['PT_Func_022'],['TC_PT_022'],[],0.0455,LOW,True,[],IMPACT,"['DETERMINISTIC_GRAPH_TRAVERSAL', 'SPEC_ALLOCATION']",{}
V3_EXP_0053,EXPLICIT_STRUCTURAL,S_DIRECT_PATH,POWERTRAIN,R_PT_023,Requirement,Electronic throttle control shall regulate intake air valve position within 3.5% accuracy.,['PT_Func_023'],['TC_PT_023'],[],0.05,LOW,True,[],IMPACT,"['DETERMINISTIC_GRAPH_TRAVERSAL', 'SPEC_ALLOCATION']",{}
V3_EXP_0054,EXPLICIT_STRUCTURAL,S_DIRECT_PATH,POWERTRAIN,R_PT_024,Requirement,Electronic throttle control shall regulate intake air valve position within 4.0% accuracy.,['PT_Func_024'],['TC_PT_024'],[],0.0,LOW,True,[],IMPACT,"['DETERMINISTIC_GRAPH_TRAVERSAL', 'SPEC_ALLOCATION']",{}
V3_EXP_0055,EXPLICIT_STRUCTURAL,S_DIRECT_PATH,POWERTRAIN,R_PT_025,Requirement,Electronic throttle control shall regulate intake air valve position within 2.0% accuracy.,['PT_Func_025'],['TC_PT_025'],[],0.0,LOW,True,[],IMPACT,"['DETERMINISTIC_GRAPH_TRAVERSAL', 'SPEC_ALLOCATION']",{}
V3_EXP_0056,EXPLICIT_STRUCTURAL,S_DIRECT_PATH,POWERTRAIN,R_PT_026,Requirement,Electronic throttle control shall regulate intake air valve position within 2.5% accuracy.,['PT_Func_026'],['TC_PT_026'],[],0.0,LOW,True,[],IMPACT,"['DETERMINISTIC_GRAPH_TRAVERSAL', 'SPEC_ALLOCATION']",{}
V3_EXP_0057,EXPLICIT_STRUCTURAL,S_DIRECT_PATH,POWERTRAIN,R_PT_027,Requirement,Electronic throttle control shall regulate intake air valve position within 3.0% accuracy.,['PT_Func_027'],['TC_PT_027'],[],0.0476,LOW,True,[],IMPACT,"['DETERMINISTIC_GRAPH_TRAVERSAL', 'SPEC_ALLOCATION']",{}
V3_EXP_0058,EXPLICIT_STRUCTURAL,S_DIRECT_PATH,POWERTRAIN,R_PT_028,Requirement,Electronic throttle control shall regulate intake air valve position within 3.5% accuracy.,['PT_Func_028'],['TC_PT_028'],[],0.0,LOW,True,[],IMPACT,"['DETERMINISTIC_GRAPH_TRAVERSAL', 'SPEC_ALLOCATION']",{}
V3_EXP_0059,EXPLICIT_STRUCTURAL,S_DIRECT_PATH,POWERTRAIN,R_PT_029,Requirement,Electronic throttle control shall regulate intake air valve position within 4.0% accuracy.,['PT_Func_029'],['TC_PT_029'],[],0.0455,LOW,True,[],IMPACT,"['DETERMINISTIC_GRAPH_TRAVERSAL', 'SPEC_ALLOCATION']",{}
V3_EXP_0060,EXPLICIT_STRUCTURAL,S_DIRECT_PATH,POWERTRAIN,R_PT_030,Requirement,Electronic throttle control shall regulate intake air valve position within 2.0% accuracy.,['PT_Func_030'],['TC_PT_030'],[],0.05,LOW,True,[],IMPACT,"['DETERMINISTIC_GRAPH_TRAVERSAL', 'SPEC_ALLOCATION']",{}
V3_EXP_0061,EXPLICIT_STRUCTURAL,S_DIRECT_PATH,BATTERY_EV,R_BMS_001,Requirement,Thermal runaway monitor shall isolate high voltage contactors within 12 ms if cell temperature exceeds 60 C.,['BMS_Func_001'],['TC_BMS_001'],['TC_BMS_001'],0.0909,LOW,True,[],IMPACT,"['DETERMINISTIC_GRAPH_TRAVERSAL', 'SPEC_ALLOCATION']",{}
V3_EXP_0062,EXPLICIT_STRUCTURAL,S_DIRECT_PATH,BATTERY_EV,R_BMS_002,Requirement,Thermal runaway monitor shall isolate high voltage contactors within 14 ms if cell temperature exceeds 65 C.,['BMS_Func_002'],['TC_BMS_002'],['TC_BMS_002'],0.1053,LOW,True,[],IMPACT,"['DETERMINISTIC_GRAPH_TRAVERSAL', 'SPEC_ALLOCATION']",{}
V3_EXP_0063,EXPLICIT_STRUCTURAL,S_DIRECT_PATH,BATTERY_EV,R_BMS_003,Requirement,Thermal runaway monitor shall isolate high voltage contactors within 16 ms if cell temperature exceeds 70 C.,['BMS_Func_003'],['TC_BMS_003'],['TC_BMS_003'],0.0476,LOW,True,[],IMPACT,"['DETERMINISTIC_GRAPH_TRAVERSAL', 'SPEC_ALLOCATION']",{}
V3_EXP_0064,EXPLICIT_STRUCTURAL,S_DIRECT_PATH,BATTERY_EV,R_BMS_004,Requirement,Thermal runaway monitor shall isolate high voltage contactors within 18 ms if cell temperature exceeds 55 C.,['BMS_Func_004'],['TC_BMS_004'],['TC_BMS_004'],0.0476,LOW,True,[],IMPACT,"['DETERMINISTIC_GRAPH_TRAVERSAL', 'SPEC_ALLOCATION']",{}
V3_EXP_0065,EXPLICIT_STRUCTURAL,S_DIRECT_PATH,BATTERY_EV,R_BMS_005,Requirement,Thermal runaway monitor shall isolate high voltage contactors within 10 ms if cell temperature exceeds 60 C.,['BMS_Func_005'],['TC_BMS_005'],['TC_BMS_005'],0.1579,MEDIUM,True,[],IMPACT,"['DETERMINISTIC_GRAPH_TRAVERSAL', 'SPEC_ALLOCATION']",{}
V3_EXP_0066,EXPLICIT_STRUCTURAL,S_DIRECT_PATH,BATTERY_EV,R_BMS_006,Requirement,Thermal runaway monitor shall isolate high voltage contactors within 12 ms if cell temperature exceeds 65 C.,['BMS_Func_006'],['TC_BMS_006'],['TC_BMS_006'],0.0,LOW,True,[],IMPACT,"['DETERMINISTIC_GRAPH_TRAVERSAL', 'SPEC_ALLOCATION']",{}
V3_EXP_0067,EXPLICIT_STRUCTURAL,S_DIRECT_PATH,BATTERY_EV,R_BMS_007,Requirement,Thermal runaway monitor shall isolate high voltage contactors within 14 ms if cell temperature exceeds 70 C.,['BMS_Func_007'],['TC_BMS_007'],['TC_BMS_007'],0.0909,LOW,True,[],IMPACT,"['DETERMINISTIC_GRAPH_TRAVERSAL', 'SPEC_ALLOCATION']",{}
V3_EXP_0068,EXPLICIT_STRUCTURAL,S_DIRECT_PATH,BATTERY_EV,R_BMS_008,Requirement,Thermal runaway monitor shall isolate high voltage contactors within 16 ms if cell temperature exceeds 55 C.,['BMS_Func_008'],['TC_BMS_008'],['TC_BMS_008'],0.1053,LOW,True,[],IMPACT,"['DETERMINISTIC_GRAPH_TRAVERSAL', 'SPEC_ALLOCATION']",{}
V3_EXP_0069,EXPLICIT_STRUCTURAL,S_DIRECT_PATH,BATTERY_EV,R_BMS_009,Requirement,Thermal runaway monitor shall isolate high voltage contactors within 18 ms if cell temperature exceeds 60 C.,['BMS_Func_009'],['TC_BMS_009'],['TC_BMS_009'],0.0476,LOW,True,[],IMPACT,"['DETERMINISTIC_GRAPH_TRAVERSAL', 'SPEC_ALLOCATION']",{}
V3_EXP_0070,EXPLICIT_STRUCTURAL,S_DIRECT_PATH,BATTERY_EV,R_BMS_010,Requirement,Thermal runaway monitor shall isolate high voltage contactors within 10 ms if cell temperature exceeds 65 C.,['BMS_Func_010'],['TC_BMS_010'],['TC_BMS_010'],0.0476,LOW,True,[],IMPACT,"['DETERMINISTIC_GRAPH_TRAVERSAL', 'SPEC_ALLOCATION']",{}
V3_EXP_0071,EXPLICIT_STRUCTURAL,S_DIRECT_PATH,BATTERY_EV,R_BMS_011,Requirement,Thermal runaway monitor shall isolate high voltage contactors within 12 ms if cell temperature exceeds 70 C.,['BMS_Func_011'],['TC_BMS_011'],['TC_BMS_011'],0.1579,MEDIUM,True,[],IMPACT,"['DETERMINISTIC_GRAPH_TRAVERSAL', 'SPEC_ALLOCATION']",{}
V3_EXP_0072,EXPLICIT_STRUCTURAL,S_DIRECT_PATH,BATTERY_EV,R_BMS_012,Requirement,Thermal runaway monitor shall isolate high voltage contactors within 14 ms if cell temperature exceeds 55 C.,['BMS_Func_012'],['TC_BMS_012'],['TC_BMS_012'],0.0,LOW,True,[],IMPACT,"['DETERMINISTIC_GRAPH_TRAVERSAL', 'SPEC_ALLOCATION']",{}
V3_EXP_0073,EXPLICIT_STRUCTURAL,S_DIRECT_PATH,BATTERY_EV,R_BMS_013,Requirement,Thermal runaway monitor shall isolate high voltage contactors within 16 ms if cell temperature exceeds 60 C.,['BMS_Func_013'],['TC_BMS_013'],['TC_BMS_013'],0.0909,LOW,True,[],IMPACT,"['DETERMINISTIC_GRAPH_TRAVERSAL', 'SPEC_ALLOCATION']",{}
V3_EXP_0074,EXPLICIT_STRUCTURAL,S_DIRECT_PATH,BATTERY_EV,R_BMS_014,Requirement,Thermal runaway monitor shall isolate high voltage contactors within 18 ms if cell temperature exceeds 65 C.,['BMS_Func_014'],['TC_BMS_014'],['TC_BMS_014'],0.1053,LOW,True,[],IMPACT,"['DETERMINISTIC_GRAPH_TRAVERSAL', 'SPEC_ALLOCATION']",{}
V3_EXP_0075,EXPLICIT_STRUCTURAL,S_DIRECT_PATH,BATTERY_EV,R_BMS_015,Requirement,Thermal runaway monitor shall isolate high voltage contactors within 10 ms if cell temperature exceeds 70 C.,['BMS_Func_015'],['TC_BMS_015'],['TC_BMS_015'],0.0476,LOW,True,[],IMPACT,"['DETERMINISTIC_GRAPH_TRAVERSAL', 'SPEC_ALLOCATION']",{}
V3_EXP_0076,EXPLICIT_STRUCTURAL,S_DIRECT_PATH,BATTERY_EV,R_BMS_016,Requirement,Thermal runaway monitor shall isolate high voltage contactors within 12 ms if cell temperature exceeds 55 C.,['BMS_Func_016'],['TC_BMS_016'],['TC_BMS_016'],0.0476,LOW,True,[],IMPACT,"['DETERMINISTIC_GRAPH_TRAVERSAL', 'SPEC_ALLOCATION']",{}
V3_EXP_0077,EXPLICIT_STRUCTURAL,S_DIRECT_PATH,BATTERY_EV,R_BMS_017,Requirement,Thermal runaway monitor shall isolate high voltage contactors within 14 ms if cell temperature exceeds 60 C.,['BMS_Func_017'],['TC_BMS_017'],['TC_BMS_017'],0.1579,MEDIUM,True,[],IMPACT,"['DETERMINISTIC_GRAPH_TRAVERSAL', 'SPEC_ALLOCATION']",{}
V3_EXP_0078,EXPLICIT_STRUCTURAL,S_DIRECT_PATH,BATTERY_EV,R_BMS_018,Requirement,Thermal runaway monitor shall isolate high voltage contactors within 16 ms if cell temperature exceeds 65 C.,['BMS_Func_018'],['TC_BMS_018'],['TC_BMS_018'],0.0,LOW,True,[],IMPACT,"['DETERMINISTIC_GRAPH_TRAVERSAL', 'SPEC_ALLOCATION']",{}
V3_EXP_0079,EXPLICIT_STRUCTURAL,S_DIRECT_PATH,BATTERY_EV,R_BMS_019,Requirement,Thermal runaway monitor shall isolate high voltage contactors within 18 ms if cell temperature exceeds 70 C.,['BMS_Func_019'],['TC_BMS_019'],['TC_BMS_019'],0.0909,LOW,True,[],IMPACT,"['DETERMINISTIC_GRAPH_TRAVERSAL', 'SPEC_ALLOCATION']",{}
V3_EXP_0080,EXPLICIT_STRUCTURAL,S_DIRECT_PATH,BATTERY_EV,R_BMS_020,Requirement,Thermal runaway monitor shall isolate high voltage contactors within 10 ms if cell temperature exceeds 55 C.,['BMS_Func_020'],['TC_BMS_020'],['TC_BMS_020'],0.1053,LOW,True,[],IMPACT,"['DETERMINISTIC_GRAPH_TRAVERSAL', 'SPEC_ALLOCATION']",{}
V3_EXP_0081,EXPLICIT_STRUCTURAL,S_DIRECT_PATH,BATTERY_EV,R_BMS_021,Requirement,Thermal runaway monitor shall isolate high voltage contactors within 12 ms if cell temperature exceeds 60 C.,['BMS_Func_021'],['TC_BMS_021'],['TC_BMS_021'],0.0476,LOW,True,[],IMPACT,"['DETERMINISTIC_GRAPH_TRAVERSAL', 'SPEC_ALLOCATION']",{}
V3_EXP_0082,EXPLICIT_STRUCTURAL,S_DIRECT_PATH,BATTERY_EV,R_BMS_022,Requirement,Thermal runaway monitor shall isolate high voltage contactors within 14 ms if cell temperature exceeds 65 C.,['BMS_Func_022'],['TC_BMS_022'],['TC_BMS_022'],0.0476,LOW,True,[],IMPACT,"['DETERMINISTIC_GRAPH_TRAVERSAL', 'SPEC_ALLOCATION']",{}
V3_EXP_0083,EXPLICIT_STRUCTURAL,S_DIRECT_PATH,BATTERY_EV,R_BMS_023,Requirement,Thermal runaway monitor shall isolate high voltage contactors within 16 ms if cell temperature exceeds 70 C.,['BMS_Func_023'],['TC_BMS_023'],['TC_BMS_023'],0.1579,MEDIUM,True,[],IMPACT,"['DETERMINISTIC_GRAPH_TRAVERSAL', 'SPEC_ALLOCATION']",{}
V3_EXP_0084,EXPLICIT_STRUCTURAL,S_DIRECT_PATH,BATTERY_EV,R_BMS_024,Requirement,Thermal runaway monitor shall isolate high voltage contactors within 18 ms if cell temperature exceeds 55 C.,['BMS_Func_024'],['TC_BMS_024'],['TC_BMS_024'],0.0,LOW,True,[],IMPACT,"['DETERMINISTIC_GRAPH_TRAVERSAL', 'SPEC_ALLOCATION']",{}
V3_EXP_0085,EXPLICIT_STRUCTURAL,S_DIRECT_PATH,BATTERY_EV,R_BMS_025,Requirement,Thermal runaway monitor shall isolate high voltage contactors within 10 ms if cell temperature exceeds 60 C.,['BMS_Func_025'],['TC_BMS_025'],['TC_BMS_025'],0.0909,LOW,True,[],IMPACT,"['DETERMINISTIC_GRAPH_TRAVERSAL', 'SPEC_ALLOCATION']",{}
V3_EXP_0086,EXPLICIT_STRUCTURAL,S_DIRECT_PATH,BATTERY_EV,R_BMS_026,Requirement,Thermal runaway monitor shall isolate high voltage contactors within 12 ms if cell temperature exceeds 65 C.,['BMS_Func_026'],['TC_BMS_026'],[],0.1053,LOW,True,[],IMPACT,"['DETERMINISTIC_GRAPH_TRAVERSAL', 'SPEC_ALLOCATION']",{}
V3_EXP_0087,EXPLICIT_STRUCTURAL,S_DIRECT_PATH,BATTERY_EV,R_BMS_027,Requirement,Thermal runaway monitor shall isolate high voltage contactors within 14 ms if cell temperature exceeds 70 C.,['BMS_Func_027'],['TC_BMS_027'],[],0.0476,LOW,True,[],IMPACT,"['DETERMINISTIC_GRAPH_TRAVERSAL', 'SPEC_ALLOCATION']",{}
V3_EXP_0088,EXPLICIT_STRUCTURAL,S_DIRECT_PATH,BATTERY_EV,R_BMS_028,Requirement,Thermal runaway monitor shall isolate high voltage contactors within 16 ms if cell temperature exceeds 55 C.,['BMS_Func_028'],['TC_BMS_028'],[],0.0476,LOW,True,[],IMPACT,"['DETERMINISTIC_GRAPH_TRAVERSAL', 'SPEC_ALLOCATION']",{}
V3_EXP_0089,EXPLICIT_STRUCTURAL,S_DIRECT_PATH,BATTERY_EV,R_BMS_029,Requirement,Thermal runaway monitor shall isolate high voltage contactors within 18 ms if cell temperature exceeds 60 C.,['BMS_Func_029'],['TC_BMS_029'],[],0.1579,MEDIUM,True,[],IMPACT,"['DETERMINISTIC_GRAPH_TRAVERSAL', 'SPEC_ALLOCATION']",{}
V3_EXP_0090,EXPLICIT_STRUCTURAL,S_DIRECT_PATH,BATTERY_EV,R_BMS_030,Requirement,Thermal runaway monitor shall isolate high voltage contactors within 10 ms if cell temperature exceeds 65 C.,['BMS_Func_030'],['TC_BMS_030'],[],0.0,LOW,True,[],IMPACT,"['DETERMINISTIC_GRAPH_TRAVERSAL', 'SPEC_ALLOCATION']",{}
V3_EXP_0091,EXPLICIT_STRUCTURAL,S_DIRECT_PATH,BODY_ELECTRONICS,REQ_BODY_001,Requirement,Exterior and interior lighting automation based on ambient illumination and door switches. [Parameter verification variant 1].,['BCM_Lighting_Step'],['TC_BODY_001'],[],0.0,LOW,True,[],IMPACT,"['DETERMINISTIC_GRAPH_TRAVERSAL', 'SPEC_ALLOCATION']",{}
V3_EXP_0092,EXPLICIT_STRUCTURAL,S_DIRECT_PATH,BODY_ELECTRONICS,REQ_BODY_002,Requirement,Exterior and interior lighting automation based on ambient illumination and door switches. [Parameter verification variant 2].,['HVAC_Step'],['TC_BODY_002'],[],0.0,LOW,True,[],IMPACT,"['DETERMINISTIC_GRAPH_TRAVERSAL', 'SPEC_ALLOCATION']",{}
V3_EXP_0093,EXPLICIT_STRUCTURAL,S_DIRECT_PATH,BODY_ELECTRONICS,REQ_BODY_003,Requirement,Exterior and interior lighting automation based on ambient illumination and door switches. [Parameter verification variant 3].,['BODY_Func_001'],['TC_BODY_003'],[],0.0,LOW,True,[],IMPACT,"['DETERMINISTIC_GRAPH_TRAVERSAL', 'SPEC_ALLOCATION']",{}
V3_EXP_0094,EXPLICIT_STRUCTURAL,S_DIRECT_PATH,BODY_ELECTRONICS,REQ_BODY_004,Requirement,Exterior and interior lighting automation based on ambient illumination and door switches. [Parameter verification variant 4].,['BODY_Func_002'],['TC_BODY_004'],[],0.0,LOW,True,[],IMPACT,"['DETERMINISTIC_GRAPH_TRAVERSAL', 'SPEC_ALLOCATION']",{}
V3_EXP_0095,EXPLICIT_STRUCTURAL,S_DIRECT_PATH,BODY_ELECTRONICS,REQ_BODY_005,Requirement,Exterior and interior lighting automation based on ambient illumination and door switches. [Parameter verification variant 5].,['BODY_Func_003'],['TC_BODY_005'],[],0.0,LOW,True,[],IMPACT,"['DETERMINISTIC_GRAPH_TRAVERSAL', 'SPEC_ALLOCATION']",{}
V3_EXP_0096,EXPLICIT_STRUCTURAL,S_DIRECT_PATH,BODY_ELECTRONICS,REQ_BODY_006,Requirement,Exterior and interior lighting automation based on ambient illumination and door switches. [Parameter verification variant 6].,['BODY_Func_004'],['TC_BODY_006'],[],0.0,LOW,True,[],IMPACT,"['DETERMINISTIC_GRAPH_TRAVERSAL', 'SPEC_ALLOCATION']",{}
V3_EXP_0097,EXPLICIT_STRUCTURAL,S_DIRECT_PATH,BODY_ELECTRONICS,REQ_BODY_007,Requirement,Exterior and interior lighting automation based on ambient illumination and door switches. [Parameter verification variant 7].,['BODY_Func_005'],['TC_BODY_007'],[],0.0,LOW,True,[],IMPACT,"['DETERMINISTIC_GRAPH_TRAVERSAL', 'SPEC_ALLOCATION']",{}
V3_EXP_0098,EXPLICIT_STRUCTURAL,S_DIRECT_PATH,BODY_ELECTRONICS,REQ_BODY_008,Requirement,Exterior and interior lighting automation based on ambient illumination and door switches. [Parameter verification variant 8].,['BODY_Func_006'],['TC_BODY_008'],[],0.0,LOW,True,[],IMPACT,"['DETERMINISTIC_GRAPH_TRAVERSAL', 'SPEC_ALLOCATION']",{}
V3_EXP_0099,EXPLICIT_STRUCTURAL,S_DIRECT_PATH,BODY_ELECTRONICS,REQ_BODY_009,Requirement,"Central door locking, auto-relock safety interlocks, and crash unlock triggers. [Parameter verification variant 1].",['BODY_Func_007'],['TC_BODY_009'],[],0.0,LOW,True,[],IMPACT,"['DETERMINISTIC_GRAPH_TRAVERSAL', 'SPEC_ALLOCATION']",{}
V3_EXP_0100,EXPLICIT_STRUCTURAL,S_DIRECT_PATH,BODY_ELECTRONICS,REQ_BODY_010,Requirement,"Central door locking, auto-relock safety interlocks, and crash unlock triggers. [Parameter verification variant 2].",['BODY_Func_008'],['TC_BODY_010'],[],0.0,LOW,True,[],IMPACT,"['DETERMINISTIC_GRAPH_TRAVERSAL', 'SPEC_ALLOCATION']",{}
V3_EXP_0101,EXPLICIT_STRUCTURAL,S_DIRECT_PATH,BODY_ELECTRONICS,REQ_BODY_011,Requirement,"Central door locking, auto-relock safety interlocks, and crash unlock triggers. [Parameter verification variant 3].",['BODY_Func_009'],['TC_BODY_011'],[],0.0,LOW,True,[],IMPACT,"['DETERMINISTIC_GRAPH_TRAVERSAL', 'SPEC_ALLOCATION']",{}
V3_EXP_0102,EXPLICIT_STRUCTURAL,S_DIRECT_PATH,BODY_ELECTRONICS,REQ_BODY_012,Requirement,"Central door locking, auto-relock safety interlocks, and crash unlock triggers. [Parameter verification variant 4].",['BODY_Func_010'],['TC_BODY_012'],[],0.0,LOW,True,[],IMPACT,"['DETERMINISTIC_GRAPH_TRAVERSAL', 'SPEC_ALLOCATION']",{}
V3_EXP_0103,EXPLICIT_STRUCTURAL,S_DIRECT_PATH,BODY_ELECTRONICS,REQ_BODY_013,Requirement,"Central door locking, auto-relock safety interlocks, and crash unlock triggers. [Parameter verification variant 5].",['BODY_Func_011'],['TC_BODY_013'],[],0.0,LOW,True,[],IMPACT,"['DETERMINISTIC_GRAPH_TRAVERSAL', 'SPEC_ALLOCATION']",{}
V3_EXP_0104,EXPLICIT_STRUCTURAL,S_DIRECT_PATH,BODY_ELECTRONICS,REQ_BODY_014,Requirement,"Central door locking, auto-relock safety interlocks, and crash unlock triggers. [Parameter verification variant 6].",['BODY_Func_012'],['TC_BODY_014'],[],0.0,LOW,True,[],IMPACT,"['DETERMINISTIC_GRAPH_TRAVERSAL', 'SPEC_ALLOCATION']",{}
V3_EXP_0105,EXPLICIT_STRUCTURAL,S_DIRECT_PATH,BODY_ELECTRONICS,REQ_BODY_015,Requirement,"Central door locking, auto-relock safety interlocks, and crash unlock triggers. [Parameter verification variant 7].",['BODY_Func_013'],['TC_BODY_015'],[],0.0,LOW,True,[],IMPACT,"['DETERMINISTIC_GRAPH_TRAVERSAL', 'SPEC_ALLOCATION']",{}
V3_EXP_0106,EXPLICIT_STRUCTURAL,S_DIRECT_PATH,BODY_ELECTRONICS,REQ_BODY_016,Requirement,"Central door locking, auto-relock safety interlocks, and crash unlock triggers. [Parameter verification variant 8].",['BODY_Func_014'],['TC_BODY_016'],[],0.0,LOW,True,[],IMPACT,"['DETERMINISTIC_GRAPH_TRAVERSAL', 'SPEC_ALLOCATION']",{}
V3_EXP_0107,EXPLICIT_STRUCTURAL,S_DIRECT_PATH,BODY_ELECTRONICS,REQ_BODY_017,Requirement,Rain-sensing windshield wiper interval and high-speed wipe regulation. [Parameter verification variant 1].,['BODY_Func_015'],['TC_BODY_017'],[],0.0,LOW,True,[],IMPACT,"['DETERMINISTIC_GRAPH_TRAVERSAL', 'SPEC_ALLOCATION']",{}
V3_EXP_0108,EXPLICIT_STRUCTURAL,S_DIRECT_PATH,BODY_ELECTRONICS,REQ_BODY_018,Requirement,Rain-sensing windshield wiper interval and high-speed wipe regulation. [Parameter verification variant 2].,['BODY_Func_016'],['TC_BODY_018'],[],0.0,LOW,True,[],IMPACT,"['DETERMINISTIC_GRAPH_TRAVERSAL', 'SPEC_ALLOCATION']",{}
V3_EXP_0109,EXPLICIT_STRUCTURAL,S_DIRECT_PATH,BODY_ELECTRONICS,REQ_BODY_019,Requirement,Rain-sensing windshield wiper interval and high-speed wipe regulation. [Parameter verification variant 3].,['BODY_Func_017'],['TC_BODY_019'],[],0.0,LOW,True,[],IMPACT,"['DETERMINISTIC_GRAPH_TRAVERSAL', 'SPEC_ALLOCATION']",{}
V3_EXP_0110,EXPLICIT_STRUCTURAL,S_DIRECT_PATH,BODY_ELECTRONICS,REQ_BODY_020,Requirement,Rain-sensing windshield wiper interval and high-speed wipe regulation. [Parameter verification variant 4].,['BODY_Func_018'],['TC_BODY_020'],[],0.0,LOW,True,[],IMPACT,"['DETERMINISTIC_GRAPH_TRAVERSAL', 'SPEC_ALLOCATION']",{}
V3_EXP_0111,EXPLICIT_STRUCTURAL,S_DIRECT_PATH,BODY_ELECTRONICS,REQ_BODY_021,Requirement,Rain-sensing windshield wiper interval and high-speed wipe regulation. [Parameter verification variant 5].,['BODY_Func_019'],['TC_BODY_021'],[],0.0,LOW,True,[],IMPACT,"['DETERMINISTIC_GRAPH_TRAVERSAL', 'SPEC_ALLOCATION']",{}
V3_EXP_0112,EXPLICIT_STRUCTURAL,S_DIRECT_PATH,BODY_ELECTRONICS,REQ_BODY_022,Requirement,Rain-sensing windshield wiper interval and high-speed wipe regulation. [Parameter verification variant 6].,['BODY_Func_020'],['TC_BODY_022'],[],0.0,LOW,True,[],IMPACT,"['DETERMINISTIC_GRAPH_TRAVERSAL', 'SPEC_ALLOCATION']",{}
V3_EXP_0113,EXPLICIT_STRUCTURAL,S_DIRECT_PATH,BODY_ELECTRONICS,REQ_BODY_023,Requirement,Rain-sensing windshield wiper interval and high-speed wipe regulation. [Parameter verification variant 7].,['BODY_Func_021'],['TC_BODY_023'],[],0.0,LOW,True,[],IMPACT,"['DETERMINISTIC_GRAPH_TRAVERSAL', 'SPEC_ALLOCATION']",{}
V3_EXP_0114,EXPLICIT_STRUCTURAL,S_DIRECT_PATH,BODY_ELECTRONICS,REQ_BODY_024,Requirement,Rain-sensing windshield wiper interval and high-speed wipe regulation. [Parameter verification variant 8].,['BODY_Func_022'],['TC_BODY_024'],[],0.0,LOW,True,[],IMPACT,"['DETERMINISTIC_GRAPH_TRAVERSAL', 'SPEC_ALLOCATION']",{}
V3_EXP_0115,EXPLICIT_STRUCTURAL,S_DIRECT_PATH,BODY_ELECTRONICS,REQ_BODY_025,Requirement,Cabin temperature closed-loop regulation and blower motor power management. [Parameter verification variant 1].,['BODY_Func_023'],['TC_BODY_025'],[],0.0,LOW,True,[],IMPACT,"['DETERMINISTIC_GRAPH_TRAVERSAL', 'SPEC_ALLOCATION']",{}
V3_EXP_0116,EXPLICIT_STRUCTURAL,S_DIRECT_PATH,BODY_ELECTRONICS,REQ_BODY_026,Requirement,Cabin temperature closed-loop regulation and blower motor power management. [Parameter verification variant 2].,['BODY_Func_024'],['TC_BODY_026'],[],0.0,LOW,True,[],IMPACT,"['DETERMINISTIC_GRAPH_TRAVERSAL', 'SPEC_ALLOCATION']",{}
V3_EXP_0117,EXPLICIT_STRUCTURAL,S_DIRECT_PATH,BODY_ELECTRONICS,REQ_BODY_027,Requirement,Cabin temperature closed-loop regulation and blower motor power management. [Parameter verification variant 3].,['BODY_Func_025'],['TC_BODY_027'],[],0.0,LOW,True,[],IMPACT,"['DETERMINISTIC_GRAPH_TRAVERSAL', 'SPEC_ALLOCATION']",{}
V3_EXP_0118,EXPLICIT_STRUCTURAL,S_DIRECT_PATH,BODY_ELECTRONICS,REQ_BODY_028,Requirement,Cabin temperature closed-loop regulation and blower motor power management. [Parameter verification variant 4].,['BODY_Func_026'],['TC_BODY_028'],[],0.0,LOW,True,[],IMPACT,"['DETERMINISTIC_GRAPH_TRAVERSAL', 'SPEC_ALLOCATION']",{}
V3_EXP_0119,EXPLICIT_STRUCTURAL,S_DIRECT_PATH,BODY_ELECTRONICS,REQ_BODY_029,Requirement,Cabin temperature closed-loop regulation and blower motor power management. [Parameter verification variant 5].,['BODY_Func_027'],['TC_BODY_029'],[],0.0,LOW,True,[],IMPACT,"['DETERMINISTIC_GRAPH_TRAVERSAL', 'SPEC_ALLOCATION']",{}
V3_EXP_0120,EXPLICIT_STRUCTURAL,S_DIRECT_PATH,BODY_ELECTRONICS,REQ_BODY_030,Requirement,Cabin temperature closed-loop regulation and blower motor power management. [Parameter verification variant 6].,['BODY_Func_028'],['TC_BODY_030'],[],0.0,LOW,True,[],IMPACT,"['DETERMINISTIC_GRAPH_TRAVERSAL', 'SPEC_ALLOCATION']",{}
V3_HIDDEN_0121,HIDDEN_SEMANTIC,H1,ADAS,REQ_VIRTUAL_0121,Requirement,Vehicle decelerator shall exert retarding force when proximity gap diminishes. [Sub-scenario variation 1].,['ADAS_Func_001'],['TC_ADAS_001'],['TC_ADAS_001'],0.0,LOW,False,[],IMPACT,"['INDEPENDENT_DOMAIN_EXPERT_SPECIFICATION', 'BEHAVIORAL_FUNCTIONAL_VALIDATION']","{'hidden_type': 'synonym_substitution', 'repeat': 1}"
V3_HIDDEN_0122,HIDDEN_SEMANTIC,H2,POWERTRAIN,REQ_VIRTUAL_0122,Requirement,Derate PMSM torque output when inverter IGBT junction temp breaches threshold. [Sub-scenario variation 1].,['PT_Func_002'],['TC_PT_002'],['TC_PT_002'],0.0909,LOW,False,[],IMPACT,"['INDEPENDENT_DOMAIN_EXPERT_SPECIFICATION', 'BEHAVIORAL_FUNCTIONAL_VALIDATION']","{'hidden_type': 'technical_abbreviation', 'repeat': 1}"
V3_HIDDEN_0123,HIDDEN_SEMANTIC,H3,ADAS,REQ_VIRTUAL_0123,Requirement,Execute autonomous halting sequence upon unyielding obstruction presence. [Sub-scenario variation 1].,['ADAS_Func_001'],['TC_ADAS_001'],['TC_ADAS_001'],0.0476,LOW,False,[],IMPACT,"['INDEPENDENT_DOMAIN_EXPERT_SPECIFICATION', 'BEHAVIORAL_FUNCTIONAL_VALIDATION']","{'hidden_type': 'paraphrased_requirement', 'repeat': 1}"
V3_HIDDEN_0124,HIDDEN_SEMANTIC,H4,ADAS,REQ_VIRTUAL_0124,Requirement,Longitudinal kinetic dissipation regulation during emergency stopping trajectory. [Sub-scenario variation 1].,['ADAS_Func_001'],['TC_ADAS_001'],['TC_ADAS_001'],0.1,LOW,False,[],IMPACT,"['INDEPENDENT_DOMAIN_EXPERT_SPECIFICATION', 'BEHAVIORAL_FUNCTIONAL_VALIDATION']","{'hidden_type': 'engineering_terminology', 'repeat': 1}"
V3_HIDDEN_0125,HIDDEN_SEMANTIC,H5,BATTERY_EV,REQ_VIRTUAL_0125,Requirement,Regulate accumulator pack charging rate under sub-zero ambient conditions. [Sub-scenario variation 1].,['BMS_Func_001'],['TC_BMS_001'],['TC_BMS_001'],0.1429,LOW,False,[],IMPACT,"['INDEPENDENT_DOMAIN_EXPERT_SPECIFICATION', 'BEHAVIORAL_FUNCTIONAL_VALIDATION']","{'hidden_type': 'requirement_to_implementation', 'repeat': 1}"
V3_HIDDEN_0126,HIDDEN_SEMANTIC,H6,BODY_ELECTRONICS,REQ_VIRTUAL_0126,Requirement,Anti-pinch obstruction safety protocol for express window motor reversal. [Sub-scenario variation 1].,['BODY_Func_004'],['TC_BODY_004'],['TC_BODY_004'],0.0588,LOW,False,[],IMPACT,"['INDEPENDENT_DOMAIN_EXPERT_SPECIFICATION', 'BEHAVIORAL_FUNCTIONAL_VALIDATION']","{'hidden_type': 'requirement_to_test', 'repeat': 1}"
V3_HIDDEN_0127,HIDDEN_SEMANTIC,H7,BATTERY_EV,REQ_VIRTUAL_0127,Requirement,RTE signal dispatch for high-voltage DC contactor isolation. [Sub-scenario variation 1].,['BMS_Func_002'],['TC_BMS_002'],['TC_BMS_002'],0.25,MEDIUM,False,[],IMPACT,"['INDEPENDENT_DOMAIN_EXPERT_SPECIFICATION', 'BEHAVIORAL_FUNCTIONAL_VALIDATION']","{'hidden_type': 'req_to_autosar_artifact', 'repeat': 1}"
V3_HIDDEN_0128,HIDDEN_SEMANTIC,H8,POWERTRAIN,REQ_VIRTUAL_0128,Requirement,Throttle pedal demand mapping to stator rotational magnetic field frequency. [Sub-scenario variation 1].,['PT_Func_001'],['TC_PT_001'],['TC_PT_001'],0.1429,LOW,False,[],IMPACT,"['INDEPENDENT_DOMAIN_EXPERT_SPECIFICATION', 'BEHAVIORAL_FUNCTIONAL_VALIDATION']","{'hidden_type': 'cross_domain_semantic', 'repeat': 1}"
V3_HIDDEN_0129,HIDDEN_SEMANTIC,H9,ADAS,REQ_VIRTUAL_0129,Requirement,Autonomous deceleration interlock when camera vision confidence drops below threshold. [Sub-scenario variation 1].,['ADAS_Func_005'],['TC_ADAS_005'],['TC_ADAS_005'],0.0952,LOW,False,[],IMPACT,"['INDEPENDENT_DOMAIN_EXPERT_SPECIFICATION', 'BEHAVIORAL_FUNCTIONAL_VALIDATION']","{'hidden_type': 'multihop_semantic', 'repeat': 1}"
V3_HIDDEN_0130,HIDDEN_SEMANTIC,H10,ADAS,REQ_VIRTUAL_0130,Requirement,Kinematic retardation during unexpected path occupancy. [Sub-scenario variation 1].,['ADAS_Func_001'],['TC_ADAS_001'],['TC_ADAS_001'],0.0,LOW,False,[],IMPACT,"['INDEPENDENT_DOMAIN_EXPERT_SPECIFICATION', 'BEHAVIORAL_FUNCTIONAL_VALIDATION']","{'hidden_type': 'zero_lexical_overlap', 'repeat': 1}"
V3_HIDDEN_0131,HIDDEN_SEMANTIC,H1,ADAS,REQ_VIRTUAL_0131,Requirement,Vehicle decelerator shall exert retarding force when proximity gap diminishes. [Sub-scenario variation 2].,['ADAS_Func_001'],['TC_ADAS_001'],['TC_ADAS_001'],0.0,LOW,False,[],IMPACT,"['INDEPENDENT_DOMAIN_EXPERT_SPECIFICATION', 'BEHAVIORAL_FUNCTIONAL_VALIDATION']","{'hidden_type': 'synonym_substitution', 'repeat': 2}"
V3_HIDDEN_0132,HIDDEN_SEMANTIC,H2,POWERTRAIN,REQ_VIRTUAL_0132,Requirement,Derate PMSM torque output when inverter IGBT junction temp breaches threshold. [Sub-scenario variation 2].,['PT_Func_002'],['TC_PT_002'],['TC_PT_002'],0.0909,LOW,False,[],IMPACT,"['INDEPENDENT_DOMAIN_EXPERT_SPECIFICATION', 'BEHAVIORAL_FUNCTIONAL_VALIDATION']","{'hidden_type': 'technical_abbreviation', 'repeat': 2}"
V3_HIDDEN_0133,HIDDEN_SEMANTIC,H3,ADAS,REQ_VIRTUAL_0133,Requirement,Execute autonomous halting sequence upon unyielding obstruction presence. [Sub-scenario variation 2].,['ADAS_Func_001'],['TC_ADAS_001'],['TC_ADAS_001'],0.0476,LOW,False,[],IMPACT,"['INDEPENDENT_DOMAIN_EXPERT_SPECIFICATION', 'BEHAVIORAL_FUNCTIONAL_VALIDATION']","{'hidden_type': 'paraphrased_requirement', 'repeat': 2}"
V3_HIDDEN_0134,HIDDEN_SEMANTIC,H4,ADAS,REQ_VIRTUAL_0134,Requirement,Longitudinal kinetic dissipation regulation during emergency stopping trajectory. [Sub-scenario variation 2].,['ADAS_Func_001'],['TC_ADAS_001'],['TC_ADAS_001'],0.1,LOW,False,[],IMPACT,"['INDEPENDENT_DOMAIN_EXPERT_SPECIFICATION', 'BEHAVIORAL_FUNCTIONAL_VALIDATION']","{'hidden_type': 'engineering_terminology', 'repeat': 2}"
V3_HIDDEN_0135,HIDDEN_SEMANTIC,H5,BATTERY_EV,REQ_VIRTUAL_0135,Requirement,Regulate accumulator pack charging rate under sub-zero ambient conditions. [Sub-scenario variation 2].,['BMS_Func_001'],['TC_BMS_001'],['TC_BMS_001'],0.1429,LOW,False,[],IMPACT,"['INDEPENDENT_DOMAIN_EXPERT_SPECIFICATION', 'BEHAVIORAL_FUNCTIONAL_VALIDATION']","{'hidden_type': 'requirement_to_implementation', 'repeat': 2}"
V3_HIDDEN_0136,HIDDEN_SEMANTIC,H6,BODY_ELECTRONICS,REQ_VIRTUAL_0136,Requirement,Anti-pinch obstruction safety protocol for express window motor reversal. [Sub-scenario variation 2].,['BODY_Func_004'],['TC_BODY_004'],['TC_BODY_004'],0.0588,LOW,False,[],IMPACT,"['INDEPENDENT_DOMAIN_EXPERT_SPECIFICATION', 'BEHAVIORAL_FUNCTIONAL_VALIDATION']","{'hidden_type': 'requirement_to_test', 'repeat': 2}"
V3_HIDDEN_0137,HIDDEN_SEMANTIC,H7,BATTERY_EV,REQ_VIRTUAL_0137,Requirement,RTE signal dispatch for high-voltage DC contactor isolation. [Sub-scenario variation 2].,['BMS_Func_002'],['TC_BMS_002'],['TC_BMS_002'],0.25,MEDIUM,False,[],IMPACT,"['INDEPENDENT_DOMAIN_EXPERT_SPECIFICATION', 'BEHAVIORAL_FUNCTIONAL_VALIDATION']","{'hidden_type': 'req_to_autosar_artifact', 'repeat': 2}"
V3_HIDDEN_0138,HIDDEN_SEMANTIC,H8,POWERTRAIN,REQ_VIRTUAL_0138,Requirement,Throttle pedal demand mapping to stator rotational magnetic field frequency. [Sub-scenario variation 2].,['PT_Func_001'],['TC_PT_001'],['TC_PT_001'],0.1429,LOW,False,[],IMPACT,"['INDEPENDENT_DOMAIN_EXPERT_SPECIFICATION', 'BEHAVIORAL_FUNCTIONAL_VALIDATION']","{'hidden_type': 'cross_domain_semantic', 'repeat': 2}"
V3_HIDDEN_0139,HIDDEN_SEMANTIC,H9,ADAS,REQ_VIRTUAL_0139,Requirement,Autonomous deceleration interlock when camera vision confidence drops below threshold. [Sub-scenario variation 2].,['ADAS_Func_005'],['TC_ADAS_005'],['TC_ADAS_005'],0.0952,LOW,False,[],IMPACT,"['INDEPENDENT_DOMAIN_EXPERT_SPECIFICATION', 'BEHAVIORAL_FUNCTIONAL_VALIDATION']","{'hidden_type': 'multihop_semantic', 'repeat': 2}"
V3_HIDDEN_0140,HIDDEN_SEMANTIC,H10,ADAS,REQ_VIRTUAL_0140,Requirement,Kinematic retardation during unexpected path occupancy. [Sub-scenario variation 2].,['ADAS_Func_001'],['TC_ADAS_001'],['TC_ADAS_001'],0.0,LOW,False,[],IMPACT,"['INDEPENDENT_DOMAIN_EXPERT_SPECIFICATION', 'BEHAVIORAL_FUNCTIONAL_VALIDATION']","{'hidden_type': 'zero_lexical_overlap', 'repeat': 2}"
V3_HIDDEN_0141,HIDDEN_SEMANTIC,H1,ADAS,REQ_VIRTUAL_0141,Requirement,Vehicle decelerator shall exert retarding force when proximity gap diminishes. [Sub-scenario variation 3].,['ADAS_Func_001'],['TC_ADAS_001'],['TC_ADAS_001'],0.0,LOW,False,[],IMPACT,"['INDEPENDENT_DOMAIN_EXPERT_SPECIFICATION', 'BEHAVIORAL_FUNCTIONAL_VALIDATION']","{'hidden_type': 'synonym_substitution', 'repeat': 3}"
V3_HIDDEN_0142,HIDDEN_SEMANTIC,H2,POWERTRAIN,REQ_VIRTUAL_0142,Requirement,Derate PMSM torque output when inverter IGBT junction temp breaches threshold. [Sub-scenario variation 3].,['PT_Func_002'],['TC_PT_002'],['TC_PT_002'],0.0909,LOW,False,[],IMPACT,"['INDEPENDENT_DOMAIN_EXPERT_SPECIFICATION', 'BEHAVIORAL_FUNCTIONAL_VALIDATION']","{'hidden_type': 'technical_abbreviation', 'repeat': 3}"
V3_HIDDEN_0143,HIDDEN_SEMANTIC,H3,ADAS,REQ_VIRTUAL_0143,Requirement,Execute autonomous halting sequence upon unyielding obstruction presence. [Sub-scenario variation 3].,['ADAS_Func_001'],['TC_ADAS_001'],['TC_ADAS_001'],0.0476,LOW,False,[],IMPACT,"['INDEPENDENT_DOMAIN_EXPERT_SPECIFICATION', 'BEHAVIORAL_FUNCTIONAL_VALIDATION']","{'hidden_type': 'paraphrased_requirement', 'repeat': 3}"
V3_HIDDEN_0144,HIDDEN_SEMANTIC,H4,ADAS,REQ_VIRTUAL_0144,Requirement,Longitudinal kinetic dissipation regulation during emergency stopping trajectory. [Sub-scenario variation 3].,['ADAS_Func_001'],['TC_ADAS_001'],['TC_ADAS_001'],0.1,LOW,False,[],IMPACT,"['INDEPENDENT_DOMAIN_EXPERT_SPECIFICATION', 'BEHAVIORAL_FUNCTIONAL_VALIDATION']","{'hidden_type': 'engineering_terminology', 'repeat': 3}"
V3_HIDDEN_0145,HIDDEN_SEMANTIC,H5,BATTERY_EV,REQ_VIRTUAL_0145,Requirement,Regulate accumulator pack charging rate under sub-zero ambient conditions. [Sub-scenario variation 3].,['BMS_Func_001'],['TC_BMS_001'],['TC_BMS_001'],0.1429,LOW,False,[],IMPACT,"['INDEPENDENT_DOMAIN_EXPERT_SPECIFICATION', 'BEHAVIORAL_FUNCTIONAL_VALIDATION']","{'hidden_type': 'requirement_to_implementation', 'repeat': 3}"
V3_HIDDEN_0146,HIDDEN_SEMANTIC,H6,BODY_ELECTRONICS,REQ_VIRTUAL_0146,Requirement,Anti-pinch obstruction safety protocol for express window motor reversal. [Sub-scenario variation 3].,['BODY_Func_004'],['TC_BODY_004'],['TC_BODY_004'],0.0588,LOW,False,[],IMPACT,"['INDEPENDENT_DOMAIN_EXPERT_SPECIFICATION', 'BEHAVIORAL_FUNCTIONAL_VALIDATION']","{'hidden_type': 'requirement_to_test', 'repeat': 3}"
V3_HIDDEN_0147,HIDDEN_SEMANTIC,H7,BATTERY_EV,REQ_VIRTUAL_0147,Requirement,RTE signal dispatch for high-voltage DC contactor isolation. [Sub-scenario variation 3].,['BMS_Func_002'],['TC_BMS_002'],['TC_BMS_002'],0.25,MEDIUM,False,[],IMPACT,"['INDEPENDENT_DOMAIN_EXPERT_SPECIFICATION', 'BEHAVIORAL_FUNCTIONAL_VALIDATION']","{'hidden_type': 'req_to_autosar_artifact', 'repeat': 3}"
V3_HIDDEN_0148,HIDDEN_SEMANTIC,H8,POWERTRAIN,REQ_VIRTUAL_0148,Requirement,Throttle pedal demand mapping to stator rotational magnetic field frequency. [Sub-scenario variation 3].,['PT_Func_001'],['TC_PT_001'],['TC_PT_001'],0.1429,LOW,False,[],IMPACT,"['INDEPENDENT_DOMAIN_EXPERT_SPECIFICATION', 'BEHAVIORAL_FUNCTIONAL_VALIDATION']","{'hidden_type': 'cross_domain_semantic', 'repeat': 3}"
V3_HIDDEN_0149,HIDDEN_SEMANTIC,H9,ADAS,REQ_VIRTUAL_0149,Requirement,Autonomous deceleration interlock when camera vision confidence drops below threshold. [Sub-scenario variation 3].,['ADAS_Func_005'],['TC_ADAS_005'],['TC_ADAS_005'],0.0952,LOW,False,[],IMPACT,"['INDEPENDENT_DOMAIN_EXPERT_SPECIFICATION', 'BEHAVIORAL_FUNCTIONAL_VALIDATION']","{'hidden_type': 'multihop_semantic', 'repeat': 3}"
V3_HIDDEN_0150,HIDDEN_SEMANTIC,H10,ADAS,REQ_VIRTUAL_0150,Requirement,Kinematic retardation during unexpected path occupancy. [Sub-scenario variation 3].,['ADAS_Func_001'],['TC_ADAS_001'],['TC_ADAS_001'],0.0,LOW,False,[],IMPACT,"['INDEPENDENT_DOMAIN_EXPERT_SPECIFICATION', 'BEHAVIORAL_FUNCTIONAL_VALIDATION']","{'hidden_type': 'zero_lexical_overlap', 'repeat': 3}"
V3_HIDDEN_0151,HIDDEN_SEMANTIC,H1,ADAS,REQ_VIRTUAL_0151,Requirement,Vehicle decelerator shall exert retarding force when proximity gap diminishes. [Sub-scenario variation 4].,['ADAS_Func_001'],['TC_ADAS_001'],['TC_ADAS_001'],0.0,LOW,False,[],IMPACT,"['INDEPENDENT_DOMAIN_EXPERT_SPECIFICATION', 'BEHAVIORAL_FUNCTIONAL_VALIDATION']","{'hidden_type': 'synonym_substitution', 'repeat': 4}"
V3_HIDDEN_0152,HIDDEN_SEMANTIC,H2,POWERTRAIN,REQ_VIRTUAL_0152,Requirement,Derate PMSM torque output when inverter IGBT junction temp breaches threshold. [Sub-scenario variation 4].,['PT_Func_002'],['TC_PT_002'],['TC_PT_002'],0.0909,LOW,False,[],IMPACT,"['INDEPENDENT_DOMAIN_EXPERT_SPECIFICATION', 'BEHAVIORAL_FUNCTIONAL_VALIDATION']","{'hidden_type': 'technical_abbreviation', 'repeat': 4}"
V3_HIDDEN_0153,HIDDEN_SEMANTIC,H3,ADAS,REQ_VIRTUAL_0153,Requirement,Execute autonomous halting sequence upon unyielding obstruction presence. [Sub-scenario variation 4].,['ADAS_Func_001'],['TC_ADAS_001'],['TC_ADAS_001'],0.0476,LOW,False,[],IMPACT,"['INDEPENDENT_DOMAIN_EXPERT_SPECIFICATION', 'BEHAVIORAL_FUNCTIONAL_VALIDATION']","{'hidden_type': 'paraphrased_requirement', 'repeat': 4}"
V3_HIDDEN_0154,HIDDEN_SEMANTIC,H4,ADAS,REQ_VIRTUAL_0154,Requirement,Longitudinal kinetic dissipation regulation during emergency stopping trajectory. [Sub-scenario variation 4].,['ADAS_Func_001'],['TC_ADAS_001'],['TC_ADAS_001'],0.1,LOW,False,[],IMPACT,"['INDEPENDENT_DOMAIN_EXPERT_SPECIFICATION', 'BEHAVIORAL_FUNCTIONAL_VALIDATION']","{'hidden_type': 'engineering_terminology', 'repeat': 4}"
V3_HIDDEN_0155,HIDDEN_SEMANTIC,H5,BATTERY_EV,REQ_VIRTUAL_0155,Requirement,Regulate accumulator pack charging rate under sub-zero ambient conditions. [Sub-scenario variation 4].,['BMS_Func_001'],['TC_BMS_001'],['TC_BMS_001'],0.1429,LOW,False,[],IMPACT,"['INDEPENDENT_DOMAIN_EXPERT_SPECIFICATION', 'BEHAVIORAL_FUNCTIONAL_VALIDATION']","{'hidden_type': 'requirement_to_implementation', 'repeat': 4}"
V3_HIDDEN_0156,HIDDEN_SEMANTIC,H6,BODY_ELECTRONICS,REQ_VIRTUAL_0156,Requirement,Anti-pinch obstruction safety protocol for express window motor reversal. [Sub-scenario variation 4].,['BODY_Func_004'],['TC_BODY_004'],['TC_BODY_004'],0.0588,LOW,False,[],IMPACT,"['INDEPENDENT_DOMAIN_EXPERT_SPECIFICATION', 'BEHAVIORAL_FUNCTIONAL_VALIDATION']","{'hidden_type': 'requirement_to_test', 'repeat': 4}"
V3_HIDDEN_0157,HIDDEN_SEMANTIC,H7,BATTERY_EV,REQ_VIRTUAL_0157,Requirement,RTE signal dispatch for high-voltage DC contactor isolation. [Sub-scenario variation 4].,['BMS_Func_002'],['TC_BMS_002'],['TC_BMS_002'],0.25,MEDIUM,False,[],IMPACT,"['INDEPENDENT_DOMAIN_EXPERT_SPECIFICATION', 'BEHAVIORAL_FUNCTIONAL_VALIDATION']","{'hidden_type': 'req_to_autosar_artifact', 'repeat': 4}"
V3_HIDDEN_0158,HIDDEN_SEMANTIC,H8,POWERTRAIN,REQ_VIRTUAL_0158,Requirement,Throttle pedal demand mapping to stator rotational magnetic field frequency. [Sub-scenario variation 4].,['PT_Func_001'],['TC_PT_001'],['TC_PT_001'],0.1429,LOW,False,[],IMPACT,"['INDEPENDENT_DOMAIN_EXPERT_SPECIFICATION', 'BEHAVIORAL_FUNCTIONAL_VALIDATION']","{'hidden_type': 'cross_domain_semantic', 'repeat': 4}"
V3_HIDDEN_0159,HIDDEN_SEMANTIC,H9,ADAS,REQ_VIRTUAL_0159,Requirement,Autonomous deceleration interlock when camera vision confidence drops below threshold. [Sub-scenario variation 4].,['ADAS_Func_005'],['TC_ADAS_005'],['TC_ADAS_005'],0.0952,LOW,False,[],IMPACT,"['INDEPENDENT_DOMAIN_EXPERT_SPECIFICATION', 'BEHAVIORAL_FUNCTIONAL_VALIDATION']","{'hidden_type': 'multihop_semantic', 'repeat': 4}"
V3_HIDDEN_0160,HIDDEN_SEMANTIC,H10,ADAS,REQ_VIRTUAL_0160,Requirement,Kinematic retardation during unexpected path occupancy. [Sub-scenario variation 4].,['ADAS_Func_001'],['TC_ADAS_001'],['TC_ADAS_001'],0.0,LOW,False,[],IMPACT,"['INDEPENDENT_DOMAIN_EXPERT_SPECIFICATION', 'BEHAVIORAL_FUNCTIONAL_VALIDATION']","{'hidden_type': 'zero_lexical_overlap', 'repeat': 4}"
V3_HIDDEN_0161,HIDDEN_SEMANTIC,H1,ADAS,REQ_VIRTUAL_0161,Requirement,Vehicle decelerator shall exert retarding force when proximity gap diminishes. [Sub-scenario variation 5].,['ADAS_Func_001'],['TC_ADAS_001'],['TC_ADAS_001'],0.0,LOW,False,[],IMPACT,"['INDEPENDENT_DOMAIN_EXPERT_SPECIFICATION', 'BEHAVIORAL_FUNCTIONAL_VALIDATION']","{'hidden_type': 'synonym_substitution', 'repeat': 5}"
V3_HIDDEN_0162,HIDDEN_SEMANTIC,H2,POWERTRAIN,REQ_VIRTUAL_0162,Requirement,Derate PMSM torque output when inverter IGBT junction temp breaches threshold. [Sub-scenario variation 5].,['PT_Func_002'],['TC_PT_002'],['TC_PT_002'],0.0909,LOW,False,[],IMPACT,"['INDEPENDENT_DOMAIN_EXPERT_SPECIFICATION', 'BEHAVIORAL_FUNCTIONAL_VALIDATION']","{'hidden_type': 'technical_abbreviation', 'repeat': 5}"
V3_HIDDEN_0163,HIDDEN_SEMANTIC,H3,ADAS,REQ_VIRTUAL_0163,Requirement,Execute autonomous halting sequence upon unyielding obstruction presence. [Sub-scenario variation 5].,['ADAS_Func_001'],['TC_ADAS_001'],['TC_ADAS_001'],0.0476,LOW,False,[],IMPACT,"['INDEPENDENT_DOMAIN_EXPERT_SPECIFICATION', 'BEHAVIORAL_FUNCTIONAL_VALIDATION']","{'hidden_type': 'paraphrased_requirement', 'repeat': 5}"
V3_HIDDEN_0164,HIDDEN_SEMANTIC,H4,ADAS,REQ_VIRTUAL_0164,Requirement,Longitudinal kinetic dissipation regulation during emergency stopping trajectory. [Sub-scenario variation 5].,['ADAS_Func_001'],['TC_ADAS_001'],['TC_ADAS_001'],0.1,LOW,False,[],IMPACT,"['INDEPENDENT_DOMAIN_EXPERT_SPECIFICATION', 'BEHAVIORAL_FUNCTIONAL_VALIDATION']","{'hidden_type': 'engineering_terminology', 'repeat': 5}"
V3_HIDDEN_0165,HIDDEN_SEMANTIC,H5,BATTERY_EV,REQ_VIRTUAL_0165,Requirement,Regulate accumulator pack charging rate under sub-zero ambient conditions. [Sub-scenario variation 5].,['BMS_Func_001'],['TC_BMS_001'],['TC_BMS_001'],0.1429,LOW,False,[],IMPACT,"['INDEPENDENT_DOMAIN_EXPERT_SPECIFICATION', 'BEHAVIORAL_FUNCTIONAL_VALIDATION']","{'hidden_type': 'requirement_to_implementation', 'repeat': 5}"
V3_HIDDEN_0166,HIDDEN_SEMANTIC,H6,BODY_ELECTRONICS,REQ_VIRTUAL_0166,Requirement,Anti-pinch obstruction safety protocol for express window motor reversal. [Sub-scenario variation 5].,['BODY_Func_004'],['TC_BODY_004'],['TC_BODY_004'],0.0588,LOW,False,[],IMPACT,"['INDEPENDENT_DOMAIN_EXPERT_SPECIFICATION', 'BEHAVIORAL_FUNCTIONAL_VALIDATION']","{'hidden_type': 'requirement_to_test', 'repeat': 5}"
V3_HIDDEN_0167,HIDDEN_SEMANTIC,H7,BATTERY_EV,REQ_VIRTUAL_0167,Requirement,RTE signal dispatch for high-voltage DC contactor isolation. [Sub-scenario variation 5].,['BMS_Func_002'],['TC_BMS_002'],['TC_BMS_002'],0.25,MEDIUM,False,[],IMPACT,"['INDEPENDENT_DOMAIN_EXPERT_SPECIFICATION', 'BEHAVIORAL_FUNCTIONAL_VALIDATION']","{'hidden_type': 'req_to_autosar_artifact', 'repeat': 5}"
V3_HIDDEN_0168,HIDDEN_SEMANTIC,H8,POWERTRAIN,REQ_VIRTUAL_0168,Requirement,Throttle pedal demand mapping to stator rotational magnetic field frequency. [Sub-scenario variation 5].,['PT_Func_001'],['TC_PT_001'],['TC_PT_001'],0.1429,LOW,False,[],IMPACT,"['INDEPENDENT_DOMAIN_EXPERT_SPECIFICATION', 'BEHAVIORAL_FUNCTIONAL_VALIDATION']","{'hidden_type': 'cross_domain_semantic', 'repeat': 5}"
V3_HIDDEN_0169,HIDDEN_SEMANTIC,H9,ADAS,REQ_VIRTUAL_0169,Requirement,Autonomous deceleration interlock when camera vision confidence drops below threshold. [Sub-scenario variation 5].,['ADAS_Func_005'],['TC_ADAS_005'],['TC_ADAS_005'],0.0952,LOW,False,[],IMPACT,"['INDEPENDENT_DOMAIN_EXPERT_SPECIFICATION', 'BEHAVIORAL_FUNCTIONAL_VALIDATION']","{'hidden_type': 'multihop_semantic', 'repeat': 5}"
V3_HIDDEN_0170,HIDDEN_SEMANTIC,H10,ADAS,REQ_VIRTUAL_0170,Requirement,Kinematic retardation during unexpected path occupancy. [Sub-scenario variation 5].,['ADAS_Func_001'],['TC_ADAS_001'],['TC_ADAS_001'],0.0,LOW,False,[],IMPACT,"['INDEPENDENT_DOMAIN_EXPERT_SPECIFICATION', 'BEHAVIORAL_FUNCTIONAL_VALIDATION']","{'hidden_type': 'zero_lexical_overlap', 'repeat': 5}"
V3_HIDDEN_0171,HIDDEN_SEMANTIC,H1,ADAS,REQ_VIRTUAL_0171,Requirement,Vehicle decelerator shall exert retarding force when proximity gap diminishes. [Sub-scenario variation 6].,['ADAS_Func_001'],['TC_ADAS_001'],['TC_ADAS_001'],0.0,LOW,False,[],IMPACT,"['INDEPENDENT_DOMAIN_EXPERT_SPECIFICATION', 'BEHAVIORAL_FUNCTIONAL_VALIDATION']","{'hidden_type': 'synonym_substitution', 'repeat': 6}"
V3_HIDDEN_0172,HIDDEN_SEMANTIC,H2,POWERTRAIN,REQ_VIRTUAL_0172,Requirement,Derate PMSM torque output when inverter IGBT junction temp breaches threshold. [Sub-scenario variation 6].,['PT_Func_002'],['TC_PT_002'],['TC_PT_002'],0.0909,LOW,False,[],IMPACT,"['INDEPENDENT_DOMAIN_EXPERT_SPECIFICATION', 'BEHAVIORAL_FUNCTIONAL_VALIDATION']","{'hidden_type': 'technical_abbreviation', 'repeat': 6}"
V3_HIDDEN_0173,HIDDEN_SEMANTIC,H3,ADAS,REQ_VIRTUAL_0173,Requirement,Execute autonomous halting sequence upon unyielding obstruction presence. [Sub-scenario variation 6].,['ADAS_Func_001'],['TC_ADAS_001'],['TC_ADAS_001'],0.0476,LOW,False,[],IMPACT,"['INDEPENDENT_DOMAIN_EXPERT_SPECIFICATION', 'BEHAVIORAL_FUNCTIONAL_VALIDATION']","{'hidden_type': 'paraphrased_requirement', 'repeat': 6}"
V3_HIDDEN_0174,HIDDEN_SEMANTIC,H4,ADAS,REQ_VIRTUAL_0174,Requirement,Longitudinal kinetic dissipation regulation during emergency stopping trajectory. [Sub-scenario variation 6].,['ADAS_Func_001'],['TC_ADAS_001'],['TC_ADAS_001'],0.1,LOW,False,[],IMPACT,"['INDEPENDENT_DOMAIN_EXPERT_SPECIFICATION', 'BEHAVIORAL_FUNCTIONAL_VALIDATION']","{'hidden_type': 'engineering_terminology', 'repeat': 6}"
V3_HIDDEN_0175,HIDDEN_SEMANTIC,H5,BATTERY_EV,REQ_VIRTUAL_0175,Requirement,Regulate accumulator pack charging rate under sub-zero ambient conditions. [Sub-scenario variation 6].,['BMS_Func_001'],['TC_BMS_001'],['TC_BMS_001'],0.1429,LOW,False,[],IMPACT,"['INDEPENDENT_DOMAIN_EXPERT_SPECIFICATION', 'BEHAVIORAL_FUNCTIONAL_VALIDATION']","{'hidden_type': 'requirement_to_implementation', 'repeat': 6}"
V3_HIDDEN_0176,HIDDEN_SEMANTIC,H6,BODY_ELECTRONICS,REQ_VIRTUAL_0176,Requirement,Anti-pinch obstruction safety protocol for express window motor reversal. [Sub-scenario variation 6].,['BODY_Func_004'],['TC_BODY_004'],['TC_BODY_004'],0.0588,LOW,False,[],IMPACT,"['INDEPENDENT_DOMAIN_EXPERT_SPECIFICATION', 'BEHAVIORAL_FUNCTIONAL_VALIDATION']","{'hidden_type': 'requirement_to_test', 'repeat': 6}"
V3_HIDDEN_0177,HIDDEN_SEMANTIC,H7,BATTERY_EV,REQ_VIRTUAL_0177,Requirement,RTE signal dispatch for high-voltage DC contactor isolation. [Sub-scenario variation 6].,['BMS_Func_002'],['TC_BMS_002'],['TC_BMS_002'],0.25,MEDIUM,False,[],IMPACT,"['INDEPENDENT_DOMAIN_EXPERT_SPECIFICATION', 'BEHAVIORAL_FUNCTIONAL_VALIDATION']","{'hidden_type': 'req_to_autosar_artifact', 'repeat': 6}"
V3_HIDDEN_0178,HIDDEN_SEMANTIC,H8,POWERTRAIN,REQ_VIRTUAL_0178,Requirement,Throttle pedal demand mapping to stator rotational magnetic field frequency. [Sub-scenario variation 6].,['PT_Func_001'],['TC_PT_001'],['TC_PT_001'],0.1429,LOW,False,[],IMPACT,"['INDEPENDENT_DOMAIN_EXPERT_SPECIFICATION', 'BEHAVIORAL_FUNCTIONAL_VALIDATION']","{'hidden_type': 'cross_domain_semantic', 'repeat': 6}"
V3_HIDDEN_0179,HIDDEN_SEMANTIC,H9,ADAS,REQ_VIRTUAL_0179,Requirement,Autonomous deceleration interlock when camera vision confidence drops below threshold. [Sub-scenario variation 6].,['ADAS_Func_005'],['TC_ADAS_005'],['TC_ADAS_005'],0.0952,LOW,False,[],IMPACT,"['INDEPENDENT_DOMAIN_EXPERT_SPECIFICATION', 'BEHAVIORAL_FUNCTIONAL_VALIDATION']","{'hidden_type': 'multihop_semantic', 'repeat': 6}"
V3_HIDDEN_0180,HIDDEN_SEMANTIC,H10,ADAS,REQ_VIRTUAL_0180,Requirement,Kinematic retardation during unexpected path occupancy. [Sub-scenario variation 6].,['ADAS_Func_001'],['TC_ADAS_001'],['TC_ADAS_001'],0.0,LOW,False,[],IMPACT,"['INDEPENDENT_DOMAIN_EXPERT_SPECIFICATION', 'BEHAVIORAL_FUNCTIONAL_VALIDATION']","{'hidden_type': 'zero_lexical_overlap', 'repeat': 6}"
V3_HIDDEN_0181,HIDDEN_SEMANTIC,H1,ADAS,REQ_VIRTUAL_0181,Requirement,Vehicle decelerator shall exert retarding force when proximity gap diminishes. [Sub-scenario variation 7].,['ADAS_Func_001'],['TC_ADAS_001'],['TC_ADAS_001'],0.0,LOW,False,[],IMPACT,"['INDEPENDENT_DOMAIN_EXPERT_SPECIFICATION', 'BEHAVIORAL_FUNCTIONAL_VALIDATION']","{'hidden_type': 'synonym_substitution', 'repeat': 7}"
V3_HIDDEN_0182,HIDDEN_SEMANTIC,H2,POWERTRAIN,REQ_VIRTUAL_0182,Requirement,Derate PMSM torque output when inverter IGBT junction temp breaches threshold. [Sub-scenario variation 7].,['PT_Func_002'],['TC_PT_002'],['TC_PT_002'],0.0909,LOW,False,[],IMPACT,"['INDEPENDENT_DOMAIN_EXPERT_SPECIFICATION', 'BEHAVIORAL_FUNCTIONAL_VALIDATION']","{'hidden_type': 'technical_abbreviation', 'repeat': 7}"
V3_HIDDEN_0183,HIDDEN_SEMANTIC,H3,ADAS,REQ_VIRTUAL_0183,Requirement,Execute autonomous halting sequence upon unyielding obstruction presence. [Sub-scenario variation 7].,['ADAS_Func_001'],['TC_ADAS_001'],['TC_ADAS_001'],0.0476,LOW,False,[],IMPACT,"['INDEPENDENT_DOMAIN_EXPERT_SPECIFICATION', 'BEHAVIORAL_FUNCTIONAL_VALIDATION']","{'hidden_type': 'paraphrased_requirement', 'repeat': 7}"
V3_HIDDEN_0184,HIDDEN_SEMANTIC,H4,ADAS,REQ_VIRTUAL_0184,Requirement,Longitudinal kinetic dissipation regulation during emergency stopping trajectory. [Sub-scenario variation 7].,['ADAS_Func_001'],['TC_ADAS_001'],['TC_ADAS_001'],0.1,LOW,False,[],IMPACT,"['INDEPENDENT_DOMAIN_EXPERT_SPECIFICATION', 'BEHAVIORAL_FUNCTIONAL_VALIDATION']","{'hidden_type': 'engineering_terminology', 'repeat': 7}"
V3_HIDDEN_0185,HIDDEN_SEMANTIC,H5,BATTERY_EV,REQ_VIRTUAL_0185,Requirement,Regulate accumulator pack charging rate under sub-zero ambient conditions. [Sub-scenario variation 7].,['BMS_Func_001'],['TC_BMS_001'],['TC_BMS_001'],0.1429,LOW,False,[],IMPACT,"['INDEPENDENT_DOMAIN_EXPERT_SPECIFICATION', 'BEHAVIORAL_FUNCTIONAL_VALIDATION']","{'hidden_type': 'requirement_to_implementation', 'repeat': 7}"
V3_HIDDEN_0186,HIDDEN_SEMANTIC,H6,BODY_ELECTRONICS,REQ_VIRTUAL_0186,Requirement,Anti-pinch obstruction safety protocol for express window motor reversal. [Sub-scenario variation 7].,['BODY_Func_004'],['TC_BODY_004'],['TC_BODY_004'],0.0588,LOW,False,[],IMPACT,"['INDEPENDENT_DOMAIN_EXPERT_SPECIFICATION', 'BEHAVIORAL_FUNCTIONAL_VALIDATION']","{'hidden_type': 'requirement_to_test', 'repeat': 7}"
V3_HIDDEN_0187,HIDDEN_SEMANTIC,H7,BATTERY_EV,REQ_VIRTUAL_0187,Requirement,RTE signal dispatch for high-voltage DC contactor isolation. [Sub-scenario variation 7].,['BMS_Func_002'],['TC_BMS_002'],['TC_BMS_002'],0.25,MEDIUM,False,[],IMPACT,"['INDEPENDENT_DOMAIN_EXPERT_SPECIFICATION', 'BEHAVIORAL_FUNCTIONAL_VALIDATION']","{'hidden_type': 'req_to_autosar_artifact', 'repeat': 7}"
V3_HIDDEN_0188,HIDDEN_SEMANTIC,H8,POWERTRAIN,REQ_VIRTUAL_0188,Requirement,Throttle pedal demand mapping to stator rotational magnetic field frequency. [Sub-scenario variation 7].,['PT_Func_001'],['TC_PT_001'],['TC_PT_001'],0.1429,LOW,False,[],IMPACT,"['INDEPENDENT_DOMAIN_EXPERT_SPECIFICATION', 'BEHAVIORAL_FUNCTIONAL_VALIDATION']","{'hidden_type': 'cross_domain_semantic', 'repeat': 7}"
V3_HIDDEN_0189,HIDDEN_SEMANTIC,H9,ADAS,REQ_VIRTUAL_0189,Requirement,Autonomous deceleration interlock when camera vision confidence drops below threshold. [Sub-scenario variation 7].,['ADAS_Func_005'],['TC_ADAS_005'],['TC_ADAS_005'],0.0952,LOW,False,[],IMPACT,"['INDEPENDENT_DOMAIN_EXPERT_SPECIFICATION', 'BEHAVIORAL_FUNCTIONAL_VALIDATION']","{'hidden_type': 'multihop_semantic', 'repeat': 7}"
V3_HIDDEN_0190,HIDDEN_SEMANTIC,H10,ADAS,REQ_VIRTUAL_0190,Requirement,Kinematic retardation during unexpected path occupancy. [Sub-scenario variation 7].,['ADAS_Func_001'],['TC_ADAS_001'],['TC_ADAS_001'],0.0,LOW,False,[],IMPACT,"['INDEPENDENT_DOMAIN_EXPERT_SPECIFICATION', 'BEHAVIORAL_FUNCTIONAL_VALIDATION']","{'hidden_type': 'zero_lexical_overlap', 'repeat': 7}"
V3_HIDDEN_0191,HIDDEN_SEMANTIC,H1,ADAS,REQ_VIRTUAL_0191,Requirement,Vehicle decelerator shall exert retarding force when proximity gap diminishes. [Sub-scenario variation 8].,['ADAS_Func_001'],['TC_ADAS_001'],['TC_ADAS_001'],0.0,LOW,False,[],IMPACT,"['INDEPENDENT_DOMAIN_EXPERT_SPECIFICATION', 'BEHAVIORAL_FUNCTIONAL_VALIDATION']","{'hidden_type': 'synonym_substitution', 'repeat': 8}"
V3_HIDDEN_0192,HIDDEN_SEMANTIC,H2,POWERTRAIN,REQ_VIRTUAL_0192,Requirement,Derate PMSM torque output when inverter IGBT junction temp breaches threshold. [Sub-scenario variation 8].,['PT_Func_002'],['TC_PT_002'],['TC_PT_002'],0.0909,LOW,False,[],IMPACT,"['INDEPENDENT_DOMAIN_EXPERT_SPECIFICATION', 'BEHAVIORAL_FUNCTIONAL_VALIDATION']","{'hidden_type': 'technical_abbreviation', 'repeat': 8}"
V3_HIDDEN_0193,HIDDEN_SEMANTIC,H3,ADAS,REQ_VIRTUAL_0193,Requirement,Execute autonomous halting sequence upon unyielding obstruction presence. [Sub-scenario variation 8].,['ADAS_Func_001'],['TC_ADAS_001'],['TC_ADAS_001'],0.0476,LOW,False,[],IMPACT,"['INDEPENDENT_DOMAIN_EXPERT_SPECIFICATION', 'BEHAVIORAL_FUNCTIONAL_VALIDATION']","{'hidden_type': 'paraphrased_requirement', 'repeat': 8}"
V3_HIDDEN_0194,HIDDEN_SEMANTIC,H4,ADAS,REQ_VIRTUAL_0194,Requirement,Longitudinal kinetic dissipation regulation during emergency stopping trajectory. [Sub-scenario variation 8].,['ADAS_Func_001'],['TC_ADAS_001'],['TC_ADAS_001'],0.1,LOW,False,[],IMPACT,"['INDEPENDENT_DOMAIN_EXPERT_SPECIFICATION', 'BEHAVIORAL_FUNCTIONAL_VALIDATION']","{'hidden_type': 'engineering_terminology', 'repeat': 8}"
V3_HIDDEN_0195,HIDDEN_SEMANTIC,H5,BATTERY_EV,REQ_VIRTUAL_0195,Requirement,Regulate accumulator pack charging rate under sub-zero ambient conditions. [Sub-scenario variation 8].,['BMS_Func_001'],['TC_BMS_001'],['TC_BMS_001'],0.1429,LOW,False,[],IMPACT,"['INDEPENDENT_DOMAIN_EXPERT_SPECIFICATION', 'BEHAVIORAL_FUNCTIONAL_VALIDATION']","{'hidden_type': 'requirement_to_implementation', 'repeat': 8}"
V3_HIDDEN_0196,HIDDEN_SEMANTIC,H6,BODY_ELECTRONICS,REQ_VIRTUAL_0196,Requirement,Anti-pinch obstruction safety protocol for express window motor reversal. [Sub-scenario variation 8].,['BODY_Func_004'],['TC_BODY_004'],['TC_BODY_004'],0.0588,LOW,False,[],IMPACT,"['INDEPENDENT_DOMAIN_EXPERT_SPECIFICATION', 'BEHAVIORAL_FUNCTIONAL_VALIDATION']","{'hidden_type': 'requirement_to_test', 'repeat': 8}"
V3_HIDDEN_0197,HIDDEN_SEMANTIC,H7,BATTERY_EV,REQ_VIRTUAL_0197,Requirement,RTE signal dispatch for high-voltage DC contactor isolation. [Sub-scenario variation 8].,['BMS_Func_002'],['TC_BMS_002'],['TC_BMS_002'],0.25,MEDIUM,False,[],IMPACT,"['INDEPENDENT_DOMAIN_EXPERT_SPECIFICATION', 'BEHAVIORAL_FUNCTIONAL_VALIDATION']","{'hidden_type': 'req_to_autosar_artifact', 'repeat': 8}"
V3_HIDDEN_0198,HIDDEN_SEMANTIC,H8,POWERTRAIN,REQ_VIRTUAL_0198,Requirement,Throttle pedal demand mapping to stator rotational magnetic field frequency. [Sub-scenario variation 8].,['PT_Func_001'],['TC_PT_001'],['TC_PT_001'],0.1429,LOW,False,[],IMPACT,"['INDEPENDENT_DOMAIN_EXPERT_SPECIFICATION', 'BEHAVIORAL_FUNCTIONAL_VALIDATION']","{'hidden_type': 'cross_domain_semantic', 'repeat': 8}"
V3_HIDDEN_0199,HIDDEN_SEMANTIC,H9,ADAS,REQ_VIRTUAL_0199,Requirement,Autonomous deceleration interlock when camera vision confidence drops below threshold. [Sub-scenario variation 8].,['ADAS_Func_005'],['TC_ADAS_005'],['TC_ADAS_005'],0.0952,LOW,False,[],IMPACT,"['INDEPENDENT_DOMAIN_EXPERT_SPECIFICATION', 'BEHAVIORAL_FUNCTIONAL_VALIDATION']","{'hidden_type': 'multihop_semantic', 'repeat': 8}"
V3_HIDDEN_0200,HIDDEN_SEMANTIC,H10,ADAS,REQ_VIRTUAL_0200,Requirement,Kinematic retardation during unexpected path occupancy. [Sub-scenario variation 8].,['ADAS_Func_001'],['TC_ADAS_001'],['TC_ADAS_001'],0.0,LOW,False,[],IMPACT,"['INDEPENDENT_DOMAIN_EXPERT_SPECIFICATION', 'BEHAVIORAL_FUNCTIONAL_VALIDATION']","{'hidden_type': 'zero_lexical_overlap', 'repeat': 8}"
V3_HIDDEN_0201,HIDDEN_SEMANTIC,H1,ADAS,REQ_VIRTUAL_0201,Requirement,Vehicle decelerator shall exert retarding force when proximity gap diminishes. [Sub-scenario variation 9].,['ADAS_Func_001'],['TC_ADAS_001'],['TC_ADAS_001'],0.0,LOW,False,[],IMPACT,"['INDEPENDENT_DOMAIN_EXPERT_SPECIFICATION', 'BEHAVIORAL_FUNCTIONAL_VALIDATION']","{'hidden_type': 'synonym_substitution', 'repeat': 9}"
V3_HIDDEN_0202,HIDDEN_SEMANTIC,H2,POWERTRAIN,REQ_VIRTUAL_0202,Requirement,Derate PMSM torque output when inverter IGBT junction temp breaches threshold. [Sub-scenario variation 9].,['PT_Func_002'],['TC_PT_002'],['TC_PT_002'],0.0909,LOW,False,[],IMPACT,"['INDEPENDENT_DOMAIN_EXPERT_SPECIFICATION', 'BEHAVIORAL_FUNCTIONAL_VALIDATION']","{'hidden_type': 'technical_abbreviation', 'repeat': 9}"
V3_HIDDEN_0203,HIDDEN_SEMANTIC,H3,ADAS,REQ_VIRTUAL_0203,Requirement,Execute autonomous halting sequence upon unyielding obstruction presence. [Sub-scenario variation 9].,['ADAS_Func_001'],['TC_ADAS_001'],['TC_ADAS_001'],0.0476,LOW,False,[],IMPACT,"['INDEPENDENT_DOMAIN_EXPERT_SPECIFICATION', 'BEHAVIORAL_FUNCTIONAL_VALIDATION']","{'hidden_type': 'paraphrased_requirement', 'repeat': 9}"
V3_HIDDEN_0204,HIDDEN_SEMANTIC,H4,ADAS,REQ_VIRTUAL_0204,Requirement,Longitudinal kinetic dissipation regulation during emergency stopping trajectory. [Sub-scenario variation 9].,['ADAS_Func_001'],['TC_ADAS_001'],['TC_ADAS_001'],0.1,LOW,False,[],IMPACT,"['INDEPENDENT_DOMAIN_EXPERT_SPECIFICATION', 'BEHAVIORAL_FUNCTIONAL_VALIDATION']","{'hidden_type': 'engineering_terminology', 'repeat': 9}"
V3_HIDDEN_0205,HIDDEN_SEMANTIC,H5,BATTERY_EV,REQ_VIRTUAL_0205,Requirement,Regulate accumulator pack charging rate under sub-zero ambient conditions. [Sub-scenario variation 9].,['BMS_Func_001'],['TC_BMS_001'],['TC_BMS_001'],0.1429,LOW,False,[],IMPACT,"['INDEPENDENT_DOMAIN_EXPERT_SPECIFICATION', 'BEHAVIORAL_FUNCTIONAL_VALIDATION']","{'hidden_type': 'requirement_to_implementation', 'repeat': 9}"
V3_HIDDEN_0206,HIDDEN_SEMANTIC,H6,BODY_ELECTRONICS,REQ_VIRTUAL_0206,Requirement,Anti-pinch obstruction safety protocol for express window motor reversal. [Sub-scenario variation 9].,['BODY_Func_004'],['TC_BODY_004'],['TC_BODY_004'],0.0588,LOW,False,[],IMPACT,"['INDEPENDENT_DOMAIN_EXPERT_SPECIFICATION', 'BEHAVIORAL_FUNCTIONAL_VALIDATION']","{'hidden_type': 'requirement_to_test', 'repeat': 9}"
V3_HIDDEN_0207,HIDDEN_SEMANTIC,H7,BATTERY_EV,REQ_VIRTUAL_0207,Requirement,RTE signal dispatch for high-voltage DC contactor isolation. [Sub-scenario variation 9].,['BMS_Func_002'],['TC_BMS_002'],['TC_BMS_002'],0.25,MEDIUM,False,[],IMPACT,"['INDEPENDENT_DOMAIN_EXPERT_SPECIFICATION', 'BEHAVIORAL_FUNCTIONAL_VALIDATION']","{'hidden_type': 'req_to_autosar_artifact', 'repeat': 9}"
V3_HIDDEN_0208,HIDDEN_SEMANTIC,H8,POWERTRAIN,REQ_VIRTUAL_0208,Requirement,Throttle pedal demand mapping to stator rotational magnetic field frequency. [Sub-scenario variation 9].,['PT_Func_001'],['TC_PT_001'],['TC_PT_001'],0.1429,LOW,False,[],IMPACT,"['INDEPENDENT_DOMAIN_EXPERT_SPECIFICATION', 'BEHAVIORAL_FUNCTIONAL_VALIDATION']","{'hidden_type': 'cross_domain_semantic', 'repeat': 9}"
V3_HIDDEN_0209,HIDDEN_SEMANTIC,H9,ADAS,REQ_VIRTUAL_0209,Requirement,Autonomous deceleration interlock when camera vision confidence drops below threshold. [Sub-scenario variation 9].,['ADAS_Func_005'],['TC_ADAS_005'],['TC_ADAS_005'],0.0952,LOW,False,[],IMPACT,"['INDEPENDENT_DOMAIN_EXPERT_SPECIFICATION', 'BEHAVIORAL_FUNCTIONAL_VALIDATION']","{'hidden_type': 'multihop_semantic', 'repeat': 9}"
V3_HIDDEN_0210,HIDDEN_SEMANTIC,H10,ADAS,REQ_VIRTUAL_0210,Requirement,Kinematic retardation during unexpected path occupancy. [Sub-scenario variation 9].,['ADAS_Func_001'],['TC_ADAS_001'],['TC_ADAS_001'],0.0,LOW,False,[],IMPACT,"['INDEPENDENT_DOMAIN_EXPERT_SPECIFICATION', 'BEHAVIORAL_FUNCTIONAL_VALIDATION']","{'hidden_type': 'zero_lexical_overlap', 'repeat': 9}"
V3_HIDDEN_0211,HIDDEN_SEMANTIC,H1,ADAS,REQ_VIRTUAL_0211,Requirement,Vehicle decelerator shall exert retarding force when proximity gap diminishes. [Sub-scenario variation 10].,['ADAS_Func_001'],['TC_ADAS_001'],['TC_ADAS_001'],0.0,LOW,False,[],IMPACT,"['INDEPENDENT_DOMAIN_EXPERT_SPECIFICATION', 'BEHAVIORAL_FUNCTIONAL_VALIDATION']","{'hidden_type': 'synonym_substitution', 'repeat': 10}"
V3_HIDDEN_0212,HIDDEN_SEMANTIC,H2,POWERTRAIN,REQ_VIRTUAL_0212,Requirement,Derate PMSM torque output when inverter IGBT junction temp breaches threshold. [Sub-scenario variation 10].,['PT_Func_002'],['TC_PT_002'],['TC_PT_002'],0.0909,LOW,False,[],IMPACT,"['INDEPENDENT_DOMAIN_EXPERT_SPECIFICATION', 'BEHAVIORAL_FUNCTIONAL_VALIDATION']","{'hidden_type': 'technical_abbreviation', 'repeat': 10}"
V3_HIDDEN_0213,HIDDEN_SEMANTIC,H3,ADAS,REQ_VIRTUAL_0213,Requirement,Execute autonomous halting sequence upon unyielding obstruction presence. [Sub-scenario variation 10].,['ADAS_Func_001'],['TC_ADAS_001'],['TC_ADAS_001'],0.0476,LOW,False,[],IMPACT,"['INDEPENDENT_DOMAIN_EXPERT_SPECIFICATION', 'BEHAVIORAL_FUNCTIONAL_VALIDATION']","{'hidden_type': 'paraphrased_requirement', 'repeat': 10}"
V3_HIDDEN_0214,HIDDEN_SEMANTIC,H4,ADAS,REQ_VIRTUAL_0214,Requirement,Longitudinal kinetic dissipation regulation during emergency stopping trajectory. [Sub-scenario variation 10].,['ADAS_Func_001'],['TC_ADAS_001'],['TC_ADAS_001'],0.1,LOW,False,[],IMPACT,"['INDEPENDENT_DOMAIN_EXPERT_SPECIFICATION', 'BEHAVIORAL_FUNCTIONAL_VALIDATION']","{'hidden_type': 'engineering_terminology', 'repeat': 10}"
V3_HIDDEN_0215,HIDDEN_SEMANTIC,H5,BATTERY_EV,REQ_VIRTUAL_0215,Requirement,Regulate accumulator pack charging rate under sub-zero ambient conditions. [Sub-scenario variation 10].,['BMS_Func_001'],['TC_BMS_001'],['TC_BMS_001'],0.1429,LOW,False,[],IMPACT,"['INDEPENDENT_DOMAIN_EXPERT_SPECIFICATION', 'BEHAVIORAL_FUNCTIONAL_VALIDATION']","{'hidden_type': 'requirement_to_implementation', 'repeat': 10}"
V3_HIDDEN_0216,HIDDEN_SEMANTIC,H6,BODY_ELECTRONICS,REQ_VIRTUAL_0216,Requirement,Anti-pinch obstruction safety protocol for express window motor reversal. [Sub-scenario variation 10].,['BODY_Func_004'],['TC_BODY_004'],['TC_BODY_004'],0.0588,LOW,False,[],IMPACT,"['INDEPENDENT_DOMAIN_EXPERT_SPECIFICATION', 'BEHAVIORAL_FUNCTIONAL_VALIDATION']","{'hidden_type': 'requirement_to_test', 'repeat': 10}"
V3_HIDDEN_0217,HIDDEN_SEMANTIC,H7,BATTERY_EV,REQ_VIRTUAL_0217,Requirement,RTE signal dispatch for high-voltage DC contactor isolation. [Sub-scenario variation 10].,['BMS_Func_002'],['TC_BMS_002'],['TC_BMS_002'],0.25,MEDIUM,False,[],IMPACT,"['INDEPENDENT_DOMAIN_EXPERT_SPECIFICATION', 'BEHAVIORAL_FUNCTIONAL_VALIDATION']","{'hidden_type': 'req_to_autosar_artifact', 'repeat': 10}"
V3_HIDDEN_0218,HIDDEN_SEMANTIC,H8,POWERTRAIN,REQ_VIRTUAL_0218,Requirement,Throttle pedal demand mapping to stator rotational magnetic field frequency. [Sub-scenario variation 10].,['PT_Func_001'],['TC_PT_001'],['TC_PT_001'],0.1429,LOW,False,[],IMPACT,"['INDEPENDENT_DOMAIN_EXPERT_SPECIFICATION', 'BEHAVIORAL_FUNCTIONAL_VALIDATION']","{'hidden_type': 'cross_domain_semantic', 'repeat': 10}"
V3_HIDDEN_0219,HIDDEN_SEMANTIC,H9,ADAS,REQ_VIRTUAL_0219,Requirement,Autonomous deceleration interlock when camera vision confidence drops below threshold. [Sub-scenario variation 10].,['ADAS_Func_005'],['TC_ADAS_005'],['TC_ADAS_005'],0.0952,LOW,False,[],IMPACT,"['INDEPENDENT_DOMAIN_EXPERT_SPECIFICATION', 'BEHAVIORAL_FUNCTIONAL_VALIDATION']","{'hidden_type': 'multihop_semantic', 'repeat': 10}"
V3_HIDDEN_0220,HIDDEN_SEMANTIC,H10,ADAS,REQ_VIRTUAL_0220,Requirement,Kinematic retardation during unexpected path occupancy. [Sub-scenario variation 10].,['ADAS_Func_001'],['TC_ADAS_001'],['TC_ADAS_001'],0.0,LOW,False,[],IMPACT,"['INDEPENDENT_DOMAIN_EXPERT_SPECIFICATION', 'BEHAVIORAL_FUNCTIONAL_VALIDATION']","{'hidden_type': 'zero_lexical_overlap', 'repeat': 10}"
V3_HIDDEN_0221,HIDDEN_SEMANTIC,H1,ADAS,REQ_VIRTUAL_0221,Requirement,Vehicle decelerator shall exert retarding force when proximity gap diminishes. [Sub-scenario variation 11].,['ADAS_Func_001'],['TC_ADAS_001'],['TC_ADAS_001'],0.0,LOW,False,[],IMPACT,"['INDEPENDENT_DOMAIN_EXPERT_SPECIFICATION', 'BEHAVIORAL_FUNCTIONAL_VALIDATION']","{'hidden_type': 'synonym_substitution', 'repeat': 11}"
V3_HIDDEN_0222,HIDDEN_SEMANTIC,H2,POWERTRAIN,REQ_VIRTUAL_0222,Requirement,Derate PMSM torque output when inverter IGBT junction temp breaches threshold. [Sub-scenario variation 11].,['PT_Func_002'],['TC_PT_002'],['TC_PT_002'],0.0909,LOW,False,[],IMPACT,"['INDEPENDENT_DOMAIN_EXPERT_SPECIFICATION', 'BEHAVIORAL_FUNCTIONAL_VALIDATION']","{'hidden_type': 'technical_abbreviation', 'repeat': 11}"
V3_HIDDEN_0223,HIDDEN_SEMANTIC,H3,ADAS,REQ_VIRTUAL_0223,Requirement,Execute autonomous halting sequence upon unyielding obstruction presence. [Sub-scenario variation 11].,['ADAS_Func_001'],['TC_ADAS_001'],['TC_ADAS_001'],0.0476,LOW,False,[],IMPACT,"['INDEPENDENT_DOMAIN_EXPERT_SPECIFICATION', 'BEHAVIORAL_FUNCTIONAL_VALIDATION']","{'hidden_type': 'paraphrased_requirement', 'repeat': 11}"
V3_HIDDEN_0224,HIDDEN_SEMANTIC,H4,ADAS,REQ_VIRTUAL_0224,Requirement,Longitudinal kinetic dissipation regulation during emergency stopping trajectory. [Sub-scenario variation 11].,['ADAS_Func_001'],['TC_ADAS_001'],['TC_ADAS_001'],0.1,LOW,False,[],IMPACT,"['INDEPENDENT_DOMAIN_EXPERT_SPECIFICATION', 'BEHAVIORAL_FUNCTIONAL_VALIDATION']","{'hidden_type': 'engineering_terminology', 'repeat': 11}"
V3_HIDDEN_0225,HIDDEN_SEMANTIC,H5,BATTERY_EV,REQ_VIRTUAL_0225,Requirement,Regulate accumulator pack charging rate under sub-zero ambient conditions. [Sub-scenario variation 11].,['BMS_Func_001'],['TC_BMS_001'],['TC_BMS_001'],0.1429,LOW,False,[],IMPACT,"['INDEPENDENT_DOMAIN_EXPERT_SPECIFICATION', 'BEHAVIORAL_FUNCTIONAL_VALIDATION']","{'hidden_type': 'requirement_to_implementation', 'repeat': 11}"
V3_HIDDEN_0226,HIDDEN_SEMANTIC,H6,BODY_ELECTRONICS,REQ_VIRTUAL_0226,Requirement,Anti-pinch obstruction safety protocol for express window motor reversal. [Sub-scenario variation 11].,['BODY_Func_004'],['TC_BODY_004'],['TC_BODY_004'],0.0588,LOW,False,[],IMPACT,"['INDEPENDENT_DOMAIN_EXPERT_SPECIFICATION', 'BEHAVIORAL_FUNCTIONAL_VALIDATION']","{'hidden_type': 'requirement_to_test', 'repeat': 11}"
V3_HIDDEN_0227,HIDDEN_SEMANTIC,H7,BATTERY_EV,REQ_VIRTUAL_0227,Requirement,RTE signal dispatch for high-voltage DC contactor isolation. [Sub-scenario variation 11].,['BMS_Func_002'],['TC_BMS_002'],['TC_BMS_002'],0.25,MEDIUM,False,[],IMPACT,"['INDEPENDENT_DOMAIN_EXPERT_SPECIFICATION', 'BEHAVIORAL_FUNCTIONAL_VALIDATION']","{'hidden_type': 'req_to_autosar_artifact', 'repeat': 11}"
V3_HIDDEN_0228,HIDDEN_SEMANTIC,H8,POWERTRAIN,REQ_VIRTUAL_0228,Requirement,Throttle pedal demand mapping to stator rotational magnetic field frequency. [Sub-scenario variation 11].,['PT_Func_001'],['TC_PT_001'],['TC_PT_001'],0.1429,LOW,False,[],IMPACT,"['INDEPENDENT_DOMAIN_EXPERT_SPECIFICATION', 'BEHAVIORAL_FUNCTIONAL_VALIDATION']","{'hidden_type': 'cross_domain_semantic', 'repeat': 11}"
V3_HIDDEN_0229,HIDDEN_SEMANTIC,H9,ADAS,REQ_VIRTUAL_0229,Requirement,Autonomous deceleration interlock when camera vision confidence drops below threshold. [Sub-scenario variation 11].,['ADAS_Func_005'],['TC_ADAS_005'],['TC_ADAS_005'],0.0952,LOW,False,[],IMPACT,"['INDEPENDENT_DOMAIN_EXPERT_SPECIFICATION', 'BEHAVIORAL_FUNCTIONAL_VALIDATION']","{'hidden_type': 'multihop_semantic', 'repeat': 11}"
V3_HIDDEN_0230,HIDDEN_SEMANTIC,H10,ADAS,REQ_VIRTUAL_0230,Requirement,Kinematic retardation during unexpected path occupancy. [Sub-scenario variation 11].,['ADAS_Func_001'],['TC_ADAS_001'],['TC_ADAS_001'],0.0,LOW,False,[],IMPACT,"['INDEPENDENT_DOMAIN_EXPERT_SPECIFICATION', 'BEHAVIORAL_FUNCTIONAL_VALIDATION']","{'hidden_type': 'zero_lexical_overlap', 'repeat': 11}"
V3_HIDDEN_0231,HIDDEN_SEMANTIC,H1,ADAS,REQ_VIRTUAL_0231,Requirement,Vehicle decelerator shall exert retarding force when proximity gap diminishes. [Sub-scenario variation 12].,['ADAS_Func_001'],['TC_ADAS_001'],['TC_ADAS_001'],0.0,LOW,False,[],IMPACT,"['INDEPENDENT_DOMAIN_EXPERT_SPECIFICATION', 'BEHAVIORAL_FUNCTIONAL_VALIDATION']","{'hidden_type': 'synonym_substitution', 'repeat': 12}"
V3_HIDDEN_0232,HIDDEN_SEMANTIC,H2,POWERTRAIN,REQ_VIRTUAL_0232,Requirement,Derate PMSM torque output when inverter IGBT junction temp breaches threshold. [Sub-scenario variation 12].,['PT_Func_002'],['TC_PT_002'],['TC_PT_002'],0.0909,LOW,False,[],IMPACT,"['INDEPENDENT_DOMAIN_EXPERT_SPECIFICATION', 'BEHAVIORAL_FUNCTIONAL_VALIDATION']","{'hidden_type': 'technical_abbreviation', 'repeat': 12}"
V3_HIDDEN_0233,HIDDEN_SEMANTIC,H3,ADAS,REQ_VIRTUAL_0233,Requirement,Execute autonomous halting sequence upon unyielding obstruction presence. [Sub-scenario variation 12].,['ADAS_Func_001'],['TC_ADAS_001'],['TC_ADAS_001'],0.0476,LOW,False,[],IMPACT,"['INDEPENDENT_DOMAIN_EXPERT_SPECIFICATION', 'BEHAVIORAL_FUNCTIONAL_VALIDATION']","{'hidden_type': 'paraphrased_requirement', 'repeat': 12}"
V3_HIDDEN_0234,HIDDEN_SEMANTIC,H4,ADAS,REQ_VIRTUAL_0234,Requirement,Longitudinal kinetic dissipation regulation during emergency stopping trajectory. [Sub-scenario variation 12].,['ADAS_Func_001'],['TC_ADAS_001'],['TC_ADAS_001'],0.1,LOW,False,[],IMPACT,"['INDEPENDENT_DOMAIN_EXPERT_SPECIFICATION', 'BEHAVIORAL_FUNCTIONAL_VALIDATION']","{'hidden_type': 'engineering_terminology', 'repeat': 12}"
V3_HIDDEN_0235,HIDDEN_SEMANTIC,H5,BATTERY_EV,REQ_VIRTUAL_0235,Requirement,Regulate accumulator pack charging rate under sub-zero ambient conditions. [Sub-scenario variation 12].,['BMS_Func_001'],['TC_BMS_001'],['TC_BMS_001'],0.1429,LOW,False,[],IMPACT,"['INDEPENDENT_DOMAIN_EXPERT_SPECIFICATION', 'BEHAVIORAL_FUNCTIONAL_VALIDATION']","{'hidden_type': 'requirement_to_implementation', 'repeat': 12}"
V3_HIDDEN_0236,HIDDEN_SEMANTIC,H6,BODY_ELECTRONICS,REQ_VIRTUAL_0236,Requirement,Anti-pinch obstruction safety protocol for express window motor reversal. [Sub-scenario variation 12].,['BODY_Func_004'],['TC_BODY_004'],['TC_BODY_004'],0.0588,LOW,False,[],IMPACT,"['INDEPENDENT_DOMAIN_EXPERT_SPECIFICATION', 'BEHAVIORAL_FUNCTIONAL_VALIDATION']","{'hidden_type': 'requirement_to_test', 'repeat': 12}"
V3_HIDDEN_0237,HIDDEN_SEMANTIC,H7,BATTERY_EV,REQ_VIRTUAL_0237,Requirement,RTE signal dispatch for high-voltage DC contactor isolation. [Sub-scenario variation 12].,['BMS_Func_002'],['TC_BMS_002'],['TC_BMS_002'],0.25,MEDIUM,False,[],IMPACT,"['INDEPENDENT_DOMAIN_EXPERT_SPECIFICATION', 'BEHAVIORAL_FUNCTIONAL_VALIDATION']","{'hidden_type': 'req_to_autosar_artifact', 'repeat': 12}"
V3_HIDDEN_0238,HIDDEN_SEMANTIC,H8,POWERTRAIN,REQ_VIRTUAL_0238,Requirement,Throttle pedal demand mapping to stator rotational magnetic field frequency. [Sub-scenario variation 12].,['PT_Func_001'],['TC_PT_001'],['TC_PT_001'],0.1429,LOW,False,[],IMPACT,"['INDEPENDENT_DOMAIN_EXPERT_SPECIFICATION', 'BEHAVIORAL_FUNCTIONAL_VALIDATION']","{'hidden_type': 'cross_domain_semantic', 'repeat': 12}"
V3_HIDDEN_0239,HIDDEN_SEMANTIC,H9,ADAS,REQ_VIRTUAL_0239,Requirement,Autonomous deceleration interlock when camera vision confidence drops below threshold. [Sub-scenario variation 12].,['ADAS_Func_005'],['TC_ADAS_005'],['TC_ADAS_005'],0.0952,LOW,False,[],IMPACT,"['INDEPENDENT_DOMAIN_EXPERT_SPECIFICATION', 'BEHAVIORAL_FUNCTIONAL_VALIDATION']","{'hidden_type': 'multihop_semantic', 'repeat': 12}"
V3_HIDDEN_0240,HIDDEN_SEMANTIC,H10,ADAS,REQ_VIRTUAL_0240,Requirement,Kinematic retardation during unexpected path occupancy. [Sub-scenario variation 12].,['ADAS_Func_001'],['TC_ADAS_001'],['TC_ADAS_001'],0.0,LOW,False,[],IMPACT,"['INDEPENDENT_DOMAIN_EXPERT_SPECIFICATION', 'BEHAVIORAL_FUNCTIONAL_VALIDATION']","{'hidden_type': 'zero_lexical_overlap', 'repeat': 12}"
V3_HIDDEN_0241,HIDDEN_SEMANTIC,H1,ADAS,REQ_VIRTUAL_0241,Requirement,Vehicle decelerator shall exert retarding force when proximity gap diminishes. [Sub-scenario variation 13].,['ADAS_Func_001'],['TC_ADAS_001'],['TC_ADAS_001'],0.0,LOW,False,[],IMPACT,"['INDEPENDENT_DOMAIN_EXPERT_SPECIFICATION', 'BEHAVIORAL_FUNCTIONAL_VALIDATION']","{'hidden_type': 'synonym_substitution', 'repeat': 13}"
V3_HIDDEN_0242,HIDDEN_SEMANTIC,H2,POWERTRAIN,REQ_VIRTUAL_0242,Requirement,Derate PMSM torque output when inverter IGBT junction temp breaches threshold. [Sub-scenario variation 13].,['PT_Func_002'],['TC_PT_002'],['TC_PT_002'],0.0909,LOW,False,[],IMPACT,"['INDEPENDENT_DOMAIN_EXPERT_SPECIFICATION', 'BEHAVIORAL_FUNCTIONAL_VALIDATION']","{'hidden_type': 'technical_abbreviation', 'repeat': 13}"
V3_HIDDEN_0243,HIDDEN_SEMANTIC,H3,ADAS,REQ_VIRTUAL_0243,Requirement,Execute autonomous halting sequence upon unyielding obstruction presence. [Sub-scenario variation 13].,['ADAS_Func_001'],['TC_ADAS_001'],['TC_ADAS_001'],0.0476,LOW,False,[],IMPACT,"['INDEPENDENT_DOMAIN_EXPERT_SPECIFICATION', 'BEHAVIORAL_FUNCTIONAL_VALIDATION']","{'hidden_type': 'paraphrased_requirement', 'repeat': 13}"
V3_HIDDEN_0244,HIDDEN_SEMANTIC,H4,ADAS,REQ_VIRTUAL_0244,Requirement,Longitudinal kinetic dissipation regulation during emergency stopping trajectory. [Sub-scenario variation 13].,['ADAS_Func_001'],['TC_ADAS_001'],['TC_ADAS_001'],0.1,LOW,False,[],IMPACT,"['INDEPENDENT_DOMAIN_EXPERT_SPECIFICATION', 'BEHAVIORAL_FUNCTIONAL_VALIDATION']","{'hidden_type': 'engineering_terminology', 'repeat': 13}"
V3_HIDDEN_0245,HIDDEN_SEMANTIC,H5,BATTERY_EV,REQ_VIRTUAL_0245,Requirement,Regulate accumulator pack charging rate under sub-zero ambient conditions. [Sub-scenario variation 13].,['BMS_Func_001'],['TC_BMS_001'],['TC_BMS_001'],0.1429,LOW,False,[],IMPACT,"['INDEPENDENT_DOMAIN_EXPERT_SPECIFICATION', 'BEHAVIORAL_FUNCTIONAL_VALIDATION']","{'hidden_type': 'requirement_to_implementation', 'repeat': 13}"
V3_HIDDEN_0246,HIDDEN_SEMANTIC,H6,BODY_ELECTRONICS,REQ_VIRTUAL_0246,Requirement,Anti-pinch obstruction safety protocol for express window motor reversal. [Sub-scenario variation 13].,['BODY_Func_004'],['TC_BODY_004'],['TC_BODY_004'],0.0588,LOW,False,[],IMPACT,"['INDEPENDENT_DOMAIN_EXPERT_SPECIFICATION', 'BEHAVIORAL_FUNCTIONAL_VALIDATION']","{'hidden_type': 'requirement_to_test', 'repeat': 13}"
V3_HIDDEN_0247,HIDDEN_SEMANTIC,H7,BATTERY_EV,REQ_VIRTUAL_0247,Requirement,RTE signal dispatch for high-voltage DC contactor isolation. [Sub-scenario variation 13].,['BMS_Func_002'],['TC_BMS_002'],['TC_BMS_002'],0.25,MEDIUM,False,[],IMPACT,"['INDEPENDENT_DOMAIN_EXPERT_SPECIFICATION', 'BEHAVIORAL_FUNCTIONAL_VALIDATION']","{'hidden_type': 'req_to_autosar_artifact', 'repeat': 13}"
V3_HIDDEN_0248,HIDDEN_SEMANTIC,H8,POWERTRAIN,REQ_VIRTUAL_0248,Requirement,Throttle pedal demand mapping to stator rotational magnetic field frequency. [Sub-scenario variation 13].,['PT_Func_001'],['TC_PT_001'],['TC_PT_001'],0.1429,LOW,False,[],IMPACT,"['INDEPENDENT_DOMAIN_EXPERT_SPECIFICATION', 'BEHAVIORAL_FUNCTIONAL_VALIDATION']","{'hidden_type': 'cross_domain_semantic', 'repeat': 13}"
V3_HIDDEN_0249,HIDDEN_SEMANTIC,H9,ADAS,REQ_VIRTUAL_0249,Requirement,Autonomous deceleration interlock when camera vision confidence drops below threshold. [Sub-scenario variation 13].,['ADAS_Func_005'],['TC_ADAS_005'],['TC_ADAS_005'],0.0952,LOW,False,[],IMPACT,"['INDEPENDENT_DOMAIN_EXPERT_SPECIFICATION', 'BEHAVIORAL_FUNCTIONAL_VALIDATION']","{'hidden_type': 'multihop_semantic', 'repeat': 13}"
V3_HIDDEN_0250,HIDDEN_SEMANTIC,H10,ADAS,REQ_VIRTUAL_0250,Requirement,Kinematic retardation during unexpected path occupancy. [Sub-scenario variation 13].,['ADAS_Func_001'],['TC_ADAS_001'],['TC_ADAS_001'],0.0,LOW,False,[],IMPACT,"['INDEPENDENT_DOMAIN_EXPERT_SPECIFICATION', 'BEHAVIORAL_FUNCTIONAL_VALIDATION']","{'hidden_type': 'zero_lexical_overlap', 'repeat': 13}"
V3_HIDDEN_0251,HIDDEN_SEMANTIC,H1,ADAS,REQ_VIRTUAL_0251,Requirement,Vehicle decelerator shall exert retarding force when proximity gap diminishes. [Sub-scenario variation 14].,['ADAS_Func_001'],['TC_ADAS_001'],['TC_ADAS_001'],0.0,LOW,False,[],IMPACT,"['INDEPENDENT_DOMAIN_EXPERT_SPECIFICATION', 'BEHAVIORAL_FUNCTIONAL_VALIDATION']","{'hidden_type': 'synonym_substitution', 'repeat': 14}"
V3_HIDDEN_0252,HIDDEN_SEMANTIC,H2,POWERTRAIN,REQ_VIRTUAL_0252,Requirement,Derate PMSM torque output when inverter IGBT junction temp breaches threshold. [Sub-scenario variation 14].,['PT_Func_002'],['TC_PT_002'],['TC_PT_002'],0.0909,LOW,False,[],IMPACT,"['INDEPENDENT_DOMAIN_EXPERT_SPECIFICATION', 'BEHAVIORAL_FUNCTIONAL_VALIDATION']","{'hidden_type': 'technical_abbreviation', 'repeat': 14}"
V3_HIDDEN_0253,HIDDEN_SEMANTIC,H3,ADAS,REQ_VIRTUAL_0253,Requirement,Execute autonomous halting sequence upon unyielding obstruction presence. [Sub-scenario variation 14].,['ADAS_Func_001'],['TC_ADAS_001'],['TC_ADAS_001'],0.0476,LOW,False,[],IMPACT,"['INDEPENDENT_DOMAIN_EXPERT_SPECIFICATION', 'BEHAVIORAL_FUNCTIONAL_VALIDATION']","{'hidden_type': 'paraphrased_requirement', 'repeat': 14}"
V3_HIDDEN_0254,HIDDEN_SEMANTIC,H4,ADAS,REQ_VIRTUAL_0254,Requirement,Longitudinal kinetic dissipation regulation during emergency stopping trajectory. [Sub-scenario variation 14].,['ADAS_Func_001'],['TC_ADAS_001'],['TC_ADAS_001'],0.1,LOW,False,[],IMPACT,"['INDEPENDENT_DOMAIN_EXPERT_SPECIFICATION', 'BEHAVIORAL_FUNCTIONAL_VALIDATION']","{'hidden_type': 'engineering_terminology', 'repeat': 14}"
V3_HIDDEN_0255,HIDDEN_SEMANTIC,H5,BATTERY_EV,REQ_VIRTUAL_0255,Requirement,Regulate accumulator pack charging rate under sub-zero ambient conditions. [Sub-scenario variation 14].,['BMS_Func_001'],['TC_BMS_001'],['TC_BMS_001'],0.1429,LOW,False,[],IMPACT,"['INDEPENDENT_DOMAIN_EXPERT_SPECIFICATION', 'BEHAVIORAL_FUNCTIONAL_VALIDATION']","{'hidden_type': 'requirement_to_implementation', 'repeat': 14}"
V3_HIDDEN_0256,HIDDEN_SEMANTIC,H6,BODY_ELECTRONICS,REQ_VIRTUAL_0256,Requirement,Anti-pinch obstruction safety protocol for express window motor reversal. [Sub-scenario variation 14].,['BODY_Func_004'],['TC_BODY_004'],['TC_BODY_004'],0.0588,LOW,False,[],IMPACT,"['INDEPENDENT_DOMAIN_EXPERT_SPECIFICATION', 'BEHAVIORAL_FUNCTIONAL_VALIDATION']","{'hidden_type': 'requirement_to_test', 'repeat': 14}"
V3_HIDDEN_0257,HIDDEN_SEMANTIC,H7,BATTERY_EV,REQ_VIRTUAL_0257,Requirement,RTE signal dispatch for high-voltage DC contactor isolation. [Sub-scenario variation 14].,['BMS_Func_002'],['TC_BMS_002'],['TC_BMS_002'],0.25,MEDIUM,False,[],IMPACT,"['INDEPENDENT_DOMAIN_EXPERT_SPECIFICATION', 'BEHAVIORAL_FUNCTIONAL_VALIDATION']","{'hidden_type': 'req_to_autosar_artifact', 'repeat': 14}"
V3_HIDDEN_0258,HIDDEN_SEMANTIC,H8,POWERTRAIN,REQ_VIRTUAL_0258,Requirement,Throttle pedal demand mapping to stator rotational magnetic field frequency. [Sub-scenario variation 14].,['PT_Func_001'],['TC_PT_001'],['TC_PT_001'],0.1429,LOW,False,[],IMPACT,"['INDEPENDENT_DOMAIN_EXPERT_SPECIFICATION', 'BEHAVIORAL_FUNCTIONAL_VALIDATION']","{'hidden_type': 'cross_domain_semantic', 'repeat': 14}"
V3_HIDDEN_0259,HIDDEN_SEMANTIC,H9,ADAS,REQ_VIRTUAL_0259,Requirement,Autonomous deceleration interlock when camera vision confidence drops below threshold. [Sub-scenario variation 14].,['ADAS_Func_005'],['TC_ADAS_005'],['TC_ADAS_005'],0.0952,LOW,False,[],IMPACT,"['INDEPENDENT_DOMAIN_EXPERT_SPECIFICATION', 'BEHAVIORAL_FUNCTIONAL_VALIDATION']","{'hidden_type': 'multihop_semantic', 'repeat': 14}"
V3_HIDDEN_0260,HIDDEN_SEMANTIC,H10,ADAS,REQ_VIRTUAL_0260,Requirement,Kinematic retardation during unexpected path occupancy. [Sub-scenario variation 14].,['ADAS_Func_001'],['TC_ADAS_001'],['TC_ADAS_001'],0.0,LOW,False,[],IMPACT,"['INDEPENDENT_DOMAIN_EXPERT_SPECIFICATION', 'BEHAVIORAL_FUNCTIONAL_VALIDATION']","{'hidden_type': 'zero_lexical_overlap', 'repeat': 14}"
V3_HIDDEN_0261,HIDDEN_SEMANTIC,H1,ADAS,REQ_VIRTUAL_0261,Requirement,Vehicle decelerator shall exert retarding force when proximity gap diminishes. [Sub-scenario variation 15].,['ADAS_Func_001'],['TC_ADAS_001'],['TC_ADAS_001'],0.0,LOW,False,[],IMPACT,"['INDEPENDENT_DOMAIN_EXPERT_SPECIFICATION', 'BEHAVIORAL_FUNCTIONAL_VALIDATION']","{'hidden_type': 'synonym_substitution', 'repeat': 15}"
V3_HIDDEN_0262,HIDDEN_SEMANTIC,H2,POWERTRAIN,REQ_VIRTUAL_0262,Requirement,Derate PMSM torque output when inverter IGBT junction temp breaches threshold. [Sub-scenario variation 15].,['PT_Func_002'],['TC_PT_002'],['TC_PT_002'],0.0909,LOW,False,[],IMPACT,"['INDEPENDENT_DOMAIN_EXPERT_SPECIFICATION', 'BEHAVIORAL_FUNCTIONAL_VALIDATION']","{'hidden_type': 'technical_abbreviation', 'repeat': 15}"
V3_HIDDEN_0263,HIDDEN_SEMANTIC,H3,ADAS,REQ_VIRTUAL_0263,Requirement,Execute autonomous halting sequence upon unyielding obstruction presence. [Sub-scenario variation 15].,['ADAS_Func_001'],['TC_ADAS_001'],['TC_ADAS_001'],0.0476,LOW,False,[],IMPACT,"['INDEPENDENT_DOMAIN_EXPERT_SPECIFICATION', 'BEHAVIORAL_FUNCTIONAL_VALIDATION']","{'hidden_type': 'paraphrased_requirement', 'repeat': 15}"
V3_HIDDEN_0264,HIDDEN_SEMANTIC,H4,ADAS,REQ_VIRTUAL_0264,Requirement,Longitudinal kinetic dissipation regulation during emergency stopping trajectory. [Sub-scenario variation 15].,['ADAS_Func_001'],['TC_ADAS_001'],['TC_ADAS_001'],0.1,LOW,False,[],IMPACT,"['INDEPENDENT_DOMAIN_EXPERT_SPECIFICATION', 'BEHAVIORAL_FUNCTIONAL_VALIDATION']","{'hidden_type': 'engineering_terminology', 'repeat': 15}"
V3_HIDDEN_0265,HIDDEN_SEMANTIC,H5,BATTERY_EV,REQ_VIRTUAL_0265,Requirement,Regulate accumulator pack charging rate under sub-zero ambient conditions. [Sub-scenario variation 15].,['BMS_Func_001'],['TC_BMS_001'],['TC_BMS_001'],0.1429,LOW,False,[],IMPACT,"['INDEPENDENT_DOMAIN_EXPERT_SPECIFICATION', 'BEHAVIORAL_FUNCTIONAL_VALIDATION']","{'hidden_type': 'requirement_to_implementation', 'repeat': 15}"
V3_HIDDEN_0266,HIDDEN_SEMANTIC,H6,BODY_ELECTRONICS,REQ_VIRTUAL_0266,Requirement,Anti-pinch obstruction safety protocol for express window motor reversal. [Sub-scenario variation 15].,['BODY_Func_004'],['TC_BODY_004'],['TC_BODY_004'],0.0588,LOW,False,[],IMPACT,"['INDEPENDENT_DOMAIN_EXPERT_SPECIFICATION', 'BEHAVIORAL_FUNCTIONAL_VALIDATION']","{'hidden_type': 'requirement_to_test', 'repeat': 15}"
V3_HIDDEN_0267,HIDDEN_SEMANTIC,H7,BATTERY_EV,REQ_VIRTUAL_0267,Requirement,RTE signal dispatch for high-voltage DC contactor isolation. [Sub-scenario variation 15].,['BMS_Func_002'],['TC_BMS_002'],['TC_BMS_002'],0.25,MEDIUM,False,[],IMPACT,"['INDEPENDENT_DOMAIN_EXPERT_SPECIFICATION', 'BEHAVIORAL_FUNCTIONAL_VALIDATION']","{'hidden_type': 'req_to_autosar_artifact', 'repeat': 15}"
V3_HIDDEN_0268,HIDDEN_SEMANTIC,H8,POWERTRAIN,REQ_VIRTUAL_0268,Requirement,Throttle pedal demand mapping to stator rotational magnetic field frequency. [Sub-scenario variation 15].,['PT_Func_001'],['TC_PT_001'],['TC_PT_001'],0.1429,LOW,False,[],IMPACT,"['INDEPENDENT_DOMAIN_EXPERT_SPECIFICATION', 'BEHAVIORAL_FUNCTIONAL_VALIDATION']","{'hidden_type': 'cross_domain_semantic', 'repeat': 15}"
V3_HIDDEN_0269,HIDDEN_SEMANTIC,H9,ADAS,REQ_VIRTUAL_0269,Requirement,Autonomous deceleration interlock when camera vision confidence drops below threshold. [Sub-scenario variation 15].,['ADAS_Func_005'],['TC_ADAS_005'],['TC_ADAS_005'],0.0952,LOW,False,[],IMPACT,"['INDEPENDENT_DOMAIN_EXPERT_SPECIFICATION', 'BEHAVIORAL_FUNCTIONAL_VALIDATION']","{'hidden_type': 'multihop_semantic', 'repeat': 15}"
V3_HIDDEN_0270,HIDDEN_SEMANTIC,H10,ADAS,REQ_VIRTUAL_0270,Requirement,Kinematic retardation during unexpected path occupancy. [Sub-scenario variation 15].,['ADAS_Func_001'],['TC_ADAS_001'],['TC_ADAS_001'],0.0,LOW,False,[],IMPACT,"['INDEPENDENT_DOMAIN_EXPERT_SPECIFICATION', 'BEHAVIORAL_FUNCTIONAL_VALIDATION']","{'hidden_type': 'zero_lexical_overlap', 'repeat': 15}"
V3_DECOY_0271,SEMANTIC_DECOY,D1,BODY_ELECTRONICS,DECOY_SRC_0271,Requirement,Cabin temperature threshold regulation. [Decoy sample 1].,[],[],[],0.6667,HIGH,False,['BMS_Func_001'],NO_IMPACT,"['INDEPENDENT_DOMAIN_ISOLATION', 'CROSS_SUBSYSTEM_NON_DEPENDENCY']","{'decoy_type': 'same_words_diff_subsystem', 'distractor_project': 'BATTERY_EV'}"
V3_DECOY_0272,SEMANTIC_DECOY,D2,ADAS,DECOY_SRC_0272,Requirement,Emergency brake hydraulic pressure hold limit. [Decoy sample 1].,[],[],[],0.75,HIGH,False,['BODY_Func_005'],NO_IMPACT,"['INDEPENDENT_DOMAIN_ISOLATION', 'CROSS_SUBSYSTEM_NON_DEPENDENCY']","{'decoy_type': 'same_words_diff_ecu', 'distractor_project': 'BODY_ELECTRONICS'}"
V3_DECOY_0273,SEMANTIC_DECOY,D3,POWERTRAIN,DECOY_SRC_0273,Requirement,Safety threshold 50 milli-seconds trigger timeout. [Decoy sample 1].,[],[],[],0.75,HIGH,False,['ADAS_Func_022'],NO_IMPACT,"['INDEPENDENT_DOMAIN_ISOLATION', 'CROSS_SUBSYSTEM_NON_DEPENDENCY']","{'decoy_type': 'same_threshold_diff_param', 'distractor_project': 'ADAS'}"
V3_DECOY_0274,SEMANTIC_DECOY,D4,POWERTRAIN,DECOY_SRC_0274,Requirement,Raw sensor velocity pulse input filter. [Decoy sample 1].,[],[],[],0.75,HIGH,False,['BODY_Func_012'],NO_IMPACT,"['INDEPENDENT_DOMAIN_ISOLATION', 'CROSS_SUBSYSTEM_NON_DEPENDENCY']","{'decoy_type': 'same_signal_diff_semantics', 'distractor_project': 'BODY_ELECTRONICS'}"
V3_DECOY_0275,SEMANTIC_DECOY,D5,ADAS,DECOY_SRC_0275,Requirement,Parking brake holding torque calibration. [Decoy sample 1].,[],[],[],0.7143,HIGH,False,['PT_Func_010'],NO_IMPACT,"['INDEPENDENT_DOMAIN_ISOLATION', 'CROSS_SUBSYSTEM_NON_DEPENDENCY']","{'decoy_type': 'same_concept_diff_function', 'distractor_project': 'POWERTRAIN'}"
V3_DECOY_0276,SEMANTIC_DECOY,D6,ADAS,DECOY_SRC_0276,Requirement,ASIL D safety interlock watch-dog timer heartbeat. [Decoy sample 1].,[],[],[],0.7778,HIGH,False,['PT_Func_001'],NO_IMPACT,"['INDEPENDENT_DOMAIN_ISOLATION', 'CROSS_SUBSYSTEM_NON_DEPENDENCY']","{'decoy_type': 'same_asil_unrelated', 'distractor_project': 'POWERTRAIN'}"
V3_DECOY_0277,SEMANTIC_DECOY,D7,POWERTRAIN,DECOY_SRC_0277,Requirement,Motor rotor angular speed estimation. [Decoy sample 1].,[],[],[],0.7143,HIGH,False,['ADAS_Func_030'],NO_IMPACT,"['INDEPENDENT_DOMAIN_ISOLATION', 'CROSS_SUBSYSTEM_NON_DEPENDENCY']","{'decoy_type': 'same_physical_quantity_diff_control', 'distractor_project': 'ADAS'}"
V3_DECOY_0278,SEMANTIC_DECOY,D8,BODY_ELECTRONICS,DECOY_SRC_0278,Requirement,SOC service oriented communication message bus. [Decoy sample 1].,[],[],[],0.75,HIGH,False,['BMS_Func_002'],NO_IMPACT,"['INDEPENDENT_DOMAIN_ISOLATION', 'CROSS_SUBSYSTEM_NON_DEPENDENCY']","{'decoy_type': 'same_acronym_diff_meaning', 'distractor_project': 'BATTERY_EV'}"
V3_DECOY_0279,SEMANTIC_DECOY,D9,ADAS,DECOY_SRC_0279,Requirement,Software unit integration guidelines and conventions. [Decoy sample 1].,[],[],[],0.75,HIGH,False,['PT_Func_005'],NO_IMPACT,"['INDEPENDENT_DOMAIN_ISOLATION', 'CROSS_SUBSYSTEM_NON_DEPENDENCY']","{'decoy_type': 'documentation_terminology', 'distractor_project': 'POWERTRAIN'}"
V3_DECOY_0280,SEMANTIC_DECOY,D10,POWERTRAIN,DECOY_SRC_0280,Requirement,Deprecated diagnostic calibration routine placeholder. [Decoy sample 1].,[],[],[],0.7143,HIGH,False,['BMS_Func_020'],NO_IMPACT,"['INDEPENDENT_DOMAIN_ISOLATION', 'CROSS_SUBSYSTEM_NON_DEPENDENCY']","{'decoy_type': 'dead_unrelated_code', 'distractor_project': 'BATTERY_EV'}"
V3_DECOY_0281,SEMANTIC_DECOY,D1,BODY_ELECTRONICS,DECOY_SRC_0281,Requirement,Cabin temperature threshold regulation. [Decoy sample 2].,[],[],[],0.6667,HIGH,False,['BMS_Func_001'],NO_IMPACT,"['INDEPENDENT_DOMAIN_ISOLATION', 'CROSS_SUBSYSTEM_NON_DEPENDENCY']","{'decoy_type': 'same_words_diff_subsystem', 'distractor_project': 'BATTERY_EV'}"
V3_DECOY_0282,SEMANTIC_DECOY,D2,ADAS,DECOY_SRC_0282,Requirement,Emergency brake hydraulic pressure hold limit. [Decoy sample 2].,[],[],[],0.75,HIGH,False,['BODY_Func_005'],NO_IMPACT,"['INDEPENDENT_DOMAIN_ISOLATION', 'CROSS_SUBSYSTEM_NON_DEPENDENCY']","{'decoy_type': 'same_words_diff_ecu', 'distractor_project': 'BODY_ELECTRONICS'}"
V3_DECOY_0283,SEMANTIC_DECOY,D3,POWERTRAIN,DECOY_SRC_0283,Requirement,Safety threshold 50 milli-seconds trigger timeout. [Decoy sample 2].,[],[],[],0.75,HIGH,False,['ADAS_Func_022'],NO_IMPACT,"['INDEPENDENT_DOMAIN_ISOLATION', 'CROSS_SUBSYSTEM_NON_DEPENDENCY']","{'decoy_type': 'same_threshold_diff_param', 'distractor_project': 'ADAS'}"
V3_DECOY_0284,SEMANTIC_DECOY,D4,POWERTRAIN,DECOY_SRC_0284,Requirement,Raw sensor velocity pulse input filter. [Decoy sample 2].,[],[],[],0.75,HIGH,False,['BODY_Func_012'],NO_IMPACT,"['INDEPENDENT_DOMAIN_ISOLATION', 'CROSS_SUBSYSTEM_NON_DEPENDENCY']","{'decoy_type': 'same_signal_diff_semantics', 'distractor_project': 'BODY_ELECTRONICS'}"
V3_DECOY_0285,SEMANTIC_DECOY,D5,ADAS,DECOY_SRC_0285,Requirement,Parking brake holding torque calibration. [Decoy sample 2].,[],[],[],0.7143,HIGH,False,['PT_Func_010'],NO_IMPACT,"['INDEPENDENT_DOMAIN_ISOLATION', 'CROSS_SUBSYSTEM_NON_DEPENDENCY']","{'decoy_type': 'same_concept_diff_function', 'distractor_project': 'POWERTRAIN'}"
V3_DECOY_0286,SEMANTIC_DECOY,D6,ADAS,DECOY_SRC_0286,Requirement,ASIL D safety interlock watch-dog timer heartbeat. [Decoy sample 2].,[],[],[],0.7778,HIGH,False,['PT_Func_001'],NO_IMPACT,"['INDEPENDENT_DOMAIN_ISOLATION', 'CROSS_SUBSYSTEM_NON_DEPENDENCY']","{'decoy_type': 'same_asil_unrelated', 'distractor_project': 'POWERTRAIN'}"
V3_DECOY_0287,SEMANTIC_DECOY,D7,POWERTRAIN,DECOY_SRC_0287,Requirement,Motor rotor angular speed estimation. [Decoy sample 2].,[],[],[],0.7143,HIGH,False,['ADAS_Func_030'],NO_IMPACT,"['INDEPENDENT_DOMAIN_ISOLATION', 'CROSS_SUBSYSTEM_NON_DEPENDENCY']","{'decoy_type': 'same_physical_quantity_diff_control', 'distractor_project': 'ADAS'}"
V3_DECOY_0288,SEMANTIC_DECOY,D8,BODY_ELECTRONICS,DECOY_SRC_0288,Requirement,SOC service oriented communication message bus. [Decoy sample 2].,[],[],[],0.75,HIGH,False,['BMS_Func_002'],NO_IMPACT,"['INDEPENDENT_DOMAIN_ISOLATION', 'CROSS_SUBSYSTEM_NON_DEPENDENCY']","{'decoy_type': 'same_acronym_diff_meaning', 'distractor_project': 'BATTERY_EV'}"
V3_DECOY_0289,SEMANTIC_DECOY,D9,ADAS,DECOY_SRC_0289,Requirement,Software unit integration guidelines and conventions. [Decoy sample 2].,[],[],[],0.75,HIGH,False,['PT_Func_005'],NO_IMPACT,"['INDEPENDENT_DOMAIN_ISOLATION', 'CROSS_SUBSYSTEM_NON_DEPENDENCY']","{'decoy_type': 'documentation_terminology', 'distractor_project': 'POWERTRAIN'}"
V3_DECOY_0290,SEMANTIC_DECOY,D10,POWERTRAIN,DECOY_SRC_0290,Requirement,Deprecated diagnostic calibration routine placeholder. [Decoy sample 2].,[],[],[],0.7143,HIGH,False,['BMS_Func_020'],NO_IMPACT,"['INDEPENDENT_DOMAIN_ISOLATION', 'CROSS_SUBSYSTEM_NON_DEPENDENCY']","{'decoy_type': 'dead_unrelated_code', 'distractor_project': 'BATTERY_EV'}"
V3_DECOY_0291,SEMANTIC_DECOY,D1,BODY_ELECTRONICS,DECOY_SRC_0291,Requirement,Cabin temperature threshold regulation. [Decoy sample 3].,[],[],[],0.6667,HIGH,False,['BMS_Func_001'],NO_IMPACT,"['INDEPENDENT_DOMAIN_ISOLATION', 'CROSS_SUBSYSTEM_NON_DEPENDENCY']","{'decoy_type': 'same_words_diff_subsystem', 'distractor_project': 'BATTERY_EV'}"
V3_DECOY_0292,SEMANTIC_DECOY,D2,ADAS,DECOY_SRC_0292,Requirement,Emergency brake hydraulic pressure hold limit. [Decoy sample 3].,[],[],[],0.75,HIGH,False,['BODY_Func_005'],NO_IMPACT,"['INDEPENDENT_DOMAIN_ISOLATION', 'CROSS_SUBSYSTEM_NON_DEPENDENCY']","{'decoy_type': 'same_words_diff_ecu', 'distractor_project': 'BODY_ELECTRONICS'}"
V3_DECOY_0293,SEMANTIC_DECOY,D3,POWERTRAIN,DECOY_SRC_0293,Requirement,Safety threshold 50 milli-seconds trigger timeout. [Decoy sample 3].,[],[],[],0.75,HIGH,False,['ADAS_Func_022'],NO_IMPACT,"['INDEPENDENT_DOMAIN_ISOLATION', 'CROSS_SUBSYSTEM_NON_DEPENDENCY']","{'decoy_type': 'same_threshold_diff_param', 'distractor_project': 'ADAS'}"
V3_DECOY_0294,SEMANTIC_DECOY,D4,POWERTRAIN,DECOY_SRC_0294,Requirement,Raw sensor velocity pulse input filter. [Decoy sample 3].,[],[],[],0.75,HIGH,False,['BODY_Func_012'],NO_IMPACT,"['INDEPENDENT_DOMAIN_ISOLATION', 'CROSS_SUBSYSTEM_NON_DEPENDENCY']","{'decoy_type': 'same_signal_diff_semantics', 'distractor_project': 'BODY_ELECTRONICS'}"
V3_DECOY_0295,SEMANTIC_DECOY,D5,ADAS,DECOY_SRC_0295,Requirement,Parking brake holding torque calibration. [Decoy sample 3].,[],[],[],0.7143,HIGH,False,['PT_Func_010'],NO_IMPACT,"['INDEPENDENT_DOMAIN_ISOLATION', 'CROSS_SUBSYSTEM_NON_DEPENDENCY']","{'decoy_type': 'same_concept_diff_function', 'distractor_project': 'POWERTRAIN'}"
V3_DECOY_0296,SEMANTIC_DECOY,D6,ADAS,DECOY_SRC_0296,Requirement,ASIL D safety interlock watch-dog timer heartbeat. [Decoy sample 3].,[],[],[],0.7778,HIGH,False,['PT_Func_001'],NO_IMPACT,"['INDEPENDENT_DOMAIN_ISOLATION', 'CROSS_SUBSYSTEM_NON_DEPENDENCY']","{'decoy_type': 'same_asil_unrelated', 'distractor_project': 'POWERTRAIN'}"
V3_DECOY_0297,SEMANTIC_DECOY,D7,POWERTRAIN,DECOY_SRC_0297,Requirement,Motor rotor angular speed estimation. [Decoy sample 3].,[],[],[],0.7143,HIGH,False,['ADAS_Func_030'],NO_IMPACT,"['INDEPENDENT_DOMAIN_ISOLATION', 'CROSS_SUBSYSTEM_NON_DEPENDENCY']","{'decoy_type': 'same_physical_quantity_diff_control', 'distractor_project': 'ADAS'}"
V3_DECOY_0298,SEMANTIC_DECOY,D8,BODY_ELECTRONICS,DECOY_SRC_0298,Requirement,SOC service oriented communication message bus. [Decoy sample 3].,[],[],[],0.75,HIGH,False,['BMS_Func_002'],NO_IMPACT,"['INDEPENDENT_DOMAIN_ISOLATION', 'CROSS_SUBSYSTEM_NON_DEPENDENCY']","{'decoy_type': 'same_acronym_diff_meaning', 'distractor_project': 'BATTERY_EV'}"
V3_DECOY_0299,SEMANTIC_DECOY,D9,ADAS,DECOY_SRC_0299,Requirement,Software unit integration guidelines and conventions. [Decoy sample 3].,[],[],[],0.75,HIGH,False,['PT_Func_005'],NO_IMPACT,"['INDEPENDENT_DOMAIN_ISOLATION', 'CROSS_SUBSYSTEM_NON_DEPENDENCY']","{'decoy_type': 'documentation_terminology', 'distractor_project': 'POWERTRAIN'}"
V3_DECOY_0300,SEMANTIC_DECOY,D10,POWERTRAIN,DECOY_SRC_0300,Requirement,Deprecated diagnostic calibration routine placeholder. [Decoy sample 3].,[],[],[],0.7143,HIGH,False,['BMS_Func_020'],NO_IMPACT,"['INDEPENDENT_DOMAIN_ISOLATION', 'CROSS_SUBSYSTEM_NON_DEPENDENCY']","{'decoy_type': 'dead_unrelated_code', 'distractor_project': 'BATTERY_EV'}"
V3_DECOY_0301,SEMANTIC_DECOY,D1,BODY_ELECTRONICS,DECOY_SRC_0301,Requirement,Cabin temperature threshold regulation. [Decoy sample 4].,[],[],[],0.6667,HIGH,False,['BMS_Func_001'],NO_IMPACT,"['INDEPENDENT_DOMAIN_ISOLATION', 'CROSS_SUBSYSTEM_NON_DEPENDENCY']","{'decoy_type': 'same_words_diff_subsystem', 'distractor_project': 'BATTERY_EV'}"
V3_DECOY_0302,SEMANTIC_DECOY,D2,ADAS,DECOY_SRC_0302,Requirement,Emergency brake hydraulic pressure hold limit. [Decoy sample 4].,[],[],[],0.75,HIGH,False,['BODY_Func_005'],NO_IMPACT,"['INDEPENDENT_DOMAIN_ISOLATION', 'CROSS_SUBSYSTEM_NON_DEPENDENCY']","{'decoy_type': 'same_words_diff_ecu', 'distractor_project': 'BODY_ELECTRONICS'}"
V3_DECOY_0303,SEMANTIC_DECOY,D3,POWERTRAIN,DECOY_SRC_0303,Requirement,Safety threshold 50 milli-seconds trigger timeout. [Decoy sample 4].,[],[],[],0.75,HIGH,False,['ADAS_Func_022'],NO_IMPACT,"['INDEPENDENT_DOMAIN_ISOLATION', 'CROSS_SUBSYSTEM_NON_DEPENDENCY']","{'decoy_type': 'same_threshold_diff_param', 'distractor_project': 'ADAS'}"
V3_DECOY_0304,SEMANTIC_DECOY,D4,POWERTRAIN,DECOY_SRC_0304,Requirement,Raw sensor velocity pulse input filter. [Decoy sample 4].,[],[],[],0.75,HIGH,False,['BODY_Func_012'],NO_IMPACT,"['INDEPENDENT_DOMAIN_ISOLATION', 'CROSS_SUBSYSTEM_NON_DEPENDENCY']","{'decoy_type': 'same_signal_diff_semantics', 'distractor_project': 'BODY_ELECTRONICS'}"
V3_DECOY_0305,SEMANTIC_DECOY,D5,ADAS,DECOY_SRC_0305,Requirement,Parking brake holding torque calibration. [Decoy sample 4].,[],[],[],0.7143,HIGH,False,['PT_Func_010'],NO_IMPACT,"['INDEPENDENT_DOMAIN_ISOLATION', 'CROSS_SUBSYSTEM_NON_DEPENDENCY']","{'decoy_type': 'same_concept_diff_function', 'distractor_project': 'POWERTRAIN'}"
V3_DECOY_0306,SEMANTIC_DECOY,D6,ADAS,DECOY_SRC_0306,Requirement,ASIL D safety interlock watch-dog timer heartbeat. [Decoy sample 4].,[],[],[],0.7778,HIGH,False,['PT_Func_001'],NO_IMPACT,"['INDEPENDENT_DOMAIN_ISOLATION', 'CROSS_SUBSYSTEM_NON_DEPENDENCY']","{'decoy_type': 'same_asil_unrelated', 'distractor_project': 'POWERTRAIN'}"
V3_DECOY_0307,SEMANTIC_DECOY,D7,POWERTRAIN,DECOY_SRC_0307,Requirement,Motor rotor angular speed estimation. [Decoy sample 4].,[],[],[],0.7143,HIGH,False,['ADAS_Func_030'],NO_IMPACT,"['INDEPENDENT_DOMAIN_ISOLATION', 'CROSS_SUBSYSTEM_NON_DEPENDENCY']","{'decoy_type': 'same_physical_quantity_diff_control', 'distractor_project': 'ADAS'}"
V3_DECOY_0308,SEMANTIC_DECOY,D8,BODY_ELECTRONICS,DECOY_SRC_0308,Requirement,SOC service oriented communication message bus. [Decoy sample 4].,[],[],[],0.75,HIGH,False,['BMS_Func_002'],NO_IMPACT,"['INDEPENDENT_DOMAIN_ISOLATION', 'CROSS_SUBSYSTEM_NON_DEPENDENCY']","{'decoy_type': 'same_acronym_diff_meaning', 'distractor_project': 'BATTERY_EV'}"
V3_DECOY_0309,SEMANTIC_DECOY,D9,ADAS,DECOY_SRC_0309,Requirement,Software unit integration guidelines and conventions. [Decoy sample 4].,[],[],[],0.75,HIGH,False,['PT_Func_005'],NO_IMPACT,"['INDEPENDENT_DOMAIN_ISOLATION', 'CROSS_SUBSYSTEM_NON_DEPENDENCY']","{'decoy_type': 'documentation_terminology', 'distractor_project': 'POWERTRAIN'}"
V3_DECOY_0310,SEMANTIC_DECOY,D10,POWERTRAIN,DECOY_SRC_0310,Requirement,Deprecated diagnostic calibration routine placeholder. [Decoy sample 4].,[],[],[],0.7143,HIGH,False,['BMS_Func_020'],NO_IMPACT,"['INDEPENDENT_DOMAIN_ISOLATION', 'CROSS_SUBSYSTEM_NON_DEPENDENCY']","{'decoy_type': 'dead_unrelated_code', 'distractor_project': 'BATTERY_EV'}"
V3_DECOY_0311,SEMANTIC_DECOY,D1,BODY_ELECTRONICS,DECOY_SRC_0311,Requirement,Cabin temperature threshold regulation. [Decoy sample 5].,[],[],[],0.6667,HIGH,False,['BMS_Func_001'],NO_IMPACT,"['INDEPENDENT_DOMAIN_ISOLATION', 'CROSS_SUBSYSTEM_NON_DEPENDENCY']","{'decoy_type': 'same_words_diff_subsystem', 'distractor_project': 'BATTERY_EV'}"
V3_DECOY_0312,SEMANTIC_DECOY,D2,ADAS,DECOY_SRC_0312,Requirement,Emergency brake hydraulic pressure hold limit. [Decoy sample 5].,[],[],[],0.75,HIGH,False,['BODY_Func_005'],NO_IMPACT,"['INDEPENDENT_DOMAIN_ISOLATION', 'CROSS_SUBSYSTEM_NON_DEPENDENCY']","{'decoy_type': 'same_words_diff_ecu', 'distractor_project': 'BODY_ELECTRONICS'}"
V3_DECOY_0313,SEMANTIC_DECOY,D3,POWERTRAIN,DECOY_SRC_0313,Requirement,Safety threshold 50 milli-seconds trigger timeout. [Decoy sample 5].,[],[],[],0.75,HIGH,False,['ADAS_Func_022'],NO_IMPACT,"['INDEPENDENT_DOMAIN_ISOLATION', 'CROSS_SUBSYSTEM_NON_DEPENDENCY']","{'decoy_type': 'same_threshold_diff_param', 'distractor_project': 'ADAS'}"
V3_DECOY_0314,SEMANTIC_DECOY,D4,POWERTRAIN,DECOY_SRC_0314,Requirement,Raw sensor velocity pulse input filter. [Decoy sample 5].,[],[],[],0.75,HIGH,False,['BODY_Func_012'],NO_IMPACT,"['INDEPENDENT_DOMAIN_ISOLATION', 'CROSS_SUBSYSTEM_NON_DEPENDENCY']","{'decoy_type': 'same_signal_diff_semantics', 'distractor_project': 'BODY_ELECTRONICS'}"
V3_DECOY_0315,SEMANTIC_DECOY,D5,ADAS,DECOY_SRC_0315,Requirement,Parking brake holding torque calibration. [Decoy sample 5].,[],[],[],0.7143,HIGH,False,['PT_Func_010'],NO_IMPACT,"['INDEPENDENT_DOMAIN_ISOLATION', 'CROSS_SUBSYSTEM_NON_DEPENDENCY']","{'decoy_type': 'same_concept_diff_function', 'distractor_project': 'POWERTRAIN'}"
V3_DECOY_0316,SEMANTIC_DECOY,D6,ADAS,DECOY_SRC_0316,Requirement,ASIL D safety interlock watch-dog timer heartbeat. [Decoy sample 5].,[],[],[],0.7778,HIGH,False,['PT_Func_001'],NO_IMPACT,"['INDEPENDENT_DOMAIN_ISOLATION', 'CROSS_SUBSYSTEM_NON_DEPENDENCY']","{'decoy_type': 'same_asil_unrelated', 'distractor_project': 'POWERTRAIN'}"
V3_DECOY_0317,SEMANTIC_DECOY,D7,POWERTRAIN,DECOY_SRC_0317,Requirement,Motor rotor angular speed estimation. [Decoy sample 5].,[],[],[],0.7143,HIGH,False,['ADAS_Func_030'],NO_IMPACT,"['INDEPENDENT_DOMAIN_ISOLATION', 'CROSS_SUBSYSTEM_NON_DEPENDENCY']","{'decoy_type': 'same_physical_quantity_diff_control', 'distractor_project': 'ADAS'}"
V3_DECOY_0318,SEMANTIC_DECOY,D8,BODY_ELECTRONICS,DECOY_SRC_0318,Requirement,SOC service oriented communication message bus. [Decoy sample 5].,[],[],[],0.75,HIGH,False,['BMS_Func_002'],NO_IMPACT,"['INDEPENDENT_DOMAIN_ISOLATION', 'CROSS_SUBSYSTEM_NON_DEPENDENCY']","{'decoy_type': 'same_acronym_diff_meaning', 'distractor_project': 'BATTERY_EV'}"
V3_DECOY_0319,SEMANTIC_DECOY,D9,ADAS,DECOY_SRC_0319,Requirement,Software unit integration guidelines and conventions. [Decoy sample 5].,[],[],[],0.75,HIGH,False,['PT_Func_005'],NO_IMPACT,"['INDEPENDENT_DOMAIN_ISOLATION', 'CROSS_SUBSYSTEM_NON_DEPENDENCY']","{'decoy_type': 'documentation_terminology', 'distractor_project': 'POWERTRAIN'}"
V3_DECOY_0320,SEMANTIC_DECOY,D10,POWERTRAIN,DECOY_SRC_0320,Requirement,Deprecated diagnostic calibration routine placeholder. [Decoy sample 5].,[],[],[],0.7143,HIGH,False,['BMS_Func_020'],NO_IMPACT,"['INDEPENDENT_DOMAIN_ISOLATION', 'CROSS_SUBSYSTEM_NON_DEPENDENCY']","{'decoy_type': 'dead_unrelated_code', 'distractor_project': 'BATTERY_EV'}"
V3_DECOY_0321,SEMANTIC_DECOY,D1,BODY_ELECTRONICS,DECOY_SRC_0321,Requirement,Cabin temperature threshold regulation. [Decoy sample 6].,[],[],[],0.6667,HIGH,False,['BMS_Func_001'],NO_IMPACT,"['INDEPENDENT_DOMAIN_ISOLATION', 'CROSS_SUBSYSTEM_NON_DEPENDENCY']","{'decoy_type': 'same_words_diff_subsystem', 'distractor_project': 'BATTERY_EV'}"
V3_DECOY_0322,SEMANTIC_DECOY,D2,ADAS,DECOY_SRC_0322,Requirement,Emergency brake hydraulic pressure hold limit. [Decoy sample 6].,[],[],[],0.75,HIGH,False,['BODY_Func_005'],NO_IMPACT,"['INDEPENDENT_DOMAIN_ISOLATION', 'CROSS_SUBSYSTEM_NON_DEPENDENCY']","{'decoy_type': 'same_words_diff_ecu', 'distractor_project': 'BODY_ELECTRONICS'}"
V3_DECOY_0323,SEMANTIC_DECOY,D3,POWERTRAIN,DECOY_SRC_0323,Requirement,Safety threshold 50 milli-seconds trigger timeout. [Decoy sample 6].,[],[],[],0.75,HIGH,False,['ADAS_Func_022'],NO_IMPACT,"['INDEPENDENT_DOMAIN_ISOLATION', 'CROSS_SUBSYSTEM_NON_DEPENDENCY']","{'decoy_type': 'same_threshold_diff_param', 'distractor_project': 'ADAS'}"
V3_DECOY_0324,SEMANTIC_DECOY,D4,POWERTRAIN,DECOY_SRC_0324,Requirement,Raw sensor velocity pulse input filter. [Decoy sample 6].,[],[],[],0.75,HIGH,False,['BODY_Func_012'],NO_IMPACT,"['INDEPENDENT_DOMAIN_ISOLATION', 'CROSS_SUBSYSTEM_NON_DEPENDENCY']","{'decoy_type': 'same_signal_diff_semantics', 'distractor_project': 'BODY_ELECTRONICS'}"
V3_DECOY_0325,SEMANTIC_DECOY,D5,ADAS,DECOY_SRC_0325,Requirement,Parking brake holding torque calibration. [Decoy sample 6].,[],[],[],0.7143,HIGH,False,['PT_Func_010'],NO_IMPACT,"['INDEPENDENT_DOMAIN_ISOLATION', 'CROSS_SUBSYSTEM_NON_DEPENDENCY']","{'decoy_type': 'same_concept_diff_function', 'distractor_project': 'POWERTRAIN'}"
V3_DECOY_0326,SEMANTIC_DECOY,D6,ADAS,DECOY_SRC_0326,Requirement,ASIL D safety interlock watch-dog timer heartbeat. [Decoy sample 6].,[],[],[],0.7778,HIGH,False,['PT_Func_001'],NO_IMPACT,"['INDEPENDENT_DOMAIN_ISOLATION', 'CROSS_SUBSYSTEM_NON_DEPENDENCY']","{'decoy_type': 'same_asil_unrelated', 'distractor_project': 'POWERTRAIN'}"
V3_DECOY_0327,SEMANTIC_DECOY,D7,POWERTRAIN,DECOY_SRC_0327,Requirement,Motor rotor angular speed estimation. [Decoy sample 6].,[],[],[],0.7143,HIGH,False,['ADAS_Func_030'],NO_IMPACT,"['INDEPENDENT_DOMAIN_ISOLATION', 'CROSS_SUBSYSTEM_NON_DEPENDENCY']","{'decoy_type': 'same_physical_quantity_diff_control', 'distractor_project': 'ADAS'}"
V3_DECOY_0328,SEMANTIC_DECOY,D8,BODY_ELECTRONICS,DECOY_SRC_0328,Requirement,SOC service oriented communication message bus. [Decoy sample 6].,[],[],[],0.75,HIGH,False,['BMS_Func_002'],NO_IMPACT,"['INDEPENDENT_DOMAIN_ISOLATION', 'CROSS_SUBSYSTEM_NON_DEPENDENCY']","{'decoy_type': 'same_acronym_diff_meaning', 'distractor_project': 'BATTERY_EV'}"
V3_DECOY_0329,SEMANTIC_DECOY,D9,ADAS,DECOY_SRC_0329,Requirement,Software unit integration guidelines and conventions. [Decoy sample 6].,[],[],[],0.75,HIGH,False,['PT_Func_005'],NO_IMPACT,"['INDEPENDENT_DOMAIN_ISOLATION', 'CROSS_SUBSYSTEM_NON_DEPENDENCY']","{'decoy_type': 'documentation_terminology', 'distractor_project': 'POWERTRAIN'}"
V3_DECOY_0330,SEMANTIC_DECOY,D10,POWERTRAIN,DECOY_SRC_0330,Requirement,Deprecated diagnostic calibration routine placeholder. [Decoy sample 6].,[],[],[],0.7143,HIGH,False,['BMS_Func_020'],NO_IMPACT,"['INDEPENDENT_DOMAIN_ISOLATION', 'CROSS_SUBSYSTEM_NON_DEPENDENCY']","{'decoy_type': 'dead_unrelated_code', 'distractor_project': 'BATTERY_EV'}"
V3_DECOY_0331,SEMANTIC_DECOY,D1,BODY_ELECTRONICS,DECOY_SRC_0331,Requirement,Cabin temperature threshold regulation. [Decoy sample 7].,[],[],[],0.6667,HIGH,False,['BMS_Func_001'],NO_IMPACT,"['INDEPENDENT_DOMAIN_ISOLATION', 'CROSS_SUBSYSTEM_NON_DEPENDENCY']","{'decoy_type': 'same_words_diff_subsystem', 'distractor_project': 'BATTERY_EV'}"
V3_DECOY_0332,SEMANTIC_DECOY,D2,ADAS,DECOY_SRC_0332,Requirement,Emergency brake hydraulic pressure hold limit. [Decoy sample 7].,[],[],[],0.75,HIGH,False,['BODY_Func_005'],NO_IMPACT,"['INDEPENDENT_DOMAIN_ISOLATION', 'CROSS_SUBSYSTEM_NON_DEPENDENCY']","{'decoy_type': 'same_words_diff_ecu', 'distractor_project': 'BODY_ELECTRONICS'}"
V3_DECOY_0333,SEMANTIC_DECOY,D3,POWERTRAIN,DECOY_SRC_0333,Requirement,Safety threshold 50 milli-seconds trigger timeout. [Decoy sample 7].,[],[],[],0.75,HIGH,False,['ADAS_Func_022'],NO_IMPACT,"['INDEPENDENT_DOMAIN_ISOLATION', 'CROSS_SUBSYSTEM_NON_DEPENDENCY']","{'decoy_type': 'same_threshold_diff_param', 'distractor_project': 'ADAS'}"
V3_DECOY_0334,SEMANTIC_DECOY,D4,POWERTRAIN,DECOY_SRC_0334,Requirement,Raw sensor velocity pulse input filter. [Decoy sample 7].,[],[],[],0.75,HIGH,False,['BODY_Func_012'],NO_IMPACT,"['INDEPENDENT_DOMAIN_ISOLATION', 'CROSS_SUBSYSTEM_NON_DEPENDENCY']","{'decoy_type': 'same_signal_diff_semantics', 'distractor_project': 'BODY_ELECTRONICS'}"
V3_DECOY_0335,SEMANTIC_DECOY,D5,ADAS,DECOY_SRC_0335,Requirement,Parking brake holding torque calibration. [Decoy sample 7].,[],[],[],0.7143,HIGH,False,['PT_Func_010'],NO_IMPACT,"['INDEPENDENT_DOMAIN_ISOLATION', 'CROSS_SUBSYSTEM_NON_DEPENDENCY']","{'decoy_type': 'same_concept_diff_function', 'distractor_project': 'POWERTRAIN'}"
V3_DECOY_0336,SEMANTIC_DECOY,D6,ADAS,DECOY_SRC_0336,Requirement,ASIL D safety interlock watch-dog timer heartbeat. [Decoy sample 7].,[],[],[],0.7778,HIGH,False,['PT_Func_001'],NO_IMPACT,"['INDEPENDENT_DOMAIN_ISOLATION', 'CROSS_SUBSYSTEM_NON_DEPENDENCY']","{'decoy_type': 'same_asil_unrelated', 'distractor_project': 'POWERTRAIN'}"
V3_DECOY_0337,SEMANTIC_DECOY,D7,POWERTRAIN,DECOY_SRC_0337,Requirement,Motor rotor angular speed estimation. [Decoy sample 7].,[],[],[],0.7143,HIGH,False,['ADAS_Func_030'],NO_IMPACT,"['INDEPENDENT_DOMAIN_ISOLATION', 'CROSS_SUBSYSTEM_NON_DEPENDENCY']","{'decoy_type': 'same_physical_quantity_diff_control', 'distractor_project': 'ADAS'}"
V3_DECOY_0338,SEMANTIC_DECOY,D8,BODY_ELECTRONICS,DECOY_SRC_0338,Requirement,SOC service oriented communication message bus. [Decoy sample 7].,[],[],[],0.75,HIGH,False,['BMS_Func_002'],NO_IMPACT,"['INDEPENDENT_DOMAIN_ISOLATION', 'CROSS_SUBSYSTEM_NON_DEPENDENCY']","{'decoy_type': 'same_acronym_diff_meaning', 'distractor_project': 'BATTERY_EV'}"
V3_DECOY_0339,SEMANTIC_DECOY,D9,ADAS,DECOY_SRC_0339,Requirement,Software unit integration guidelines and conventions. [Decoy sample 7].,[],[],[],0.75,HIGH,False,['PT_Func_005'],NO_IMPACT,"['INDEPENDENT_DOMAIN_ISOLATION', 'CROSS_SUBSYSTEM_NON_DEPENDENCY']","{'decoy_type': 'documentation_terminology', 'distractor_project': 'POWERTRAIN'}"
V3_DECOY_0340,SEMANTIC_DECOY,D10,POWERTRAIN,DECOY_SRC_0340,Requirement,Deprecated diagnostic calibration routine placeholder. [Decoy sample 7].,[],[],[],0.7143,HIGH,False,['BMS_Func_020'],NO_IMPACT,"['INDEPENDENT_DOMAIN_ISOLATION', 'CROSS_SUBSYSTEM_NON_DEPENDENCY']","{'decoy_type': 'dead_unrelated_code', 'distractor_project': 'BATTERY_EV'}"
V3_DECOY_0341,SEMANTIC_DECOY,D1,BODY_ELECTRONICS,DECOY_SRC_0341,Requirement,Cabin temperature threshold regulation. [Decoy sample 8].,[],[],[],0.6667,HIGH,False,['BMS_Func_001'],NO_IMPACT,"['INDEPENDENT_DOMAIN_ISOLATION', 'CROSS_SUBSYSTEM_NON_DEPENDENCY']","{'decoy_type': 'same_words_diff_subsystem', 'distractor_project': 'BATTERY_EV'}"
V3_DECOY_0342,SEMANTIC_DECOY,D2,ADAS,DECOY_SRC_0342,Requirement,Emergency brake hydraulic pressure hold limit. [Decoy sample 8].,[],[],[],0.75,HIGH,False,['BODY_Func_005'],NO_IMPACT,"['INDEPENDENT_DOMAIN_ISOLATION', 'CROSS_SUBSYSTEM_NON_DEPENDENCY']","{'decoy_type': 'same_words_diff_ecu', 'distractor_project': 'BODY_ELECTRONICS'}"
V3_DECOY_0343,SEMANTIC_DECOY,D3,POWERTRAIN,DECOY_SRC_0343,Requirement,Safety threshold 50 milli-seconds trigger timeout. [Decoy sample 8].,[],[],[],0.75,HIGH,False,['ADAS_Func_022'],NO_IMPACT,"['INDEPENDENT_DOMAIN_ISOLATION', 'CROSS_SUBSYSTEM_NON_DEPENDENCY']","{'decoy_type': 'same_threshold_diff_param', 'distractor_project': 'ADAS'}"
V3_DECOY_0344,SEMANTIC_DECOY,D4,POWERTRAIN,DECOY_SRC_0344,Requirement,Raw sensor velocity pulse input filter. [Decoy sample 8].,[],[],[],0.75,HIGH,False,['BODY_Func_012'],NO_IMPACT,"['INDEPENDENT_DOMAIN_ISOLATION', 'CROSS_SUBSYSTEM_NON_DEPENDENCY']","{'decoy_type': 'same_signal_diff_semantics', 'distractor_project': 'BODY_ELECTRONICS'}"
V3_DECOY_0345,SEMANTIC_DECOY,D5,ADAS,DECOY_SRC_0345,Requirement,Parking brake holding torque calibration. [Decoy sample 8].,[],[],[],0.7143,HIGH,False,['PT_Func_010'],NO_IMPACT,"['INDEPENDENT_DOMAIN_ISOLATION', 'CROSS_SUBSYSTEM_NON_DEPENDENCY']","{'decoy_type': 'same_concept_diff_function', 'distractor_project': 'POWERTRAIN'}"
V3_DECOY_0346,SEMANTIC_DECOY,D6,ADAS,DECOY_SRC_0346,Requirement,ASIL D safety interlock watch-dog timer heartbeat. [Decoy sample 8].,[],[],[],0.7778,HIGH,False,['PT_Func_001'],NO_IMPACT,"['INDEPENDENT_DOMAIN_ISOLATION', 'CROSS_SUBSYSTEM_NON_DEPENDENCY']","{'decoy_type': 'same_asil_unrelated', 'distractor_project': 'POWERTRAIN'}"
V3_DECOY_0347,SEMANTIC_DECOY,D7,POWERTRAIN,DECOY_SRC_0347,Requirement,Motor rotor angular speed estimation. [Decoy sample 8].,[],[],[],0.7143,HIGH,False,['ADAS_Func_030'],NO_IMPACT,"['INDEPENDENT_DOMAIN_ISOLATION', 'CROSS_SUBSYSTEM_NON_DEPENDENCY']","{'decoy_type': 'same_physical_quantity_diff_control', 'distractor_project': 'ADAS'}"
V3_DECOY_0348,SEMANTIC_DECOY,D8,BODY_ELECTRONICS,DECOY_SRC_0348,Requirement,SOC service oriented communication message bus. [Decoy sample 8].,[],[],[],0.75,HIGH,False,['BMS_Func_002'],NO_IMPACT,"['INDEPENDENT_DOMAIN_ISOLATION', 'CROSS_SUBSYSTEM_NON_DEPENDENCY']","{'decoy_type': 'same_acronym_diff_meaning', 'distractor_project': 'BATTERY_EV'}"
V3_DECOY_0349,SEMANTIC_DECOY,D9,ADAS,DECOY_SRC_0349,Requirement,Software unit integration guidelines and conventions. [Decoy sample 8].,[],[],[],0.75,HIGH,False,['PT_Func_005'],NO_IMPACT,"['INDEPENDENT_DOMAIN_ISOLATION', 'CROSS_SUBSYSTEM_NON_DEPENDENCY']","{'decoy_type': 'documentation_terminology', 'distractor_project': 'POWERTRAIN'}"
V3_DECOY_0350,SEMANTIC_DECOY,D10,POWERTRAIN,DECOY_SRC_0350,Requirement,Deprecated diagnostic calibration routine placeholder. [Decoy sample 8].,[],[],[],0.7143,HIGH,False,['BMS_Func_020'],NO_IMPACT,"['INDEPENDENT_DOMAIN_ISOLATION', 'CROSS_SUBSYSTEM_NON_DEPENDENCY']","{'decoy_type': 'dead_unrelated_code', 'distractor_project': 'BATTERY_EV'}"
V3_DECOY_0351,SEMANTIC_DECOY,D1,BODY_ELECTRONICS,DECOY_SRC_0351,Requirement,Cabin temperature threshold regulation. [Decoy sample 9].,[],[],[],0.6667,HIGH,False,['BMS_Func_001'],NO_IMPACT,"['INDEPENDENT_DOMAIN_ISOLATION', 'CROSS_SUBSYSTEM_NON_DEPENDENCY']","{'decoy_type': 'same_words_diff_subsystem', 'distractor_project': 'BATTERY_EV'}"
V3_DECOY_0352,SEMANTIC_DECOY,D2,ADAS,DECOY_SRC_0352,Requirement,Emergency brake hydraulic pressure hold limit. [Decoy sample 9].,[],[],[],0.75,HIGH,False,['BODY_Func_005'],NO_IMPACT,"['INDEPENDENT_DOMAIN_ISOLATION', 'CROSS_SUBSYSTEM_NON_DEPENDENCY']","{'decoy_type': 'same_words_diff_ecu', 'distractor_project': 'BODY_ELECTRONICS'}"
V3_DECOY_0353,SEMANTIC_DECOY,D3,POWERTRAIN,DECOY_SRC_0353,Requirement,Safety threshold 50 milli-seconds trigger timeout. [Decoy sample 9].,[],[],[],0.75,HIGH,False,['ADAS_Func_022'],NO_IMPACT,"['INDEPENDENT_DOMAIN_ISOLATION', 'CROSS_SUBSYSTEM_NON_DEPENDENCY']","{'decoy_type': 'same_threshold_diff_param', 'distractor_project': 'ADAS'}"
V3_DECOY_0354,SEMANTIC_DECOY,D4,POWERTRAIN,DECOY_SRC_0354,Requirement,Raw sensor velocity pulse input filter. [Decoy sample 9].,[],[],[],0.75,HIGH,False,['BODY_Func_012'],NO_IMPACT,"['INDEPENDENT_DOMAIN_ISOLATION', 'CROSS_SUBSYSTEM_NON_DEPENDENCY']","{'decoy_type': 'same_signal_diff_semantics', 'distractor_project': 'BODY_ELECTRONICS'}"
V3_DECOY_0355,SEMANTIC_DECOY,D5,ADAS,DECOY_SRC_0355,Requirement,Parking brake holding torque calibration. [Decoy sample 9].,[],[],[],0.7143,HIGH,False,['PT_Func_010'],NO_IMPACT,"['INDEPENDENT_DOMAIN_ISOLATION', 'CROSS_SUBSYSTEM_NON_DEPENDENCY']","{'decoy_type': 'same_concept_diff_function', 'distractor_project': 'POWERTRAIN'}"
V3_DECOY_0356,SEMANTIC_DECOY,D6,ADAS,DECOY_SRC_0356,Requirement,ASIL D safety interlock watch-dog timer heartbeat. [Decoy sample 9].,[],[],[],0.7778,HIGH,False,['PT_Func_001'],NO_IMPACT,"['INDEPENDENT_DOMAIN_ISOLATION', 'CROSS_SUBSYSTEM_NON_DEPENDENCY']","{'decoy_type': 'same_asil_unrelated', 'distractor_project': 'POWERTRAIN'}"
V3_DECOY_0357,SEMANTIC_DECOY,D7,POWERTRAIN,DECOY_SRC_0357,Requirement,Motor rotor angular speed estimation. [Decoy sample 9].,[],[],[],0.7143,HIGH,False,['ADAS_Func_030'],NO_IMPACT,"['INDEPENDENT_DOMAIN_ISOLATION', 'CROSS_SUBSYSTEM_NON_DEPENDENCY']","{'decoy_type': 'same_physical_quantity_diff_control', 'distractor_project': 'ADAS'}"
V3_DECOY_0358,SEMANTIC_DECOY,D8,BODY_ELECTRONICS,DECOY_SRC_0358,Requirement,SOC service oriented communication message bus. [Decoy sample 9].,[],[],[],0.75,HIGH,False,['BMS_Func_002'],NO_IMPACT,"['INDEPENDENT_DOMAIN_ISOLATION', 'CROSS_SUBSYSTEM_NON_DEPENDENCY']","{'decoy_type': 'same_acronym_diff_meaning', 'distractor_project': 'BATTERY_EV'}"
V3_DECOY_0359,SEMANTIC_DECOY,D9,ADAS,DECOY_SRC_0359,Requirement,Software unit integration guidelines and conventions. [Decoy sample 9].,[],[],[],0.75,HIGH,False,['PT_Func_005'],NO_IMPACT,"['INDEPENDENT_DOMAIN_ISOLATION', 'CROSS_SUBSYSTEM_NON_DEPENDENCY']","{'decoy_type': 'documentation_terminology', 'distractor_project': 'POWERTRAIN'}"
V3_DECOY_0360,SEMANTIC_DECOY,D10,POWERTRAIN,DECOY_SRC_0360,Requirement,Deprecated diagnostic calibration routine placeholder. [Decoy sample 9].,[],[],[],0.7143,HIGH,False,['BMS_Func_020'],NO_IMPACT,"['INDEPENDENT_DOMAIN_ISOLATION', 'CROSS_SUBSYSTEM_NON_DEPENDENCY']","{'decoy_type': 'dead_unrelated_code', 'distractor_project': 'BATTERY_EV'}"
V3_DECOY_0361,SEMANTIC_DECOY,D1,BODY_ELECTRONICS,DECOY_SRC_0361,Requirement,Cabin temperature threshold regulation. [Decoy sample 10].,[],[],[],0.6667,HIGH,False,['BMS_Func_001'],NO_IMPACT,"['INDEPENDENT_DOMAIN_ISOLATION', 'CROSS_SUBSYSTEM_NON_DEPENDENCY']","{'decoy_type': 'same_words_diff_subsystem', 'distractor_project': 'BATTERY_EV'}"
V3_DECOY_0362,SEMANTIC_DECOY,D2,ADAS,DECOY_SRC_0362,Requirement,Emergency brake hydraulic pressure hold limit. [Decoy sample 10].,[],[],[],0.75,HIGH,False,['BODY_Func_005'],NO_IMPACT,"['INDEPENDENT_DOMAIN_ISOLATION', 'CROSS_SUBSYSTEM_NON_DEPENDENCY']","{'decoy_type': 'same_words_diff_ecu', 'distractor_project': 'BODY_ELECTRONICS'}"
V3_DECOY_0363,SEMANTIC_DECOY,D3,POWERTRAIN,DECOY_SRC_0363,Requirement,Safety threshold 50 milli-seconds trigger timeout. [Decoy sample 10].,[],[],[],0.75,HIGH,False,['ADAS_Func_022'],NO_IMPACT,"['INDEPENDENT_DOMAIN_ISOLATION', 'CROSS_SUBSYSTEM_NON_DEPENDENCY']","{'decoy_type': 'same_threshold_diff_param', 'distractor_project': 'ADAS'}"
V3_DECOY_0364,SEMANTIC_DECOY,D4,POWERTRAIN,DECOY_SRC_0364,Requirement,Raw sensor velocity pulse input filter. [Decoy sample 10].,[],[],[],0.75,HIGH,False,['BODY_Func_012'],NO_IMPACT,"['INDEPENDENT_DOMAIN_ISOLATION', 'CROSS_SUBSYSTEM_NON_DEPENDENCY']","{'decoy_type': 'same_signal_diff_semantics', 'distractor_project': 'BODY_ELECTRONICS'}"
V3_DECOY_0365,SEMANTIC_DECOY,D5,ADAS,DECOY_SRC_0365,Requirement,Parking brake holding torque calibration. [Decoy sample 10].,[],[],[],0.7143,HIGH,False,['PT_Func_010'],NO_IMPACT,"['INDEPENDENT_DOMAIN_ISOLATION', 'CROSS_SUBSYSTEM_NON_DEPENDENCY']","{'decoy_type': 'same_concept_diff_function', 'distractor_project': 'POWERTRAIN'}"
V3_DECOY_0366,SEMANTIC_DECOY,D6,ADAS,DECOY_SRC_0366,Requirement,ASIL D safety interlock watch-dog timer heartbeat. [Decoy sample 10].,[],[],[],0.7778,HIGH,False,['PT_Func_001'],NO_IMPACT,"['INDEPENDENT_DOMAIN_ISOLATION', 'CROSS_SUBSYSTEM_NON_DEPENDENCY']","{'decoy_type': 'same_asil_unrelated', 'distractor_project': 'POWERTRAIN'}"
V3_DECOY_0367,SEMANTIC_DECOY,D7,POWERTRAIN,DECOY_SRC_0367,Requirement,Motor rotor angular speed estimation. [Decoy sample 10].,[],[],[],0.7143,HIGH,False,['ADAS_Func_030'],NO_IMPACT,"['INDEPENDENT_DOMAIN_ISOLATION', 'CROSS_SUBSYSTEM_NON_DEPENDENCY']","{'decoy_type': 'same_physical_quantity_diff_control', 'distractor_project': 'ADAS'}"
V3_DECOY_0368,SEMANTIC_DECOY,D8,BODY_ELECTRONICS,DECOY_SRC_0368,Requirement,SOC service oriented communication message bus. [Decoy sample 10].,[],[],[],0.75,HIGH,False,['BMS_Func_002'],NO_IMPACT,"['INDEPENDENT_DOMAIN_ISOLATION', 'CROSS_SUBSYSTEM_NON_DEPENDENCY']","{'decoy_type': 'same_acronym_diff_meaning', 'distractor_project': 'BATTERY_EV'}"
V3_DECOY_0369,SEMANTIC_DECOY,D9,ADAS,DECOY_SRC_0369,Requirement,Software unit integration guidelines and conventions. [Decoy sample 10].,[],[],[],0.75,HIGH,False,['PT_Func_005'],NO_IMPACT,"['INDEPENDENT_DOMAIN_ISOLATION', 'CROSS_SUBSYSTEM_NON_DEPENDENCY']","{'decoy_type': 'documentation_terminology', 'distractor_project': 'POWERTRAIN'}"
V3_DECOY_0370,SEMANTIC_DECOY,D10,POWERTRAIN,DECOY_SRC_0370,Requirement,Deprecated diagnostic calibration routine placeholder. [Decoy sample 10].,[],[],[],0.7143,HIGH,False,['BMS_Func_020'],NO_IMPACT,"['INDEPENDENT_DOMAIN_ISOLATION', 'CROSS_SUBSYSTEM_NON_DEPENDENCY']","{'decoy_type': 'dead_unrelated_code', 'distractor_project': 'BATTERY_EV'}"
V3_DECOY_0371,SEMANTIC_DECOY,D1,BODY_ELECTRONICS,DECOY_SRC_0371,Requirement,Cabin temperature threshold regulation. [Decoy sample 11].,[],[],[],0.6667,HIGH,False,['BMS_Func_001'],NO_IMPACT,"['INDEPENDENT_DOMAIN_ISOLATION', 'CROSS_SUBSYSTEM_NON_DEPENDENCY']","{'decoy_type': 'same_words_diff_subsystem', 'distractor_project': 'BATTERY_EV'}"
V3_DECOY_0372,SEMANTIC_DECOY,D2,ADAS,DECOY_SRC_0372,Requirement,Emergency brake hydraulic pressure hold limit. [Decoy sample 11].,[],[],[],0.75,HIGH,False,['BODY_Func_005'],NO_IMPACT,"['INDEPENDENT_DOMAIN_ISOLATION', 'CROSS_SUBSYSTEM_NON_DEPENDENCY']","{'decoy_type': 'same_words_diff_ecu', 'distractor_project': 'BODY_ELECTRONICS'}"
V3_DECOY_0373,SEMANTIC_DECOY,D3,POWERTRAIN,DECOY_SRC_0373,Requirement,Safety threshold 50 milli-seconds trigger timeout. [Decoy sample 11].,[],[],[],0.75,HIGH,False,['ADAS_Func_022'],NO_IMPACT,"['INDEPENDENT_DOMAIN_ISOLATION', 'CROSS_SUBSYSTEM_NON_DEPENDENCY']","{'decoy_type': 'same_threshold_diff_param', 'distractor_project': 'ADAS'}"
V3_DECOY_0374,SEMANTIC_DECOY,D4,POWERTRAIN,DECOY_SRC_0374,Requirement,Raw sensor velocity pulse input filter. [Decoy sample 11].,[],[],[],0.75,HIGH,False,['BODY_Func_012'],NO_IMPACT,"['INDEPENDENT_DOMAIN_ISOLATION', 'CROSS_SUBSYSTEM_NON_DEPENDENCY']","{'decoy_type': 'same_signal_diff_semantics', 'distractor_project': 'BODY_ELECTRONICS'}"
V3_DECOY_0375,SEMANTIC_DECOY,D5,ADAS,DECOY_SRC_0375,Requirement,Parking brake holding torque calibration. [Decoy sample 11].,[],[],[],0.7143,HIGH,False,['PT_Func_010'],NO_IMPACT,"['INDEPENDENT_DOMAIN_ISOLATION', 'CROSS_SUBSYSTEM_NON_DEPENDENCY']","{'decoy_type': 'same_concept_diff_function', 'distractor_project': 'POWERTRAIN'}"
V3_DECOY_0376,SEMANTIC_DECOY,D6,ADAS,DECOY_SRC_0376,Requirement,ASIL D safety interlock watch-dog timer heartbeat. [Decoy sample 11].,[],[],[],0.7778,HIGH,False,['PT_Func_001'],NO_IMPACT,"['INDEPENDENT_DOMAIN_ISOLATION', 'CROSS_SUBSYSTEM_NON_DEPENDENCY']","{'decoy_type': 'same_asil_unrelated', 'distractor_project': 'POWERTRAIN'}"
V3_DECOY_0377,SEMANTIC_DECOY,D7,POWERTRAIN,DECOY_SRC_0377,Requirement,Motor rotor angular speed estimation. [Decoy sample 11].,[],[],[],0.7143,HIGH,False,['ADAS_Func_030'],NO_IMPACT,"['INDEPENDENT_DOMAIN_ISOLATION', 'CROSS_SUBSYSTEM_NON_DEPENDENCY']","{'decoy_type': 'same_physical_quantity_diff_control', 'distractor_project': 'ADAS'}"
V3_DECOY_0378,SEMANTIC_DECOY,D8,BODY_ELECTRONICS,DECOY_SRC_0378,Requirement,SOC service oriented communication message bus. [Decoy sample 11].,[],[],[],0.75,HIGH,False,['BMS_Func_002'],NO_IMPACT,"['INDEPENDENT_DOMAIN_ISOLATION', 'CROSS_SUBSYSTEM_NON_DEPENDENCY']","{'decoy_type': 'same_acronym_diff_meaning', 'distractor_project': 'BATTERY_EV'}"
V3_DECOY_0379,SEMANTIC_DECOY,D9,ADAS,DECOY_SRC_0379,Requirement,Software unit integration guidelines and conventions. [Decoy sample 11].,[],[],[],0.75,HIGH,False,['PT_Func_005'],NO_IMPACT,"['INDEPENDENT_DOMAIN_ISOLATION', 'CROSS_SUBSYSTEM_NON_DEPENDENCY']","{'decoy_type': 'documentation_terminology', 'distractor_project': 'POWERTRAIN'}"
V3_DECOY_0380,SEMANTIC_DECOY,D10,POWERTRAIN,DECOY_SRC_0380,Requirement,Deprecated diagnostic calibration routine placeholder. [Decoy sample 11].,[],[],[],0.7143,HIGH,False,['BMS_Func_020'],NO_IMPACT,"['INDEPENDENT_DOMAIN_ISOLATION', 'CROSS_SUBSYSTEM_NON_DEPENDENCY']","{'decoy_type': 'dead_unrelated_code', 'distractor_project': 'BATTERY_EV'}"
V3_DECOY_0381,SEMANTIC_DECOY,D1,BODY_ELECTRONICS,DECOY_SRC_0381,Requirement,Cabin temperature threshold regulation. [Decoy sample 12].,[],[],[],0.6667,HIGH,False,['BMS_Func_001'],NO_IMPACT,"['INDEPENDENT_DOMAIN_ISOLATION', 'CROSS_SUBSYSTEM_NON_DEPENDENCY']","{'decoy_type': 'same_words_diff_subsystem', 'distractor_project': 'BATTERY_EV'}"
V3_DECOY_0382,SEMANTIC_DECOY,D2,ADAS,DECOY_SRC_0382,Requirement,Emergency brake hydraulic pressure hold limit. [Decoy sample 12].,[],[],[],0.75,HIGH,False,['BODY_Func_005'],NO_IMPACT,"['INDEPENDENT_DOMAIN_ISOLATION', 'CROSS_SUBSYSTEM_NON_DEPENDENCY']","{'decoy_type': 'same_words_diff_ecu', 'distractor_project': 'BODY_ELECTRONICS'}"
V3_DECOY_0383,SEMANTIC_DECOY,D3,POWERTRAIN,DECOY_SRC_0383,Requirement,Safety threshold 50 milli-seconds trigger timeout. [Decoy sample 12].,[],[],[],0.75,HIGH,False,['ADAS_Func_022'],NO_IMPACT,"['INDEPENDENT_DOMAIN_ISOLATION', 'CROSS_SUBSYSTEM_NON_DEPENDENCY']","{'decoy_type': 'same_threshold_diff_param', 'distractor_project': 'ADAS'}"
V3_DECOY_0384,SEMANTIC_DECOY,D4,POWERTRAIN,DECOY_SRC_0384,Requirement,Raw sensor velocity pulse input filter. [Decoy sample 12].,[],[],[],0.75,HIGH,False,['BODY_Func_012'],NO_IMPACT,"['INDEPENDENT_DOMAIN_ISOLATION', 'CROSS_SUBSYSTEM_NON_DEPENDENCY']","{'decoy_type': 'same_signal_diff_semantics', 'distractor_project': 'BODY_ELECTRONICS'}"
V3_DECOY_0385,SEMANTIC_DECOY,D5,ADAS,DECOY_SRC_0385,Requirement,Parking brake holding torque calibration. [Decoy sample 12].,[],[],[],0.7143,HIGH,False,['PT_Func_010'],NO_IMPACT,"['INDEPENDENT_DOMAIN_ISOLATION', 'CROSS_SUBSYSTEM_NON_DEPENDENCY']","{'decoy_type': 'same_concept_diff_function', 'distractor_project': 'POWERTRAIN'}"
V3_DECOY_0386,SEMANTIC_DECOY,D6,ADAS,DECOY_SRC_0386,Requirement,ASIL D safety interlock watch-dog timer heartbeat. [Decoy sample 12].,[],[],[],0.7778,HIGH,False,['PT_Func_001'],NO_IMPACT,"['INDEPENDENT_DOMAIN_ISOLATION', 'CROSS_SUBSYSTEM_NON_DEPENDENCY']","{'decoy_type': 'same_asil_unrelated', 'distractor_project': 'POWERTRAIN'}"
V3_DECOY_0387,SEMANTIC_DECOY,D7,POWERTRAIN,DECOY_SRC_0387,Requirement,Motor rotor angular speed estimation. [Decoy sample 12].,[],[],[],0.7143,HIGH,False,['ADAS_Func_030'],NO_IMPACT,"['INDEPENDENT_DOMAIN_ISOLATION', 'CROSS_SUBSYSTEM_NON_DEPENDENCY']","{'decoy_type': 'same_physical_quantity_diff_control', 'distractor_project': 'ADAS'}"
V3_DECOY_0388,SEMANTIC_DECOY,D8,BODY_ELECTRONICS,DECOY_SRC_0388,Requirement,SOC service oriented communication message bus. [Decoy sample 12].,[],[],[],0.75,HIGH,False,['BMS_Func_002'],NO_IMPACT,"['INDEPENDENT_DOMAIN_ISOLATION', 'CROSS_SUBSYSTEM_NON_DEPENDENCY']","{'decoy_type': 'same_acronym_diff_meaning', 'distractor_project': 'BATTERY_EV'}"
V3_DECOY_0389,SEMANTIC_DECOY,D9,ADAS,DECOY_SRC_0389,Requirement,Software unit integration guidelines and conventions. [Decoy sample 12].,[],[],[],0.75,HIGH,False,['PT_Func_005'],NO_IMPACT,"['INDEPENDENT_DOMAIN_ISOLATION', 'CROSS_SUBSYSTEM_NON_DEPENDENCY']","{'decoy_type': 'documentation_terminology', 'distractor_project': 'POWERTRAIN'}"
V3_DECOY_0390,SEMANTIC_DECOY,D10,POWERTRAIN,DECOY_SRC_0390,Requirement,Deprecated diagnostic calibration routine placeholder. [Decoy sample 12].,[],[],[],0.7143,HIGH,False,['BMS_Func_020'],NO_IMPACT,"['INDEPENDENT_DOMAIN_ISOLATION', 'CROSS_SUBSYSTEM_NON_DEPENDENCY']","{'decoy_type': 'dead_unrelated_code', 'distractor_project': 'BATTERY_EV'}"
V3_AMB_0391,AMBIGUOUS,A1,ADAS,AMB_SRC_0391,Requirement,Temperature threshold shall initiate protective derate action. [Ambiguous specification variant 1].,[],[],[],0.0,LOW,False,[],REVIEW_REQUIRED,['FORMAL_AMBIGUITY_CLASSIFICATION'],{'ambiguity_type': 'underspecified_thermal'}
V3_AMB_0392,AMBIGUOUS,A2,ADAS,AMB_SRC_0392,Requirement,Communication timeout error shall trigger safety fail-safe state. [Ambiguous specification variant 1].,[],[],[],0.0,LOW,False,[],REVIEW_REQUIRED,['FORMAL_AMBIGUITY_CLASSIFICATION'],{'ambiguity_type': 'underspecified_timeout'}
V3_AMB_0393,AMBIGUOUS,A3,ADAS,AMB_SRC_0393,Requirement,Low voltage condition shall disable auxiliary power output. [Ambiguous specification variant 1].,[],[],[],0.0,LOW,False,[],REVIEW_REQUIRED,['FORMAL_AMBIGUITY_CLASSIFICATION'],{'ambiguity_type': 'underspecified_voltage'}
V3_AMB_0394,AMBIGUOUS,A4,ADAS,AMB_SRC_0394,Requirement,System fault code shall command controller reset. [Ambiguous specification variant 1].,[],[],[],0.0,LOW,False,[],REVIEW_REQUIRED,['FORMAL_AMBIGUITY_CLASSIFICATION'],{'ambiguity_type': 'generic_reset'}
V3_AMB_0395,AMBIGUOUS,A5,ADAS,AMB_SRC_0395,Requirement,Over-current protection shall disconnect load circuit. [Ambiguous specification variant 1].,[],[],[],0.0,LOW,False,[],REVIEW_REQUIRED,['FORMAL_AMBIGUITY_CLASSIFICATION'],{'ambiguity_type': 'generic_diagnostic'}
V3_AMB_0396,AMBIGUOUS,A1,POWERTRAIN,AMB_SRC_0396,Requirement,Temperature threshold shall initiate protective derate action. [Ambiguous specification variant 2].,[],[],[],0.0,LOW,False,[],REVIEW_REQUIRED,['FORMAL_AMBIGUITY_CLASSIFICATION'],{'ambiguity_type': 'underspecified_thermal'}
V3_AMB_0397,AMBIGUOUS,A2,POWERTRAIN,AMB_SRC_0397,Requirement,Communication timeout error shall trigger safety fail-safe state. [Ambiguous specification variant 2].,[],[],[],0.0,LOW,False,[],REVIEW_REQUIRED,['FORMAL_AMBIGUITY_CLASSIFICATION'],{'ambiguity_type': 'underspecified_timeout'}
V3_AMB_0398,AMBIGUOUS,A3,POWERTRAIN,AMB_SRC_0398,Requirement,Low voltage condition shall disable auxiliary power output. [Ambiguous specification variant 2].,[],[],[],0.0,LOW,False,[],REVIEW_REQUIRED,['FORMAL_AMBIGUITY_CLASSIFICATION'],{'ambiguity_type': 'underspecified_voltage'}
V3_AMB_0399,AMBIGUOUS,A4,POWERTRAIN,AMB_SRC_0399,Requirement,System fault code shall command controller reset. [Ambiguous specification variant 2].,[],[],[],0.0,LOW,False,[],REVIEW_REQUIRED,['FORMAL_AMBIGUITY_CLASSIFICATION'],{'ambiguity_type': 'generic_reset'}
V3_AMB_0400,AMBIGUOUS,A5,POWERTRAIN,AMB_SRC_0400,Requirement,Over-current protection shall disconnect load circuit. [Ambiguous specification variant 2].,[],[],[],0.0,LOW,False,[],REVIEW_REQUIRED,['FORMAL_AMBIGUITY_CLASSIFICATION'],{'ambiguity_type': 'generic_diagnostic'}
V3_AMB_0401,AMBIGUOUS,A1,BATTERY_EV,AMB_SRC_0401,Requirement,Temperature threshold shall initiate protective derate action. [Ambiguous specification variant 3].,[],[],[],0.0,LOW,False,[],REVIEW_REQUIRED,['FORMAL_AMBIGUITY_CLASSIFICATION'],{'ambiguity_type': 'underspecified_thermal'}
V3_AMB_0402,AMBIGUOUS,A2,BATTERY_EV,AMB_SRC_0402,Requirement,Communication timeout error shall trigger safety fail-safe state. [Ambiguous specification variant 3].,[],[],[],0.0,LOW,False,[],REVIEW_REQUIRED,['FORMAL_AMBIGUITY_CLASSIFICATION'],{'ambiguity_type': 'underspecified_timeout'}
V3_AMB_0403,AMBIGUOUS,A3,BATTERY_EV,AMB_SRC_0403,Requirement,Low voltage condition shall disable auxiliary power output. [Ambiguous specification variant 3].,[],[],[],0.0,LOW,False,[],REVIEW_REQUIRED,['FORMAL_AMBIGUITY_CLASSIFICATION'],{'ambiguity_type': 'underspecified_voltage'}
V3_AMB_0404,AMBIGUOUS,A4,BATTERY_EV,AMB_SRC_0404,Requirement,System fault code shall command controller reset. [Ambiguous specification variant 3].,[],[],[],0.0,LOW,False,[],REVIEW_REQUIRED,['FORMAL_AMBIGUITY_CLASSIFICATION'],{'ambiguity_type': 'generic_reset'}
V3_AMB_0405,AMBIGUOUS,A5,BATTERY_EV,AMB_SRC_0405,Requirement,Over-current protection shall disconnect load circuit. [Ambiguous specification variant 3].,[],[],[],0.0,LOW,False,[],REVIEW_REQUIRED,['FORMAL_AMBIGUITY_CLASSIFICATION'],{'ambiguity_type': 'generic_diagnostic'}
V3_AMB_0406,AMBIGUOUS,A1,BODY_ELECTRONICS,AMB_SRC_0406,Requirement,Temperature threshold shall initiate protective derate action. [Ambiguous specification variant 4].,[],[],[],0.0,LOW,False,[],REVIEW_REQUIRED,['FORMAL_AMBIGUITY_CLASSIFICATION'],{'ambiguity_type': 'underspecified_thermal'}
V3_AMB_0407,AMBIGUOUS,A2,BODY_ELECTRONICS,AMB_SRC_0407,Requirement,Communication timeout error shall trigger safety fail-safe state. [Ambiguous specification variant 4].,[],[],[],0.0,LOW,False,[],REVIEW_REQUIRED,['FORMAL_AMBIGUITY_CLASSIFICATION'],{'ambiguity_type': 'underspecified_timeout'}
V3_AMB_0408,AMBIGUOUS,A3,BODY_ELECTRONICS,AMB_SRC_0408,Requirement,Low voltage condition shall disable auxiliary power output. [Ambiguous specification variant 4].,[],[],[],0.0,LOW,False,[],REVIEW_REQUIRED,['FORMAL_AMBIGUITY_CLASSIFICATION'],{'ambiguity_type': 'underspecified_voltage'}
V3_AMB_0409,AMBIGUOUS,A4,BODY_ELECTRONICS,AMB_SRC_0409,Requirement,System fault code shall command controller reset. [Ambiguous specification variant 4].,[],[],[],0.0,LOW,False,[],REVIEW_REQUIRED,['FORMAL_AMBIGUITY_CLASSIFICATION'],{'ambiguity_type': 'generic_reset'}
V3_AMB_0410,AMBIGUOUS,A5,BODY_ELECTRONICS,AMB_SRC_0410,Requirement,Over-current protection shall disconnect load circuit. [Ambiguous specification variant 4].,[],[],[],0.0,LOW,False,[],REVIEW_REQUIRED,['FORMAL_AMBIGUITY_CLASSIFICATION'],{'ambiguity_type': 'generic_diagnostic'}
V3_AMB_0411,AMBIGUOUS,A1,ADAS,AMB_SRC_0411,Requirement,Temperature threshold shall initiate protective derate action. [Ambiguous specification variant 5].,[],[],[],0.0,LOW,False,[],REVIEW_REQUIRED,['FORMAL_AMBIGUITY_CLASSIFICATION'],{'ambiguity_type': 'underspecified_thermal'}
V3_AMB_0412,AMBIGUOUS,A2,ADAS,AMB_SRC_0412,Requirement,Communication timeout error shall trigger safety fail-safe state. [Ambiguous specification variant 5].,[],[],[],0.0,LOW,False,[],REVIEW_REQUIRED,['FORMAL_AMBIGUITY_CLASSIFICATION'],{'ambiguity_type': 'underspecified_timeout'}
V3_AMB_0413,AMBIGUOUS,A3,ADAS,AMB_SRC_0413,Requirement,Low voltage condition shall disable auxiliary power output. [Ambiguous specification variant 5].,[],[],[],0.0,LOW,False,[],REVIEW_REQUIRED,['FORMAL_AMBIGUITY_CLASSIFICATION'],{'ambiguity_type': 'underspecified_voltage'}
V3_AMB_0414,AMBIGUOUS,A4,ADAS,AMB_SRC_0414,Requirement,System fault code shall command controller reset. [Ambiguous specification variant 5].,[],[],[],0.0,LOW,False,[],REVIEW_REQUIRED,['FORMAL_AMBIGUITY_CLASSIFICATION'],{'ambiguity_type': 'generic_reset'}
V3_AMB_0415,AMBIGUOUS,A5,ADAS,AMB_SRC_0415,Requirement,Over-current protection shall disconnect load circuit. [Ambiguous specification variant 5].,[],[],[],0.0,LOW,False,[],REVIEW_REQUIRED,['FORMAL_AMBIGUITY_CLASSIFICATION'],{'ambiguity_type': 'generic_diagnostic'}
V3_AMB_0416,AMBIGUOUS,A1,POWERTRAIN,AMB_SRC_0416,Requirement,Temperature threshold shall initiate protective derate action. [Ambiguous specification variant 6].,[],[],[],0.0,LOW,False,[],REVIEW_REQUIRED,['FORMAL_AMBIGUITY_CLASSIFICATION'],{'ambiguity_type': 'underspecified_thermal'}
V3_AMB_0417,AMBIGUOUS,A2,POWERTRAIN,AMB_SRC_0417,Requirement,Communication timeout error shall trigger safety fail-safe state. [Ambiguous specification variant 6].,[],[],[],0.0,LOW,False,[],REVIEW_REQUIRED,['FORMAL_AMBIGUITY_CLASSIFICATION'],{'ambiguity_type': 'underspecified_timeout'}
V3_AMB_0418,AMBIGUOUS,A3,POWERTRAIN,AMB_SRC_0418,Requirement,Low voltage condition shall disable auxiliary power output. [Ambiguous specification variant 6].,[],[],[],0.0,LOW,False,[],REVIEW_REQUIRED,['FORMAL_AMBIGUITY_CLASSIFICATION'],{'ambiguity_type': 'underspecified_voltage'}
V3_AMB_0419,AMBIGUOUS,A4,POWERTRAIN,AMB_SRC_0419,Requirement,System fault code shall command controller reset. [Ambiguous specification variant 6].,[],[],[],0.0,LOW,False,[],REVIEW_REQUIRED,['FORMAL_AMBIGUITY_CLASSIFICATION'],{'ambiguity_type': 'generic_reset'}
V3_AMB_0420,AMBIGUOUS,A5,POWERTRAIN,AMB_SRC_0420,Requirement,Over-current protection shall disconnect load circuit. [Ambiguous specification variant 6].,[],[],[],0.0,LOW,False,[],REVIEW_REQUIRED,['FORMAL_AMBIGUITY_CLASSIFICATION'],{'ambiguity_type': 'generic_diagnostic'}
V3_AMB_0421,AMBIGUOUS,A1,BATTERY_EV,AMB_SRC_0421,Requirement,Temperature threshold shall initiate protective derate action. [Ambiguous specification variant 7].,[],[],[],0.0,LOW,False,[],REVIEW_REQUIRED,['FORMAL_AMBIGUITY_CLASSIFICATION'],{'ambiguity_type': 'underspecified_thermal'}
V3_AMB_0422,AMBIGUOUS,A2,BATTERY_EV,AMB_SRC_0422,Requirement,Communication timeout error shall trigger safety fail-safe state. [Ambiguous specification variant 7].,[],[],[],0.0,LOW,False,[],REVIEW_REQUIRED,['FORMAL_AMBIGUITY_CLASSIFICATION'],{'ambiguity_type': 'underspecified_timeout'}
V3_AMB_0423,AMBIGUOUS,A3,BATTERY_EV,AMB_SRC_0423,Requirement,Low voltage condition shall disable auxiliary power output. [Ambiguous specification variant 7].,[],[],[],0.0,LOW,False,[],REVIEW_REQUIRED,['FORMAL_AMBIGUITY_CLASSIFICATION'],{'ambiguity_type': 'underspecified_voltage'}
V3_AMB_0424,AMBIGUOUS,A4,BATTERY_EV,AMB_SRC_0424,Requirement,System fault code shall command controller reset. [Ambiguous specification variant 7].,[],[],[],0.0,LOW,False,[],REVIEW_REQUIRED,['FORMAL_AMBIGUITY_CLASSIFICATION'],{'ambiguity_type': 'generic_reset'}
V3_AMB_0425,AMBIGUOUS,A5,BATTERY_EV,AMB_SRC_0425,Requirement,Over-current protection shall disconnect load circuit. [Ambiguous specification variant 7].,[],[],[],0.0,LOW,False,[],REVIEW_REQUIRED,['FORMAL_AMBIGUITY_CLASSIFICATION'],{'ambiguity_type': 'generic_diagnostic'}
V3_AMB_0426,AMBIGUOUS,A1,BODY_ELECTRONICS,AMB_SRC_0426,Requirement,Temperature threshold shall initiate protective derate action. [Ambiguous specification variant 8].,[],[],[],0.0,LOW,False,[],REVIEW_REQUIRED,['FORMAL_AMBIGUITY_CLASSIFICATION'],{'ambiguity_type': 'underspecified_thermal'}
V3_AMB_0427,AMBIGUOUS,A2,BODY_ELECTRONICS,AMB_SRC_0427,Requirement,Communication timeout error shall trigger safety fail-safe state. [Ambiguous specification variant 8].,[],[],[],0.0,LOW,False,[],REVIEW_REQUIRED,['FORMAL_AMBIGUITY_CLASSIFICATION'],{'ambiguity_type': 'underspecified_timeout'}
V3_AMB_0428,AMBIGUOUS,A3,BODY_ELECTRONICS,AMB_SRC_0428,Requirement,Low voltage condition shall disable auxiliary power output. [Ambiguous specification variant 8].,[],[],[],0.0,LOW,False,[],REVIEW_REQUIRED,['FORMAL_AMBIGUITY_CLASSIFICATION'],{'ambiguity_type': 'underspecified_voltage'}
V3_AMB_0429,AMBIGUOUS,A4,BODY_ELECTRONICS,AMB_SRC_0429,Requirement,System fault code shall command controller reset. [Ambiguous specification variant 8].,[],[],[],0.0,LOW,False,[],REVIEW_REQUIRED,['FORMAL_AMBIGUITY_CLASSIFICATION'],{'ambiguity_type': 'generic_reset'}
V3_AMB_0430,AMBIGUOUS,A5,BODY_ELECTRONICS,AMB_SRC_0430,Requirement,Over-current protection shall disconnect load circuit. [Ambiguous specification variant 8].,[],[],[],0.0,LOW,False,[],REVIEW_REQUIRED,['FORMAL_AMBIGUITY_CLASSIFICATION'],{'ambiguity_type': 'generic_diagnostic'}
V3_AMB_0431,AMBIGUOUS,A1,ADAS,AMB_SRC_0431,Requirement,Temperature threshold shall initiate protective derate action. [Ambiguous specification variant 9].,[],[],[],0.0,LOW,False,[],REVIEW_REQUIRED,['FORMAL_AMBIGUITY_CLASSIFICATION'],{'ambiguity_type': 'underspecified_thermal'}
V3_AMB_0432,AMBIGUOUS,A2,ADAS,AMB_SRC_0432,Requirement,Communication timeout error shall trigger safety fail-safe state. [Ambiguous specification variant 9].,[],[],[],0.0,LOW,False,[],REVIEW_REQUIRED,['FORMAL_AMBIGUITY_CLASSIFICATION'],{'ambiguity_type': 'underspecified_timeout'}
V3_AMB_0433,AMBIGUOUS,A3,ADAS,AMB_SRC_0433,Requirement,Low voltage condition shall disable auxiliary power output. [Ambiguous specification variant 9].,[],[],[],0.0,LOW,False,[],REVIEW_REQUIRED,['FORMAL_AMBIGUITY_CLASSIFICATION'],{'ambiguity_type': 'underspecified_voltage'}
V3_AMB_0434,AMBIGUOUS,A4,ADAS,AMB_SRC_0434,Requirement,System fault code shall command controller reset. [Ambiguous specification variant 9].,[],[],[],0.0,LOW,False,[],REVIEW_REQUIRED,['FORMAL_AMBIGUITY_CLASSIFICATION'],{'ambiguity_type': 'generic_reset'}
V3_AMB_0435,AMBIGUOUS,A5,ADAS,AMB_SRC_0435,Requirement,Over-current protection shall disconnect load circuit. [Ambiguous specification variant 9].,[],[],[],0.0,LOW,False,[],REVIEW_REQUIRED,['FORMAL_AMBIGUITY_CLASSIFICATION'],{'ambiguity_type': 'generic_diagnostic'}
V3_AMB_0436,AMBIGUOUS,A1,POWERTRAIN,AMB_SRC_0436,Requirement,Temperature threshold shall initiate protective derate action. [Ambiguous specification variant 10].,[],[],[],0.0,LOW,False,[],REVIEW_REQUIRED,['FORMAL_AMBIGUITY_CLASSIFICATION'],{'ambiguity_type': 'underspecified_thermal'}
V3_AMB_0437,AMBIGUOUS,A2,POWERTRAIN,AMB_SRC_0437,Requirement,Communication timeout error shall trigger safety fail-safe state. [Ambiguous specification variant 10].,[],[],[],0.0,LOW,False,[],REVIEW_REQUIRED,['FORMAL_AMBIGUITY_CLASSIFICATION'],{'ambiguity_type': 'underspecified_timeout'}
V3_AMB_0438,AMBIGUOUS,A3,POWERTRAIN,AMB_SRC_0438,Requirement,Low voltage condition shall disable auxiliary power output. [Ambiguous specification variant 10].,[],[],[],0.0,LOW,False,[],REVIEW_REQUIRED,['FORMAL_AMBIGUITY_CLASSIFICATION'],{'ambiguity_type': 'underspecified_voltage'}
V3_AMB_0439,AMBIGUOUS,A4,POWERTRAIN,AMB_SRC_0439,Requirement,System fault code shall command controller reset. [Ambiguous specification variant 10].,[],[],[],0.0,LOW,False,[],REVIEW_REQUIRED,['FORMAL_AMBIGUITY_CLASSIFICATION'],{'ambiguity_type': 'generic_reset'}
V3_AMB_0440,AMBIGUOUS,A5,POWERTRAIN,AMB_SRC_0440,Requirement,Over-current protection shall disconnect load circuit. [Ambiguous specification variant 10].,[],[],[],0.0,LOW,False,[],REVIEW_REQUIRED,['FORMAL_AMBIGUITY_CLASSIFICATION'],{'ambiguity_type': 'generic_diagnostic'}
V3_AMB_0441,AMBIGUOUS,A1,BATTERY_EV,AMB_SRC_0441,Requirement,Temperature threshold shall initiate protective derate action. [Ambiguous specification variant 11].,[],[],[],0.0,LOW,False,[],REVIEW_REQUIRED,['FORMAL_AMBIGUITY_CLASSIFICATION'],{'ambiguity_type': 'underspecified_thermal'}
V3_AMB_0442,AMBIGUOUS,A2,BATTERY_EV,AMB_SRC_0442,Requirement,Communication timeout error shall trigger safety fail-safe state. [Ambiguous specification variant 11].,[],[],[],0.0,LOW,False,[],REVIEW_REQUIRED,['FORMAL_AMBIGUITY_CLASSIFICATION'],{'ambiguity_type': 'underspecified_timeout'}
V3_AMB_0443,AMBIGUOUS,A3,BATTERY_EV,AMB_SRC_0443,Requirement,Low voltage condition shall disable auxiliary power output. [Ambiguous specification variant 11].,[],[],[],0.0,LOW,False,[],REVIEW_REQUIRED,['FORMAL_AMBIGUITY_CLASSIFICATION'],{'ambiguity_type': 'underspecified_voltage'}
V3_AMB_0444,AMBIGUOUS,A4,BATTERY_EV,AMB_SRC_0444,Requirement,System fault code shall command controller reset. [Ambiguous specification variant 11].,[],[],[],0.0,LOW,False,[],REVIEW_REQUIRED,['FORMAL_AMBIGUITY_CLASSIFICATION'],{'ambiguity_type': 'generic_reset'}
V3_AMB_0445,AMBIGUOUS,A5,BATTERY_EV,AMB_SRC_0445,Requirement,Over-current protection shall disconnect load circuit. [Ambiguous specification variant 11].,[],[],[],0.0,LOW,False,[],REVIEW_REQUIRED,['FORMAL_AMBIGUITY_CLASSIFICATION'],{'ambiguity_type': 'generic_diagnostic'}
V3_AMB_0446,AMBIGUOUS,A1,BODY_ELECTRONICS,AMB_SRC_0446,Requirement,Temperature threshold shall initiate protective derate action. [Ambiguous specification variant 12].,[],[],[],0.0,LOW,False,[],REVIEW_REQUIRED,['FORMAL_AMBIGUITY_CLASSIFICATION'],{'ambiguity_type': 'underspecified_thermal'}
V3_AMB_0447,AMBIGUOUS,A2,BODY_ELECTRONICS,AMB_SRC_0447,Requirement,Communication timeout error shall trigger safety fail-safe state. [Ambiguous specification variant 12].,[],[],[],0.0,LOW,False,[],REVIEW_REQUIRED,['FORMAL_AMBIGUITY_CLASSIFICATION'],{'ambiguity_type': 'underspecified_timeout'}
V3_AMB_0448,AMBIGUOUS,A3,BODY_ELECTRONICS,AMB_SRC_0448,Requirement,Low voltage condition shall disable auxiliary power output. [Ambiguous specification variant 12].,[],[],[],0.0,LOW,False,[],REVIEW_REQUIRED,['FORMAL_AMBIGUITY_CLASSIFICATION'],{'ambiguity_type': 'underspecified_voltage'}
V3_AMB_0449,AMBIGUOUS,A4,BODY_ELECTRONICS,AMB_SRC_0449,Requirement,System fault code shall command controller reset. [Ambiguous specification variant 12].,[],[],[],0.0,LOW,False,[],REVIEW_REQUIRED,['FORMAL_AMBIGUITY_CLASSIFICATION'],{'ambiguity_type': 'generic_reset'}
V3_AMB_0450,AMBIGUOUS,A5,BODY_ELECTRONICS,AMB_SRC_0450,Requirement,Over-current protection shall disconnect load circuit. [Ambiguous specification variant 12].,[],[],[],0.0,LOW,False,[],REVIEW_REQUIRED,['FORMAL_AMBIGUITY_CLASSIFICATION'],{'ambiguity_type': 'generic_diagnostic'}
