case_id,benchmark_class,sub_category,project_id,method,lexical_overlap_category,token_overlap_score,recall,precision,f1,false_positive_rate,specificity,test_reduction,safety_recall,latency_ms
V3_EXP_0001,EXPLICIT_STRUCTURAL,S_DIRECT_PATH,ADAS,B0_Full_Suite,MEDIUM,0.25,1.0,0.0023,0.0045,1.0,0.0,0.0,1.0,0.1
V3_EXP_0001,EXPLICIT_STRUCTURAL,S_DIRECT_PATH,ADAS,B1_Keyword,MEDIUM,0.25,1.0,0.0435,0.0833,1.0,0.0,0.7529,1.0,0.649
V3_EXP_0001,EXPLICIT_STRUCTURAL,S_DIRECT_PATH,ADAS,B2_Raw_Embedding,MEDIUM,0.25,0.0,0.0,0.0,1.0,0.0,0.8824,1.0,0.821
V3_EXP_0001,EXPLICIT_STRUCTURAL,S_DIRECT_PATH,ADAS,B3_Graph_Only,MEDIUM,0.25,1.0,0.0556,0.1053,1.0,0.0,0.8588,1.0,0.088
V3_EXP_0001,EXPLICIT_STRUCTURAL,S_DIRECT_PATH,ADAS,B4_Contextual_Embedding,MEDIUM,0.25,0.0,0.0,0.0,1.0,0.0,0.8824,1.0,257.06
V3_EXP_0001,EXPLICIT_STRUCTURAL,S_DIRECT_PATH,ADAS,B5_AURA_Hybrid,MEDIUM,0.25,1.0,0.0556,0.1053,1.0,0.0,0.8588,1.0,0.182
V3_EXP_0002,EXPLICIT_STRUCTURAL,S_DIRECT_PATH,ADAS,B0_Full_Suite,LOW,0.0435,1.0,0.0023,0.0045,1.0,0.0,0.0,1.0,0.1
V3_EXP_0002,EXPLICIT_STRUCTURAL,S_DIRECT_PATH,ADAS,B1_Keyword,LOW,0.0435,0.0,0.0,0.0,1.0,0.0,0.7412,1.0,0.871
V3_EXP_0002,EXPLICIT_STRUCTURAL,S_DIRECT_PATH,ADAS,B2_Raw_Embedding,LOW,0.0435,0.0,0.0,0.0,1.0,0.0,0.8824,1.0,0.81
V3_EXP_0002,EXPLICIT_STRUCTURAL,S_DIRECT_PATH,ADAS,B3_Graph_Only,LOW,0.0435,1.0,0.0556,0.1053,1.0,0.0,0.8588,1.0,0.058
V3_EXP_0002,EXPLICIT_STRUCTURAL,S_DIRECT_PATH,ADAS,B4_Contextual_Embedding,LOW,0.0435,0.0,0.0,0.0,1.0,0.0,0.8824,1.0,237.361
V3_EXP_0002,EXPLICIT_STRUCTURAL,S_DIRECT_PATH,ADAS,B5_AURA_Hybrid,LOW,0.0435,1.0,0.0556,0.1053,1.0,0.0,0.8588,1.0,0.189
V3_EXP_0003,EXPLICIT_STRUCTURAL,S_DIRECT_PATH,ADAS,B0_Full_Suite,LOW,0.0435,1.0,0.0023,0.0045,1.0,0.0,0.0,1.0,0.1
V3_EXP_0003,EXPLICIT_STRUCTURAL,S_DIRECT_PATH,ADAS,B1_Keyword,LOW,0.0435,0.0,0.0,0.0,1.0,0.0,0.7647,1.0,0.869
V3_EXP_0003,EXPLICIT_STRUCTURAL,S_DIRECT_PATH,ADAS,B2_Raw_Embedding,LOW,0.0435,0.0,0.0,0.0,1.0,0.0,0.8824,1.0,0.797
V3_EXP_0003,EXPLICIT_STRUCTURAL,S_DIRECT_PATH,ADAS,B3_Graph_Only,LOW,0.0435,1.0,0.0556,0.1053,1.0,0.0,0.8588,1.0,0.052
V3_EXP_0003,EXPLICIT_STRUCTURAL,S_DIRECT_PATH,ADAS,B4_Contextual_Embedding,LOW,0.0435,0.0,0.0,0.0,1.0,0.0,0.8824,1.0,256.257
V3_EXP_0003,EXPLICIT_STRUCTURAL,S_DIRECT_PATH,ADAS,B5_AURA_Hybrid,LOW,0.0435,1.0,0.0556,0.1053,1.0,0.0,0.8588,1.0,0.182
V3_EXP_0004,EXPLICIT_STRUCTURAL,S_DIRECT_PATH,ADAS,B0_Full_Suite,LOW,0.0909,1.0,0.0023,0.0045,1.0,0.0,0.0,1.0,0.1
V3_EXP_0004,EXPLICIT_STRUCTURAL,S_DIRECT_PATH,ADAS,B1_Keyword,LOW,0.0909,0.0,0.0,0.0,1.0,0.0,0.7412,1.0,0.858
V3_EXP_0004,EXPLICIT_STRUCTURAL,S_DIRECT_PATH,ADAS,B2_Raw_Embedding,LOW,0.0909,0.0,0.0,0.0,1.0,0.0,0.8824,1.0,0.848
V3_EXP_0004,EXPLICIT_STRUCTURAL,S_DIRECT_PATH,ADAS,B3_Graph_Only,LOW,0.0909,1.0,0.0455,0.087,1.0,0.0,0.8588,1.0,0.066
V3_EXP_0004,EXPLICIT_STRUCTURAL,S_DIRECT_PATH,ADAS,B4_Contextual_Embedding,LOW,0.0909,0.0,0.0,0.0,1.0,0.0,0.8824,1.0,254.468
V3_EXP_0004,EXPLICIT_STRUCTURAL,S_DIRECT_PATH,ADAS,B5_AURA_Hybrid,LOW,0.0909,1.0,0.0455,0.087,1.0,0.0,0.8588,1.0,0.173
V3_EXP_0005,EXPLICIT_STRUCTURAL,S_DIRECT_PATH,ADAS,B0_Full_Suite,LOW,0.0435,1.0,0.0023,0.0045,1.0,0.0,0.0,1.0,0.1
V3_EXP_0005,EXPLICIT_STRUCTURAL,S_DIRECT_PATH,ADAS,B1_Keyword,LOW,0.0435,0.0,0.0,0.0,1.0,0.0,0.7529,1.0,0.837
V3_EXP_0005,EXPLICIT_STRUCTURAL,S_DIRECT_PATH,ADAS,B2_Raw_Embedding,LOW,0.0435,0.0,0.0,0.0,1.0,0.0,0.8824,1.0,0.806
V3_EXP_0005,EXPLICIT_STRUCTURAL,S_DIRECT_PATH,ADAS,B3_Graph_Only,LOW,0.0435,1.0,0.0455,0.087,1.0,0.0,0.8588,1.0,0.062
V3_EXP_0005,EXPLICIT_STRUCTURAL,S_DIRECT_PATH,ADAS,B4_Contextual_Embedding,LOW,0.0435,0.0,0.0,0.0,1.0,0.0,0.8824,1.0,237.341
V3_EXP_0005,EXPLICIT_STRUCTURAL,S_DIRECT_PATH,ADAS,B5_AURA_Hybrid,LOW,0.0435,1.0,0.0455,0.087,1.0,0.0,0.8588,1.0,0.15
V3_EXP_0006,EXPLICIT_STRUCTURAL,S_DIRECT_PATH,ADAS,B0_Full_Suite,LOW,0.0909,1.0,0.0023,0.0045,1.0,0.0,0.0,1.0,0.1
V3_EXP_0006,EXPLICIT_STRUCTURAL,S_DIRECT_PATH,ADAS,B1_Keyword,LOW,0.0909,0.0,0.0,0.0,1.0,0.0,0.7412,1.0,0.658
V3_EXP_0006,EXPLICIT_STRUCTURAL,S_DIRECT_PATH,ADAS,B2_Raw_Embedding,LOW,0.0909,0.0,0.0,0.0,1.0,0.0,0.8824,1.0,0.679
V3_EXP_0006,EXPLICIT_STRUCTURAL,S_DIRECT_PATH,ADAS,B3_Graph_Only,LOW,0.0909,1.0,0.0455,0.087,1.0,0.0,0.8706,1.0,0.055
V3_EXP_0006,EXPLICIT_STRUCTURAL,S_DIRECT_PATH,ADAS,B4_Contextual_Embedding,LOW,0.0909,0.0,0.0,0.0,1.0,0.0,0.8824,1.0,248.907
V3_EXP_0006,EXPLICIT_STRUCTURAL,S_DIRECT_PATH,ADAS,B5_AURA_Hybrid,LOW,0.0909,1.0,0.0455,0.087,1.0,0.0,0.8706,1.0,0.155
V3_EXP_0007,EXPLICIT_STRUCTURAL,S_DIRECT_PATH,ADAS,B0_Full_Suite,LOW,0.0909,1.0,0.0023,0.0045,1.0,0.0,0.0,1.0,0.1
V3_EXP_0007,EXPLICIT_STRUCTURAL,S_DIRECT_PATH,ADAS,B1_Keyword,LOW,0.0909,0.0,0.0,0.0,1.0,0.0,0.7529,1.0,0.695
V3_EXP_0007,EXPLICIT_STRUCTURAL,S_DIRECT_PATH,ADAS,B2_Raw_Embedding,LOW,0.0909,0.0,0.0,0.0,1.0,0.0,0.8824,1.0,0.746
V3_EXP_0007,EXPLICIT_STRUCTURAL,S_DIRECT_PATH,ADAS,B3_Graph_Only,LOW,0.0909,1.0,0.0455,0.087,1.0,0.0,0.8706,1.0,0.062
V3_EXP_0007,EXPLICIT_STRUCTURAL,S_DIRECT_PATH,ADAS,B4_Contextual_Embedding,LOW,0.0909,0.0,0.0,0.0,1.0,0.0,0.8824,1.0,272.617
V3_EXP_0007,EXPLICIT_STRUCTURAL,S_DIRECT_PATH,ADAS,B5_AURA_Hybrid,LOW,0.0909,1.0,0.0455,0.087,1.0,0.0,0.8706,1.0,0.137
V3_EXP_0008,EXPLICIT_STRUCTURAL,S_DIRECT_PATH,ADAS,B0_Full_Suite,LOW,0.0417,1.0,0.0023,0.0045,1.0,0.0,0.0,1.0,0.1
V3_EXP_0008,EXPLICIT_STRUCTURAL,S_DIRECT_PATH,ADAS,B1_Keyword,LOW,0.0417,0.0,0.0,0.0,1.0,0.0,0.7412,1.0,0.614
V3_EXP_0008,EXPLICIT_STRUCTURAL,S_DIRECT_PATH,ADAS,B2_Raw_Embedding,LOW,0.0417,0.0,0.0,0.0,1.0,0.0,0.8824,1.0,0.678
V3_EXP_0008,EXPLICIT_STRUCTURAL,S_DIRECT_PATH,ADAS,B3_Graph_Only,LOW,0.0417,1.0,0.0455,0.087,1.0,0.0,0.8706,1.0,0.05
V3_EXP_0008,EXPLICIT_STRUCTURAL,S_DIRECT_PATH,ADAS,B4_Contextual_Embedding,LOW,0.0417,0.0,0.0,0.0,1.0,0.0,0.8824,1.0,255.64
V3_EXP_0008,EXPLICIT_STRUCTURAL,S_DIRECT_PATH,ADAS,B5_AURA_Hybrid,LOW,0.0417,1.0,0.0455,0.087,1.0,0.0,0.8706,1.0,0.158
V3_EXP_0009,EXPLICIT_STRUCTURAL,S_DIRECT_PATH,ADAS,B0_Full_Suite,LOW,0.0455,1.0,0.0023,0.0045,1.0,0.0,0.0,1.0,0.1
V3_EXP_0009,EXPLICIT_STRUCTURAL,S_DIRECT_PATH,ADAS,B1_Keyword,LOW,0.0455,0.0,0.0,0.0,1.0,0.0,0.6706,1.0,0.709
V3_EXP_0009,EXPLICIT_STRUCTURAL,S_DIRECT_PATH,ADAS,B2_Raw_Embedding,LOW,0.0455,0.0,0.0,0.0,1.0,0.0,0.8824,1.0,0.744
V3_EXP_0009,EXPLICIT_STRUCTURAL,S_DIRECT_PATH,ADAS,B3_Graph_Only,LOW,0.0455,1.0,0.0455,0.087,1.0,0.0,0.8706,1.0,0.059
V3_EXP_0009,EXPLICIT_STRUCTURAL,S_DIRECT_PATH,ADAS,B4_Contextual_Embedding,LOW,0.0455,0.0,0.0,0.0,1.0,0.0,0.8824,1.0,231.885
V3_EXP_0009,EXPLICIT_STRUCTURAL,S_DIRECT_PATH,ADAS,B5_AURA_Hybrid,LOW,0.0455,1.0,0.0455,0.087,1.0,0.0,0.8706,1.0,0.159
V3_EXP_0010,EXPLICIT_STRUCTURAL,S_DIRECT_PATH,ADAS,B0_Full_Suite,LOW,0.0952,1.0,0.0023,0.0045,1.0,0.0,0.0,1.0,0.1
V3_EXP_0010,EXPLICIT_STRUCTURAL,S_DIRECT_PATH,ADAS,B1_Keyword,LOW,0.0952,0.0,0.0,0.0,1.0,0.0,0.6941,1.0,0.713
V3_EXP_0010,EXPLICIT_STRUCTURAL,S_DIRECT_PATH,ADAS,B2_Raw_Embedding,LOW,0.0952,0.0,0.0,0.0,1.0,0.0,0.8824,1.0,0.732
V3_EXP_0010,EXPLICIT_STRUCTURAL,S_DIRECT_PATH,ADAS,B3_Graph_Only,LOW,0.0952,1.0,0.0455,0.087,1.0,0.0,0.8706,1.0,0.059
V3_EXP_0010,EXPLICIT_STRUCTURAL,S_DIRECT_PATH,ADAS,B4_Contextual_Embedding,LOW,0.0952,0.0,0.0,0.0,1.0,0.0,0.8824,1.0,269.863
V3_EXP_0010,EXPLICIT_STRUCTURAL,S_DIRECT_PATH,ADAS,B5_AURA_Hybrid,LOW,0.0952,1.0,0.0455,0.087,1.0,0.0,0.8706,1.0,0.182
V3_EXP_0011,EXPLICIT_STRUCTURAL,S_DIRECT_PATH,ADAS,B0_Full_Suite,LOW,0.0435,1.0,0.0023,0.0045,1.0,0.0,0.0,1.0,0.1
V3_EXP_0011,EXPLICIT_STRUCTURAL,S_DIRECT_PATH,ADAS,B1_Keyword,LOW,0.0435,0.0,0.0,0.0,1.0,0.0,0.6706,1.0,0.731
V3_EXP_0011,EXPLICIT_STRUCTURAL,S_DIRECT_PATH,ADAS,B2_Raw_Embedding,LOW,0.0435,0.0,0.0,0.0,1.0,0.0,0.8824,1.0,0.764
V3_EXP_0011,EXPLICIT_STRUCTURAL,S_DIRECT_PATH,ADAS,B3_Graph_Only,LOW,0.0435,1.0,0.0556,0.1053,1.0,0.0,0.8588,1.0,0.052
V3_EXP_0011,EXPLICIT_STRUCTURAL,S_DIRECT_PATH,ADAS,B4_Contextual_Embedding,LOW,0.0435,0.0,0.0,0.0,1.0,0.0,0.8824,1.0,281.408
V3_EXP_0011,EXPLICIT_STRUCTURAL,S_DIRECT_PATH,ADAS,B5_AURA_Hybrid,LOW,0.0435,1.0,0.0556,0.1053,1.0,0.0,0.8588,1.0,0.13
V3_EXP_0012,EXPLICIT_STRUCTURAL,S_DIRECT_PATH,ADAS,B0_Full_Suite,MEDIUM,0.3529,1.0,0.0023,0.0045,1.0,0.0,0.0,1.0,0.1
V3_EXP_0012,EXPLICIT_STRUCTURAL,S_DIRECT_PATH,ADAS,B1_Keyword,MEDIUM,0.3529,1.0,0.0333,0.0645,1.0,0.0,0.6824,1.0,0.68
V3_EXP_0012,EXPLICIT_STRUCTURAL,S_DIRECT_PATH,ADAS,B2_Raw_Embedding,MEDIUM,0.3529,0.0,0.0,0.0,1.0,0.0,0.8824,1.0,0.704
V3_EXP_0012,EXPLICIT_STRUCTURAL,S_DIRECT_PATH,ADAS,B3_Graph_Only,MEDIUM,0.3529,1.0,0.0556,0.1053,1.0,0.0,0.8588,1.0,0.049
V3_EXP_0012,EXPLICIT_STRUCTURAL,S_DIRECT_PATH,ADAS,B4_Contextual_Embedding,MEDIUM,0.3529,1.0,0.1,0.1818,0.9,0.1,0.8941,1.0,262.135
V3_EXP_0012,EXPLICIT_STRUCTURAL,S_DIRECT_PATH,ADAS,B5_AURA_Hybrid,MEDIUM,0.3529,1.0,0.0556,0.1053,1.0,0.0,0.8588,1.0,0.189
V3_EXP_0013,EXPLICIT_STRUCTURAL,S_DIRECT_PATH,ADAS,B0_Full_Suite,LOW,0.0952,1.0,0.0023,0.0045,1.0,0.0,0.0,1.0,0.1
V3_EXP_0013,EXPLICIT_STRUCTURAL,S_DIRECT_PATH,ADAS,B1_Keyword,LOW,0.0952,0.0,0.0,0.0,1.0,0.0,0.6706,1.0,1.158
V3_EXP_0013,EXPLICIT_STRUCTURAL,S_DIRECT_PATH,ADAS,B2_Raw_Embedding,LOW,0.0952,0.0,0.0,0.0,1.0,0.0,0.8824,1.0,1.025
V3_EXP_0013,EXPLICIT_STRUCTURAL,S_DIRECT_PATH,ADAS,B3_Graph_Only,LOW,0.0952,1.0,0.0556,0.1053,1.0,0.0,0.8588,1.0,0.067
V3_EXP_0013,EXPLICIT_STRUCTURAL,S_DIRECT_PATH,ADAS,B4_Contextual_Embedding,LOW,0.0952,0.0,0.0,0.0,1.0,0.0,0.8824,1.0,224.651
V3_EXP_0013,EXPLICIT_STRUCTURAL,S_DIRECT_PATH,ADAS,B5_AURA_Hybrid,LOW,0.0952,1.0,0.0556,0.1053,1.0,0.0,0.8588,1.0,0.134
V3_EXP_0014,EXPLICIT_STRUCTURAL,S_DIRECT_PATH,ADAS,B0_Full_Suite,LOW,0.0952,1.0,0.0023,0.0045,1.0,0.0,0.0,1.0,0.1
V3_EXP_0014,EXPLICIT_STRUCTURAL,S_DIRECT_PATH,ADAS,B1_Keyword,LOW,0.0952,0.0,0.0,0.0,1.0,0.0,0.6824,1.0,0.768
V3_EXP_0014,EXPLICIT_STRUCTURAL,S_DIRECT_PATH,ADAS,B2_Raw_Embedding,LOW,0.0952,0.0,0.0,0.0,1.0,0.0,0.8824,1.0,0.702
V3_EXP_0014,EXPLICIT_STRUCTURAL,S_DIRECT_PATH,ADAS,B3_Graph_Only,LOW,0.0952,1.0,0.0455,0.087,1.0,0.0,0.8588,1.0,0.058
V3_EXP_0014,EXPLICIT_STRUCTURAL,S_DIRECT_PATH,ADAS,B4_Contextual_Embedding,LOW,0.0952,1.0,0.1,0.1818,0.9,0.1,0.8941,1.0,246.699
V3_EXP_0014,EXPLICIT_STRUCTURAL,S_DIRECT_PATH,ADAS,B5_AURA_Hybrid,LOW,0.0952,1.0,0.0455,0.087,1.0,0.0,0.8588,1.0,0.151
V3_EXP_0015,EXPLICIT_STRUCTURAL,S_DIRECT_PATH,ADAS,B0_Full_Suite,LOW,0.0455,1.0,0.0023,0.0045,1.0,0.0,0.0,1.0,0.1
V3_EXP_0015,EXPLICIT_STRUCTURAL,S_DIRECT_PATH,ADAS,B1_Keyword,LOW,0.0455,0.0,0.0,0.0,1.0,0.0,0.6706,1.0,0.672
V3_EXP_0015,EXPLICIT_STRUCTURAL,S_DIRECT_PATH,ADAS,B2_Raw_Embedding,LOW,0.0455,0.0,0.0,0.0,1.0,0.0,0.8824,1.0,0.689
V3_EXP_0015,EXPLICIT_STRUCTURAL,S_DIRECT_PATH,ADAS,B3_Graph_Only,LOW,0.0455,1.0,0.0455,0.087,1.0,0.0,0.8588,1.0,0.053
V3_EXP_0015,EXPLICIT_STRUCTURAL,S_DIRECT_PATH,ADAS,B4_Contextual_Embedding,LOW,0.0455,0.0,0.0,0.0,1.0,0.0,0.8824,1.0,244.094
V3_EXP_0015,EXPLICIT_STRUCTURAL,S_DIRECT_PATH,ADAS,B5_AURA_Hybrid,LOW,0.0455,1.0,0.0455,0.087,1.0,0.0,0.8588,1.0,0.126
V3_EXP_0016,EXPLICIT_STRUCTURAL,S_DIRECT_PATH,ADAS,B0_Full_Suite,LOW,0.0455,1.0,0.0023,0.0045,1.0,0.0,0.0,1.0,0.1
V3_EXP_0016,EXPLICIT_STRUCTURAL,S_DIRECT_PATH,ADAS,B1_Keyword,LOW,0.0455,0.0,0.0,0.0,1.0,0.0,0.6706,1.0,0.659
V3_EXP_0016,EXPLICIT_STRUCTURAL,S_DIRECT_PATH,ADAS,B2_Raw_Embedding,LOW,0.0455,0.0,0.0,0.0,1.0,0.0,0.8824,1.0,0.593
V3_EXP_0016,EXPLICIT_STRUCTURAL,S_DIRECT_PATH,ADAS,B3_Graph_Only,LOW,0.0455,1.0,0.0455,0.087,1.0,0.0,0.8706,1.0,0.046
V3_EXP_0016,EXPLICIT_STRUCTURAL,S_DIRECT_PATH,ADAS,B4_Contextual_Embedding,LOW,0.0455,0.0,0.0,0.0,1.0,0.0,0.8824,1.0,227.355
V3_EXP_0016,EXPLICIT_STRUCTURAL,S_DIRECT_PATH,ADAS,B5_AURA_Hybrid,LOW,0.0455,1.0,0.0455,0.087,1.0,0.0,0.8706,1.0,0.144
V3_EXP_0017,EXPLICIT_STRUCTURAL,S_DIRECT_PATH,ADAS,B0_Full_Suite,LOW,0.0455,1.0,0.0023,0.0045,1.0,0.0,0.0,1.0,0.1
V3_EXP_0017,EXPLICIT_STRUCTURAL,S_DIRECT_PATH,ADAS,B1_Keyword,LOW,0.0455,0.0,0.0,0.0,1.0,0.0,0.7529,1.0,0.68
V3_EXP_0017,EXPLICIT_STRUCTURAL,S_DIRECT_PATH,ADAS,B2_Raw_Embedding,LOW,0.0455,0.0,0.0,0.0,1.0,0.0,0.8941,1.0,0.696
V3_EXP_0017,EXPLICIT_STRUCTURAL,S_DIRECT_PATH,ADAS,B3_Graph_Only,LOW,0.0455,1.0,0.0455,0.087,1.0,0.0,0.8706,1.0,0.055
V3_EXP_0017,EXPLICIT_STRUCTURAL,S_DIRECT_PATH,ADAS,B4_Contextual_Embedding,LOW,0.0455,0.0,0.0,0.0,1.0,0.0,0.8824,1.0,240.1
V3_EXP_0017,EXPLICIT_STRUCTURAL,S_DIRECT_PATH,ADAS,B5_AURA_Hybrid,LOW,0.0455,1.0,0.0455,0.087,1.0,0.0,0.8706,1.0,0.132
V3_EXP_0018,EXPLICIT_STRUCTURAL,S_DIRECT_PATH,ADAS,B0_Full_Suite,LOW,0.0435,1.0,0.0023,0.0045,1.0,0.0,0.0,1.0,0.1
V3_EXP_0018,EXPLICIT_STRUCTURAL,S_DIRECT_PATH,ADAS,B1_Keyword,LOW,0.0435,0.0,0.0,0.0,1.0,0.0,0.7412,1.0,0.622
V3_EXP_0018,EXPLICIT_STRUCTURAL,S_DIRECT_PATH,ADAS,B2_Raw_Embedding,LOW,0.0435,0.0,0.0,0.0,1.0,0.0,0.8941,1.0,0.605
V3_EXP_0018,EXPLICIT_STRUCTURAL,S_DIRECT_PATH,ADAS,B3_Graph_Only,LOW,0.0435,1.0,0.0455,0.087,1.0,0.0,0.8706,1.0,0.044
V3_EXP_0018,EXPLICIT_STRUCTURAL,S_DIRECT_PATH,ADAS,B4_Contextual_Embedding,LOW,0.0435,0.0,0.0,0.0,1.0,0.0,0.8824,1.0,238.805
V3_EXP_0018,EXPLICIT_STRUCTURAL,S_DIRECT_PATH,ADAS,B5_AURA_Hybrid,LOW,0.0435,1.0,0.0455,0.087,1.0,0.0,0.8706,1.0,0.152
V3_EXP_0019,EXPLICIT_STRUCTURAL,S_DIRECT_PATH,ADAS,B0_Full_Suite,LOW,0.0952,1.0,0.0023,0.0045,1.0,0.0,0.0,1.0,0.1
V3_EXP_0019,EXPLICIT_STRUCTURAL,S_DIRECT_PATH,ADAS,B1_Keyword,LOW,0.0952,0.0,0.0,0.0,1.0,0.0,0.7647,1.0,0.702
V3_EXP_0019,EXPLICIT_STRUCTURAL,S_DIRECT_PATH,ADAS,B2_Raw_Embedding,LOW,0.0952,0.0,0.0,0.0,1.0,0.0,0.8941,1.0,0.755
V3_EXP_0019,EXPLICIT_STRUCTURAL,S_DIRECT_PATH,ADAS,B3_Graph_Only,LOW,0.0952,1.0,0.0455,0.087,1.0,0.0,0.8706,1.0,0.056
V3_EXP_0019,EXPLICIT_STRUCTURAL,S_DIRECT_PATH,ADAS,B4_Contextual_Embedding,LOW,0.0952,1.0,0.1,0.1818,0.9,0.1,0.8941,1.0,261.082
V3_EXP_0019,EXPLICIT_STRUCTURAL,S_DIRECT_PATH,ADAS,B5_AURA_Hybrid,LOW,0.0952,1.0,0.0455,0.087,1.0,0.0,0.8706,1.0,0.163
V3_EXP_0020,EXPLICIT_STRUCTURAL,S_DIRECT_PATH,ADAS,B0_Full_Suite,LOW,0.0455,1.0,0.0023,0.0045,1.0,0.0,0.0,1.0,0.1
V3_EXP_0020,EXPLICIT_STRUCTURAL,S_DIRECT_PATH,ADAS,B1_Keyword,LOW,0.0455,0.0,0.0,0.0,1.0,0.0,0.7412,1.0,0.772
V3_EXP_0020,EXPLICIT_STRUCTURAL,S_DIRECT_PATH,ADAS,B2_Raw_Embedding,LOW,0.0455,0.0,0.0,0.0,1.0,0.0,0.8941,1.0,0.741
V3_EXP_0020,EXPLICIT_STRUCTURAL,S_DIRECT_PATH,ADAS,B3_Graph_Only,LOW,0.0455,1.0,0.0455,0.087,1.0,0.0,0.8706,1.0,0.051
V3_EXP_0020,EXPLICIT_STRUCTURAL,S_DIRECT_PATH,ADAS,B4_Contextual_Embedding,LOW,0.0455,0.0,0.0,0.0,1.0,0.0,0.8824,1.0,228.231
V3_EXP_0020,EXPLICIT_STRUCTURAL,S_DIRECT_PATH,ADAS,B5_AURA_Hybrid,LOW,0.0455,1.0,0.0455,0.087,1.0,0.0,0.8706,1.0,0.157
V3_EXP_0021,EXPLICIT_STRUCTURAL,S_DIRECT_PATH,ADAS,B0_Full_Suite,LOW,0.0909,1.0,0.0023,0.0045,1.0,0.0,0.0,1.0,0.1
V3_EXP_0021,EXPLICIT_STRUCTURAL,S_DIRECT_PATH,ADAS,B1_Keyword,LOW,0.0909,0.0,0.0,0.0,1.0,0.0,0.7647,1.0,0.727
V3_EXP_0021,EXPLICIT_STRUCTURAL,S_DIRECT_PATH,ADAS,B2_Raw_Embedding,LOW,0.0909,0.0,0.0,0.0,1.0,0.0,0.8941,1.0,0.734
V3_EXP_0021,EXPLICIT_STRUCTURAL,S_DIRECT_PATH,ADAS,B3_Graph_Only,LOW,0.0909,1.0,0.0556,0.1053,1.0,0.0,0.8588,1.0,0.05
V3_EXP_0021,EXPLICIT_STRUCTURAL,S_DIRECT_PATH,ADAS,B4_Contextual_Embedding,LOW,0.0909,0.0,0.0,0.0,1.0,0.0,0.8824,1.0,256.236
V3_EXP_0021,EXPLICIT_STRUCTURAL,S_DIRECT_PATH,ADAS,B5_AURA_Hybrid,LOW,0.0909,1.0,0.0556,0.1053,1.0,0.0,0.8588,1.0,0.15
V3_EXP_0022,EXPLICIT_STRUCTURAL,S_DIRECT_PATH,ADAS,B0_Full_Suite,LOW,0.0952,1.0,0.0023,0.0045,1.0,0.0,0.0,1.0,0.1
V3_EXP_0022,EXPLICIT_STRUCTURAL,S_DIRECT_PATH,ADAS,B1_Keyword,LOW,0.0952,0.0,0.0,0.0,1.0,0.0,0.7412,1.0,0.77
V3_EXP_0022,EXPLICIT_STRUCTURAL,S_DIRECT_PATH,ADAS,B2_Raw_Embedding,LOW,0.0952,0.0,0.0,0.0,1.0,0.0,0.8941,1.0,0.78
V3_EXP_0022,EXPLICIT_STRUCTURAL,S_DIRECT_PATH,ADAS,B3_Graph_Only,LOW,0.0952,1.0,0.0556,0.1053,1.0,0.0,0.8588,1.0,0.053
V3_EXP_0022,EXPLICIT_STRUCTURAL,S_DIRECT_PATH,ADAS,B4_Contextual_Embedding,LOW,0.0952,0.0,0.0,0.0,1.0,0.0,0.8824,1.0,260.633
V3_EXP_0022,EXPLICIT_STRUCTURAL,S_DIRECT_PATH,ADAS,B5_AURA_Hybrid,LOW,0.0952,1.0,0.0556,0.1053,1.0,0.0,0.8588,1.0,0.123
V3_EXP_0023,EXPLICIT_STRUCTURAL,S_DIRECT_PATH,ADAS,B0_Full_Suite,HIGH,0.4375,1.0,0.0023,0.0045,1.0,0.0,0.0,1.0,0.1
V3_EXP_0023,EXPLICIT_STRUCTURAL,S_DIRECT_PATH,ADAS,B1_Keyword,HIGH,0.4375,1.0,0.0435,0.0833,1.0,0.0,0.7412,1.0,0.746
V3_EXP_0023,EXPLICIT_STRUCTURAL,S_DIRECT_PATH,ADAS,B2_Raw_Embedding,HIGH,0.4375,1.0,0.1,0.1818,0.9,0.1,0.8941,1.0,0.772
V3_EXP_0023,EXPLICIT_STRUCTURAL,S_DIRECT_PATH,ADAS,B3_Graph_Only,HIGH,0.4375,1.0,0.0556,0.1053,1.0,0.0,0.8588,1.0,0.048
V3_EXP_0023,EXPLICIT_STRUCTURAL,S_DIRECT_PATH,ADAS,B4_Contextual_Embedding,HIGH,0.4375,1.0,0.1,0.1818,0.9,0.1,0.8941,1.0,267.829
V3_EXP_0023,EXPLICIT_STRUCTURAL,S_DIRECT_PATH,ADAS,B5_AURA_Hybrid,HIGH,0.4375,1.0,0.0556,0.1053,1.0,0.0,0.8588,1.0,0.14
V3_EXP_0024,EXPLICIT_STRUCTURAL,S_DIRECT_PATH,ADAS,B0_Full_Suite,LOW,0.0455,1.0,0.0023,0.0045,1.0,0.0,0.0,1.0,0.1
V3_EXP_0024,EXPLICIT_STRUCTURAL,S_DIRECT_PATH,ADAS,B1_Keyword,LOW,0.0455,0.0,0.0,0.0,1.0,0.0,0.7412,1.0,0.715
V3_EXP_0024,EXPLICIT_STRUCTURAL,S_DIRECT_PATH,ADAS,B2_Raw_Embedding,LOW,0.0455,0.0,0.0,0.0,1.0,0.0,0.8941,1.0,0.779
V3_EXP_0024,EXPLICIT_STRUCTURAL,S_DIRECT_PATH,ADAS,B3_Graph_Only,LOW,0.0455,1.0,0.0455,0.087,1.0,0.0,0.8588,1.0,0.066
V3_EXP_0024,EXPLICIT_STRUCTURAL,S_DIRECT_PATH,ADAS,B4_Contextual_Embedding,LOW,0.0455,0.0,0.0,0.0,1.0,0.0,0.8824,1.0,224.186
V3_EXP_0024,EXPLICIT_STRUCTURAL,S_DIRECT_PATH,ADAS,B5_AURA_Hybrid,LOW,0.0455,1.0,0.0455,0.087,1.0,0.0,0.8588,1.0,0.134
V3_EXP_0025,EXPLICIT_STRUCTURAL,S_DIRECT_PATH,ADAS,B0_Full_Suite,LOW,0.0909,1.0,0.0023,0.0045,1.0,0.0,0.0,1.0,0.1
V3_EXP_0025,EXPLICIT_STRUCTURAL,S_DIRECT_PATH,ADAS,B1_Keyword,LOW,0.0909,0.0,0.0,0.0,1.0,0.0,0.7529,1.0,0.589
V3_EXP_0025,EXPLICIT_STRUCTURAL,S_DIRECT_PATH,ADAS,B2_Raw_Embedding,LOW,0.0909,0.0,0.0,0.0,1.0,0.0,0.8824,1.0,0.591
V3_EXP_0025,EXPLICIT_STRUCTURAL,S_DIRECT_PATH,ADAS,B3_Graph_Only,LOW,0.0909,1.0,0.0455,0.087,1.0,0.0,0.8588,1.0,0.047
V3_EXP_0025,EXPLICIT_STRUCTURAL,S_DIRECT_PATH,ADAS,B4_Contextual_Embedding,LOW,0.0909,0.0,0.0,0.0,1.0,0.0,0.8824,1.0,251.309
V3_EXP_0025,EXPLICIT_STRUCTURAL,S_DIRECT_PATH,ADAS,B5_AURA_Hybrid,LOW,0.0909,1.0,0.0455,0.087,1.0,0.0,0.8588,1.0,0.159
V3_EXP_0026,EXPLICIT_STRUCTURAL,S_DIRECT_PATH,ADAS,B0_Full_Suite,LOW,0.0435,1.0,0.0023,0.0045,1.0,0.0,0.0,1.0,0.1
V3_EXP_0026,EXPLICIT_STRUCTURAL,S_DIRECT_PATH,ADAS,B1_Keyword,LOW,0.0435,0.0,0.0,0.0,1.0,0.0,0.7529,1.0,0.827
V3_EXP_0026,EXPLICIT_STRUCTURAL,S_DIRECT_PATH,ADAS,B2_Raw_Embedding,LOW,0.0435,0.0,0.0,0.0,1.0,0.0,0.8824,1.0,0.753
V3_EXP_0026,EXPLICIT_STRUCTURAL,S_DIRECT_PATH,ADAS,B3_Graph_Only,LOW,0.0435,1.0,0.0455,0.087,1.0,0.0,0.8706,1.0,0.065
V3_EXP_0026,EXPLICIT_STRUCTURAL,S_DIRECT_PATH,ADAS,B4_Contextual_Embedding,LOW,0.0435,0.0,0.0,0.0,1.0,0.0,0.8824,1.0,254.545
V3_EXP_0026,EXPLICIT_STRUCTURAL,S_DIRECT_PATH,ADAS,B5_AURA_Hybrid,LOW,0.0435,1.0,0.0455,0.087,1.0,0.0,0.8706,1.0,0.145
V3_EXP_0027,EXPLICIT_STRUCTURAL,S_DIRECT_PATH,ADAS,B0_Full_Suite,LOW,0.0435,1.0,0.0023,0.0045,1.0,0.0,0.0,1.0,0.1
V3_EXP_0027,EXPLICIT_STRUCTURAL,S_DIRECT_PATH,ADAS,B1_Keyword,LOW,0.0435,0.0,0.0,0.0,1.0,0.0,0.7529,1.0,0.625
V3_EXP_0027,EXPLICIT_STRUCTURAL,S_DIRECT_PATH,ADAS,B2_Raw_Embedding,LOW,0.0435,0.0,0.0,0.0,1.0,0.0,0.8824,1.0,0.551
V3_EXP_0027,EXPLICIT_STRUCTURAL,S_DIRECT_PATH,ADAS,B3_Graph_Only,LOW,0.0435,1.0,0.0455,0.087,1.0,0.0,0.8706,1.0,0.045
V3_EXP_0027,EXPLICIT_STRUCTURAL,S_DIRECT_PATH,ADAS,B4_Contextual_Embedding,LOW,0.0435,0.0,0.0,0.0,1.0,0.0,0.8824,1.0,230.114
V3_EXP_0027,EXPLICIT_STRUCTURAL,S_DIRECT_PATH,ADAS,B5_AURA_Hybrid,LOW,0.0435,1.0,0.0455,0.087,1.0,0.0,0.8706,1.0,0.163
V3_EXP_0028,EXPLICIT_STRUCTURAL,S_DIRECT_PATH,ADAS,B0_Full_Suite,LOW,0.0417,1.0,0.0023,0.0045,1.0,0.0,0.0,1.0,0.1
V3_EXP_0028,EXPLICIT_STRUCTURAL,S_DIRECT_PATH,ADAS,B1_Keyword,LOW,0.0417,0.0,0.0,0.0,1.0,0.0,0.7529,1.0,0.692
V3_EXP_0028,EXPLICIT_STRUCTURAL,S_DIRECT_PATH,ADAS,B2_Raw_Embedding,LOW,0.0417,0.0,0.0,0.0,1.0,0.0,0.8824,1.0,0.698
V3_EXP_0028,EXPLICIT_STRUCTURAL,S_DIRECT_PATH,ADAS,B3_Graph_Only,LOW,0.0417,1.0,0.0455,0.087,1.0,0.0,0.8706,1.0,0.062
V3_EXP_0028,EXPLICIT_STRUCTURAL,S_DIRECT_PATH,ADAS,B4_Contextual_Embedding,LOW,0.0417,0.0,0.0,0.0,1.0,0.0,0.8824,1.0,254.123
V3_EXP_0028,EXPLICIT_STRUCTURAL,S_DIRECT_PATH,ADAS,B5_AURA_Hybrid,LOW,0.0417,1.0,0.0455,0.087,1.0,0.0,0.8706,1.0,0.163
V3_EXP_0029,EXPLICIT_STRUCTURAL,S_DIRECT_PATH,ADAS,B0_Full_Suite,LOW,0.0435,1.0,0.0023,0.0045,1.0,0.0,0.0,1.0,0.1
V3_EXP_0029,EXPLICIT_STRUCTURAL,S_DIRECT_PATH,ADAS,B1_Keyword,LOW,0.0435,0.0,0.0,0.0,1.0,0.0,0.7529,1.0,0.719
V3_EXP_0029,EXPLICIT_STRUCTURAL,S_DIRECT_PATH,ADAS,B2_Raw_Embedding,LOW,0.0435,0.0,0.0,0.0,1.0,0.0,0.8824,1.0,0.686
V3_EXP_0029,EXPLICIT_STRUCTURAL,S_DIRECT_PATH,ADAS,B3_Graph_Only,LOW,0.0435,1.0,0.0455,0.087,1.0,0.0,0.8706,1.0,0.057
V3_EXP_0029,EXPLICIT_STRUCTURAL,S_DIRECT_PATH,ADAS,B4_Contextual_Embedding,LOW,0.0435,0.0,0.0,0.0,1.0,0.0,0.8824,1.0,277.839
V3_EXP_0029,EXPLICIT_STRUCTURAL,S_DIRECT_PATH,ADAS,B5_AURA_Hybrid,LOW,0.0435,1.0,0.0455,0.087,1.0,0.0,0.8706,1.0,0.152
V3_EXP_0030,EXPLICIT_STRUCTURAL,S_DIRECT_PATH,ADAS,B0_Full_Suite,LOW,0.0435,1.0,0.0023,0.0045,1.0,0.0,0.0,1.0,0.1
V3_EXP_0030,EXPLICIT_STRUCTURAL,S_DIRECT_PATH,ADAS,B1_Keyword,LOW,0.0435,0.0,0.0,0.0,1.0,0.0,0.7529,1.0,0.716
V3_EXP_0030,EXPLICIT_STRUCTURAL,S_DIRECT_PATH,ADAS,B2_Raw_Embedding,LOW,0.0435,0.0,0.0,0.0,1.0,0.0,0.8824,1.0,0.813
V3_EXP_0030,EXPLICIT_STRUCTURAL,S_DIRECT_PATH,ADAS,B3_Graph_Only,LOW,0.0435,1.0,0.0455,0.087,1.0,0.0,0.8706,1.0,0.066
V3_EXP_0030,EXPLICIT_STRUCTURAL,S_DIRECT_PATH,ADAS,B4_Contextual_Embedding,LOW,0.0435,0.0,0.0,0.0,1.0,0.0,0.8824,1.0,249.371
V3_EXP_0030,EXPLICIT_STRUCTURAL,S_DIRECT_PATH,ADAS,B5_AURA_Hybrid,LOW,0.0435,1.0,0.0455,0.087,1.0,0.0,0.8706,1.0,0.157
V3_EXP_0031,EXPLICIT_STRUCTURAL,S_DIRECT_PATH,POWERTRAIN,B0_Full_Suite,LOW,0.0455,1.0,0.0031,0.0062,1.0,0.0,0.0,1.0,0.1
V3_EXP_0031,EXPLICIT_STRUCTURAL,S_DIRECT_PATH,POWERTRAIN,B1_Keyword,LOW,0.0455,0.0,0.0,0.0,1.0,0.0,0.0,1.0,0.715
V3_EXP_0031,EXPLICIT_STRUCTURAL,S_DIRECT_PATH,POWERTRAIN,B2_Raw_Embedding,LOW,0.0455,0.0,0.0,0.0,1.0,0.0,0.5125,1.0,0.65
V3_EXP_0031,EXPLICIT_STRUCTURAL,S_DIRECT_PATH,POWERTRAIN,B3_Graph_Only,LOW,0.0455,1.0,0.0714,0.1333,1.0,0.0,0.8625,1.0,0.054
V3_EXP_0031,EXPLICIT_STRUCTURAL,S_DIRECT_PATH,POWERTRAIN,B4_Contextual_Embedding,LOW,0.0455,0.0,0.0,0.0,1.0,0.0,0.525,1.0,206.526
V3_EXP_0031,EXPLICIT_STRUCTURAL,S_DIRECT_PATH,POWERTRAIN,B5_AURA_Hybrid,LOW,0.0455,1.0,0.0714,0.1333,1.0,0.0,0.8625,1.0,0.121
V3_EXP_0032,EXPLICIT_STRUCTURAL,S_DIRECT_PATH,POWERTRAIN,B0_Full_Suite,LOW,0.05,1.0,0.0031,0.0062,1.0,0.0,0.0,1.0,0.1
V3_EXP_0032,EXPLICIT_STRUCTURAL,S_DIRECT_PATH,POWERTRAIN,B1_Keyword,LOW,0.05,0.0,0.0,0.0,1.0,0.0,0.0,1.0,0.781
V3_EXP_0032,EXPLICIT_STRUCTURAL,S_DIRECT_PATH,POWERTRAIN,B2_Raw_Embedding,LOW,0.05,0.0,0.0,0.0,1.0,0.0,0.5125,1.0,0.617
V3_EXP_0032,EXPLICIT_STRUCTURAL,S_DIRECT_PATH,POWERTRAIN,B3_Graph_Only,LOW,0.05,1.0,0.0714,0.1333,1.0,0.0,0.8625,1.0,0.045
V3_EXP_0032,EXPLICIT_STRUCTURAL,S_DIRECT_PATH,POWERTRAIN,B4_Contextual_Embedding,LOW,0.05,0.0,0.0,0.0,1.0,0.0,0.525,1.0,236.36
V3_EXP_0032,EXPLICIT_STRUCTURAL,S_DIRECT_PATH,POWERTRAIN,B5_AURA_Hybrid,LOW,0.05,1.0,0.0714,0.1333,1.0,0.0,0.8625,1.0,0.116
V3_EXP_0033,EXPLICIT_STRUCTURAL,S_DIRECT_PATH,POWERTRAIN,B0_Full_Suite,LOW,0.0,1.0,0.0031,0.0062,1.0,0.0,0.0,1.0,0.1
V3_EXP_0033,EXPLICIT_STRUCTURAL,S_DIRECT_PATH,POWERTRAIN,B1_Keyword,LOW,0.0,0.0,0.0,0.0,1.0,0.0,0.0,1.0,0.688
V3_EXP_0033,EXPLICIT_STRUCTURAL,S_DIRECT_PATH,POWERTRAIN,B2_Raw_Embedding,LOW,0.0,0.0,0.0,0.0,1.0,0.0,0.5125,1.0,0.63
V3_EXP_0033,EXPLICIT_STRUCTURAL,S_DIRECT_PATH,POWERTRAIN,B3_Graph_Only,LOW,0.0,1.0,0.0714,0.1333,1.0,0.0,0.8625,1.0,0.051
V3_EXP_0033,EXPLICIT_STRUCTURAL,S_DIRECT_PATH,POWERTRAIN,B4_Contextual_Embedding,LOW,0.0,0.0,0.0,0.0,1.0,0.0,0.525,1.0,263.532
V3_EXP_0033,EXPLICIT_STRUCTURAL,S_DIRECT_PATH,POWERTRAIN,B5_AURA_Hybrid,LOW,0.0,1.0,0.0714,0.1333,1.0,0.0,0.8625,1.0,0.119
V3_EXP_0034,EXPLICIT_STRUCTURAL,S_DIRECT_PATH,POWERTRAIN,B0_Full_Suite,LOW,0.0,1.0,0.0031,0.0062,1.0,0.0,0.0,1.0,0.1
V3_EXP_0034,EXPLICIT_STRUCTURAL,S_DIRECT_PATH,POWERTRAIN,B1_Keyword,LOW,0.0,0.0,0.0,0.0,1.0,0.0,0.0,1.0,1.189
V3_EXP_0034,EXPLICIT_STRUCTURAL,S_DIRECT_PATH,POWERTRAIN,B2_Raw_Embedding,LOW,0.0,0.0,0.0,0.0,1.0,0.0,0.5125,1.0,1.499
V3_EXP_0034,EXPLICIT_STRUCTURAL,S_DIRECT_PATH,POWERTRAIN,B3_Graph_Only,LOW,0.0,1.0,0.0714,0.1333,1.0,0.0,0.8625,1.0,0.124
V3_EXP_0034,EXPLICIT_STRUCTURAL,S_DIRECT_PATH,POWERTRAIN,B4_Contextual_Embedding,LOW,0.0,0.0,0.0,0.0,1.0,0.0,0.525,1.0,246.738
V3_EXP_0034,EXPLICIT_STRUCTURAL,S_DIRECT_PATH,POWERTRAIN,B5_AURA_Hybrid,LOW,0.0,1.0,0.0714,0.1333,1.0,0.0,0.8625,1.0,0.112
V3_EXP_0035,EXPLICIT_STRUCTURAL,S_DIRECT_PATH,POWERTRAIN,B0_Full_Suite,LOW,0.0,1.0,0.0031,0.0062,1.0,0.0,0.0,1.0,0.1
V3_EXP_0035,EXPLICIT_STRUCTURAL,S_DIRECT_PATH,POWERTRAIN,B1_Keyword,LOW,0.0,0.0,0.0,0.0,1.0,0.0,0.0,1.0,0.744
V3_EXP_0035,EXPLICIT_STRUCTURAL,S_DIRECT_PATH,POWERTRAIN,B2_Raw_Embedding,LOW,0.0,0.0,0.0,0.0,1.0,0.0,0.5125,1.0,0.602
V3_EXP_0035,EXPLICIT_STRUCTURAL,S_DIRECT_PATH,POWERTRAIN,B3_Graph_Only,LOW,0.0,1.0,0.0714,0.1333,1.0,0.0,0.8625,1.0,0.041
V3_EXP_0035,EXPLICIT_STRUCTURAL,S_DIRECT_PATH,POWERTRAIN,B4_Contextual_Embedding,LOW,0.0,0.0,0.0,0.0,1.0,0.0,0.525,1.0,212.175
V3_EXP_0035,EXPLICIT_STRUCTURAL,S_DIRECT_PATH,POWERTRAIN,B5_AURA_Hybrid,LOW,0.0,1.0,0.0714,0.1333,1.0,0.0,0.8625,1.0,0.125
V3_EXP_0036,EXPLICIT_STRUCTURAL,S_DIRECT_PATH,POWERTRAIN,B0_Full_Suite,LOW,0.0476,1.0,0.0031,0.0062,1.0,0.0,0.0,1.0,0.1
V3_EXP_0036,EXPLICIT_STRUCTURAL,S_DIRECT_PATH,POWERTRAIN,B1_Keyword,LOW,0.0476,0.0,0.0,0.0,1.0,0.0,0.0,1.0,0.791
V3_EXP_0036,EXPLICIT_STRUCTURAL,S_DIRECT_PATH,POWERTRAIN,B2_Raw_Embedding,LOW,0.0476,0.0,0.0,0.0,1.0,0.0,0.5125,1.0,0.676
V3_EXP_0036,EXPLICIT_STRUCTURAL,S_DIRECT_PATH,POWERTRAIN,B3_Graph_Only,LOW,0.0476,1.0,0.0714,0.1333,1.0,0.0,0.8625,1.0,0.048
V3_EXP_0036,EXPLICIT_STRUCTURAL,S_DIRECT_PATH,POWERTRAIN,B4_Contextual_Embedding,LOW,0.0476,0.0,0.0,0.0,1.0,0.0,0.525,1.0,224.749
V3_EXP_0036,EXPLICIT_STRUCTURAL,S_DIRECT_PATH,POWERTRAIN,B5_AURA_Hybrid,LOW,0.0476,1.0,0.0714,0.1333,1.0,0.0,0.8625,1.0,0.117
V3_EXP_0037,EXPLICIT_STRUCTURAL,S_DIRECT_PATH,POWERTRAIN,B0_Full_Suite,LOW,0.0,1.0,0.0031,0.0062,1.0,0.0,0.0,1.0,0.1
V3_EXP_0037,EXPLICIT_STRUCTURAL,S_DIRECT_PATH,POWERTRAIN,B1_Keyword,LOW,0.0,0.0,0.0,0.0,1.0,0.0,0.0,1.0,0.678
V3_EXP_0037,EXPLICIT_STRUCTURAL,S_DIRECT_PATH,POWERTRAIN,B2_Raw_Embedding,LOW,0.0,0.0,0.0,0.0,1.0,0.0,0.5125,1.0,0.588
V3_EXP_0037,EXPLICIT_STRUCTURAL,S_DIRECT_PATH,POWERTRAIN,B3_Graph_Only,LOW,0.0,1.0,0.0714,0.1333,1.0,0.0,0.8625,1.0,0.045
V3_EXP_0037,EXPLICIT_STRUCTURAL,S_DIRECT_PATH,POWERTRAIN,B4_Contextual_Embedding,LOW,0.0,0.0,0.0,0.0,1.0,0.0,0.525,1.0,224.552
V3_EXP_0037,EXPLICIT_STRUCTURAL,S_DIRECT_PATH,POWERTRAIN,B5_AURA_Hybrid,LOW,0.0,1.0,0.0714,0.1333,1.0,0.0,0.8625,1.0,0.137
V3_EXP_0038,EXPLICIT_STRUCTURAL,S_DIRECT_PATH,POWERTRAIN,B0_Full_Suite,LOW,0.0455,1.0,0.0031,0.0062,1.0,0.0,0.0,1.0,0.1
V3_EXP_0038,EXPLICIT_STRUCTURAL,S_DIRECT_PATH,POWERTRAIN,B1_Keyword,LOW,0.0455,0.0,0.0,0.0,1.0,0.0,0.0,1.0,1.039
V3_EXP_0038,EXPLICIT_STRUCTURAL,S_DIRECT_PATH,POWERTRAIN,B2_Raw_Embedding,LOW,0.0455,0.0,0.0,0.0,1.0,0.0,0.5125,1.0,0.682
V3_EXP_0038,EXPLICIT_STRUCTURAL,S_DIRECT_PATH,POWERTRAIN,B3_Graph_Only,LOW,0.0455,1.0,0.0714,0.1333,1.0,0.0,0.8625,1.0,0.044
V3_EXP_0038,EXPLICIT_STRUCTURAL,S_DIRECT_PATH,POWERTRAIN,B4_Contextual_Embedding,LOW,0.0455,0.0,0.0,0.0,1.0,0.0,0.525,1.0,205.833
V3_EXP_0038,EXPLICIT_STRUCTURAL,S_DIRECT_PATH,POWERTRAIN,B5_AURA_Hybrid,LOW,0.0455,1.0,0.0714,0.1333,1.0,0.0,0.8625,1.0,0.116
V3_EXP_0039,EXPLICIT_STRUCTURAL,S_DIRECT_PATH,POWERTRAIN,B0_Full_Suite,LOW,0.05,1.0,0.0031,0.0062,1.0,0.0,0.0,1.0,0.1
V3_EXP_0039,EXPLICIT_STRUCTURAL,S_DIRECT_PATH,POWERTRAIN,B1_Keyword,LOW,0.05,0.0,0.0,0.0,1.0,0.0,0.0,1.0,0.694
V3_EXP_0039,EXPLICIT_STRUCTURAL,S_DIRECT_PATH,POWERTRAIN,B2_Raw_Embedding,LOW,0.05,0.0,0.0,0.0,1.0,0.0,0.5125,1.0,0.599
V3_EXP_0039,EXPLICIT_STRUCTURAL,S_DIRECT_PATH,POWERTRAIN,B3_Graph_Only,LOW,0.05,1.0,0.0714,0.1333,1.0,0.0,0.8625,1.0,0.046
V3_EXP_0039,EXPLICIT_STRUCTURAL,S_DIRECT_PATH,POWERTRAIN,B4_Contextual_Embedding,LOW,0.05,0.0,0.0,0.0,1.0,0.0,0.525,1.0,223.239
V3_EXP_0039,EXPLICIT_STRUCTURAL,S_DIRECT_PATH,POWERTRAIN,B5_AURA_Hybrid,LOW,0.05,1.0,0.0714,0.1333,1.0,0.0,0.8625,1.0,0.123
V3_EXP_0040,EXPLICIT_STRUCTURAL,S_DIRECT_PATH,POWERTRAIN,B0_Full_Suite,LOW,0.0,1.0,0.0031,0.0062,1.0,0.0,0.0,1.0,0.1
V3_EXP_0040,EXPLICIT_STRUCTURAL,S_DIRECT_PATH,POWERTRAIN,B1_Keyword,LOW,0.0,0.0,0.0,0.0,1.0,0.0,0.0,1.0,0.848
V3_EXP_0040,EXPLICIT_STRUCTURAL,S_DIRECT_PATH,POWERTRAIN,B2_Raw_Embedding,LOW,0.0,0.0,0.0,0.0,1.0,0.0,0.5125,1.0,0.638
V3_EXP_0040,EXPLICIT_STRUCTURAL,S_DIRECT_PATH,POWERTRAIN,B3_Graph_Only,LOW,0.0,1.0,0.0714,0.1333,1.0,0.0,0.8625,1.0,0.045
V3_EXP_0040,EXPLICIT_STRUCTURAL,S_DIRECT_PATH,POWERTRAIN,B4_Contextual_Embedding,LOW,0.0,0.0,0.0,0.0,1.0,0.0,0.525,1.0,221.24
V3_EXP_0040,EXPLICIT_STRUCTURAL,S_DIRECT_PATH,POWERTRAIN,B5_AURA_Hybrid,LOW,0.0,1.0,0.0714,0.1333,1.0,0.0,0.8625,1.0,0.099
V3_EXP_0041,EXPLICIT_STRUCTURAL,S_DIRECT_PATH,POWERTRAIN,B0_Full_Suite,LOW,0.0,1.0,0.0031,0.0062,1.0,0.0,0.0,1.0,0.1
V3_EXP_0041,EXPLICIT_STRUCTURAL,S_DIRECT_PATH,POWERTRAIN,B1_Keyword,LOW,0.0,0.0,0.0,0.0,1.0,0.0,0.0,1.0,0.611
V3_EXP_0041,EXPLICIT_STRUCTURAL,S_DIRECT_PATH,POWERTRAIN,B2_Raw_Embedding,LOW,0.0,0.0,0.0,0.0,1.0,0.0,0.5125,1.0,0.55
V3_EXP_0041,EXPLICIT_STRUCTURAL,S_DIRECT_PATH,POWERTRAIN,B3_Graph_Only,LOW,0.0,1.0,0.0714,0.1333,1.0,0.0,0.8625,1.0,0.039
V3_EXP_0041,EXPLICIT_STRUCTURAL,S_DIRECT_PATH,POWERTRAIN,B4_Contextual_Embedding,LOW,0.0,0.0,0.0,0.0,1.0,0.0,0.525,1.0,223.251
V3_EXP_0041,EXPLICIT_STRUCTURAL,S_DIRECT_PATH,POWERTRAIN,B5_AURA_Hybrid,LOW,0.0,1.0,0.0714,0.1333,1.0,0.0,0.8625,1.0,0.116
V3_EXP_0042,EXPLICIT_STRUCTURAL,S_DIRECT_PATH,POWERTRAIN,B0_Full_Suite,LOW,0.0,1.0,0.0031,0.0062,1.0,0.0,0.0,1.0,0.1
V3_EXP_0042,EXPLICIT_STRUCTURAL,S_DIRECT_PATH,POWERTRAIN,B1_Keyword,LOW,0.0,0.0,0.0,0.0,1.0,0.0,0.0,1.0,0.702
V3_EXP_0042,EXPLICIT_STRUCTURAL,S_DIRECT_PATH,POWERTRAIN,B2_Raw_Embedding,LOW,0.0,0.0,0.0,0.0,1.0,0.0,0.5125,1.0,0.606
V3_EXP_0042,EXPLICIT_STRUCTURAL,S_DIRECT_PATH,POWERTRAIN,B3_Graph_Only,LOW,0.0,1.0,0.0714,0.1333,1.0,0.0,0.8625,1.0,0.044
V3_EXP_0042,EXPLICIT_STRUCTURAL,S_DIRECT_PATH,POWERTRAIN,B4_Contextual_Embedding,LOW,0.0,0.0,0.0,0.0,1.0,0.0,0.525,1.0,204.709
V3_EXP_0042,EXPLICIT_STRUCTURAL,S_DIRECT_PATH,POWERTRAIN,B5_AURA_Hybrid,LOW,0.0,1.0,0.0714,0.1333,1.0,0.0,0.8625,1.0,0.114
V3_EXP_0043,EXPLICIT_STRUCTURAL,S_DIRECT_PATH,POWERTRAIN,B0_Full_Suite,LOW,0.0476,1.0,0.0031,0.0062,1.0,0.0,0.0,1.0,0.1
V3_EXP_0043,EXPLICIT_STRUCTURAL,S_DIRECT_PATH,POWERTRAIN,B1_Keyword,LOW,0.0476,0.0,0.0,0.0,1.0,0.0,0.0,1.0,0.685
V3_EXP_0043,EXPLICIT_STRUCTURAL,S_DIRECT_PATH,POWERTRAIN,B2_Raw_Embedding,LOW,0.0476,0.0,0.0,0.0,1.0,0.0,0.5125,1.0,0.612
V3_EXP_0043,EXPLICIT_STRUCTURAL,S_DIRECT_PATH,POWERTRAIN,B3_Graph_Only,LOW,0.0476,1.0,0.0714,0.1333,1.0,0.0,0.8625,1.0,0.046
V3_EXP_0043,EXPLICIT_STRUCTURAL,S_DIRECT_PATH,POWERTRAIN,B4_Contextual_Embedding,LOW,0.0476,0.0,0.0,0.0,1.0,0.0,0.525,1.0,224.053
V3_EXP_0043,EXPLICIT_STRUCTURAL,S_DIRECT_PATH,POWERTRAIN,B5_AURA_Hybrid,LOW,0.0476,1.0,0.0714,0.1333,1.0,0.0,0.8625,1.0,0.118
V3_EXP_0044,EXPLICIT_STRUCTURAL,S_DIRECT_PATH,POWERTRAIN,B0_Full_Suite,LOW,0.0,1.0,0.0031,0.0062,1.0,0.0,0.0,1.0,0.1
V3_EXP_0044,EXPLICIT_STRUCTURAL,S_DIRECT_PATH,POWERTRAIN,B1_Keyword,LOW,0.0,0.0,0.0,0.0,1.0,0.0,0.0,1.0,0.716
V3_EXP_0044,EXPLICIT_STRUCTURAL,S_DIRECT_PATH,POWERTRAIN,B2_Raw_Embedding,LOW,0.0,0.0,0.0,0.0,1.0,0.0,0.5125,1.0,0.653
V3_EXP_0044,EXPLICIT_STRUCTURAL,S_DIRECT_PATH,POWERTRAIN,B3_Graph_Only,LOW,0.0,1.0,0.0714,0.1333,1.0,0.0,0.8625,1.0,0.048
V3_EXP_0044,EXPLICIT_STRUCTURAL,S_DIRECT_PATH,POWERTRAIN,B4_Contextual_Embedding,LOW,0.0,0.0,0.0,0.0,1.0,0.0,0.525,1.0,237.56
V3_EXP_0044,EXPLICIT_STRUCTURAL,S_DIRECT_PATH,POWERTRAIN,B5_AURA_Hybrid,LOW,0.0,1.0,0.0714,0.1333,1.0,0.0,0.8625,1.0,0.118
V3_EXP_0045,EXPLICIT_STRUCTURAL,S_DIRECT_PATH,POWERTRAIN,B0_Full_Suite,LOW,0.0455,1.0,0.0031,0.0062,1.0,0.0,0.0,1.0,0.1
V3_EXP_0045,EXPLICIT_STRUCTURAL,S_DIRECT_PATH,POWERTRAIN,B1_Keyword,LOW,0.0455,0.0,0.0,0.0,1.0,0.0,0.0,1.0,0.729
V3_EXP_0045,EXPLICIT_STRUCTURAL,S_DIRECT_PATH,POWERTRAIN,B2_Raw_Embedding,LOW,0.0455,0.0,0.0,0.0,1.0,0.0,0.5125,1.0,0.601
V3_EXP_0045,EXPLICIT_STRUCTURAL,S_DIRECT_PATH,POWERTRAIN,B3_Graph_Only,LOW,0.0455,1.0,0.0714,0.1333,1.0,0.0,0.8625,1.0,0.046
V3_EXP_0045,EXPLICIT_STRUCTURAL,S_DIRECT_PATH,POWERTRAIN,B4_Contextual_Embedding,LOW,0.0455,0.0,0.0,0.0,1.0,0.0,0.525,1.0,209.294
V3_EXP_0045,EXPLICIT_STRUCTURAL,S_DIRECT_PATH,POWERTRAIN,B5_AURA_Hybrid,LOW,0.0455,1.0,0.0714,0.1333,1.0,0.0,0.8625,1.0,0.11
V3_EXP_0046,EXPLICIT_STRUCTURAL,S_DIRECT_PATH,POWERTRAIN,B0_Full_Suite,LOW,0.05,1.0,0.0031,0.0062,1.0,0.0,0.0,1.0,0.1
V3_EXP_0046,EXPLICIT_STRUCTURAL,S_DIRECT_PATH,POWERTRAIN,B1_Keyword,LOW,0.05,0.0,0.0,0.0,1.0,0.0,0.0,1.0,0.628
V3_EXP_0046,EXPLICIT_STRUCTURAL,S_DIRECT_PATH,POWERTRAIN,B2_Raw_Embedding,LOW,0.05,0.0,0.0,0.0,1.0,0.0,0.5125,1.0,0.566
V3_EXP_0046,EXPLICIT_STRUCTURAL,S_DIRECT_PATH,POWERTRAIN,B3_Graph_Only,LOW,0.05,1.0,0.0714,0.1333,1.0,0.0,0.8625,1.0,0.042
V3_EXP_0046,EXPLICIT_STRUCTURAL,S_DIRECT_PATH,POWERTRAIN,B4_Contextual_Embedding,LOW,0.05,0.0,0.0,0.0,1.0,0.0,0.525,1.0,219.774
V3_EXP_0046,EXPLICIT_STRUCTURAL,S_DIRECT_PATH,POWERTRAIN,B5_AURA_Hybrid,LOW,0.05,1.0,0.0714,0.1333,1.0,0.0,0.8625,1.0,0.114
V3_EXP_0047,EXPLICIT_STRUCTURAL,S_DIRECT_PATH,POWERTRAIN,B0_Full_Suite,LOW,0.0,1.0,0.0031,0.0062,1.0,0.0,0.0,1.0,0.1
V3_EXP_0047,EXPLICIT_STRUCTURAL,S_DIRECT_PATH,POWERTRAIN,B1_Keyword,LOW,0.0,0.0,0.0,0.0,1.0,0.0,0.0,1.0,0.699
V3_EXP_0047,EXPLICIT_STRUCTURAL,S_DIRECT_PATH,POWERTRAIN,B2_Raw_Embedding,LOW,0.0,0.0,0.0,0.0,1.0,0.0,0.5125,1.0,0.673
V3_EXP_0047,EXPLICIT_STRUCTURAL,S_DIRECT_PATH,POWERTRAIN,B3_Graph_Only,LOW,0.0,1.0,0.0714,0.1333,1.0,0.0,0.8625,1.0,0.048
V3_EXP_0047,EXPLICIT_STRUCTURAL,S_DIRECT_PATH,POWERTRAIN,B4_Contextual_Embedding,LOW,0.0,0.0,0.0,0.0,1.0,0.0,0.525,1.0,219.051
V3_EXP_0047,EXPLICIT_STRUCTURAL,S_DIRECT_PATH,POWERTRAIN,B5_AURA_Hybrid,LOW,0.0,1.0,0.0714,0.1333,1.0,0.0,0.8625,1.0,0.113
V3_EXP_0048,EXPLICIT_STRUCTURAL,S_DIRECT_PATH,POWERTRAIN,B0_Full_Suite,LOW,0.0,1.0,0.0031,0.0062,1.0,0.0,0.0,1.0,0.1
V3_EXP_0048,EXPLICIT_STRUCTURAL,S_DIRECT_PATH,POWERTRAIN,B1_Keyword,LOW,0.0,0.0,0.0,0.0,1.0,0.0,0.0,1.0,0.664
V3_EXP_0048,EXPLICIT_STRUCTURAL,S_DIRECT_PATH,POWERTRAIN,B2_Raw_Embedding,LOW,0.0,0.0,0.0,0.0,1.0,0.0,0.5125,1.0,0.588
V3_EXP_0048,EXPLICIT_STRUCTURAL,S_DIRECT_PATH,POWERTRAIN,B3_Graph_Only,LOW,0.0,1.0,0.0714,0.1333,1.0,0.0,0.8625,1.0,0.045
V3_EXP_0048,EXPLICIT_STRUCTURAL,S_DIRECT_PATH,POWERTRAIN,B4_Contextual_Embedding,LOW,0.0,0.0,0.0,0.0,1.0,0.0,0.525,1.0,218.225
V3_EXP_0048,EXPLICIT_STRUCTURAL,S_DIRECT_PATH,POWERTRAIN,B5_AURA_Hybrid,LOW,0.0,1.0,0.0714,0.1333,1.0,0.0,0.8625,1.0,0.113
V3_EXP_0049,EXPLICIT_STRUCTURAL,S_DIRECT_PATH,POWERTRAIN,B0_Full_Suite,LOW,0.0,1.0,0.0031,0.0062,1.0,0.0,0.0,1.0,0.1
V3_EXP_0049,EXPLICIT_STRUCTURAL,S_DIRECT_PATH,POWERTRAIN,B1_Keyword,LOW,0.0,0.0,0.0,0.0,1.0,0.0,0.0,1.0,0.677
V3_EXP_0049,EXPLICIT_STRUCTURAL,S_DIRECT_PATH,POWERTRAIN,B2_Raw_Embedding,LOW,0.0,0.0,0.0,0.0,1.0,0.0,0.5125,1.0,0.633
V3_EXP_0049,EXPLICIT_STRUCTURAL,S_DIRECT_PATH,POWERTRAIN,B3_Graph_Only,LOW,0.0,1.0,0.0714,0.1333,1.0,0.0,0.8625,1.0,0.047
V3_EXP_0049,EXPLICIT_STRUCTURAL,S_DIRECT_PATH,POWERTRAIN,B4_Contextual_Embedding,LOW,0.0,0.0,0.0,0.0,1.0,0.0,0.525,1.0,200.328
V3_EXP_0049,EXPLICIT_STRUCTURAL,S_DIRECT_PATH,POWERTRAIN,B5_AURA_Hybrid,LOW,0.0,1.0,0.0714,0.1333,1.0,0.0,0.8625,1.0,0.112
V3_EXP_0050,EXPLICIT_STRUCTURAL,S_DIRECT_PATH,POWERTRAIN,B0_Full_Suite,LOW,0.0476,1.0,0.0031,0.0062,1.0,0.0,0.0,1.0,0.1
V3_EXP_0050,EXPLICIT_STRUCTURAL,S_DIRECT_PATH,POWERTRAIN,B1_Keyword,LOW,0.0476,0.0,0.0,0.0,1.0,0.0,0.0,1.0,0.677
V3_EXP_0050,EXPLICIT_STRUCTURAL,S_DIRECT_PATH,POWERTRAIN,B2_Raw_Embedding,LOW,0.0476,0.0,0.0,0.0,1.0,0.0,0.5125,1.0,0.587
V3_EXP_0050,EXPLICIT_STRUCTURAL,S_DIRECT_PATH,POWERTRAIN,B3_Graph_Only,LOW,0.0476,1.0,0.0714,0.1333,1.0,0.0,0.8625,1.0,0.047
V3_EXP_0050,EXPLICIT_STRUCTURAL,S_DIRECT_PATH,POWERTRAIN,B4_Contextual_Embedding,LOW,0.0476,0.0,0.0,0.0,1.0,0.0,0.525,1.0,218.602
V3_EXP_0050,EXPLICIT_STRUCTURAL,S_DIRECT_PATH,POWERTRAIN,B5_AURA_Hybrid,LOW,0.0476,1.0,0.0714,0.1333,1.0,0.0,0.8625,1.0,0.113
V3_EXP_0051,EXPLICIT_STRUCTURAL,S_DIRECT_PATH,POWERTRAIN,B0_Full_Suite,LOW,0.0,1.0,0.0031,0.0062,1.0,0.0,0.0,1.0,0.1
V3_EXP_0051,EXPLICIT_STRUCTURAL,S_DIRECT_PATH,POWERTRAIN,B1_Keyword,LOW,0.0,0.0,0.0,0.0,1.0,0.0,0.0,1.0,0.672
V3_EXP_0051,EXPLICIT_STRUCTURAL,S_DIRECT_PATH,POWERTRAIN,B2_Raw_Embedding,LOW,0.0,0.0,0.0,0.0,1.0,0.0,0.5125,1.0,0.59
V3_EXP_0051,EXPLICIT_STRUCTURAL,S_DIRECT_PATH,POWERTRAIN,B3_Graph_Only,LOW,0.0,1.0,0.0714,0.1333,1.0,0.0,0.8625,1.0,0.042
V3_EXP_0051,EXPLICIT_STRUCTURAL,S_DIRECT_PATH,POWERTRAIN,B4_Contextual_Embedding,LOW,0.0,0.0,0.0,0.0,1.0,0.0,0.525,1.0,224.569
V3_EXP_0051,EXPLICIT_STRUCTURAL,S_DIRECT_PATH,POWERTRAIN,B5_AURA_Hybrid,LOW,0.0,1.0,0.0714,0.1333,1.0,0.0,0.8625,1.0,0.112
V3_EXP_0052,EXPLICIT_STRUCTURAL,S_DIRECT_PATH,POWERTRAIN,B0_Full_Suite,LOW,0.0455,1.0,0.0031,0.0062,1.0,0.0,0.0,1.0,0.1
V3_EXP_0052,EXPLICIT_STRUCTURAL,S_DIRECT_PATH,POWERTRAIN,B1_Keyword,LOW,0.0455,0.0,0.0,0.0,1.0,0.0,0.0,1.0,0.66
V3_EXP_0052,EXPLICIT_STRUCTURAL,S_DIRECT_PATH,POWERTRAIN,B2_Raw_Embedding,LOW,0.0455,0.0,0.0,0.0,1.0,0.0,0.5125,1.0,0.578
V3_EXP_0052,EXPLICIT_STRUCTURAL,S_DIRECT_PATH,POWERTRAIN,B3_Graph_Only,LOW,0.0455,1.0,0.0714,0.1333,1.0,0.0,0.8625,1.0,0.049
V3_EXP_0052,EXPLICIT_STRUCTURAL,S_DIRECT_PATH,POWERTRAIN,B4_Contextual_Embedding,LOW,0.0455,0.0,0.0,0.0,1.0,0.0,0.525,1.0,221.849
V3_EXP_0052,EXPLICIT_STRUCTURAL,S_DIRECT_PATH,POWERTRAIN,B5_AURA_Hybrid,LOW,0.0455,1.0,0.0714,0.1333,1.0,0.0,0.8625,1.0,0.13
V3_EXP_0053,EXPLICIT_STRUCTURAL,S_DIRECT_PATH,POWERTRAIN,B0_Full_Suite,LOW,0.05,1.0,0.0031,0.0062,1.0,0.0,0.0,1.0,0.1
V3_EXP_0053,EXPLICIT_STRUCTURAL,S_DIRECT_PATH,POWERTRAIN,B1_Keyword,LOW,0.05,0.0,0.0,0.0,1.0,0.0,0.0,1.0,0.808
V3_EXP_0053,EXPLICIT_STRUCTURAL,S_DIRECT_PATH,POWERTRAIN,B2_Raw_Embedding,LOW,0.05,0.0,0.0,0.0,1.0,0.0,0.5125,1.0,0.644
V3_EXP_0053,EXPLICIT_STRUCTURAL,S_DIRECT_PATH,POWERTRAIN,B3_Graph_Only,LOW,0.05,1.0,0.0714,0.1333,1.0,0.0,0.8625,1.0,0.044
V3_EXP_0053,EXPLICIT_STRUCTURAL,S_DIRECT_PATH,POWERTRAIN,B4_Contextual_Embedding,LOW,0.05,0.0,0.0,0.0,1.0,0.0,0.525,1.0,204.255
V3_EXP_0053,EXPLICIT_STRUCTURAL,S_DIRECT_PATH,POWERTRAIN,B5_AURA_Hybrid,LOW,0.05,1.0,0.0714,0.1333,1.0,0.0,0.8625,1.0,0.111
V3_EXP_0054,EXPLICIT_STRUCTURAL,S_DIRECT_PATH,POWERTRAIN,B0_Full_Suite,LOW,0.0,1.0,0.0031,0.0062,1.0,0.0,0.0,1.0,0.1
V3_EXP_0054,EXPLICIT_STRUCTURAL,S_DIRECT_PATH,POWERTRAIN,B1_Keyword,LOW,0.0,0.0,0.0,0.0,1.0,0.0,0.0,1.0,0.692
V3_EXP_0054,EXPLICIT_STRUCTURAL,S_DIRECT_PATH,POWERTRAIN,B2_Raw_Embedding,LOW,0.0,0.0,0.0,0.0,1.0,0.0,0.5125,1.0,0.607
V3_EXP_0054,EXPLICIT_STRUCTURAL,S_DIRECT_PATH,POWERTRAIN,B3_Graph_Only,LOW,0.0,1.0,0.0714,0.1333,1.0,0.0,0.8625,1.0,0.045
V3_EXP_0054,EXPLICIT_STRUCTURAL,S_DIRECT_PATH,POWERTRAIN,B4_Contextual_Embedding,LOW,0.0,0.0,0.0,0.0,1.0,0.0,0.525,1.0,218.816
V3_EXP_0054,EXPLICIT_STRUCTURAL,S_DIRECT_PATH,POWERTRAIN,B5_AURA_Hybrid,LOW,0.0,1.0,0.0714,0.1333,1.0,0.0,0.8625,1.0,0.106
V3_EXP_0055,EXPLICIT_STRUCTURAL,S_DIRECT_PATH,POWERTRAIN,B0_Full_Suite,LOW,0.0,1.0,0.0031,0.0062,1.0,0.0,0.0,1.0,0.1
V3_EXP_0055,EXPLICIT_STRUCTURAL,S_DIRECT_PATH,POWERTRAIN,B1_Keyword,LOW,0.0,0.0,0.0,0.0,1.0,0.0,0.0,1.0,0.632
V3_EXP_0055,EXPLICIT_STRUCTURAL,S_DIRECT_PATH,POWERTRAIN,B2_Raw_Embedding,LOW,0.0,0.0,0.0,0.0,1.0,0.0,0.5125,1.0,0.553
V3_EXP_0055,EXPLICIT_STRUCTURAL,S_DIRECT_PATH,POWERTRAIN,B3_Graph_Only,LOW,0.0,1.0,0.0714,0.1333,1.0,0.0,0.8625,1.0,0.041
V3_EXP_0055,EXPLICIT_STRUCTURAL,S_DIRECT_PATH,POWERTRAIN,B4_Contextual_Embedding,LOW,0.0,0.0,0.0,0.0,1.0,0.0,0.525,1.0,223.743
V3_EXP_0055,EXPLICIT_STRUCTURAL,S_DIRECT_PATH,POWERTRAIN,B5_AURA_Hybrid,LOW,0.0,1.0,0.0714,0.1333,1.0,0.0,0.8625,1.0,0.112
V3_EXP_0056,EXPLICIT_STRUCTURAL,S_DIRECT_PATH,POWERTRAIN,B0_Full_Suite,LOW,0.0,1.0,0.0031,0.0062,1.0,0.0,0.0,1.0,0.1
V3_EXP_0056,EXPLICIT_STRUCTURAL,S_DIRECT_PATH,POWERTRAIN,B1_Keyword,LOW,0.0,0.0,0.0,0.0,1.0,0.0,0.0,1.0,0.675
V3_EXP_0056,EXPLICIT_STRUCTURAL,S_DIRECT_PATH,POWERTRAIN,B2_Raw_Embedding,LOW,0.0,0.0,0.0,0.0,1.0,0.0,0.5125,1.0,0.614
V3_EXP_0056,EXPLICIT_STRUCTURAL,S_DIRECT_PATH,POWERTRAIN,B3_Graph_Only,LOW,0.0,1.0,0.0714,0.1333,1.0,0.0,0.8625,1.0,0.044
V3_EXP_0056,EXPLICIT_STRUCTURAL,S_DIRECT_PATH,POWERTRAIN,B4_Contextual_Embedding,LOW,0.0,0.0,0.0,0.0,1.0,0.0,0.525,1.0,201.136
V3_EXP_0056,EXPLICIT_STRUCTURAL,S_DIRECT_PATH,POWERTRAIN,B5_AURA_Hybrid,LOW,0.0,1.0,0.0714,0.1333,1.0,0.0,0.8625,1.0,0.111
V3_EXP_0057,EXPLICIT_STRUCTURAL,S_DIRECT_PATH,POWERTRAIN,B0_Full_Suite,LOW,0.0476,1.0,0.0031,0.0062,1.0,0.0,0.0,1.0,0.1
V3_EXP_0057,EXPLICIT_STRUCTURAL,S_DIRECT_PATH,POWERTRAIN,B1_Keyword,LOW,0.0476,0.0,0.0,0.0,1.0,0.0,0.0,1.0,0.698
V3_EXP_0057,EXPLICIT_STRUCTURAL,S_DIRECT_PATH,POWERTRAIN,B2_Raw_Embedding,LOW,0.0476,0.0,0.0,0.0,1.0,0.0,0.5125,1.0,0.617
V3_EXP_0057,EXPLICIT_STRUCTURAL,S_DIRECT_PATH,POWERTRAIN,B3_Graph_Only,LOW,0.0476,1.0,0.0714,0.1333,1.0,0.0,0.8625,1.0,0.045
V3_EXP_0057,EXPLICIT_STRUCTURAL,S_DIRECT_PATH,POWERTRAIN,B4_Contextual_Embedding,LOW,0.0476,0.0,0.0,0.0,1.0,0.0,0.525,1.0,317.848
V3_EXP_0057,EXPLICIT_STRUCTURAL,S_DIRECT_PATH,POWERTRAIN,B5_AURA_Hybrid,LOW,0.0476,1.0,0.0714,0.1333,1.0,0.0,0.8625,1.0,0.125
V3_EXP_0058,EXPLICIT_STRUCTURAL,S_DIRECT_PATH,POWERTRAIN,B0_Full_Suite,LOW,0.0,1.0,0.0031,0.0062,1.0,0.0,0.0,1.0,0.1
V3_EXP_0058,EXPLICIT_STRUCTURAL,S_DIRECT_PATH,POWERTRAIN,B1_Keyword,LOW,0.0,0.0,0.0,0.0,1.0,0.0,0.0,1.0,0.741
V3_EXP_0058,EXPLICIT_STRUCTURAL,S_DIRECT_PATH,POWERTRAIN,B2_Raw_Embedding,LOW,0.0,0.0,0.0,0.0,1.0,0.0,0.5125,1.0,0.631
V3_EXP_0058,EXPLICIT_STRUCTURAL,S_DIRECT_PATH,POWERTRAIN,B3_Graph_Only,LOW,0.0,1.0,0.0714,0.1333,1.0,0.0,0.8625,1.0,0.052
V3_EXP_0058,EXPLICIT_STRUCTURAL,S_DIRECT_PATH,POWERTRAIN,B4_Contextual_Embedding,LOW,0.0,0.0,0.0,0.0,1.0,0.0,0.525,1.0,226.308
V3_EXP_0058,EXPLICIT_STRUCTURAL,S_DIRECT_PATH,POWERTRAIN,B5_AURA_Hybrid,LOW,0.0,1.0,0.0714,0.1333,1.0,0.0,0.8625,1.0,0.117
V3_EXP_0059,EXPLICIT_STRUCTURAL,S_DIRECT_PATH,POWERTRAIN,B0_Full_Suite,LOW,0.0455,1.0,0.0031,0.0062,1.0,0.0,0.0,1.0,0.1
V3_EXP_0059,EXPLICIT_STRUCTURAL,S_DIRECT_PATH,POWERTRAIN,B1_Keyword,LOW,0.0455,0.0,0.0,0.0,1.0,0.0,0.0,1.0,0.698
V3_EXP_0059,EXPLICIT_STRUCTURAL,S_DIRECT_PATH,POWERTRAIN,B2_Raw_Embedding,LOW,0.0455,0.0,0.0,0.0,1.0,0.0,0.525,1.0,0.608
V3_EXP_0059,EXPLICIT_STRUCTURAL,S_DIRECT_PATH,POWERTRAIN,B3_Graph_Only,LOW,0.0455,1.0,0.0714,0.1333,1.0,0.0,0.8625,1.0,0.046
V3_EXP_0059,EXPLICIT_STRUCTURAL,S_DIRECT_PATH,POWERTRAIN,B4_Contextual_Embedding,LOW,0.0455,0.0,0.0,0.0,1.0,0.0,0.525,1.0,219.712
V3_EXP_0059,EXPLICIT_STRUCTURAL,S_DIRECT_PATH,POWERTRAIN,B5_AURA_Hybrid,LOW,0.0455,1.0,0.0714,0.1333,1.0,0.0,0.8625,1.0,0.109
V3_EXP_0060,EXPLICIT_STRUCTURAL,S_DIRECT_PATH,POWERTRAIN,B0_Full_Suite,LOW,0.05,1.0,0.0031,0.0062,1.0,0.0,0.0,1.0,0.1
V3_EXP_0060,EXPLICIT_STRUCTURAL,S_DIRECT_PATH,POWERTRAIN,B1_Keyword,LOW,0.05,0.0,0.0,0.0,1.0,0.0,0.0,1.0,0.671
V3_EXP_0060,EXPLICIT_STRUCTURAL,S_DIRECT_PATH,POWERTRAIN,B2_Raw_Embedding,LOW,0.05,0.0,0.0,0.0,1.0,0.0,0.5125,1.0,0.593
V3_EXP_0060,EXPLICIT_STRUCTURAL,S_DIRECT_PATH,POWERTRAIN,B3_Graph_Only,LOW,0.05,1.0,0.0714,0.1333,1.0,0.0,0.8625,1.0,0.043
V3_EXP_0060,EXPLICIT_STRUCTURAL,S_DIRECT_PATH,POWERTRAIN,B4_Contextual_Embedding,LOW,0.05,0.0,0.0,0.0,1.0,0.0,0.525,1.0,204.183
V3_EXP_0060,EXPLICIT_STRUCTURAL,S_DIRECT_PATH,POWERTRAIN,B5_AURA_Hybrid,LOW,0.05,1.0,0.0714,0.1333,1.0,0.0,0.8625,1.0,0.103
V3_EXP_0061,EXPLICIT_STRUCTURAL,S_DIRECT_PATH,BATTERY_EV,B0_Full_Suite,LOW,0.0909,1.0,0.0031,0.0062,1.0,0.0,0.0,1.0,0.1
V3_EXP_0061,EXPLICIT_STRUCTURAL,S_DIRECT_PATH,BATTERY_EV,B1_Keyword,LOW,0.0909,0.0,0.0,0.0,1.0,0.0,0.0,1.0,0.632
V3_EXP_0061,EXPLICIT_STRUCTURAL,S_DIRECT_PATH,BATTERY_EV,B2_Raw_Embedding,LOW,0.0909,0.0,0.0,0.0,1.0,0.0,0.4875,1.0,0.547
V3_EXP_0061,EXPLICIT_STRUCTURAL,S_DIRECT_PATH,BATTERY_EV,B3_Graph_Only,LOW,0.0909,1.0,0.0714,0.1333,1.0,0.0,0.8625,1.0,0.046
V3_EXP_0061,EXPLICIT_STRUCTURAL,S_DIRECT_PATH,BATTERY_EV,B4_Contextual_Embedding,LOW,0.0909,0.0,0.0,0.0,1.0,0.0,0.5,1.0,218.407
V3_EXP_0061,EXPLICIT_STRUCTURAL,S_DIRECT_PATH,BATTERY_EV,B5_AURA_Hybrid,LOW,0.0909,1.0,0.0714,0.1333,1.0,0.0,0.8625,1.0,0.124
V3_EXP_0062,EXPLICIT_STRUCTURAL,S_DIRECT_PATH,BATTERY_EV,B0_Full_Suite,LOW,0.1053,1.0,0.0031,0.0062,1.0,0.0,0.0,1.0,0.1
V3_EXP_0062,EXPLICIT_STRUCTURAL,S_DIRECT_PATH,BATTERY_EV,B1_Keyword,LOW,0.1053,0.0,0.0,0.0,1.0,0.0,0.0,1.0,0.864
V3_EXP_0062,EXPLICIT_STRUCTURAL,S_DIRECT_PATH,BATTERY_EV,B2_Raw_Embedding,LOW,0.1053,0.0,0.0,0.0,1.0,0.0,0.4875,1.0,0.641
V3_EXP_0062,EXPLICIT_STRUCTURAL,S_DIRECT_PATH,BATTERY_EV,B3_Graph_Only,LOW,0.1053,1.0,0.0714,0.1333,1.0,0.0,0.8625,1.0,0.049
V3_EXP_0062,EXPLICIT_STRUCTURAL,S_DIRECT_PATH,BATTERY_EV,B4_Contextual_Embedding,LOW,0.1053,0.0,0.0,0.0,1.0,0.0,0.5,1.0,222.062
V3_EXP_0062,EXPLICIT_STRUCTURAL,S_DIRECT_PATH,BATTERY_EV,B5_AURA_Hybrid,LOW,0.1053,1.0,0.0714,0.1333,1.0,0.0,0.8625,1.0,0.119
V3_EXP_0063,EXPLICIT_STRUCTURAL,S_DIRECT_PATH,BATTERY_EV,B0_Full_Suite,LOW,0.0476,1.0,0.0031,0.0062,1.0,0.0,0.0,1.0,0.1
V3_EXP_0063,EXPLICIT_STRUCTURAL,S_DIRECT_PATH,BATTERY_EV,B1_Keyword,LOW,0.0476,0.0,0.0,0.0,1.0,0.0,0.0,1.0,0.68
V3_EXP_0063,EXPLICIT_STRUCTURAL,S_DIRECT_PATH,BATTERY_EV,B2_Raw_Embedding,LOW,0.0476,0.0,0.0,0.0,1.0,0.0,0.4875,1.0,0.601
V3_EXP_0063,EXPLICIT_STRUCTURAL,S_DIRECT_PATH,BATTERY_EV,B3_Graph_Only,LOW,0.0476,1.0,0.0714,0.1333,1.0,0.0,0.8625,1.0,0.045
V3_EXP_0063,EXPLICIT_STRUCTURAL,S_DIRECT_PATH,BATTERY_EV,B4_Contextual_Embedding,LOW,0.0476,0.0,0.0,0.0,1.0,0.0,0.5,1.0,216.905
V3_EXP_0063,EXPLICIT_STRUCTURAL,S_DIRECT_PATH,BATTERY_EV,B5_AURA_Hybrid,LOW,0.0476,1.0,0.0714,0.1333,1.0,0.0,0.8625,1.0,0.101
V3_EXP_0064,EXPLICIT_STRUCTURAL,S_DIRECT_PATH,BATTERY_EV,B0_Full_Suite,LOW,0.0476,1.0,0.0031,0.0062,1.0,0.0,0.0,1.0,0.1
V3_EXP_0064,EXPLICIT_STRUCTURAL,S_DIRECT_PATH,BATTERY_EV,B1_Keyword,LOW,0.0476,0.0,0.0,0.0,1.0,0.0,0.0,1.0,0.618
V3_EXP_0064,EXPLICIT_STRUCTURAL,S_DIRECT_PATH,BATTERY_EV,B2_Raw_Embedding,LOW,0.0476,0.0,0.0,0.0,1.0,0.0,0.4875,1.0,0.602
V3_EXP_0064,EXPLICIT_STRUCTURAL,S_DIRECT_PATH,BATTERY_EV,B3_Graph_Only,LOW,0.0476,1.0,0.0714,0.1333,1.0,0.0,0.8625,1.0,0.042
V3_EXP_0064,EXPLICIT_STRUCTURAL,S_DIRECT_PATH,BATTERY_EV,B4_Contextual_Embedding,LOW,0.0476,0.0,0.0,0.0,1.0,0.0,0.5,1.0,201.474
V3_EXP_0064,EXPLICIT_STRUCTURAL,S_DIRECT_PATH,BATTERY_EV,B5_AURA_Hybrid,LOW,0.0476,1.0,0.0714,0.1333,1.0,0.0,0.8625,1.0,0.113
V3_EXP_0065,EXPLICIT_STRUCTURAL,S_DIRECT_PATH,BATTERY_EV,B0_Full_Suite,MEDIUM,0.1579,1.0,0.0031,0.0062,1.0,0.0,0.0,1.0,0.1
V3_EXP_0065,EXPLICIT_STRUCTURAL,S_DIRECT_PATH,BATTERY_EV,B1_Keyword,MEDIUM,0.1579,0.0,0.0,0.0,1.0,0.0,0.0,1.0,0.72
V3_EXP_0065,EXPLICIT_STRUCTURAL,S_DIRECT_PATH,BATTERY_EV,B2_Raw_Embedding,MEDIUM,0.1579,0.0,0.0,0.0,1.0,0.0,0.4875,1.0,0.612
V3_EXP_0065,EXPLICIT_STRUCTURAL,S_DIRECT_PATH,BATTERY_EV,B3_Graph_Only,MEDIUM,0.1579,1.0,0.0714,0.1333,1.0,0.0,0.8625,1.0,0.046
V3_EXP_0065,EXPLICIT_STRUCTURAL,S_DIRECT_PATH,BATTERY_EV,B4_Contextual_Embedding,MEDIUM,0.1579,0.0,0.0,0.0,1.0,0.0,0.5,1.0,226.831
V3_EXP_0065,EXPLICIT_STRUCTURAL,S_DIRECT_PATH,BATTERY_EV,B5_AURA_Hybrid,MEDIUM,0.1579,1.0,0.0714,0.1333,1.0,0.0,0.8625,1.0,0.114
V3_EXP_0066,EXPLICIT_STRUCTURAL,S_DIRECT_PATH,BATTERY_EV,B0_Full_Suite,LOW,0.0,1.0,0.0031,0.0062,1.0,0.0,0.0,1.0,0.1
V3_EXP_0066,EXPLICIT_STRUCTURAL,S_DIRECT_PATH,BATTERY_EV,B1_Keyword,LOW,0.0,0.0,0.0,0.0,1.0,0.0,0.0,1.0,0.698
V3_EXP_0066,EXPLICIT_STRUCTURAL,S_DIRECT_PATH,BATTERY_EV,B2_Raw_Embedding,LOW,0.0,0.0,0.0,0.0,1.0,0.0,0.4875,1.0,0.624
V3_EXP_0066,EXPLICIT_STRUCTURAL,S_DIRECT_PATH,BATTERY_EV,B3_Graph_Only,LOW,0.0,1.0,0.0714,0.1333,1.0,0.0,0.8625,1.0,0.046
V3_EXP_0066,EXPLICIT_STRUCTURAL,S_DIRECT_PATH,BATTERY_EV,B4_Contextual_Embedding,LOW,0.0,0.0,0.0,0.0,1.0,0.0,0.5,1.0,222.792
V3_EXP_0066,EXPLICIT_STRUCTURAL,S_DIRECT_PATH,BATTERY_EV,B5_AURA_Hybrid,LOW,0.0,1.0,0.0714,0.1333,1.0,0.0,0.8625,1.0,0.116
V3_EXP_0067,EXPLICIT_STRUCTURAL,S_DIRECT_PATH,BATTERY_EV,B0_Full_Suite,LOW,0.0909,1.0,0.0031,0.0062,1.0,0.0,0.0,1.0,0.1
V3_EXP_0067,EXPLICIT_STRUCTURAL,S_DIRECT_PATH,BATTERY_EV,B1_Keyword,LOW,0.0909,0.0,0.0,0.0,1.0,0.0,0.0,1.0,0.72
V3_EXP_0067,EXPLICIT_STRUCTURAL,S_DIRECT_PATH,BATTERY_EV,B2_Raw_Embedding,LOW,0.0909,0.0,0.0,0.0,1.0,0.0,0.4875,1.0,0.617
V3_EXP_0067,EXPLICIT_STRUCTURAL,S_DIRECT_PATH,BATTERY_EV,B3_Graph_Only,LOW,0.0909,1.0,0.0714,0.1333,1.0,0.0,0.8625,1.0,0.046
V3_EXP_0067,EXPLICIT_STRUCTURAL,S_DIRECT_PATH,BATTERY_EV,B4_Contextual_Embedding,LOW,0.0909,0.0,0.0,0.0,1.0,0.0,0.5,1.0,200.588
V3_EXP_0067,EXPLICIT_STRUCTURAL,S_DIRECT_PATH,BATTERY_EV,B5_AURA_Hybrid,LOW,0.0909,1.0,0.0714,0.1333,1.0,0.0,0.8625,1.0,0.111
V3_EXP_0068,EXPLICIT_STRUCTURAL,S_DIRECT_PATH,BATTERY_EV,B0_Full_Suite,LOW,0.1053,1.0,0.0031,0.0062,1.0,0.0,0.0,1.0,0.1
V3_EXP_0068,EXPLICIT_STRUCTURAL,S_DIRECT_PATH,BATTERY_EV,B1_Keyword,LOW,0.1053,0.0,0.0,0.0,1.0,0.0,0.0,1.0,0.681
V3_EXP_0068,EXPLICIT_STRUCTURAL,S_DIRECT_PATH,BATTERY_EV,B2_Raw_Embedding,LOW,0.1053,0.0,0.0,0.0,1.0,0.0,0.4875,1.0,0.593
V3_EXP_0068,EXPLICIT_STRUCTURAL,S_DIRECT_PATH,BATTERY_EV,B3_Graph_Only,LOW,0.1053,1.0,0.0714,0.1333,1.0,0.0,0.8625,1.0,0.044
V3_EXP_0068,EXPLICIT_STRUCTURAL,S_DIRECT_PATH,BATTERY_EV,B4_Contextual_Embedding,LOW,0.1053,0.0,0.0,0.0,1.0,0.0,0.5,1.0,222.464
V3_EXP_0068,EXPLICIT_STRUCTURAL,S_DIRECT_PATH,BATTERY_EV,B5_AURA_Hybrid,LOW,0.1053,1.0,0.0714,0.1333,1.0,0.0,0.8625,1.0,0.119
V3_EXP_0069,EXPLICIT_STRUCTURAL,S_DIRECT_PATH,BATTERY_EV,B0_Full_Suite,LOW,0.0476,1.0,0.0031,0.0062,1.0,0.0,0.0,1.0,0.1
V3_EXP_0069,EXPLICIT_STRUCTURAL,S_DIRECT_PATH,BATTERY_EV,B1_Keyword,LOW,0.0476,0.0,0.0,0.0,1.0,0.0,0.0,1.0,0.625
V3_EXP_0069,EXPLICIT_STRUCTURAL,S_DIRECT_PATH,BATTERY_EV,B2_Raw_Embedding,LOW,0.0476,0.0,0.0,0.0,1.0,0.0,0.4875,1.0,0.561
V3_EXP_0069,EXPLICIT_STRUCTURAL,S_DIRECT_PATH,BATTERY_EV,B3_Graph_Only,LOW,0.0476,1.0,0.0714,0.1333,1.0,0.0,0.8625,1.0,0.04
V3_EXP_0069,EXPLICIT_STRUCTURAL,S_DIRECT_PATH,BATTERY_EV,B4_Contextual_Embedding,LOW,0.0476,0.0,0.0,0.0,1.0,0.0,0.5,1.0,220.62
V3_EXP_0069,EXPLICIT_STRUCTURAL,S_DIRECT_PATH,BATTERY_EV,B5_AURA_Hybrid,LOW,0.0476,1.0,0.0714,0.1333,1.0,0.0,0.8625,1.0,0.111
V3_EXP_0070,EXPLICIT_STRUCTURAL,S_DIRECT_PATH,BATTERY_EV,B0_Full_Suite,LOW,0.0476,1.0,0.0031,0.0062,1.0,0.0,0.0,1.0,0.1
V3_EXP_0070,EXPLICIT_STRUCTURAL,S_DIRECT_PATH,BATTERY_EV,B1_Keyword,LOW,0.0476,0.0,0.0,0.0,1.0,0.0,0.0,1.0,0.672
V3_EXP_0070,EXPLICIT_STRUCTURAL,S_DIRECT_PATH,BATTERY_EV,B2_Raw_Embedding,LOW,0.0476,0.0,0.0,0.0,1.0,0.0,0.4875,1.0,0.596
V3_EXP_0070,EXPLICIT_STRUCTURAL,S_DIRECT_PATH,BATTERY_EV,B3_Graph_Only,LOW,0.0476,1.0,0.0714,0.1333,1.0,0.0,0.8625,1.0,0.044
V3_EXP_0070,EXPLICIT_STRUCTURAL,S_DIRECT_PATH,BATTERY_EV,B4_Contextual_Embedding,LOW,0.0476,0.0,0.0,0.0,1.0,0.0,0.5,1.0,218.042
V3_EXP_0070,EXPLICIT_STRUCTURAL,S_DIRECT_PATH,BATTERY_EV,B5_AURA_Hybrid,LOW,0.0476,1.0,0.0714,0.1333,1.0,0.0,0.8625,1.0,0.111
V3_EXP_0071,EXPLICIT_STRUCTURAL,S_DIRECT_PATH,BATTERY_EV,B0_Full_Suite,MEDIUM,0.1579,1.0,0.0031,0.0062,1.0,0.0,0.0,1.0,0.1
V3_EXP_0071,EXPLICIT_STRUCTURAL,S_DIRECT_PATH,BATTERY_EV,B1_Keyword,MEDIUM,0.1579,0.0,0.0,0.0,1.0,0.0,0.0,1.0,0.682
V3_EXP_0071,EXPLICIT_STRUCTURAL,S_DIRECT_PATH,BATTERY_EV,B2_Raw_Embedding,MEDIUM,0.1579,0.0,0.0,0.0,1.0,0.0,0.4875,1.0,0.596
V3_EXP_0071,EXPLICIT_STRUCTURAL,S_DIRECT_PATH,BATTERY_EV,B3_Graph_Only,MEDIUM,0.1579,1.0,0.0714,0.1333,1.0,0.0,0.8625,1.0,0.045
V3_EXP_0071,EXPLICIT_STRUCTURAL,S_DIRECT_PATH,BATTERY_EV,B4_Contextual_Embedding,MEDIUM,0.1579,0.0,0.0,0.0,1.0,0.0,0.5,1.0,200.801
V3_EXP_0071,EXPLICIT_STRUCTURAL,S_DIRECT_PATH,BATTERY_EV,B5_AURA_Hybrid,MEDIUM,0.1579,1.0,0.0714,0.1333,1.0,0.0,0.8625,1.0,0.115
V3_EXP_0072,EXPLICIT_STRUCTURAL,S_DIRECT_PATH,BATTERY_EV,B0_Full_Suite,LOW,0.0,1.0,0.0031,0.0062,1.0,0.0,0.0,1.0,0.1
V3_EXP_0072,EXPLICIT_STRUCTURAL,S_DIRECT_PATH,BATTERY_EV,B1_Keyword,LOW,0.0,0.0,0.0,0.0,1.0,0.0,0.0,1.0,0.703
V3_EXP_0072,EXPLICIT_STRUCTURAL,S_DIRECT_PATH,BATTERY_EV,B2_Raw_Embedding,LOW,0.0,0.0,0.0,0.0,1.0,0.0,0.4875,1.0,0.595
V3_EXP_0072,EXPLICIT_STRUCTURAL,S_DIRECT_PATH,BATTERY_EV,B3_Graph_Only,LOW,0.0,1.0,0.0714,0.1333,1.0,0.0,0.8625,1.0,0.046
V3_EXP_0072,EXPLICIT_STRUCTURAL,S_DIRECT_PATH,BATTERY_EV,B4_Contextual_Embedding,LOW,0.0,0.0,0.0,0.0,1.0,0.0,0.5,1.0,219.966
V3_EXP_0072,EXPLICIT_STRUCTURAL,S_DIRECT_PATH,BATTERY_EV,B5_AURA_Hybrid,LOW,0.0,1.0,0.0714,0.1333,1.0,0.0,0.8625,1.0,0.115
V3_EXP_0073,EXPLICIT_STRUCTURAL,S_DIRECT_PATH,BATTERY_EV,B0_Full_Suite,LOW,0.0909,1.0,0.0031,0.0062,1.0,0.0,0.0,1.0,0.1
V3_EXP_0073,EXPLICIT_STRUCTURAL,S_DIRECT_PATH,BATTERY_EV,B1_Keyword,LOW,0.0909,0.0,0.0,0.0,1.0,0.0,0.0,1.0,0.68
V3_EXP_0073,EXPLICIT_STRUCTURAL,S_DIRECT_PATH,BATTERY_EV,B2_Raw_Embedding,LOW,0.0909,0.0,0.0,0.0,1.0,0.0,0.4875,1.0,0.6
V3_EXP_0073,EXPLICIT_STRUCTURAL,S_DIRECT_PATH,BATTERY_EV,B3_Graph_Only,LOW,0.0909,1.0,0.0714,0.1333,1.0,0.0,0.8625,1.0,0.045
V3_EXP_0073,EXPLICIT_STRUCTURAL,S_DIRECT_PATH,BATTERY_EV,B4_Contextual_Embedding,LOW,0.0909,0.0,0.0,0.0,1.0,0.0,0.5,1.0,219.304
V3_EXP_0073,EXPLICIT_STRUCTURAL,S_DIRECT_PATH,BATTERY_EV,B5_AURA_Hybrid,LOW,0.0909,1.0,0.0714,0.1333,1.0,0.0,0.8625,1.0,0.099
V3_EXP_0074,EXPLICIT_STRUCTURAL,S_DIRECT_PATH,BATTERY_EV,B0_Full_Suite,LOW,0.1053,1.0,0.0031,0.0062,1.0,0.0,0.0,1.0,0.1
V3_EXP_0074,EXPLICIT_STRUCTURAL,S_DIRECT_PATH,BATTERY_EV,B1_Keyword,LOW,0.1053,0.0,0.0,0.0,1.0,0.0,0.0,1.0,0.638
V3_EXP_0074,EXPLICIT_STRUCTURAL,S_DIRECT_PATH,BATTERY_EV,B2_Raw_Embedding,LOW,0.1053,0.0,0.0,0.0,1.0,0.0,0.4875,1.0,0.593
V3_EXP_0074,EXPLICIT_STRUCTURAL,S_DIRECT_PATH,BATTERY_EV,B3_Graph_Only,LOW,0.1053,1.0,0.0714,0.1333,1.0,0.0,0.8625,1.0,0.045
V3_EXP_0074,EXPLICIT_STRUCTURAL,S_DIRECT_PATH,BATTERY_EV,B4_Contextual_Embedding,LOW,0.1053,0.0,0.0,0.0,1.0,0.0,0.5,1.0,206.238
V3_EXP_0074,EXPLICIT_STRUCTURAL,S_DIRECT_PATH,BATTERY_EV,B5_AURA_Hybrid,LOW,0.1053,1.0,0.0714,0.1333,1.0,0.0,0.8625,1.0,0.124
V3_EXP_0075,EXPLICIT_STRUCTURAL,S_DIRECT_PATH,BATTERY_EV,B0_Full_Suite,LOW,0.0476,1.0,0.0031,0.0062,1.0,0.0,0.0,1.0,0.1
V3_EXP_0075,EXPLICIT_STRUCTURAL,S_DIRECT_PATH,BATTERY_EV,B1_Keyword,LOW,0.0476,0.0,0.0,0.0,1.0,0.0,0.0,1.0,0.695
V3_EXP_0075,EXPLICIT_STRUCTURAL,S_DIRECT_PATH,BATTERY_EV,B2_Raw_Embedding,LOW,0.0476,0.0,0.0,0.0,1.0,0.0,0.4875,1.0,0.594
V3_EXP_0075,EXPLICIT_STRUCTURAL,S_DIRECT_PATH,BATTERY_EV,B3_Graph_Only,LOW,0.0476,1.0,0.0714,0.1333,1.0,0.0,0.8625,1.0,0.048
V3_EXP_0075,EXPLICIT_STRUCTURAL,S_DIRECT_PATH,BATTERY_EV,B4_Contextual_Embedding,LOW,0.0476,0.0,0.0,0.0,1.0,0.0,0.5,1.0,216.721
V3_EXP_0075,EXPLICIT_STRUCTURAL,S_DIRECT_PATH,BATTERY_EV,B5_AURA_Hybrid,LOW,0.0476,1.0,0.0714,0.1333,1.0,0.0,0.8625,1.0,0.121
V3_EXP_0076,EXPLICIT_STRUCTURAL,S_DIRECT_PATH,BATTERY_EV,B0_Full_Suite,LOW,0.0476,1.0,0.0031,0.0062,1.0,0.0,0.0,1.0,0.1
V3_EXP_0076,EXPLICIT_STRUCTURAL,S_DIRECT_PATH,BATTERY_EV,B1_Keyword,LOW,0.0476,0.0,0.0,0.0,1.0,0.0,0.0,1.0,0.678
V3_EXP_0076,EXPLICIT_STRUCTURAL,S_DIRECT_PATH,BATTERY_EV,B2_Raw_Embedding,LOW,0.0476,0.0,0.0,0.0,1.0,0.0,0.4875,1.0,0.615
V3_EXP_0076,EXPLICIT_STRUCTURAL,S_DIRECT_PATH,BATTERY_EV,B3_Graph_Only,LOW,0.0476,1.0,0.0714,0.1333,1.0,0.0,0.8625,1.0,0.047
V3_EXP_0076,EXPLICIT_STRUCTURAL,S_DIRECT_PATH,BATTERY_EV,B4_Contextual_Embedding,LOW,0.0476,0.0,0.0,0.0,1.0,0.0,0.5,1.0,219.415
V3_EXP_0076,EXPLICIT_STRUCTURAL,S_DIRECT_PATH,BATTERY_EV,B5_AURA_Hybrid,LOW,0.0476,1.0,0.0714,0.1333,1.0,0.0,0.8625,1.0,0.114
V3_EXP_0077,EXPLICIT_STRUCTURAL,S_DIRECT_PATH,BATTERY_EV,B0_Full_Suite,MEDIUM,0.1579,1.0,0.0031,0.0062,1.0,0.0,0.0,1.0,0.1
V3_EXP_0077,EXPLICIT_STRUCTURAL,S_DIRECT_PATH,BATTERY_EV,B1_Keyword,MEDIUM,0.1579,0.0,0.0,0.0,1.0,0.0,0.0,1.0,0.665
V3_EXP_0077,EXPLICIT_STRUCTURAL,S_DIRECT_PATH,BATTERY_EV,B2_Raw_Embedding,MEDIUM,0.1579,0.0,0.0,0.0,1.0,0.0,0.4875,1.0,0.614
V3_EXP_0077,EXPLICIT_STRUCTURAL,S_DIRECT_PATH,BATTERY_EV,B3_Graph_Only,MEDIUM,0.1579,1.0,0.0714,0.1333,1.0,0.0,0.8625,1.0,0.048
V3_EXP_0077,EXPLICIT_STRUCTURAL,S_DIRECT_PATH,BATTERY_EV,B4_Contextual_Embedding,MEDIUM,0.1579,0.0,0.0,0.0,1.0,0.0,0.5,1.0,217.03
V3_EXP_0077,EXPLICIT_STRUCTURAL,S_DIRECT_PATH,BATTERY_EV,B5_AURA_Hybrid,MEDIUM,0.1579,1.0,0.0714,0.1333,1.0,0.0,0.8625,1.0,0.117
V3_EXP_0078,EXPLICIT_STRUCTURAL,S_DIRECT_PATH,BATTERY_EV,B0_Full_Suite,LOW,0.0,1.0,0.0031,0.0062,1.0,0.0,0.0,1.0,0.1
V3_EXP_0078,EXPLICIT_STRUCTURAL,S_DIRECT_PATH,BATTERY_EV,B1_Keyword,LOW,0.0,0.0,0.0,0.0,1.0,0.0,0.0,1.0,0.69
V3_EXP_0078,EXPLICIT_STRUCTURAL,S_DIRECT_PATH,BATTERY_EV,B2_Raw_Embedding,LOW,0.0,0.0,0.0,0.0,1.0,0.0,0.4875,1.0,0.668
V3_EXP_0078,EXPLICIT_STRUCTURAL,S_DIRECT_PATH,BATTERY_EV,B3_Graph_Only,LOW,0.0,1.0,0.0714,0.1333,1.0,0.0,0.8625,1.0,0.046
V3_EXP_0078,EXPLICIT_STRUCTURAL,S_DIRECT_PATH,BATTERY_EV,B4_Contextual_Embedding,LOW,0.0,0.0,0.0,0.0,1.0,0.0,0.5,1.0,202.769
V3_EXP_0078,EXPLICIT_STRUCTURAL,S_DIRECT_PATH,BATTERY_EV,B5_AURA_Hybrid,LOW,0.0,1.0,0.0714,0.1333,1.0,0.0,0.8625,1.0,0.115
V3_EXP_0079,EXPLICIT_STRUCTURAL,S_DIRECT_PATH,BATTERY_EV,B0_Full_Suite,LOW,0.0909,1.0,0.0031,0.0062,1.0,0.0,0.0,1.0,0.1
V3_EXP_0079,EXPLICIT_STRUCTURAL,S_DIRECT_PATH,BATTERY_EV,B1_Keyword,LOW,0.0909,0.0,0.0,0.0,1.0,0.0,0.0,1.0,0.706
V3_EXP_0079,EXPLICIT_STRUCTURAL,S_DIRECT_PATH,BATTERY_EV,B2_Raw_Embedding,LOW,0.0909,0.0,0.0,0.0,1.0,0.0,0.8625,1.0,0.627
V3_EXP_0079,EXPLICIT_STRUCTURAL,S_DIRECT_PATH,BATTERY_EV,B3_Graph_Only,LOW,0.0909,1.0,0.0714,0.1333,1.0,0.0,0.8625,1.0,0.047
V3_EXP_0079,EXPLICIT_STRUCTURAL,S_DIRECT_PATH,BATTERY_EV,B4_Contextual_Embedding,LOW,0.0909,0.0,0.0,0.0,1.0,0.0,0.5,1.0,216.226
V3_EXP_0079,EXPLICIT_STRUCTURAL,S_DIRECT_PATH,BATTERY_EV,B5_AURA_Hybrid,LOW,0.0909,1.0,0.0714,0.1333,1.0,0.0,0.8625,1.0,0.125
V3_EXP_0080,EXPLICIT_STRUCTURAL,S_DIRECT_PATH,BATTERY_EV,B0_Full_Suite,LOW,0.1053,1.0,0.0031,0.0062,1.0,0.0,0.0,1.0,0.1
V3_EXP_0080,EXPLICIT_STRUCTURAL,S_DIRECT_PATH,BATTERY_EV,B1_Keyword,LOW,0.1053,0.0,0.0,0.0,1.0,0.0,0.0,1.0,0.677
V3_EXP_0080,EXPLICIT_STRUCTURAL,S_DIRECT_PATH,BATTERY_EV,B2_Raw_Embedding,LOW,0.1053,0.0,0.0,0.0,1.0,0.0,0.4875,1.0,0.626
V3_EXP_0080,EXPLICIT_STRUCTURAL,S_DIRECT_PATH,BATTERY_EV,B3_Graph_Only,LOW,0.1053,1.0,0.0714,0.1333,1.0,0.0,0.8625,1.0,0.045
V3_EXP_0080,EXPLICIT_STRUCTURAL,S_DIRECT_PATH,BATTERY_EV,B4_Contextual_Embedding,LOW,0.1053,0.0,0.0,0.0,1.0,0.0,0.5,1.0,216.717
V3_EXP_0080,EXPLICIT_STRUCTURAL,S_DIRECT_PATH,BATTERY_EV,B5_AURA_Hybrid,LOW,0.1053,1.0,0.0714,0.1333,1.0,0.0,0.8625,1.0,0.11
V3_EXP_0081,EXPLICIT_STRUCTURAL,S_DIRECT_PATH,BATTERY_EV,B0_Full_Suite,LOW,0.0476,1.0,0.0031,0.0062,1.0,0.0,0.0,1.0,0.1
V3_EXP_0081,EXPLICIT_STRUCTURAL,S_DIRECT_PATH,BATTERY_EV,B1_Keyword,LOW,0.0476,0.0,0.0,0.0,1.0,0.0,0.0,1.0,0.684
V3_EXP_0081,EXPLICIT_STRUCTURAL,S_DIRECT_PATH,BATTERY_EV,B2_Raw_Embedding,LOW,0.0476,0.0,0.0,0.0,1.0,0.0,0.4875,1.0,0.608
V3_EXP_0081,EXPLICIT_STRUCTURAL,S_DIRECT_PATH,BATTERY_EV,B3_Graph_Only,LOW,0.0476,1.0,0.0714,0.1333,1.0,0.0,0.8625,1.0,0.045
V3_EXP_0081,EXPLICIT_STRUCTURAL,S_DIRECT_PATH,BATTERY_EV,B4_Contextual_Embedding,LOW,0.0476,0.0,0.0,0.0,1.0,0.0,0.5,1.0,221.041
V3_EXP_0081,EXPLICIT_STRUCTURAL,S_DIRECT_PATH,BATTERY_EV,B5_AURA_Hybrid,LOW,0.0476,1.0,0.0714,0.1333,1.0,0.0,0.8625,1.0,0.112
V3_EXP_0082,EXPLICIT_STRUCTURAL,S_DIRECT_PATH,BATTERY_EV,B0_Full_Suite,LOW,0.0476,1.0,0.0031,0.0062,1.0,0.0,0.0,1.0,0.1
V3_EXP_0082,EXPLICIT_STRUCTURAL,S_DIRECT_PATH,BATTERY_EV,B1_Keyword,LOW,0.0476,0.0,0.0,0.0,1.0,0.0,0.0,1.0,0.676
V3_EXP_0082,EXPLICIT_STRUCTURAL,S_DIRECT_PATH,BATTERY_EV,B2_Raw_Embedding,LOW,0.0476,0.0,0.0,0.0,1.0,0.0,0.4875,1.0,0.608
V3_EXP_0082,EXPLICIT_STRUCTURAL,S_DIRECT_PATH,BATTERY_EV,B3_Graph_Only,LOW,0.0476,1.0,0.0714,0.1333,1.0,0.0,0.8625,1.0,0.049
V3_EXP_0082,EXPLICIT_STRUCTURAL,S_DIRECT_PATH,BATTERY_EV,B4_Contextual_Embedding,LOW,0.0476,0.0,0.0,0.0,1.0,0.0,0.5,1.0,225.4
V3_EXP_0082,EXPLICIT_STRUCTURAL,S_DIRECT_PATH,BATTERY_EV,B5_AURA_Hybrid,LOW,0.0476,1.0,0.0714,0.1333,1.0,0.0,0.8625,1.0,0.128
V3_EXP_0083,EXPLICIT_STRUCTURAL,S_DIRECT_PATH,BATTERY_EV,B0_Full_Suite,MEDIUM,0.1579,1.0,0.0031,0.0062,1.0,0.0,0.0,1.0,0.1
V3_EXP_0083,EXPLICIT_STRUCTURAL,S_DIRECT_PATH,BATTERY_EV,B1_Keyword,MEDIUM,0.1579,0.0,0.0,0.0,1.0,0.0,0.0,1.0,0.991
V3_EXP_0083,EXPLICIT_STRUCTURAL,S_DIRECT_PATH,BATTERY_EV,B2_Raw_Embedding,MEDIUM,0.1579,0.0,0.0,0.0,1.0,0.0,0.4875,1.0,0.805
V3_EXP_0083,EXPLICIT_STRUCTURAL,S_DIRECT_PATH,BATTERY_EV,B3_Graph_Only,MEDIUM,0.1579,1.0,0.0714,0.1333,1.0,0.0,0.8625,1.0,0.059
V3_EXP_0083,EXPLICIT_STRUCTURAL,S_DIRECT_PATH,BATTERY_EV,B4_Contextual_Embedding,MEDIUM,0.1579,0.0,0.0,0.0,1.0,0.0,0.5,1.0,222.212
V3_EXP_0083,EXPLICIT_STRUCTURAL,S_DIRECT_PATH,BATTERY_EV,B5_AURA_Hybrid,MEDIUM,0.1579,1.0,0.0714,0.1333,1.0,0.0,0.8625,1.0,0.101
V3_EXP_0084,EXPLICIT_STRUCTURAL,S_DIRECT_PATH,BATTERY_EV,B0_Full_Suite,LOW,0.0,1.0,0.0031,0.0062,1.0,0.0,0.0,1.0,0.1
V3_EXP_0084,EXPLICIT_STRUCTURAL,S_DIRECT_PATH,BATTERY_EV,B1_Keyword,LOW,0.0,0.0,0.0,0.0,1.0,0.0,0.0,1.0,0.678
V3_EXP_0084,EXPLICIT_STRUCTURAL,S_DIRECT_PATH,BATTERY_EV,B2_Raw_Embedding,LOW,0.0,0.0,0.0,0.0,1.0,0.0,0.4875,1.0,0.605
V3_EXP_0084,EXPLICIT_STRUCTURAL,S_DIRECT_PATH,BATTERY_EV,B3_Graph_Only,LOW,0.0,1.0,0.0714,0.1333,1.0,0.0,0.8625,1.0,0.041
V3_EXP_0084,EXPLICIT_STRUCTURAL,S_DIRECT_PATH,BATTERY_EV,B4_Contextual_Embedding,LOW,0.0,0.0,0.0,0.0,1.0,0.0,0.5,1.0,221.607
V3_EXP_0084,EXPLICIT_STRUCTURAL,S_DIRECT_PATH,BATTERY_EV,B5_AURA_Hybrid,LOW,0.0,1.0,0.0714,0.1333,1.0,0.0,0.8625,1.0,0.112
V3_EXP_0085,EXPLICIT_STRUCTURAL,S_DIRECT_PATH,BATTERY_EV,B0_Full_Suite,LOW,0.0909,1.0,0.0031,0.0062,1.0,0.0,0.0,1.0,0.1
V3_EXP_0085,EXPLICIT_STRUCTURAL,S_DIRECT_PATH,BATTERY_EV,B1_Keyword,LOW,0.0909,0.0,0.0,0.0,1.0,0.0,0.0,1.0,0.68
V3_EXP_0085,EXPLICIT_STRUCTURAL,S_DIRECT_PATH,BATTERY_EV,B2_Raw_Embedding,LOW,0.0909,0.0,0.0,0.0,1.0,0.0,0.4875,1.0,0.594
V3_EXP_0085,EXPLICIT_STRUCTURAL,S_DIRECT_PATH,BATTERY_EV,B3_Graph_Only,LOW,0.0909,1.0,0.0714,0.1333,1.0,0.0,0.8625,1.0,0.045
V3_EXP_0085,EXPLICIT_STRUCTURAL,S_DIRECT_PATH,BATTERY_EV,B4_Contextual_Embedding,LOW,0.0909,0.0,0.0,0.0,1.0,0.0,0.5,1.0,206.763
V3_EXP_0085,EXPLICIT_STRUCTURAL,S_DIRECT_PATH,BATTERY_EV,B5_AURA_Hybrid,LOW,0.0909,1.0,0.0714,0.1333,1.0,0.0,0.8625,1.0,0.117
V3_EXP_0086,EXPLICIT_STRUCTURAL,S_DIRECT_PATH,BATTERY_EV,B0_Full_Suite,LOW,0.1053,1.0,0.0031,0.0062,1.0,0.0,0.0,1.0,0.1
V3_EXP_0086,EXPLICIT_STRUCTURAL,S_DIRECT_PATH,BATTERY_EV,B1_Keyword,LOW,0.1053,0.0,0.0,0.0,1.0,0.0,0.0,1.0,0.665
V3_EXP_0086,EXPLICIT_STRUCTURAL,S_DIRECT_PATH,BATTERY_EV,B2_Raw_Embedding,LOW,0.1053,0.0,0.0,0.0,1.0,0.0,0.4875,1.0,0.597
V3_EXP_0086,EXPLICIT_STRUCTURAL,S_DIRECT_PATH,BATTERY_EV,B3_Graph_Only,LOW,0.1053,1.0,0.0714,0.1333,1.0,0.0,0.8625,1.0,0.042
V3_EXP_0086,EXPLICIT_STRUCTURAL,S_DIRECT_PATH,BATTERY_EV,B4_Contextual_Embedding,LOW,0.1053,0.0,0.0,0.0,1.0,0.0,0.5,1.0,222.746
V3_EXP_0086,EXPLICIT_STRUCTURAL,S_DIRECT_PATH,BATTERY_EV,B5_AURA_Hybrid,LOW,0.1053,1.0,0.0714,0.1333,1.0,0.0,0.8625,1.0,0.186
V3_EXP_0087,EXPLICIT_STRUCTURAL,S_DIRECT_PATH,BATTERY_EV,B0_Full_Suite,LOW,0.0476,1.0,0.0031,0.0062,1.0,0.0,0.0,1.0,0.1
V3_EXP_0087,EXPLICIT_STRUCTURAL,S_DIRECT_PATH,BATTERY_EV,B1_Keyword,LOW,0.0476,0.0,0.0,0.0,1.0,0.0,0.0,1.0,0.699
V3_EXP_0087,EXPLICIT_STRUCTURAL,S_DIRECT_PATH,BATTERY_EV,B2_Raw_Embedding,LOW,0.0476,0.0,0.0,0.0,1.0,0.0,0.4875,1.0,0.626
V3_EXP_0087,EXPLICIT_STRUCTURAL,S_DIRECT_PATH,BATTERY_EV,B3_Graph_Only,LOW,0.0476,1.0,0.0714,0.1333,1.0,0.0,0.8625,1.0,0.041
V3_EXP_0087,EXPLICIT_STRUCTURAL,S_DIRECT_PATH,BATTERY_EV,B4_Contextual_Embedding,LOW,0.0476,0.0,0.0,0.0,1.0,0.0,0.5,1.0,219.489
V3_EXP_0087,EXPLICIT_STRUCTURAL,S_DIRECT_PATH,BATTERY_EV,B5_AURA_Hybrid,LOW,0.0476,1.0,0.0714,0.1333,1.0,0.0,0.8625,1.0,0.119
V3_EXP_0088,EXPLICIT_STRUCTURAL,S_DIRECT_PATH,BATTERY_EV,B0_Full_Suite,LOW,0.0476,1.0,0.0031,0.0062,1.0,0.0,0.0,1.0,0.1
V3_EXP_0088,EXPLICIT_STRUCTURAL,S_DIRECT_PATH,BATTERY_EV,B1_Keyword,LOW,0.0476,0.0,0.0,0.0,1.0,0.0,0.0,1.0,0.688
V3_EXP_0088,EXPLICIT_STRUCTURAL,S_DIRECT_PATH,BATTERY_EV,B2_Raw_Embedding,LOW,0.0476,0.0,0.0,0.0,1.0,0.0,0.4875,1.0,0.623
V3_EXP_0088,EXPLICIT_STRUCTURAL,S_DIRECT_PATH,BATTERY_EV,B3_Graph_Only,LOW,0.0476,1.0,0.0714,0.1333,1.0,0.0,0.8625,1.0,0.046
V3_EXP_0088,EXPLICIT_STRUCTURAL,S_DIRECT_PATH,BATTERY_EV,B4_Contextual_Embedding,LOW,0.0476,0.0,0.0,0.0,1.0,0.0,0.5,1.0,218.459
V3_EXP_0088,EXPLICIT_STRUCTURAL,S_DIRECT_PATH,BATTERY_EV,B5_AURA_Hybrid,LOW,0.0476,1.0,0.0714,0.1333,1.0,0.0,0.8625,1.0,0.119
V3_EXP_0089,EXPLICIT_STRUCTURAL,S_DIRECT_PATH,BATTERY_EV,B0_Full_Suite,MEDIUM,0.1579,1.0,0.0031,0.0062,1.0,0.0,0.0,1.0,0.1
V3_EXP_0089,EXPLICIT_STRUCTURAL,S_DIRECT_PATH,BATTERY_EV,B1_Keyword,MEDIUM,0.1579,0.0,0.0,0.0,1.0,0.0,0.0,1.0,0.701
V3_EXP_0089,EXPLICIT_STRUCTURAL,S_DIRECT_PATH,BATTERY_EV,B2_Raw_Embedding,MEDIUM,0.1579,0.0,0.0,0.0,1.0,0.0,0.4875,1.0,0.616
V3_EXP_0089,EXPLICIT_STRUCTURAL,S_DIRECT_PATH,BATTERY_EV,B3_Graph_Only,MEDIUM,0.1579,1.0,0.0714,0.1333,1.0,0.0,0.8625,1.0,0.045
V3_EXP_0089,EXPLICIT_STRUCTURAL,S_DIRECT_PATH,BATTERY_EV,B4_Contextual_Embedding,MEDIUM,0.1579,0.0,0.0,0.0,1.0,0.0,0.5,1.0,206.552
V3_EXP_0089,EXPLICIT_STRUCTURAL,S_DIRECT_PATH,BATTERY_EV,B5_AURA_Hybrid,MEDIUM,0.1579,1.0,0.0714,0.1333,1.0,0.0,0.8625,1.0,0.122
V3_EXP_0090,EXPLICIT_STRUCTURAL,S_DIRECT_PATH,BATTERY_EV,B0_Full_Suite,LOW,0.0,1.0,0.0031,0.0062,1.0,0.0,0.0,1.0,0.1
V3_EXP_0090,EXPLICIT_STRUCTURAL,S_DIRECT_PATH,BATTERY_EV,B1_Keyword,LOW,0.0,0.0,0.0,0.0,1.0,0.0,0.0,1.0,0.818
V3_EXP_0090,EXPLICIT_STRUCTURAL,S_DIRECT_PATH,BATTERY_EV,B2_Raw_Embedding,LOW,0.0,0.0,0.0,0.0,1.0,0.0,0.4875,1.0,0.63
V3_EXP_0090,EXPLICIT_STRUCTURAL,S_DIRECT_PATH,BATTERY_EV,B3_Graph_Only,LOW,0.0,1.0,0.0714,0.1333,1.0,0.0,0.8625,1.0,0.047
V3_EXP_0090,EXPLICIT_STRUCTURAL,S_DIRECT_PATH,BATTERY_EV,B4_Contextual_Embedding,LOW,0.0,0.0,0.0,0.0,1.0,0.0,0.5,1.0,219.696
V3_EXP_0090,EXPLICIT_STRUCTURAL,S_DIRECT_PATH,BATTERY_EV,B5_AURA_Hybrid,LOW,0.0,1.0,0.0714,0.1333,1.0,0.0,0.8625,1.0,0.114
V3_EXP_0091,EXPLICIT_STRUCTURAL,S_DIRECT_PATH,BODY_ELECTRONICS,B0_Full_Suite,LOW,0.0,1.0,0.0063,0.0126,1.0,0.0,0.0,1.0,0.1
V3_EXP_0091,EXPLICIT_STRUCTURAL,S_DIRECT_PATH,BODY_ELECTRONICS,B1_Keyword,LOW,0.0,0.0,0.0,0.0,1.0,0.0,0.7917,1.0,0.673
V3_EXP_0091,EXPLICIT_STRUCTURAL,S_DIRECT_PATH,BODY_ELECTRONICS,B2_Raw_Embedding,LOW,0.0,0.0,0.0,0.0,1.0,0.0,0.7917,1.0,0.592
V3_EXP_0091,EXPLICIT_STRUCTURAL,S_DIRECT_PATH,BODY_ELECTRONICS,B3_Graph_Only,LOW,0.0,0.0,0.0,0.0,0.19999999999999996,0.8,0.9792,1.0,0.017
V3_EXP_0091,EXPLICIT_STRUCTURAL,S_DIRECT_PATH,BODY_ELECTRONICS,B4_Contextual_Embedding,LOW,0.0,0.0,0.0,0.0,1.0,0.0,0.7917,1.0,76.873
V3_EXP_0091,EXPLICIT_STRUCTURAL,S_DIRECT_PATH,BODY_ELECTRONICS,B5_AURA_Hybrid,LOW,0.0,0.0,0.0,0.0,0.19999999999999996,0.8,0.9792,1.0,0.059
V3_EXP_0092,EXPLICIT_STRUCTURAL,S_DIRECT_PATH,BODY_ELECTRONICS,B0_Full_Suite,LOW,0.0,1.0,0.0063,0.0126,1.0,0.0,0.0,1.0,0.1
V3_EXP_0092,EXPLICIT_STRUCTURAL,S_DIRECT_PATH,BODY_ELECTRONICS,B1_Keyword,LOW,0.0,0.0,0.0,0.0,1.0,0.0,0.7917,1.0,0.751
V3_EXP_0092,EXPLICIT_STRUCTURAL,S_DIRECT_PATH,BODY_ELECTRONICS,B2_Raw_Embedding,LOW,0.0,0.0,0.0,0.0,1.0,0.0,0.7917,1.0,0.522
V3_EXP_0092,EXPLICIT_STRUCTURAL,S_DIRECT_PATH,BODY_ELECTRONICS,B3_Graph_Only,LOW,0.0,0.0,0.0,0.0,0.19999999999999996,0.8,0.9792,1.0,0.013
V3_EXP_0092,EXPLICIT_STRUCTURAL,S_DIRECT_PATH,BODY_ELECTRONICS,B4_Contextual_Embedding,LOW,0.0,0.0,0.0,0.0,1.0,0.0,0.7917,1.0,76.319
V3_EXP_0092,EXPLICIT_STRUCTURAL,S_DIRECT_PATH,BODY_ELECTRONICS,B5_AURA_Hybrid,LOW,0.0,0.0,0.0,0.0,0.19999999999999996,0.8,0.9792,1.0,0.043
V3_EXP_0093,EXPLICIT_STRUCTURAL,S_DIRECT_PATH,BODY_ELECTRONICS,B0_Full_Suite,LOW,0.0,1.0,0.0063,0.0126,1.0,0.0,0.0,1.0,0.1
V3_EXP_0093,EXPLICIT_STRUCTURAL,S_DIRECT_PATH,BODY_ELECTRONICS,B1_Keyword,LOW,0.0,0.0,0.0,0.0,1.0,0.0,0.7917,1.0,0.672
V3_EXP_0093,EXPLICIT_STRUCTURAL,S_DIRECT_PATH,BODY_ELECTRONICS,B2_Raw_Embedding,LOW,0.0,0.0,0.0,0.0,1.0,0.0,0.7917,1.0,0.517
V3_EXP_0093,EXPLICIT_STRUCTURAL,S_DIRECT_PATH,BODY_ELECTRONICS,B3_Graph_Only,LOW,0.0,0.0,0.0,0.0,0.19999999999999996,0.8,0.9792,1.0,0.014
V3_EXP_0093,EXPLICIT_STRUCTURAL,S_DIRECT_PATH,BODY_ELECTRONICS,B4_Contextual_Embedding,LOW,0.0,0.0,0.0,0.0,1.0,0.0,0.7917,1.0,77.065
V3_EXP_0093,EXPLICIT_STRUCTURAL,S_DIRECT_PATH,BODY_ELECTRONICS,B5_AURA_Hybrid,LOW,0.0,0.0,0.0,0.0,0.19999999999999996,0.8,0.9792,1.0,0.041
V3_EXP_0094,EXPLICIT_STRUCTURAL,S_DIRECT_PATH,BODY_ELECTRONICS,B0_Full_Suite,LOW,0.0,1.0,0.0063,0.0126,1.0,0.0,0.0,1.0,0.1
V3_EXP_0094,EXPLICIT_STRUCTURAL,S_DIRECT_PATH,BODY_ELECTRONICS,B1_Keyword,LOW,0.0,0.0,0.0,0.0,1.0,0.0,0.7917,1.0,0.67
V3_EXP_0094,EXPLICIT_STRUCTURAL,S_DIRECT_PATH,BODY_ELECTRONICS,B2_Raw_Embedding,LOW,0.0,0.0,0.0,0.0,1.0,0.0,0.7917,1.0,0.55
V3_EXP_0094,EXPLICIT_STRUCTURAL,S_DIRECT_PATH,BODY_ELECTRONICS,B3_Graph_Only,LOW,0.0,0.0,0.0,0.0,0.19999999999999996,0.8,0.9792,1.0,0.014
V3_EXP_0094,EXPLICIT_STRUCTURAL,S_DIRECT_PATH,BODY_ELECTRONICS,B4_Contextual_Embedding,LOW,0.0,0.0,0.0,0.0,1.0,0.0,0.7917,1.0,73.526
V3_EXP_0094,EXPLICIT_STRUCTURAL,S_DIRECT_PATH,BODY_ELECTRONICS,B5_AURA_Hybrid,LOW,0.0,0.0,0.0,0.0,0.19999999999999996,0.8,0.9792,1.0,0.04
V3_EXP_0095,EXPLICIT_STRUCTURAL,S_DIRECT_PATH,BODY_ELECTRONICS,B0_Full_Suite,LOW,0.0,1.0,0.0063,0.0126,1.0,0.0,0.0,1.0,0.1
V3_EXP_0095,EXPLICIT_STRUCTURAL,S_DIRECT_PATH,BODY_ELECTRONICS,B1_Keyword,LOW,0.0,0.0,0.0,0.0,1.0,0.0,0.7917,1.0,0.645
V3_EXP_0095,EXPLICIT_STRUCTURAL,S_DIRECT_PATH,BODY_ELECTRONICS,B2_Raw_Embedding,LOW,0.0,0.0,0.0,0.0,1.0,0.0,0.7917,1.0,0.501
V3_EXP_0095,EXPLICIT_STRUCTURAL,S_DIRECT_PATH,BODY_ELECTRONICS,B3_Graph_Only,LOW,0.0,0.0,0.0,0.0,0.19999999999999996,0.8,0.9792,1.0,0.058
V3_EXP_0095,EXPLICIT_STRUCTURAL,S_DIRECT_PATH,BODY_ELECTRONICS,B4_Contextual_Embedding,LOW,0.0,0.0,0.0,0.0,1.0,0.0,0.7917,1.0,76.187
V3_EXP_0095,EXPLICIT_STRUCTURAL,S_DIRECT_PATH,BODY_ELECTRONICS,B5_AURA_Hybrid,LOW,0.0,0.0,0.0,0.0,0.19999999999999996,0.8,0.9792,1.0,0.04
V3_EXP_0096,EXPLICIT_STRUCTURAL,S_DIRECT_PATH,BODY_ELECTRONICS,B0_Full_Suite,LOW,0.0,1.0,0.0063,0.0126,1.0,0.0,0.0,1.0,0.1
V3_EXP_0096,EXPLICIT_STRUCTURAL,S_DIRECT_PATH,BODY_ELECTRONICS,B1_Keyword,LOW,0.0,0.0,0.0,0.0,1.0,0.0,0.7917,1.0,0.655
V3_EXP_0096,EXPLICIT_STRUCTURAL,S_DIRECT_PATH,BODY_ELECTRONICS,B2_Raw_Embedding,LOW,0.0,0.0,0.0,0.0,1.0,0.0,0.7917,1.0,0.515
V3_EXP_0096,EXPLICIT_STRUCTURAL,S_DIRECT_PATH,BODY_ELECTRONICS,B3_Graph_Only,LOW,0.0,0.0,0.0,0.0,0.19999999999999996,0.8,0.9792,1.0,0.016
V3_EXP_0096,EXPLICIT_STRUCTURAL,S_DIRECT_PATH,BODY_ELECTRONICS,B4_Contextual_Embedding,LOW,0.0,0.0,0.0,0.0,1.0,0.0,0.7917,1.0,76.136
V3_EXP_0096,EXPLICIT_STRUCTURAL,S_DIRECT_PATH,BODY_ELECTRONICS,B5_AURA_Hybrid,LOW,0.0,0.0,0.0,0.0,0.19999999999999996,0.8,0.9792,1.0,0.05
V3_EXP_0097,EXPLICIT_STRUCTURAL,S_DIRECT_PATH,BODY_ELECTRONICS,B0_Full_Suite,LOW,0.0,1.0,0.0063,0.0126,1.0,0.0,0.0,1.0,0.1
V3_EXP_0097,EXPLICIT_STRUCTURAL,S_DIRECT_PATH,BODY_ELECTRONICS,B1_Keyword,LOW,0.0,0.0,0.0,0.0,1.0,0.0,0.7917,1.0,0.814
V3_EXP_0097,EXPLICIT_STRUCTURAL,S_DIRECT_PATH,BODY_ELECTRONICS,B2_Raw_Embedding,LOW,0.0,0.0,0.0,0.0,1.0,0.0,0.7917,1.0,0.541
V3_EXP_0097,EXPLICIT_STRUCTURAL,S_DIRECT_PATH,BODY_ELECTRONICS,B3_Graph_Only,LOW,0.0,0.0,0.0,0.0,0.19999999999999996,0.8,0.9792,1.0,0.013
V3_EXP_0097,EXPLICIT_STRUCTURAL,S_DIRECT_PATH,BODY_ELECTRONICS,B4_Contextual_Embedding,LOW,0.0,0.0,0.0,0.0,1.0,0.0,0.7917,1.0,75.821
V3_EXP_0097,EXPLICIT_STRUCTURAL,S_DIRECT_PATH,BODY_ELECTRONICS,B5_AURA_Hybrid,LOW,0.0,0.0,0.0,0.0,0.19999999999999996,0.8,0.9792,1.0,0.039
V3_EXP_0098,EXPLICIT_STRUCTURAL,S_DIRECT_PATH,BODY_ELECTRONICS,B0_Full_Suite,LOW,0.0,1.0,0.0063,0.0126,1.0,0.0,0.0,1.0,0.1
V3_EXP_0098,EXPLICIT_STRUCTURAL,S_DIRECT_PATH,BODY_ELECTRONICS,B1_Keyword,LOW,0.0,0.0,0.0,0.0,0.9,0.1,0.8125,1.0,0.633
V3_EXP_0098,EXPLICIT_STRUCTURAL,S_DIRECT_PATH,BODY_ELECTRONICS,B2_Raw_Embedding,LOW,0.0,0.0,0.0,0.0,1.0,0.0,0.7917,1.0,0.499
V3_EXP_0098,EXPLICIT_STRUCTURAL,S_DIRECT_PATH,BODY_ELECTRONICS,B3_Graph_Only,LOW,0.0,0.0,0.0,0.0,0.19999999999999996,0.8,0.9792,1.0,0.013
V3_EXP_0098,EXPLICIT_STRUCTURAL,S_DIRECT_PATH,BODY_ELECTRONICS,B4_Contextual_Embedding,LOW,0.0,0.0,0.0,0.0,1.0,0.0,0.7917,1.0,75.642
V3_EXP_0098,EXPLICIT_STRUCTURAL,S_DIRECT_PATH,BODY_ELECTRONICS,B5_AURA_Hybrid,LOW,0.0,0.0,0.0,0.0,0.19999999999999996,0.8,0.9792,1.0,0.039
V3_EXP_0099,EXPLICIT_STRUCTURAL,S_DIRECT_PATH,BODY_ELECTRONICS,B0_Full_Suite,LOW,0.0,1.0,0.0063,0.0126,1.0,0.0,0.0,1.0,0.1
V3_EXP_0099,EXPLICIT_STRUCTURAL,S_DIRECT_PATH,BODY_ELECTRONICS,B1_Keyword,LOW,0.0,0.0,0.0,0.0,0.9,0.1,0.8125,1.0,0.655
V3_EXP_0099,EXPLICIT_STRUCTURAL,S_DIRECT_PATH,BODY_ELECTRONICS,B2_Raw_Embedding,LOW,0.0,0.0,0.0,0.0,1.0,0.0,0.7917,1.0,0.519
V3_EXP_0099,EXPLICIT_STRUCTURAL,S_DIRECT_PATH,BODY_ELECTRONICS,B3_Graph_Only,LOW,0.0,0.0,0.0,0.0,0.19999999999999996,0.8,0.9792,1.0,0.013
V3_EXP_0099,EXPLICIT_STRUCTURAL,S_DIRECT_PATH,BODY_ELECTRONICS,B4_Contextual_Embedding,LOW,0.0,0.0,0.0,0.0,1.0,0.0,0.8125,1.0,78.045
V3_EXP_0099,EXPLICIT_STRUCTURAL,S_DIRECT_PATH,BODY_ELECTRONICS,B5_AURA_Hybrid,LOW,0.0,0.0,0.0,0.0,0.19999999999999996,0.8,0.9792,1.0,0.04
V3_EXP_0100,EXPLICIT_STRUCTURAL,S_DIRECT_PATH,BODY_ELECTRONICS,B0_Full_Suite,LOW,0.0,1.0,0.0063,0.0126,1.0,0.0,0.0,1.0,0.1
V3_EXP_0100,EXPLICIT_STRUCTURAL,S_DIRECT_PATH,BODY_ELECTRONICS,B1_Keyword,LOW,0.0,0.0,0.0,0.0,0.9,0.1,0.8125,1.0,0.716
V3_EXP_0100,EXPLICIT_STRUCTURAL,S_DIRECT_PATH,BODY_ELECTRONICS,B2_Raw_Embedding,LOW,0.0,0.0,0.0,0.0,1.0,0.0,0.7917,1.0,0.531
V3_EXP_0100,EXPLICIT_STRUCTURAL,S_DIRECT_PATH,BODY_ELECTRONICS,B3_Graph_Only,LOW,0.0,0.0,0.0,0.0,0.19999999999999996,0.8,0.9792,1.0,0.014
V3_EXP_0100,EXPLICIT_STRUCTURAL,S_DIRECT_PATH,BODY_ELECTRONICS,B4_Contextual_Embedding,LOW,0.0,0.0,0.0,0.0,1.0,0.0,0.8125,1.0,76.424
V3_EXP_0100,EXPLICIT_STRUCTURAL,S_DIRECT_PATH,BODY_ELECTRONICS,B5_AURA_Hybrid,LOW,0.0,0.0,0.0,0.0,0.19999999999999996,0.8,0.9792,1.0,0.041
V3_EXP_0101,EXPLICIT_STRUCTURAL,S_DIRECT_PATH,BODY_ELECTRONICS,B0_Full_Suite,LOW,0.0,1.0,0.0063,0.0126,1.0,0.0,0.0,1.0,0.1
V3_EXP_0101,EXPLICIT_STRUCTURAL,S_DIRECT_PATH,BODY_ELECTRONICS,B1_Keyword,LOW,0.0,0.0,0.0,0.0,0.9,0.1,0.8125,1.0,0.648
V3_EXP_0101,EXPLICIT_STRUCTURAL,S_DIRECT_PATH,BODY_ELECTRONICS,B2_Raw_Embedding,LOW,0.0,0.0,0.0,0.0,1.0,0.0,0.7917,1.0,0.502
V3_EXP_0101,EXPLICIT_STRUCTURAL,S_DIRECT_PATH,BODY_ELECTRONICS,B3_Graph_Only,LOW,0.0,0.0,0.0,0.0,0.19999999999999996,0.8,0.9792,1.0,0.014
V3_EXP_0101,EXPLICIT_STRUCTURAL,S_DIRECT_PATH,BODY_ELECTRONICS,B4_Contextual_Embedding,LOW,0.0,0.0,0.0,0.0,1.0,0.0,0.8125,1.0,76.02
V3_EXP_0101,EXPLICIT_STRUCTURAL,S_DIRECT_PATH,BODY_ELECTRONICS,B5_AURA_Hybrid,LOW,0.0,0.0,0.0,0.0,0.19999999999999996,0.8,0.9792,1.0,0.041
V3_EXP_0102,EXPLICIT_STRUCTURAL,S_DIRECT_PATH,BODY_ELECTRONICS,B0_Full_Suite,LOW,0.0,1.0,0.0063,0.0126,1.0,0.0,0.0,1.0,0.1
V3_EXP_0102,EXPLICIT_STRUCTURAL,S_DIRECT_PATH,BODY_ELECTRONICS,B1_Keyword,LOW,0.0,0.0,0.0,0.0,0.9,0.1,0.8125,1.0,0.664
V3_EXP_0102,EXPLICIT_STRUCTURAL,S_DIRECT_PATH,BODY_ELECTRONICS,B2_Raw_Embedding,LOW,0.0,0.0,0.0,0.0,1.0,0.0,0.7917,1.0,0.509
V3_EXP_0102,EXPLICIT_STRUCTURAL,S_DIRECT_PATH,BODY_ELECTRONICS,B3_Graph_Only,LOW,0.0,0.0,0.0,0.0,0.19999999999999996,0.8,0.9792,1.0,0.013
V3_EXP_0102,EXPLICIT_STRUCTURAL,S_DIRECT_PATH,BODY_ELECTRONICS,B4_Contextual_Embedding,LOW,0.0,0.0,0.0,0.0,1.0,0.0,0.8125,1.0,75.663
V3_EXP_0102,EXPLICIT_STRUCTURAL,S_DIRECT_PATH,BODY_ELECTRONICS,B5_AURA_Hybrid,LOW,0.0,0.0,0.0,0.0,0.19999999999999996,0.8,0.9792,1.0,0.056
V3_EXP_0103,EXPLICIT_STRUCTURAL,S_DIRECT_PATH,BODY_ELECTRONICS,B0_Full_Suite,LOW,0.0,1.0,0.0063,0.0126,1.0,0.0,0.0,1.0,0.1
V3_EXP_0103,EXPLICIT_STRUCTURAL,S_DIRECT_PATH,BODY_ELECTRONICS,B1_Keyword,LOW,0.0,0.0,0.0,0.0,0.9,0.1,0.8125,1.0,0.851
V3_EXP_0103,EXPLICIT_STRUCTURAL,S_DIRECT_PATH,BODY_ELECTRONICS,B2_Raw_Embedding,LOW,0.0,0.0,0.0,0.0,1.0,0.0,0.7917,1.0,0.559
V3_EXP_0103,EXPLICIT_STRUCTURAL,S_DIRECT_PATH,BODY_ELECTRONICS,B3_Graph_Only,LOW,0.0,0.0,0.0,0.0,0.19999999999999996,0.8,0.9792,1.0,0.015
V3_EXP_0103,EXPLICIT_STRUCTURAL,S_DIRECT_PATH,BODY_ELECTRONICS,B4_Contextual_Embedding,LOW,0.0,0.0,0.0,0.0,1.0,0.0,0.8125,1.0,73.013
V3_EXP_0103,EXPLICIT_STRUCTURAL,S_DIRECT_PATH,BODY_ELECTRONICS,B5_AURA_Hybrid,LOW,0.0,0.0,0.0,0.0,0.19999999999999996,0.8,0.9792,1.0,0.039
V3_EXP_0104,EXPLICIT_STRUCTURAL,S_DIRECT_PATH,BODY_ELECTRONICS,B0_Full_Suite,LOW,0.0,1.0,0.0063,0.0126,1.0,0.0,0.0,1.0,0.1
V3_EXP_0104,EXPLICIT_STRUCTURAL,S_DIRECT_PATH,BODY_ELECTRONICS,B1_Keyword,LOW,0.0,0.0,0.0,0.0,0.9,0.1,0.8125,1.0,0.614
V3_EXP_0104,EXPLICIT_STRUCTURAL,S_DIRECT_PATH,BODY_ELECTRONICS,B2_Raw_Embedding,LOW,0.0,0.0,0.0,0.0,1.0,0.0,0.7917,1.0,0.486
V3_EXP_0104,EXPLICIT_STRUCTURAL,S_DIRECT_PATH,BODY_ELECTRONICS,B3_Graph_Only,LOW,0.0,0.0,0.0,0.0,0.19999999999999996,0.8,0.9792,1.0,0.012
V3_EXP_0104,EXPLICIT_STRUCTURAL,S_DIRECT_PATH,BODY_ELECTRONICS,B4_Contextual_Embedding,LOW,0.0,0.0,0.0,0.0,1.0,0.0,0.8125,1.0,75.128
V3_EXP_0104,EXPLICIT_STRUCTURAL,S_DIRECT_PATH,BODY_ELECTRONICS,B5_AURA_Hybrid,LOW,0.0,0.0,0.0,0.0,0.19999999999999996,0.8,0.9792,1.0,0.04
V3_EXP_0105,EXPLICIT_STRUCTURAL,S_DIRECT_PATH,BODY_ELECTRONICS,B0_Full_Suite,LOW,0.0,1.0,0.0063,0.0126,1.0,0.0,0.0,1.0,0.1
V3_EXP_0105,EXPLICIT_STRUCTURAL,S_DIRECT_PATH,BODY_ELECTRONICS,B1_Keyword,LOW,0.0,0.0,0.0,0.0,0.9,0.1,0.8125,1.0,0.721
V3_EXP_0105,EXPLICIT_STRUCTURAL,S_DIRECT_PATH,BODY_ELECTRONICS,B2_Raw_Embedding,LOW,0.0,0.0,0.0,0.0,1.0,0.0,0.7917,1.0,0.54
V3_EXP_0105,EXPLICIT_STRUCTURAL,S_DIRECT_PATH,BODY_ELECTRONICS,B3_Graph_Only,LOW,0.0,0.0,0.0,0.0,0.19999999999999996,0.8,0.9792,1.0,0.013
V3_EXP_0105,EXPLICIT_STRUCTURAL,S_DIRECT_PATH,BODY_ELECTRONICS,B4_Contextual_Embedding,LOW,0.0,0.0,0.0,0.0,1.0,0.0,0.8125,1.0,72.938
V3_EXP_0105,EXPLICIT_STRUCTURAL,S_DIRECT_PATH,BODY_ELECTRONICS,B5_AURA_Hybrid,LOW,0.0,0.0,0.0,0.0,0.19999999999999996,0.8,0.9792,1.0,0.04
V3_EXP_0106,EXPLICIT_STRUCTURAL,S_DIRECT_PATH,BODY_ELECTRONICS,B0_Full_Suite,LOW,0.0,1.0,0.0063,0.0126,1.0,0.0,0.0,1.0,0.1
V3_EXP_0106,EXPLICIT_STRUCTURAL,S_DIRECT_PATH,BODY_ELECTRONICS,B1_Keyword,LOW,0.0,0.0,0.0,0.0,0.9,0.1,0.8125,1.0,0.642
V3_EXP_0106,EXPLICIT_STRUCTURAL,S_DIRECT_PATH,BODY_ELECTRONICS,B2_Raw_Embedding,LOW,0.0,0.0,0.0,0.0,1.0,0.0,0.7917,1.0,0.528
V3_EXP_0106,EXPLICIT_STRUCTURAL,S_DIRECT_PATH,BODY_ELECTRONICS,B3_Graph_Only,LOW,0.0,0.0,0.0,0.0,0.19999999999999996,0.8,0.9792,1.0,0.012
V3_EXP_0106,EXPLICIT_STRUCTURAL,S_DIRECT_PATH,BODY_ELECTRONICS,B4_Contextual_Embedding,LOW,0.0,0.0,0.0,0.0,1.0,0.0,0.8125,1.0,86.203
V3_EXP_0106,EXPLICIT_STRUCTURAL,S_DIRECT_PATH,BODY_ELECTRONICS,B5_AURA_Hybrid,LOW,0.0,0.0,0.0,0.0,0.19999999999999996,0.8,0.9792,1.0,0.048
V3_EXP_0107,EXPLICIT_STRUCTURAL,S_DIRECT_PATH,BODY_ELECTRONICS,B0_Full_Suite,LOW,0.0,1.0,0.0063,0.0126,1.0,0.0,0.0,1.0,0.1
V3_EXP_0107,EXPLICIT_STRUCTURAL,S_DIRECT_PATH,BODY_ELECTRONICS,B1_Keyword,LOW,0.0,0.0,0.0,0.0,1.0,0.0,0.7917,1.0,0.735
V3_EXP_0107,EXPLICIT_STRUCTURAL,S_DIRECT_PATH,BODY_ELECTRONICS,B2_Raw_Embedding,LOW,0.0,0.0,0.0,0.0,1.0,0.0,0.7917,1.0,0.544
V3_EXP_0107,EXPLICIT_STRUCTURAL,S_DIRECT_PATH,BODY_ELECTRONICS,B3_Graph_Only,LOW,0.0,0.0,0.0,0.0,0.19999999999999996,0.8,0.9792,1.0,0.014
V3_EXP_0107,EXPLICIT_STRUCTURAL,S_DIRECT_PATH,BODY_ELECTRONICS,B4_Contextual_Embedding,LOW,0.0,0.0,0.0,0.0,1.0,0.0,0.7917,1.0,82.483
V3_EXP_0107,EXPLICIT_STRUCTURAL,S_DIRECT_PATH,BODY_ELECTRONICS,B5_AURA_Hybrid,LOW,0.0,0.0,0.0,0.0,0.19999999999999996,0.8,0.9792,1.0,0.045
V3_EXP_0108,EXPLICIT_STRUCTURAL,S_DIRECT_PATH,BODY_ELECTRONICS,B0_Full_Suite,LOW,0.0,1.0,0.0063,0.0126,1.0,0.0,0.0,1.0,0.1
V3_EXP_0108,EXPLICIT_STRUCTURAL,S_DIRECT_PATH,BODY_ELECTRONICS,B1_Keyword,LOW,0.0,0.0,0.0,0.0,1.0,0.0,0.7917,1.0,0.64
V3_EXP_0108,EXPLICIT_STRUCTURAL,S_DIRECT_PATH,BODY_ELECTRONICS,B2_Raw_Embedding,LOW,0.0,0.0,0.0,0.0,1.0,0.0,0.7917,1.0,0.517
V3_EXP_0108,EXPLICIT_STRUCTURAL,S_DIRECT_PATH,BODY_ELECTRONICS,B3_Graph_Only,LOW,0.0,0.0,0.0,0.0,0.19999999999999996,0.8,0.9792,1.0,0.013
V3_EXP_0108,EXPLICIT_STRUCTURAL,S_DIRECT_PATH,BODY_ELECTRONICS,B4_Contextual_Embedding,LOW,0.0,0.0,0.0,0.0,1.0,0.0,0.7917,1.0,77.951
V3_EXP_0108,EXPLICIT_STRUCTURAL,S_DIRECT_PATH,BODY_ELECTRONICS,B5_AURA_Hybrid,LOW,0.0,0.0,0.0,0.0,0.19999999999999996,0.8,0.9792,1.0,0.043
V3_EXP_0109,EXPLICIT_STRUCTURAL,S_DIRECT_PATH,BODY_ELECTRONICS,B0_Full_Suite,LOW,0.0,1.0,0.0063,0.0126,1.0,0.0,0.0,1.0,0.1
V3_EXP_0109,EXPLICIT_STRUCTURAL,S_DIRECT_PATH,BODY_ELECTRONICS,B1_Keyword,LOW,0.0,0.0,0.0,0.0,1.0,0.0,0.7917,1.0,0.648
V3_EXP_0109,EXPLICIT_STRUCTURAL,S_DIRECT_PATH,BODY_ELECTRONICS,B2_Raw_Embedding,LOW,0.0,0.0,0.0,0.0,1.0,0.0,0.7917,1.0,0.495
V3_EXP_0109,EXPLICIT_STRUCTURAL,S_DIRECT_PATH,BODY_ELECTRONICS,B3_Graph_Only,LOW,0.0,0.0,0.0,0.0,0.19999999999999996,0.8,0.9792,1.0,0.013
V3_EXP_0109,EXPLICIT_STRUCTURAL,S_DIRECT_PATH,BODY_ELECTRONICS,B4_Contextual_Embedding,LOW,0.0,0.0,0.0,0.0,1.0,0.0,0.7917,1.0,77.588
V3_EXP_0109,EXPLICIT_STRUCTURAL,S_DIRECT_PATH,BODY_ELECTRONICS,B5_AURA_Hybrid,LOW,0.0,0.0,0.0,0.0,0.19999999999999996,0.8,0.9792,1.0,0.042
V3_EXP_0110,EXPLICIT_STRUCTURAL,S_DIRECT_PATH,BODY_ELECTRONICS,B0_Full_Suite,LOW,0.0,1.0,0.0063,0.0126,1.0,0.0,0.0,1.0,0.1
V3_EXP_0110,EXPLICIT_STRUCTURAL,S_DIRECT_PATH,BODY_ELECTRONICS,B1_Keyword,LOW,0.0,0.0,0.0,0.0,1.0,0.0,0.7917,1.0,0.66
V3_EXP_0110,EXPLICIT_STRUCTURAL,S_DIRECT_PATH,BODY_ELECTRONICS,B2_Raw_Embedding,LOW,0.0,0.0,0.0,0.0,1.0,0.0,0.7917,1.0,0.527
V3_EXP_0110,EXPLICIT_STRUCTURAL,S_DIRECT_PATH,BODY_ELECTRONICS,B3_Graph_Only,LOW,0.0,0.0,0.0,0.0,0.19999999999999996,0.8,0.9792,1.0,0.013
V3_EXP_0110,EXPLICIT_STRUCTURAL,S_DIRECT_PATH,BODY_ELECTRONICS,B4_Contextual_Embedding,LOW,0.0,0.0,0.0,0.0,1.0,0.0,0.7917,1.0,77.405
V3_EXP_0110,EXPLICIT_STRUCTURAL,S_DIRECT_PATH,BODY_ELECTRONICS,B5_AURA_Hybrid,LOW,0.0,0.0,0.0,0.0,0.19999999999999996,0.8,0.9792,1.0,0.041
V3_EXP_0111,EXPLICIT_STRUCTURAL,S_DIRECT_PATH,BODY_ELECTRONICS,B0_Full_Suite,LOW,0.0,1.0,0.0063,0.0126,1.0,0.0,0.0,1.0,0.1
V3_EXP_0111,EXPLICIT_STRUCTURAL,S_DIRECT_PATH,BODY_ELECTRONICS,B1_Keyword,LOW,0.0,0.0,0.0,0.0,1.0,0.0,0.7917,1.0,0.666
V3_EXP_0111,EXPLICIT_STRUCTURAL,S_DIRECT_PATH,BODY_ELECTRONICS,B2_Raw_Embedding,LOW,0.0,0.0,0.0,0.0,1.0,0.0,0.7917,1.0,0.524
V3_EXP_0111,EXPLICIT_STRUCTURAL,S_DIRECT_PATH,BODY_ELECTRONICS,B3_Graph_Only,LOW,0.0,0.0,0.0,0.0,0.19999999999999996,0.8,0.9792,1.0,0.013
V3_EXP_0111,EXPLICIT_STRUCTURAL,S_DIRECT_PATH,BODY_ELECTRONICS,B4_Contextual_Embedding,LOW,0.0,0.0,0.0,0.0,1.0,0.0,0.7917,1.0,77.261
V3_EXP_0111,EXPLICIT_STRUCTURAL,S_DIRECT_PATH,BODY_ELECTRONICS,B5_AURA_Hybrid,LOW,0.0,0.0,0.0,0.0,0.19999999999999996,0.8,0.9792,1.0,0.041
V3_EXP_0112,EXPLICIT_STRUCTURAL,S_DIRECT_PATH,BODY_ELECTRONICS,B0_Full_Suite,LOW,0.0,1.0,0.0063,0.0126,1.0,0.0,0.0,1.0,0.1
V3_EXP_0112,EXPLICIT_STRUCTURAL,S_DIRECT_PATH,BODY_ELECTRONICS,B1_Keyword,LOW,0.0,0.0,0.0,0.0,1.0,0.0,0.7917,1.0,0.7
V3_EXP_0112,EXPLICIT_STRUCTURAL,S_DIRECT_PATH,BODY_ELECTRONICS,B2_Raw_Embedding,LOW,0.0,0.0,0.0,0.0,1.0,0.0,0.7917,1.0,0.51
V3_EXP_0112,EXPLICIT_STRUCTURAL,S_DIRECT_PATH,BODY_ELECTRONICS,B3_Graph_Only,LOW,0.0,0.0,0.0,0.0,0.19999999999999996,0.8,0.9792,1.0,0.013
V3_EXP_0112,EXPLICIT_STRUCTURAL,S_DIRECT_PATH,BODY_ELECTRONICS,B4_Contextual_Embedding,LOW,0.0,0.0,0.0,0.0,1.0,0.0,0.7917,1.0,77.905
V3_EXP_0112,EXPLICIT_STRUCTURAL,S_DIRECT_PATH,BODY_ELECTRONICS,B5_AURA_Hybrid,LOW,0.0,0.0,0.0,0.0,0.19999999999999996,0.8,0.9792,1.0,0.038
V3_EXP_0113,EXPLICIT_STRUCTURAL,S_DIRECT_PATH,BODY_ELECTRONICS,B0_Full_Suite,LOW,0.0,1.0,0.0063,0.0126,1.0,0.0,0.0,1.0,0.1
V3_EXP_0113,EXPLICIT_STRUCTURAL,S_DIRECT_PATH,BODY_ELECTRONICS,B1_Keyword,LOW,0.0,0.0,0.0,0.0,1.0,0.0,0.7917,1.0,0.628
V3_EXP_0113,EXPLICIT_STRUCTURAL,S_DIRECT_PATH,BODY_ELECTRONICS,B2_Raw_Embedding,LOW,0.0,0.0,0.0,0.0,1.0,0.0,0.7917,1.0,0.497
V3_EXP_0113,EXPLICIT_STRUCTURAL,S_DIRECT_PATH,BODY_ELECTRONICS,B3_Graph_Only,LOW,0.0,0.0,0.0,0.0,0.19999999999999996,0.8,0.9792,1.0,0.012
V3_EXP_0113,EXPLICIT_STRUCTURAL,S_DIRECT_PATH,BODY_ELECTRONICS,B4_Contextual_Embedding,LOW,0.0,0.0,0.0,0.0,1.0,0.0,0.7917,1.0,75.368
V3_EXP_0113,EXPLICIT_STRUCTURAL,S_DIRECT_PATH,BODY_ELECTRONICS,B5_AURA_Hybrid,LOW,0.0,0.0,0.0,0.0,0.19999999999999996,0.8,0.9792,1.0,0.059
V3_EXP_0114,EXPLICIT_STRUCTURAL,S_DIRECT_PATH,BODY_ELECTRONICS,B0_Full_Suite,LOW,0.0,1.0,0.0063,0.0126,1.0,0.0,0.0,1.0,0.1
V3_EXP_0114,EXPLICIT_STRUCTURAL,S_DIRECT_PATH,BODY_ELECTRONICS,B1_Keyword,LOW,0.0,0.0,0.0,0.0,0.9,0.1,0.8125,1.0,0.942
V3_EXP_0114,EXPLICIT_STRUCTURAL,S_DIRECT_PATH,BODY_ELECTRONICS,B2_Raw_Embedding,LOW,0.0,0.0,0.0,0.0,1.0,0.0,0.7917,1.0,0.597
V3_EXP_0114,EXPLICIT_STRUCTURAL,S_DIRECT_PATH,BODY_ELECTRONICS,B3_Graph_Only,LOW,0.0,0.0,0.0,0.0,0.19999999999999996,0.8,0.9792,1.0,0.015
V3_EXP_0114,EXPLICIT_STRUCTURAL,S_DIRECT_PATH,BODY_ELECTRONICS,B4_Contextual_Embedding,LOW,0.0,0.0,0.0,0.0,1.0,0.0,0.7917,1.0,75.228
V3_EXP_0114,EXPLICIT_STRUCTURAL,S_DIRECT_PATH,BODY_ELECTRONICS,B5_AURA_Hybrid,LOW,0.0,0.0,0.0,0.0,0.19999999999999996,0.8,0.9792,1.0,0.04
V3_EXP_0115,EXPLICIT_STRUCTURAL,S_DIRECT_PATH,BODY_ELECTRONICS,B0_Full_Suite,LOW,0.0,1.0,0.0063,0.0126,1.0,0.0,0.0,1.0,0.1
V3_EXP_0115,EXPLICIT_STRUCTURAL,S_DIRECT_PATH,BODY_ELECTRONICS,B1_Keyword,LOW,0.0,0.0,0.0,0.0,1.0,0.0,0.7708,1.0,0.652
V3_EXP_0115,EXPLICIT_STRUCTURAL,S_DIRECT_PATH,BODY_ELECTRONICS,B2_Raw_Embedding,LOW,0.0,0.0,0.0,0.0,1.0,0.0,0.7917,1.0,0.497
V3_EXP_0115,EXPLICIT_STRUCTURAL,S_DIRECT_PATH,BODY_ELECTRONICS,B3_Graph_Only,LOW,0.0,0.0,0.0,0.0,0.19999999999999996,0.8,0.9792,1.0,0.013
V3_EXP_0115,EXPLICIT_STRUCTURAL,S_DIRECT_PATH,BODY_ELECTRONICS,B4_Contextual_Embedding,LOW,0.0,0.0,0.0,0.0,1.0,0.0,0.8125,1.0,76.676
V3_EXP_0115,EXPLICIT_STRUCTURAL,S_DIRECT_PATH,BODY_ELECTRONICS,B5_AURA_Hybrid,LOW,0.0,0.0,0.0,0.0,0.19999999999999996,0.8,0.9792,1.0,0.041
V3_EXP_0116,EXPLICIT_STRUCTURAL,S_DIRECT_PATH,BODY_ELECTRONICS,B0_Full_Suite,LOW,0.0,1.0,0.0063,0.0126,1.0,0.0,0.0,1.0,0.1
V3_EXP_0116,EXPLICIT_STRUCTURAL,S_DIRECT_PATH,BODY_ELECTRONICS,B1_Keyword,LOW,0.0,0.0,0.0,0.0,1.0,0.0,0.7708,1.0,0.645
V3_EXP_0116,EXPLICIT_STRUCTURAL,S_DIRECT_PATH,BODY_ELECTRONICS,B2_Raw_Embedding,LOW,0.0,0.0,0.0,0.0,1.0,0.0,0.7917,1.0,0.496
V3_EXP_0116,EXPLICIT_STRUCTURAL,S_DIRECT_PATH,BODY_ELECTRONICS,B3_Graph_Only,LOW,0.0,0.0,0.0,0.0,0.19999999999999996,0.8,0.9792,1.0,0.013
V3_EXP_0116,EXPLICIT_STRUCTURAL,S_DIRECT_PATH,BODY_ELECTRONICS,B4_Contextual_Embedding,LOW,0.0,0.0,0.0,0.0,1.0,0.0,0.8125,1.0,77.166
V3_EXP_0116,EXPLICIT_STRUCTURAL,S_DIRECT_PATH,BODY_ELECTRONICS,B5_AURA_Hybrid,LOW,0.0,0.0,0.0,0.0,0.19999999999999996,0.8,0.9792,1.0,0.042
V3_EXP_0117,EXPLICIT_STRUCTURAL,S_DIRECT_PATH,BODY_ELECTRONICS,B0_Full_Suite,LOW,0.0,1.0,0.0063,0.0126,1.0,0.0,0.0,1.0,0.1
V3_EXP_0117,EXPLICIT_STRUCTURAL,S_DIRECT_PATH,BODY_ELECTRONICS,B1_Keyword,LOW,0.0,0.0,0.0,0.0,1.0,0.0,0.7708,1.0,0.75
V3_EXP_0117,EXPLICIT_STRUCTURAL,S_DIRECT_PATH,BODY_ELECTRONICS,B2_Raw_Embedding,LOW,0.0,0.0,0.0,0.0,1.0,0.0,0.7917,1.0,0.523
V3_EXP_0117,EXPLICIT_STRUCTURAL,S_DIRECT_PATH,BODY_ELECTRONICS,B3_Graph_Only,LOW,0.0,0.0,0.0,0.0,0.19999999999999996,0.8,0.9792,1.0,0.012
V3_EXP_0117,EXPLICIT_STRUCTURAL,S_DIRECT_PATH,BODY_ELECTRONICS,B4_Contextual_Embedding,LOW,0.0,0.0,0.0,0.0,1.0,0.0,0.8125,1.0,77.051
V3_EXP_0117,EXPLICIT_STRUCTURAL,S_DIRECT_PATH,BODY_ELECTRONICS,B5_AURA_Hybrid,LOW,0.0,0.0,0.0,0.0,0.19999999999999996,0.8,0.9792,1.0,0.041
V3_EXP_0118,EXPLICIT_STRUCTURAL,S_DIRECT_PATH,BODY_ELECTRONICS,B0_Full_Suite,LOW,0.0,1.0,0.0063,0.0126,1.0,0.0,0.0,1.0,0.1
V3_EXP_0118,EXPLICIT_STRUCTURAL,S_DIRECT_PATH,BODY_ELECTRONICS,B1_Keyword,LOW,0.0,0.0,0.0,0.0,1.0,0.0,0.7708,1.0,0.649
V3_EXP_0118,EXPLICIT_STRUCTURAL,S_DIRECT_PATH,BODY_ELECTRONICS,B2_Raw_Embedding,LOW,0.0,0.0,0.0,0.0,1.0,0.0,0.7917,1.0,0.44
V3_EXP_0118,EXPLICIT_STRUCTURAL,S_DIRECT_PATH,BODY_ELECTRONICS,B3_Graph_Only,LOW,0.0,0.0,0.0,0.0,0.19999999999999996,0.8,0.9792,1.0,0.028
V3_EXP_0118,EXPLICIT_STRUCTURAL,S_DIRECT_PATH,BODY_ELECTRONICS,B4_Contextual_Embedding,LOW,0.0,0.0,0.0,0.0,1.0,0.0,0.8125,1.0,75.523
V3_EXP_0118,EXPLICIT_STRUCTURAL,S_DIRECT_PATH,BODY_ELECTRONICS,B5_AURA_Hybrid,LOW,0.0,0.0,0.0,0.0,0.19999999999999996,0.8,0.9792,1.0,0.04
V3_EXP_0119,EXPLICIT_STRUCTURAL,S_DIRECT_PATH,BODY_ELECTRONICS,B0_Full_Suite,LOW,0.0,1.0,0.0063,0.0126,1.0,0.0,0.0,1.0,0.1
V3_EXP_0119,EXPLICIT_STRUCTURAL,S_DIRECT_PATH,BODY_ELECTRONICS,B1_Keyword,LOW,0.0,0.0,0.0,0.0,1.0,0.0,0.7708,1.0,0.624
V3_EXP_0119,EXPLICIT_STRUCTURAL,S_DIRECT_PATH,BODY_ELECTRONICS,B2_Raw_Embedding,LOW,0.0,0.0,0.0,0.0,1.0,0.0,0.7917,1.0,0.509
V3_EXP_0119,EXPLICIT_STRUCTURAL,S_DIRECT_PATH,BODY_ELECTRONICS,B3_Graph_Only,LOW,0.0,0.0,0.0,0.0,0.19999999999999996,0.8,0.9792,1.0,0.014
V3_EXP_0119,EXPLICIT_STRUCTURAL,S_DIRECT_PATH,BODY_ELECTRONICS,B4_Contextual_Embedding,LOW,0.0,0.0,0.0,0.0,1.0,0.0,0.8125,1.0,78.426
V3_EXP_0119,EXPLICIT_STRUCTURAL,S_DIRECT_PATH,BODY_ELECTRONICS,B5_AURA_Hybrid,LOW,0.0,0.0,0.0,0.0,0.19999999999999996,0.8,0.9792,1.0,0.043
V3_EXP_0120,EXPLICIT_STRUCTURAL,S_DIRECT_PATH,BODY_ELECTRONICS,B0_Full_Suite,LOW,0.0,1.0,0.0063,0.0126,1.0,0.0,0.0,1.0,0.1
V3_EXP_0120,EXPLICIT_STRUCTURAL,S_DIRECT_PATH,BODY_ELECTRONICS,B1_Keyword,LOW,0.0,0.0,0.0,0.0,1.0,0.0,0.7708,1.0,0.648
V3_EXP_0120,EXPLICIT_STRUCTURAL,S_DIRECT_PATH,BODY_ELECTRONICS,B2_Raw_Embedding,LOW,0.0,0.0,0.0,0.0,1.0,0.0,0.7917,1.0,0.536
V3_EXP_0120,EXPLICIT_STRUCTURAL,S_DIRECT_PATH,BODY_ELECTRONICS,B3_Graph_Only,LOW,0.0,0.0,0.0,0.0,0.19999999999999996,0.8,0.9792,1.0,0.014
V3_EXP_0120,EXPLICIT_STRUCTURAL,S_DIRECT_PATH,BODY_ELECTRONICS,B4_Contextual_Embedding,LOW,0.0,0.0,0.0,0.0,1.0,0.0,0.8125,1.0,76.987
V3_EXP_0120,EXPLICIT_STRUCTURAL,S_DIRECT_PATH,BODY_ELECTRONICS,B5_AURA_Hybrid,LOW,0.0,0.0,0.0,0.0,0.19999999999999996,0.8,0.9792,1.0,0.039
V3_HIDDEN_0121,HIDDEN_SEMANTIC,H1,ADAS,B0_Full_Suite,LOW,0.0,1.0,0.0023,0.0045,1.0,0.0,0.0,1.0,0.1
V3_HIDDEN_0121,HIDDEN_SEMANTIC,H1,ADAS,B1_Keyword,LOW,0.0,0.0,0.0,0.0,0.0,1.0,0.9882,1.0,0.634
V3_HIDDEN_0121,HIDDEN_SEMANTIC,H1,ADAS,B2_Raw_Embedding,LOW,0.0,0.0,0.0,0.0,1.0,0.0,0.8706,1.0,0.811
V3_HIDDEN_0121,HIDDEN_SEMANTIC,H1,ADAS,B3_Graph_Only,LOW,0.0,0.0,0.0,0.0,0.0,1.0,0.9882,1.0,0.003
V3_HIDDEN_0121,HIDDEN_SEMANTIC,H1,ADAS,B4_Contextual_Embedding,LOW,0.0,0.0,0.0,0.0,1.0,0.0,0.8706,1.0,1.066
V3_HIDDEN_0121,HIDDEN_SEMANTIC,H1,ADAS,B5_AURA_Hybrid,LOW,0.0,0.0,0.0,0.0,1.0,0.0,0.8706,1.0,1.036
V3_HIDDEN_0122,HIDDEN_SEMANTIC,H2,POWERTRAIN,B0_Full_Suite,LOW,0.0909,1.0,0.0031,0.0062,1.0,0.0,0.0,1.0,0.1
V3_HIDDEN_0122,HIDDEN_SEMANTIC,H2,POWERTRAIN,B1_Keyword,LOW,0.0909,1.0,0.05,0.0952,1.0,0.0,0.8375,1.0,0.453
V3_HIDDEN_0122,HIDDEN_SEMANTIC,H2,POWERTRAIN,B2_Raw_Embedding,LOW,0.0909,1.0,0.1,0.1818,0.9,0.1,0.875,1.0,0.684
V3_HIDDEN_0122,HIDDEN_SEMANTIC,H2,POWERTRAIN,B3_Graph_Only,LOW,0.0909,0.0,0.0,0.0,0.0,1.0,0.9875,1.0,0.003
V3_HIDDEN_0122,HIDDEN_SEMANTIC,H2,POWERTRAIN,B4_Contextual_Embedding,LOW,0.0909,1.0,0.1,0.1818,0.9,0.1,0.875,1.0,0.827
V3_HIDDEN_0122,HIDDEN_SEMANTIC,H2,POWERTRAIN,B5_AURA_Hybrid,LOW,0.0909,1.0,0.1,0.1818,0.9,0.1,0.875,1.0,0.89
V3_HIDDEN_0123,HIDDEN_SEMANTIC,H3,ADAS,B0_Full_Suite,LOW,0.0476,1.0,0.0023,0.0045,1.0,0.0,0.0,1.0,0.1
V3_HIDDEN_0123,HIDDEN_SEMANTIC,H3,ADAS,B1_Keyword,LOW,0.0476,0.0,0.0,0.0,0.09999999999999998,0.9,0.9765,1.0,0.444
V3_HIDDEN_0123,HIDDEN_SEMANTIC,H3,ADAS,B2_Raw_Embedding,LOW,0.0476,1.0,0.1,0.1818,0.9,0.1,0.8824,1.0,0.672
V3_HIDDEN_0123,HIDDEN_SEMANTIC,H3,ADAS,B3_Graph_Only,LOW,0.0476,0.0,0.0,0.0,0.0,1.0,0.9882,1.0,0.003
V3_HIDDEN_0123,HIDDEN_SEMANTIC,H3,ADAS,B4_Contextual_Embedding,LOW,0.0476,1.0,0.1,0.1818,0.9,0.1,0.8824,1.0,0.829
V3_HIDDEN_0123,HIDDEN_SEMANTIC,H3,ADAS,B5_AURA_Hybrid,LOW,0.0476,1.0,0.1,0.1818,0.9,0.1,0.8824,1.0,0.846
V3_HIDDEN_0124,HIDDEN_SEMANTIC,H4,ADAS,B0_Full_Suite,LOW,0.1,1.0,0.0023,0.0045,1.0,0.0,0.0,1.0,0.1
V3_HIDDEN_0124,HIDDEN_SEMANTIC,H4,ADAS,B1_Keyword,LOW,0.1,0.0,0.0,0.0,0.0,1.0,0.9882,1.0,0.423
V3_HIDDEN_0124,HIDDEN_SEMANTIC,H4,ADAS,B2_Raw_Embedding,LOW,0.1,0.0,0.0,0.0,1.0,0.0,0.8706,1.0,0.615
V3_HIDDEN_0124,HIDDEN_SEMANTIC,H4,ADAS,B3_Graph_Only,LOW,0.1,0.0,0.0,0.0,0.0,1.0,0.9882,1.0,0.002
V3_HIDDEN_0124,HIDDEN_SEMANTIC,H4,ADAS,B4_Contextual_Embedding,LOW,0.1,1.0,0.1,0.1818,0.9,0.1,0.8824,1.0,0.814
V3_HIDDEN_0124,HIDDEN_SEMANTIC,H4,ADAS,B5_AURA_Hybrid,LOW,0.1,1.0,0.1,0.1818,0.9,0.1,0.8824,1.0,0.829
V3_HIDDEN_0125,HIDDEN_SEMANTIC,H5,BATTERY_EV,B0_Full_Suite,LOW,0.1429,1.0,0.0031,0.0062,1.0,0.0,0.0,1.0,0.1
V3_HIDDEN_0125,HIDDEN_SEMANTIC,H5,BATTERY_EV,B1_Keyword,LOW,0.1429,0.0,0.0,0.0,1.0,0.0,0.825,1.0,0.553
V3_HIDDEN_0125,HIDDEN_SEMANTIC,H5,BATTERY_EV,B2_Raw_Embedding,LOW,0.1429,0.0,0.0,0.0,1.0,0.0,0.9,1.0,0.706
V3_HIDDEN_0125,HIDDEN_SEMANTIC,H5,BATTERY_EV,B3_Graph_Only,LOW,0.1429,0.0,0.0,0.0,0.0,1.0,0.9875,1.0,0.002
V3_HIDDEN_0125,HIDDEN_SEMANTIC,H5,BATTERY_EV,B4_Contextual_Embedding,LOW,0.1429,0.0,0.0,0.0,1.0,0.0,0.8625,1.0,0.744
V3_HIDDEN_0125,HIDDEN_SEMANTIC,H5,BATTERY_EV,B5_AURA_Hybrid,LOW,0.1429,0.0,0.0,0.0,1.0,0.0,0.8625,1.0,0.794
V3_HIDDEN_0126,HIDDEN_SEMANTIC,H6,BODY_ELECTRONICS,B0_Full_Suite,LOW,0.0588,1.0,0.0063,0.0126,1.0,0.0,0.0,1.0,0.1
V3_HIDDEN_0126,HIDDEN_SEMANTIC,H6,BODY_ELECTRONICS,B1_Keyword,LOW,0.0588,0.0,0.0,0.0,0.8,0.2,0.8125,1.0,0.367
V3_HIDDEN_0126,HIDDEN_SEMANTIC,H6,BODY_ELECTRONICS,B2_Raw_Embedding,LOW,0.0588,0.0,0.0,0.0,1.0,0.0,0.7708,1.0,0.463
V3_HIDDEN_0126,HIDDEN_SEMANTIC,H6,BODY_ELECTRONICS,B3_Graph_Only,LOW,0.0588,0.0,0.0,0.0,0.0,1.0,0.9792,1.0,0.002
V3_HIDDEN_0126,HIDDEN_SEMANTIC,H6,BODY_ELECTRONICS,B4_Contextual_Embedding,LOW,0.0588,0.0,0.0,0.0,1.0,0.0,0.7917,1.0,0.813
V3_HIDDEN_0126,HIDDEN_SEMANTIC,H6,BODY_ELECTRONICS,B5_AURA_Hybrid,LOW,0.0588,0.0,0.0,0.0,1.0,0.0,0.7917,1.0,0.791
V3_HIDDEN_0127,HIDDEN_SEMANTIC,H7,BATTERY_EV,B0_Full_Suite,MEDIUM,0.25,1.0,0.0031,0.0062,1.0,0.0,0.0,1.0,0.1
V3_HIDDEN_0127,HIDDEN_SEMANTIC,H7,BATTERY_EV,B1_Keyword,MEDIUM,0.25,1.0,0.0435,0.0833,1.0,0.0,0.825,1.0,0.755
V3_HIDDEN_0127,HIDDEN_SEMANTIC,H7,BATTERY_EV,B2_Raw_Embedding,MEDIUM,0.25,0.0,0.0,0.0,1.0,0.0,0.8875,1.0,0.655
V3_HIDDEN_0127,HIDDEN_SEMANTIC,H7,BATTERY_EV,B3_Graph_Only,MEDIUM,0.25,0.0,0.0,0.0,0.0,1.0,0.9875,1.0,0.003
V3_HIDDEN_0127,HIDDEN_SEMANTIC,H7,BATTERY_EV,B4_Contextual_Embedding,MEDIUM,0.25,1.0,0.1,0.1818,0.9,0.1,0.875,1.0,0.735
V3_HIDDEN_0127,HIDDEN_SEMANTIC,H7,BATTERY_EV,B5_AURA_Hybrid,MEDIUM,0.25,1.0,0.1,0.1818,0.9,0.1,0.875,1.0,0.854
V3_HIDDEN_0128,HIDDEN_SEMANTIC,H8,POWERTRAIN,B0_Full_Suite,LOW,0.1429,1.0,0.0031,0.0062,1.0,0.0,0.0,1.0,0.1
V3_HIDDEN_0128,HIDDEN_SEMANTIC,H8,POWERTRAIN,B1_Keyword,LOW,0.1429,1.0,0.0256,0.05,1.0,0.0,0.7,1.0,0.462
V3_HIDDEN_0128,HIDDEN_SEMANTIC,H8,POWERTRAIN,B2_Raw_Embedding,LOW,0.1429,0.0,0.0,0.0,1.0,0.0,0.8875,1.0,0.676
V3_HIDDEN_0128,HIDDEN_SEMANTIC,H8,POWERTRAIN,B3_Graph_Only,LOW,0.1429,0.0,0.0,0.0,0.0,1.0,0.9875,1.0,0.002
V3_HIDDEN_0128,HIDDEN_SEMANTIC,H8,POWERTRAIN,B4_Contextual_Embedding,LOW,0.1429,0.0,0.0,0.0,1.0,0.0,0.8625,1.0,0.7
V3_HIDDEN_0128,HIDDEN_SEMANTIC,H8,POWERTRAIN,B5_AURA_Hybrid,LOW,0.1429,0.0,0.0,0.0,1.0,0.0,0.8625,1.0,0.748
V3_HIDDEN_0129,HIDDEN_SEMANTIC,H9,ADAS,B0_Full_Suite,LOW,0.0952,1.0,0.0023,0.0045,1.0,0.0,0.0,1.0,0.1
V3_HIDDEN_0129,HIDDEN_SEMANTIC,H9,ADAS,B1_Keyword,LOW,0.0952,0.0,0.0,0.0,0.19999999999999996,0.8,0.9647,1.0,0.396
V3_HIDDEN_0129,HIDDEN_SEMANTIC,H9,ADAS,B2_Raw_Embedding,LOW,0.0952,0.0,0.0,0.0,1.0,0.0,0.8824,1.0,0.577
V3_HIDDEN_0129,HIDDEN_SEMANTIC,H9,ADAS,B3_Graph_Only,LOW,0.0952,0.0,0.0,0.0,0.0,1.0,0.9882,1.0,0.002
V3_HIDDEN_0129,HIDDEN_SEMANTIC,H9,ADAS,B4_Contextual_Embedding,LOW,0.0952,0.0,0.0,0.0,1.0,0.0,0.8706,1.0,0.746
V3_HIDDEN_0129,HIDDEN_SEMANTIC,H9,ADAS,B5_AURA_Hybrid,LOW,0.0952,0.0,0.0,0.0,1.0,0.0,0.8706,1.0,0.795
V3_HIDDEN_0130,HIDDEN_SEMANTIC,H10,ADAS,B0_Full_Suite,LOW,0.0,1.0,0.0023,0.0045,1.0,0.0,0.0,1.0,0.1
V3_HIDDEN_0130,HIDDEN_SEMANTIC,H10,ADAS,B1_Keyword,LOW,0.0,0.0,0.0,0.0,0.09999999999999998,0.9,0.9765,1.0,0.385
V3_HIDDEN_0130,HIDDEN_SEMANTIC,H10,ADAS,B2_Raw_Embedding,LOW,0.0,0.0,0.0,0.0,1.0,0.0,0.8824,1.0,0.532
V3_HIDDEN_0130,HIDDEN_SEMANTIC,H10,ADAS,B3_Graph_Only,LOW,0.0,0.0,0.0,0.0,0.0,1.0,0.9882,1.0,0.002
V3_HIDDEN_0130,HIDDEN_SEMANTIC,H10,ADAS,B4_Contextual_Embedding,LOW,0.0,0.0,0.0,0.0,1.0,0.0,0.8706,1.0,0.812
V3_HIDDEN_0130,HIDDEN_SEMANTIC,H10,ADAS,B5_AURA_Hybrid,LOW,0.0,0.0,0.0,0.0,1.0,0.0,0.8706,1.0,0.853
V3_HIDDEN_0131,HIDDEN_SEMANTIC,H1,ADAS,B0_Full_Suite,LOW,0.0,1.0,0.0023,0.0045,1.0,0.0,0.0,1.0,0.1
V3_HIDDEN_0131,HIDDEN_SEMANTIC,H1,ADAS,B1_Keyword,LOW,0.0,0.0,0.0,0.0,0.0,1.0,0.9882,1.0,0.518
V3_HIDDEN_0131,HIDDEN_SEMANTIC,H1,ADAS,B2_Raw_Embedding,LOW,0.0,0.0,0.0,0.0,1.0,0.0,0.8706,1.0,0.773
V3_HIDDEN_0131,HIDDEN_SEMANTIC,H1,ADAS,B3_Graph_Only,LOW,0.0,0.0,0.0,0.0,0.0,1.0,0.9882,1.0,0.003
V3_HIDDEN_0131,HIDDEN_SEMANTIC,H1,ADAS,B4_Contextual_Embedding,LOW,0.0,0.0,0.0,0.0,1.0,0.0,0.8706,1.0,0.945
V3_HIDDEN_0131,HIDDEN_SEMANTIC,H1,ADAS,B5_AURA_Hybrid,LOW,0.0,0.0,0.0,0.0,1.0,0.0,0.8706,1.0,0.904
V3_HIDDEN_0132,HIDDEN_SEMANTIC,H2,POWERTRAIN,B0_Full_Suite,LOW,0.0909,1.0,0.0031,0.0062,1.0,0.0,0.0,1.0,0.1
V3_HIDDEN_0132,HIDDEN_SEMANTIC,H2,POWERTRAIN,B1_Keyword,LOW,0.0909,1.0,0.0526,0.1,1.0,0.0,0.85,1.0,0.402
V3_HIDDEN_0132,HIDDEN_SEMANTIC,H2,POWERTRAIN,B2_Raw_Embedding,LOW,0.0909,1.0,0.1,0.1818,0.9,0.1,0.875,1.0,0.626
V3_HIDDEN_0132,HIDDEN_SEMANTIC,H2,POWERTRAIN,B3_Graph_Only,LOW,0.0909,0.0,0.0,0.0,0.0,1.0,0.9875,1.0,0.003
V3_HIDDEN_0132,HIDDEN_SEMANTIC,H2,POWERTRAIN,B4_Contextual_Embedding,LOW,0.0909,1.0,0.1,0.1818,0.9,0.1,0.875,1.0,1.081
V3_HIDDEN_0132,HIDDEN_SEMANTIC,H2,POWERTRAIN,B5_AURA_Hybrid,LOW,0.0909,1.0,0.1,0.1818,0.9,0.1,0.875,1.0,0.966
V3_HIDDEN_0133,HIDDEN_SEMANTIC,H3,ADAS,B0_Full_Suite,LOW,0.0476,1.0,0.0023,0.0045,1.0,0.0,0.0,1.0,0.1
V3_HIDDEN_0133,HIDDEN_SEMANTIC,H3,ADAS,B1_Keyword,LOW,0.0476,0.0,0.0,0.0,0.09999999999999998,0.9,0.9765,1.0,0.404
V3_HIDDEN_0133,HIDDEN_SEMANTIC,H3,ADAS,B2_Raw_Embedding,LOW,0.0476,1.0,0.1,0.1818,0.9,0.1,0.8824,1.0,0.647
V3_HIDDEN_0133,HIDDEN_SEMANTIC,H3,ADAS,B3_Graph_Only,LOW,0.0476,0.0,0.0,0.0,0.0,1.0,0.9882,1.0,0.002
V3_HIDDEN_0133,HIDDEN_SEMANTIC,H3,ADAS,B4_Contextual_Embedding,LOW,0.0476,1.0,0.1,0.1818,0.9,0.1,0.8824,1.0,0.806
V3_HIDDEN_0133,HIDDEN_SEMANTIC,H3,ADAS,B5_AURA_Hybrid,LOW,0.0476,1.0,0.1,0.1818,0.9,0.1,0.8824,1.0,0.846
V3_HIDDEN_0134,HIDDEN_SEMANTIC,H4,ADAS,B0_Full_Suite,LOW,0.1,1.0,0.0023,0.0045,1.0,0.0,0.0,1.0,0.1
V3_HIDDEN_0134,HIDDEN_SEMANTIC,H4,ADAS,B1_Keyword,LOW,0.1,0.0,0.0,0.0,0.0,1.0,0.9882,1.0,0.396
V3_HIDDEN_0134,HIDDEN_SEMANTIC,H4,ADAS,B2_Raw_Embedding,LOW,0.1,0.0,0.0,0.0,1.0,0.0,0.8706,1.0,0.541
V3_HIDDEN_0134,HIDDEN_SEMANTIC,H4,ADAS,B3_Graph_Only,LOW,0.1,0.0,0.0,0.0,0.0,1.0,0.9882,1.0,0.002
V3_HIDDEN_0134,HIDDEN_SEMANTIC,H4,ADAS,B4_Contextual_Embedding,LOW,0.1,1.0,0.1,0.1818,0.9,0.1,0.8824,1.0,0.912
V3_HIDDEN_0134,HIDDEN_SEMANTIC,H4,ADAS,B5_AURA_Hybrid,LOW,0.1,1.0,0.1,0.1818,0.9,0.1,0.8824,1.0,0.839
V3_HIDDEN_0135,HIDDEN_SEMANTIC,H5,BATTERY_EV,B0_Full_Suite,LOW,0.1429,1.0,0.0031,0.0062,1.0,0.0,0.0,1.0,0.1
V3_HIDDEN_0135,HIDDEN_SEMANTIC,H5,BATTERY_EV,B1_Keyword,LOW,0.1429,0.0,0.0,0.0,1.0,0.0,0.825,1.0,0.421
V3_HIDDEN_0135,HIDDEN_SEMANTIC,H5,BATTERY_EV,B2_Raw_Embedding,LOW,0.1429,0.0,0.0,0.0,1.0,0.0,0.9,1.0,0.577
V3_HIDDEN_0135,HIDDEN_SEMANTIC,H5,BATTERY_EV,B3_Graph_Only,LOW,0.1429,0.0,0.0,0.0,0.0,1.0,0.9875,1.0,0.002
V3_HIDDEN_0135,HIDDEN_SEMANTIC,H5,BATTERY_EV,B4_Contextual_Embedding,LOW,0.1429,0.0,0.0,0.0,1.0,0.0,0.8625,1.0,0.787
V3_HIDDEN_0135,HIDDEN_SEMANTIC,H5,BATTERY_EV,B5_AURA_Hybrid,LOW,0.1429,0.0,0.0,0.0,1.0,0.0,0.8625,1.0,0.828
V3_HIDDEN_0136,HIDDEN_SEMANTIC,H6,BODY_ELECTRONICS,B0_Full_Suite,LOW,0.0588,1.0,0.0063,0.0126,1.0,0.0,0.0,1.0,0.1
V3_HIDDEN_0136,HIDDEN_SEMANTIC,H6,BODY_ELECTRONICS,B1_Keyword,LOW,0.0588,0.0,0.0,0.0,0.8,0.2,0.8125,1.0,0.336
V3_HIDDEN_0136,HIDDEN_SEMANTIC,H6,BODY_ELECTRONICS,B2_Raw_Embedding,LOW,0.0588,0.0,0.0,0.0,1.0,0.0,0.7708,1.0,0.625
V3_HIDDEN_0136,HIDDEN_SEMANTIC,H6,BODY_ELECTRONICS,B3_Graph_Only,LOW,0.0588,0.0,0.0,0.0,0.0,1.0,0.9792,1.0,0.002
V3_HIDDEN_0136,HIDDEN_SEMANTIC,H6,BODY_ELECTRONICS,B4_Contextual_Embedding,LOW,0.0588,0.0,0.0,0.0,1.0,0.0,0.7917,1.0,0.638
V3_HIDDEN_0136,HIDDEN_SEMANTIC,H6,BODY_ELECTRONICS,B5_AURA_Hybrid,LOW,0.0588,0.0,0.0,0.0,1.0,0.0,0.7917,1.0,0.952
V3_HIDDEN_0137,HIDDEN_SEMANTIC,H7,BATTERY_EV,B0_Full_Suite,MEDIUM,0.25,1.0,0.0031,0.0062,1.0,0.0,0.0,1.0,0.1
V3_HIDDEN_0137,HIDDEN_SEMANTIC,H7,BATTERY_EV,B1_Keyword,MEDIUM,0.25,1.0,0.0435,0.0833,1.0,0.0,0.825,1.0,0.548
V3_HIDDEN_0137,HIDDEN_SEMANTIC,H7,BATTERY_EV,B2_Raw_Embedding,MEDIUM,0.25,0.0,0.0,0.0,1.0,0.0,0.8875,1.0,0.548
V3_HIDDEN_0137,HIDDEN_SEMANTIC,H7,BATTERY_EV,B3_Graph_Only,MEDIUM,0.25,0.0,0.0,0.0,0.0,1.0,0.9875,1.0,0.002
V3_HIDDEN_0137,HIDDEN_SEMANTIC,H7,BATTERY_EV,B4_Contextual_Embedding,MEDIUM,0.25,1.0,0.1,0.1818,0.9,0.1,0.875,1.0,0.639
V3_HIDDEN_0137,HIDDEN_SEMANTIC,H7,BATTERY_EV,B5_AURA_Hybrid,MEDIUM,0.25,1.0,0.1,0.1818,0.9,0.1,0.875,1.0,0.82
V3_HIDDEN_0138,HIDDEN_SEMANTIC,H8,POWERTRAIN,B0_Full_Suite,LOW,0.1429,1.0,0.0031,0.0062,1.0,0.0,0.0,1.0,0.1
V3_HIDDEN_0138,HIDDEN_SEMANTIC,H8,POWERTRAIN,B1_Keyword,LOW,0.1429,1.0,0.0256,0.05,1.0,0.0,0.7,1.0,0.477
V3_HIDDEN_0138,HIDDEN_SEMANTIC,H8,POWERTRAIN,B2_Raw_Embedding,LOW,0.1429,0.0,0.0,0.0,1.0,0.0,0.8875,1.0,0.656
V3_HIDDEN_0138,HIDDEN_SEMANTIC,H8,POWERTRAIN,B3_Graph_Only,LOW,0.1429,0.0,0.0,0.0,0.0,1.0,0.9875,1.0,0.002
V3_HIDDEN_0138,HIDDEN_SEMANTIC,H8,POWERTRAIN,B4_Contextual_Embedding,LOW,0.1429,0.0,0.0,0.0,1.0,0.0,0.8625,1.0,0.848
V3_HIDDEN_0138,HIDDEN_SEMANTIC,H8,POWERTRAIN,B5_AURA_Hybrid,LOW,0.1429,0.0,0.0,0.0,1.0,0.0,0.8625,1.0,0.791
V3_HIDDEN_0139,HIDDEN_SEMANTIC,H9,ADAS,B0_Full_Suite,LOW,0.0952,1.0,0.0023,0.0045,1.0,0.0,0.0,1.0,0.1
V3_HIDDEN_0139,HIDDEN_SEMANTIC,H9,ADAS,B1_Keyword,LOW,0.0952,0.0,0.0,0.0,0.19999999999999996,0.8,0.9647,1.0,0.413
V3_HIDDEN_0139,HIDDEN_SEMANTIC,H9,ADAS,B2_Raw_Embedding,LOW,0.0952,0.0,0.0,0.0,1.0,0.0,0.8824,1.0,0.644
V3_HIDDEN_0139,HIDDEN_SEMANTIC,H9,ADAS,B3_Graph_Only,LOW,0.0952,0.0,0.0,0.0,0.0,1.0,0.9882,1.0,0.002
V3_HIDDEN_0139,HIDDEN_SEMANTIC,H9,ADAS,B4_Contextual_Embedding,LOW,0.0952,0.0,0.0,0.0,1.0,0.0,0.8706,1.0,0.771
V3_HIDDEN_0139,HIDDEN_SEMANTIC,H9,ADAS,B5_AURA_Hybrid,LOW,0.0952,0.0,0.0,0.0,1.0,0.0,0.8706,1.0,0.923
V3_HIDDEN_0140,HIDDEN_SEMANTIC,H10,ADAS,B0_Full_Suite,LOW,0.0,1.0,0.0023,0.0045,1.0,0.0,0.0,1.0,0.1
V3_HIDDEN_0140,HIDDEN_SEMANTIC,H10,ADAS,B1_Keyword,LOW,0.0,0.0,0.0,0.0,0.09999999999999998,0.9,0.9765,1.0,0.415
V3_HIDDEN_0140,HIDDEN_SEMANTIC,H10,ADAS,B2_Raw_Embedding,LOW,0.0,0.0,0.0,0.0,1.0,0.0,0.8824,1.0,0.606
V3_HIDDEN_0140,HIDDEN_SEMANTIC,H10,ADAS,B3_Graph_Only,LOW,0.0,0.0,0.0,0.0,0.0,1.0,0.9882,1.0,0.002
V3_HIDDEN_0140,HIDDEN_SEMANTIC,H10,ADAS,B4_Contextual_Embedding,LOW,0.0,0.0,0.0,0.0,1.0,0.0,0.8706,1.0,0.858
V3_HIDDEN_0140,HIDDEN_SEMANTIC,H10,ADAS,B5_AURA_Hybrid,LOW,0.0,0.0,0.0,0.0,1.0,0.0,0.8706,1.0,0.803
V3_HIDDEN_0141,HIDDEN_SEMANTIC,H1,ADAS,B0_Full_Suite,LOW,0.0,1.0,0.0023,0.0045,1.0,0.0,0.0,1.0,0.1
V3_HIDDEN_0141,HIDDEN_SEMANTIC,H1,ADAS,B1_Keyword,LOW,0.0,0.0,0.0,0.0,0.0,1.0,0.9882,1.0,0.404
V3_HIDDEN_0141,HIDDEN_SEMANTIC,H1,ADAS,B2_Raw_Embedding,LOW,0.0,0.0,0.0,0.0,1.0,0.0,0.8706,1.0,0.625
V3_HIDDEN_0141,HIDDEN_SEMANTIC,H1,ADAS,B3_Graph_Only,LOW,0.0,0.0,0.0,0.0,0.0,1.0,0.9882,1.0,0.002
V3_HIDDEN_0141,HIDDEN_SEMANTIC,H1,ADAS,B4_Contextual_Embedding,LOW,0.0,0.0,0.0,0.0,1.0,0.0,0.8706,1.0,0.792
V3_HIDDEN_0141,HIDDEN_SEMANTIC,H1,ADAS,B5_AURA_Hybrid,LOW,0.0,0.0,0.0,0.0,1.0,0.0,0.8706,1.0,0.839
V3_HIDDEN_0142,HIDDEN_SEMANTIC,H2,POWERTRAIN,B0_Full_Suite,LOW,0.0909,1.0,0.0031,0.0062,1.0,0.0,0.0,1.0,0.1
V3_HIDDEN_0142,HIDDEN_SEMANTIC,H2,POWERTRAIN,B1_Keyword,LOW,0.0909,1.0,0.0526,0.1,1.0,0.0,0.85,1.0,0.399
V3_HIDDEN_0142,HIDDEN_SEMANTIC,H2,POWERTRAIN,B2_Raw_Embedding,LOW,0.0909,1.0,0.1,0.1818,0.9,0.1,0.875,1.0,0.617
V3_HIDDEN_0142,HIDDEN_SEMANTIC,H2,POWERTRAIN,B3_Graph_Only,LOW,0.0909,0.0,0.0,0.0,0.0,1.0,0.9875,1.0,0.002
V3_HIDDEN_0142,HIDDEN_SEMANTIC,H2,POWERTRAIN,B4_Contextual_Embedding,LOW,0.0909,1.0,0.1,0.1818,0.9,0.1,0.875,1.0,0.781
V3_HIDDEN_0142,HIDDEN_SEMANTIC,H2,POWERTRAIN,B5_AURA_Hybrid,LOW,0.0909,1.0,0.1,0.1818,0.9,0.1,0.875,1.0,0.845
V3_HIDDEN_0143,HIDDEN_SEMANTIC,H3,ADAS,B0_Full_Suite,LOW,0.0476,1.0,0.0023,0.0045,1.0,0.0,0.0,1.0,0.1
V3_HIDDEN_0143,HIDDEN_SEMANTIC,H3,ADAS,B1_Keyword,LOW,0.0476,1.0,0.5,0.6667,0.09999999999999998,0.9,0.9765,1.0,0.411
V3_HIDDEN_0143,HIDDEN_SEMANTIC,H3,ADAS,B2_Raw_Embedding,LOW,0.0476,1.0,0.1,0.1818,0.9,0.1,0.8824,1.0,0.657
V3_HIDDEN_0143,HIDDEN_SEMANTIC,H3,ADAS,B3_Graph_Only,LOW,0.0476,0.0,0.0,0.0,0.0,1.0,0.9882,1.0,0.002
V3_HIDDEN_0143,HIDDEN_SEMANTIC,H3,ADAS,B4_Contextual_Embedding,LOW,0.0476,1.0,0.1,0.1818,0.9,0.1,0.8824,1.0,0.832
V3_HIDDEN_0143,HIDDEN_SEMANTIC,H3,ADAS,B5_AURA_Hybrid,LOW,0.0476,1.0,0.1,0.1818,0.9,0.1,0.8824,1.0,0.95
V3_HIDDEN_0144,HIDDEN_SEMANTIC,H4,ADAS,B0_Full_Suite,LOW,0.1,1.0,0.0023,0.0045,1.0,0.0,0.0,1.0,0.1
V3_HIDDEN_0144,HIDDEN_SEMANTIC,H4,ADAS,B1_Keyword,LOW,0.1,1.0,1.0,1.0,0.0,1.0,0.9882,1.0,0.418
V3_HIDDEN_0144,HIDDEN_SEMANTIC,H4,ADAS,B2_Raw_Embedding,LOW,0.1,0.0,0.0,0.0,1.0,0.0,0.8706,1.0,0.666
V3_HIDDEN_0144,HIDDEN_SEMANTIC,H4,ADAS,B3_Graph_Only,LOW,0.1,0.0,0.0,0.0,0.0,1.0,0.9882,1.0,0.002
V3_HIDDEN_0144,HIDDEN_SEMANTIC,H4,ADAS,B4_Contextual_Embedding,LOW,0.1,1.0,0.1,0.1818,0.9,0.1,0.8824,1.0,0.877
V3_HIDDEN_0144,HIDDEN_SEMANTIC,H4,ADAS,B5_AURA_Hybrid,LOW,0.1,1.0,0.1,0.1818,0.9,0.1,0.8824,1.0,0.89
V3_HIDDEN_0145,HIDDEN_SEMANTIC,H5,BATTERY_EV,B0_Full_Suite,LOW,0.1429,1.0,0.0031,0.0062,1.0,0.0,0.0,1.0,0.1
V3_HIDDEN_0145,HIDDEN_SEMANTIC,H5,BATTERY_EV,B1_Keyword,LOW,0.1429,1.0,0.0455,0.087,1.0,0.0,0.825,1.0,0.444
V3_HIDDEN_0145,HIDDEN_SEMANTIC,H5,BATTERY_EV,B2_Raw_Embedding,LOW,0.1429,0.0,0.0,0.0,1.0,0.0,0.9,1.0,0.627
V3_HIDDEN_0145,HIDDEN_SEMANTIC,H5,BATTERY_EV,B3_Graph_Only,LOW,0.1429,0.0,0.0,0.0,0.0,1.0,0.9875,1.0,0.003
V3_HIDDEN_0145,HIDDEN_SEMANTIC,H5,BATTERY_EV,B4_Contextual_Embedding,LOW,0.1429,0.0,0.0,0.0,1.0,0.0,0.8625,1.0,0.786
V3_HIDDEN_0145,HIDDEN_SEMANTIC,H5,BATTERY_EV,B5_AURA_Hybrid,LOW,0.1429,0.0,0.0,0.0,1.0,0.0,0.8625,1.0,0.846
V3_HIDDEN_0146,HIDDEN_SEMANTIC,H6,BODY_ELECTRONICS,B0_Full_Suite,LOW,0.0588,1.0,0.0063,0.0126,1.0,0.0,0.0,1.0,0.1
V3_HIDDEN_0146,HIDDEN_SEMANTIC,H6,BODY_ELECTRONICS,B1_Keyword,LOW,0.0588,0.0,0.0,0.0,0.8,0.2,0.8125,1.0,0.387
V3_HIDDEN_0146,HIDDEN_SEMANTIC,H6,BODY_ELECTRONICS,B2_Raw_Embedding,LOW,0.0588,0.0,0.0,0.0,1.0,0.0,0.7708,1.0,0.478
V3_HIDDEN_0146,HIDDEN_SEMANTIC,H6,BODY_ELECTRONICS,B3_Graph_Only,LOW,0.0588,0.0,0.0,0.0,0.0,1.0,0.9792,1.0,0.003
V3_HIDDEN_0146,HIDDEN_SEMANTIC,H6,BODY_ELECTRONICS,B4_Contextual_Embedding,LOW,0.0588,0.0,0.0,0.0,1.0,0.0,0.7917,1.0,0.633
V3_HIDDEN_0146,HIDDEN_SEMANTIC,H6,BODY_ELECTRONICS,B5_AURA_Hybrid,LOW,0.0588,0.0,0.0,0.0,1.0,0.0,0.7917,1.0,0.673
V3_HIDDEN_0147,HIDDEN_SEMANTIC,H7,BATTERY_EV,B0_Full_Suite,MEDIUM,0.25,1.0,0.0031,0.0062,1.0,0.0,0.0,1.0,0.1
V3_HIDDEN_0147,HIDDEN_SEMANTIC,H7,BATTERY_EV,B1_Keyword,MEDIUM,0.25,1.0,0.0435,0.0833,1.0,0.0,0.825,1.0,0.43
V3_HIDDEN_0147,HIDDEN_SEMANTIC,H7,BATTERY_EV,B2_Raw_Embedding,MEDIUM,0.25,0.0,0.0,0.0,1.0,0.0,0.8875,1.0,0.582
V3_HIDDEN_0147,HIDDEN_SEMANTIC,H7,BATTERY_EV,B3_Graph_Only,MEDIUM,0.25,0.0,0.0,0.0,0.0,1.0,0.9875,1.0,0.003
V3_HIDDEN_0147,HIDDEN_SEMANTIC,H7,BATTERY_EV,B4_Contextual_Embedding,MEDIUM,0.25,1.0,0.1,0.1818,0.9,0.1,0.875,1.0,0.758
V3_HIDDEN_0147,HIDDEN_SEMANTIC,H7,BATTERY_EV,B5_AURA_Hybrid,MEDIUM,0.25,1.0,0.1,0.1818,0.9,0.1,0.875,1.0,0.789
V3_HIDDEN_0148,HIDDEN_SEMANTIC,H8,POWERTRAIN,B0_Full_Suite,LOW,0.1429,1.0,0.0031,0.0062,1.0,0.0,0.0,1.0,0.1
V3_HIDDEN_0148,HIDDEN_SEMANTIC,H8,POWERTRAIN,B1_Keyword,LOW,0.1429,1.0,0.0256,0.05,1.0,0.0,0.7,1.0,0.412
V3_HIDDEN_0148,HIDDEN_SEMANTIC,H8,POWERTRAIN,B2_Raw_Embedding,LOW,0.1429,0.0,0.0,0.0,1.0,0.0,0.8875,1.0,0.582
V3_HIDDEN_0148,HIDDEN_SEMANTIC,H8,POWERTRAIN,B3_Graph_Only,LOW,0.1429,0.0,0.0,0.0,0.0,1.0,0.9875,1.0,0.002
V3_HIDDEN_0148,HIDDEN_SEMANTIC,H8,POWERTRAIN,B4_Contextual_Embedding,LOW,0.1429,0.0,0.0,0.0,1.0,0.0,0.8625,1.0,0.725
V3_HIDDEN_0148,HIDDEN_SEMANTIC,H8,POWERTRAIN,B5_AURA_Hybrid,LOW,0.1429,0.0,0.0,0.0,1.0,0.0,0.8625,1.0,0.786
V3_HIDDEN_0149,HIDDEN_SEMANTIC,H9,ADAS,B0_Full_Suite,LOW,0.0952,1.0,0.0023,0.0045,1.0,0.0,0.0,1.0,0.1
V3_HIDDEN_0149,HIDDEN_SEMANTIC,H9,ADAS,B1_Keyword,LOW,0.0952,0.0,0.0,0.0,0.30000000000000004,0.7,0.9529,1.0,0.411
V3_HIDDEN_0149,HIDDEN_SEMANTIC,H9,ADAS,B2_Raw_Embedding,LOW,0.0952,0.0,0.0,0.0,1.0,0.0,0.8824,1.0,0.611
V3_HIDDEN_0149,HIDDEN_SEMANTIC,H9,ADAS,B3_Graph_Only,LOW,0.0952,0.0,0.0,0.0,0.0,1.0,0.9882,1.0,0.003
V3_HIDDEN_0149,HIDDEN_SEMANTIC,H9,ADAS,B4_Contextual_Embedding,LOW,0.0952,0.0,0.0,0.0,1.0,0.0,0.8706,1.0,1.01
V3_HIDDEN_0149,HIDDEN_SEMANTIC,H9,ADAS,B5_AURA_Hybrid,LOW,0.0952,0.0,0.0,0.0,1.0,0.0,0.8706,1.0,0.822
V3_HIDDEN_0150,HIDDEN_SEMANTIC,H10,ADAS,B0_Full_Suite,LOW,0.0,1.0,0.0023,0.0045,1.0,0.0,0.0,1.0,0.1
V3_HIDDEN_0150,HIDDEN_SEMANTIC,H10,ADAS,B1_Keyword,LOW,0.0,0.0,0.0,0.0,0.09999999999999998,0.9,0.9765,1.0,0.397
V3_HIDDEN_0150,HIDDEN_SEMANTIC,H10,ADAS,B2_Raw_Embedding,LOW,0.0,0.0,0.0,0.0,1.0,0.0,0.8824,1.0,0.575
V3_HIDDEN_0150,HIDDEN_SEMANTIC,H10,ADAS,B3_Graph_Only,LOW,0.0,0.0,0.0,0.0,0.0,1.0,0.9882,1.0,0.002
V3_HIDDEN_0150,HIDDEN_SEMANTIC,H10,ADAS,B4_Contextual_Embedding,LOW,0.0,0.0,0.0,0.0,1.0,0.0,0.8706,1.0,0.751
V3_HIDDEN_0150,HIDDEN_SEMANTIC,H10,ADAS,B5_AURA_Hybrid,LOW,0.0,0.0,0.0,0.0,1.0,0.0,0.8706,1.0,0.813
V3_HIDDEN_0151,HIDDEN_SEMANTIC,H1,ADAS,B0_Full_Suite,LOW,0.0,1.0,0.0023,0.0045,1.0,0.0,0.0,1.0,0.1
V3_HIDDEN_0151,HIDDEN_SEMANTIC,H1,ADAS,B1_Keyword,LOW,0.0,0.0,0.0,0.0,0.0,1.0,0.9882,1.0,0.396
V3_HIDDEN_0151,HIDDEN_SEMANTIC,H1,ADAS,B2_Raw_Embedding,LOW,0.0,0.0,0.0,0.0,1.0,0.0,0.8706,1.0,0.698
V3_HIDDEN_0151,HIDDEN_SEMANTIC,H1,ADAS,B3_Graph_Only,LOW,0.0,0.0,0.0,0.0,0.0,1.0,0.9882,1.0,0.003
V3_HIDDEN_0151,HIDDEN_SEMANTIC,H1,ADAS,B4_Contextual_Embedding,LOW,0.0,0.0,0.0,0.0,1.0,0.0,0.8706,1.0,0.875
V3_HIDDEN_0151,HIDDEN_SEMANTIC,H1,ADAS,B5_AURA_Hybrid,LOW,0.0,0.0,0.0,0.0,1.0,0.0,0.8706,1.0,0.908
V3_HIDDEN_0152,HIDDEN_SEMANTIC,H2,POWERTRAIN,B0_Full_Suite,LOW,0.0909,1.0,0.0031,0.0062,1.0,0.0,0.0,1.0,0.1
V3_HIDDEN_0152,HIDDEN_SEMANTIC,H2,POWERTRAIN,B1_Keyword,LOW,0.0909,1.0,0.0526,0.1,1.0,0.0,0.85,1.0,0.411
V3_HIDDEN_0152,HIDDEN_SEMANTIC,H2,POWERTRAIN,B2_Raw_Embedding,LOW,0.0909,1.0,0.1,0.1818,0.9,0.1,0.875,1.0,0.639
V3_HIDDEN_0152,HIDDEN_SEMANTIC,H2,POWERTRAIN,B3_Graph_Only,LOW,0.0909,0.0,0.0,0.0,0.0,1.0,0.9875,1.0,0.002
V3_HIDDEN_0152,HIDDEN_SEMANTIC,H2,POWERTRAIN,B4_Contextual_Embedding,LOW,0.0909,1.0,0.1,0.1818,0.9,0.1,0.875,1.0,0.789
V3_HIDDEN_0152,HIDDEN_SEMANTIC,H2,POWERTRAIN,B5_AURA_Hybrid,LOW,0.0909,1.0,0.1,0.1818,0.9,0.1,0.875,1.0,0.827
V3_HIDDEN_0153,HIDDEN_SEMANTIC,H3,ADAS,B0_Full_Suite,LOW,0.0476,1.0,0.0023,0.0045,1.0,0.0,0.0,1.0,0.1
V3_HIDDEN_0153,HIDDEN_SEMANTIC,H3,ADAS,B1_Keyword,LOW,0.0476,0.0,0.0,0.0,0.09999999999999998,0.9,0.9765,1.0,0.396
V3_HIDDEN_0153,HIDDEN_SEMANTIC,H3,ADAS,B2_Raw_Embedding,LOW,0.0476,1.0,0.1,0.1818,0.9,0.1,0.8824,1.0,0.6
V3_HIDDEN_0153,HIDDEN_SEMANTIC,H3,ADAS,B3_Graph_Only,LOW,0.0476,0.0,0.0,0.0,0.0,1.0,0.9882,1.0,0.002
V3_HIDDEN_0153,HIDDEN_SEMANTIC,H3,ADAS,B4_Contextual_Embedding,LOW,0.0476,1.0,0.1,0.1818,0.9,0.1,0.8824,1.0,0.774
V3_HIDDEN_0153,HIDDEN_SEMANTIC,H3,ADAS,B5_AURA_Hybrid,LOW,0.0476,1.0,0.1,0.1818,0.9,0.1,0.8824,1.0,0.888
V3_HIDDEN_0154,HIDDEN_SEMANTIC,H4,ADAS,B0_Full_Suite,LOW,0.1,1.0,0.0023,0.0045,1.0,0.0,0.0,1.0,0.1
V3_HIDDEN_0154,HIDDEN_SEMANTIC,H4,ADAS,B1_Keyword,LOW,0.1,0.0,0.0,0.0,0.0,1.0,0.9882,1.0,0.384
V3_HIDDEN_0154,HIDDEN_SEMANTIC,H4,ADAS,B2_Raw_Embedding,LOW,0.1,0.0,0.0,0.0,1.0,0.0,0.8706,1.0,0.617
V3_HIDDEN_0154,HIDDEN_SEMANTIC,H4,ADAS,B3_Graph_Only,LOW,0.1,0.0,0.0,0.0,0.0,1.0,0.9882,1.0,0.002
V3_HIDDEN_0154,HIDDEN_SEMANTIC,H4,ADAS,B4_Contextual_Embedding,LOW,0.1,1.0,0.1,0.1818,0.9,0.1,0.8824,1.0,0.79
V3_HIDDEN_0154,HIDDEN_SEMANTIC,H4,ADAS,B5_AURA_Hybrid,LOW,0.1,1.0,0.1,0.1818,0.9,0.1,0.8824,1.0,0.824
V3_HIDDEN_0155,HIDDEN_SEMANTIC,H5,BATTERY_EV,B0_Full_Suite,LOW,0.1429,1.0,0.0031,0.0062,1.0,0.0,0.0,1.0,0.1
V3_HIDDEN_0155,HIDDEN_SEMANTIC,H5,BATTERY_EV,B1_Keyword,LOW,0.1429,0.0,0.0,0.0,1.0,0.0,0.825,1.0,0.482
V3_HIDDEN_0155,HIDDEN_SEMANTIC,H5,BATTERY_EV,B2_Raw_Embedding,LOW,0.1429,0.0,0.0,0.0,1.0,0.0,0.9,1.0,0.61
V3_HIDDEN_0155,HIDDEN_SEMANTIC,H5,BATTERY_EV,B3_Graph_Only,LOW,0.1429,0.0,0.0,0.0,0.0,1.0,0.9875,1.0,0.002
V3_HIDDEN_0155,HIDDEN_SEMANTIC,H5,BATTERY_EV,B4_Contextual_Embedding,LOW,0.1429,0.0,0.0,0.0,1.0,0.0,0.8625,1.0,0.747
V3_HIDDEN_0155,HIDDEN_SEMANTIC,H5,BATTERY_EV,B5_AURA_Hybrid,LOW,0.1429,0.0,0.0,0.0,1.0,0.0,0.8625,1.0,0.787
V3_HIDDEN_0156,HIDDEN_SEMANTIC,H6,BODY_ELECTRONICS,B0_Full_Suite,LOW,0.0588,1.0,0.0063,0.0126,1.0,0.0,0.0,1.0,0.1
V3_HIDDEN_0156,HIDDEN_SEMANTIC,H6,BODY_ELECTRONICS,B1_Keyword,LOW,0.0588,0.0,0.0,0.0,0.8,0.2,0.8125,1.0,0.371
V3_HIDDEN_0156,HIDDEN_SEMANTIC,H6,BODY_ELECTRONICS,B2_Raw_Embedding,LOW,0.0588,0.0,0.0,0.0,1.0,0.0,0.7708,1.0,0.484
V3_HIDDEN_0156,HIDDEN_SEMANTIC,H6,BODY_ELECTRONICS,B3_Graph_Only,LOW,0.0588,0.0,0.0,0.0,0.0,1.0,0.9792,1.0,0.002
V3_HIDDEN_0156,HIDDEN_SEMANTIC,H6,BODY_ELECTRONICS,B4_Contextual_Embedding,LOW,0.0588,0.0,0.0,0.0,1.0,0.0,0.7917,1.0,0.601
V3_HIDDEN_0156,HIDDEN_SEMANTIC,H6,BODY_ELECTRONICS,B5_AURA_Hybrid,LOW,0.0588,0.0,0.0,0.0,1.0,0.0,0.7917,1.0,0.652
V3_HIDDEN_0157,HIDDEN_SEMANTIC,H7,BATTERY_EV,B0_Full_Suite,MEDIUM,0.25,1.0,0.0031,0.0062,1.0,0.0,0.0,1.0,0.1
V3_HIDDEN_0157,HIDDEN_SEMANTIC,H7,BATTERY_EV,B1_Keyword,MEDIUM,0.25,1.0,0.0417,0.08,1.0,0.0,0.8125,1.0,0.462
V3_HIDDEN_0157,HIDDEN_SEMANTIC,H7,BATTERY_EV,B2_Raw_Embedding,MEDIUM,0.25,0.0,0.0,0.0,1.0,0.0,0.8875,1.0,0.584
V3_HIDDEN_0157,HIDDEN_SEMANTIC,H7,BATTERY_EV,B3_Graph_Only,MEDIUM,0.25,0.0,0.0,0.0,0.0,1.0,0.9875,1.0,0.002
V3_HIDDEN_0157,HIDDEN_SEMANTIC,H7,BATTERY_EV,B4_Contextual_Embedding,MEDIUM,0.25,1.0,0.1,0.1818,0.9,0.1,0.875,1.0,0.721
V3_HIDDEN_0157,HIDDEN_SEMANTIC,H7,BATTERY_EV,B5_AURA_Hybrid,MEDIUM,0.25,1.0,0.1,0.1818,0.9,0.1,0.875,1.0,0.754
V3_HIDDEN_0158,HIDDEN_SEMANTIC,H8,POWERTRAIN,B0_Full_Suite,LOW,0.1429,1.0,0.0031,0.0062,1.0,0.0,0.0,1.0,0.1
V3_HIDDEN_0158,HIDDEN_SEMANTIC,H8,POWERTRAIN,B1_Keyword,LOW,0.1429,1.0,0.0256,0.05,1.0,0.0,0.7,1.0,0.425
V3_HIDDEN_0158,HIDDEN_SEMANTIC,H8,POWERTRAIN,B2_Raw_Embedding,LOW,0.1429,0.0,0.0,0.0,1.0,0.0,0.8875,1.0,0.604
V3_HIDDEN_0158,HIDDEN_SEMANTIC,H8,POWERTRAIN,B3_Graph_Only,LOW,0.1429,0.0,0.0,0.0,0.0,1.0,0.9875,1.0,0.003
V3_HIDDEN_0158,HIDDEN_SEMANTIC,H8,POWERTRAIN,B4_Contextual_Embedding,LOW,0.1429,0.0,0.0,0.0,1.0,0.0,0.8625,1.0,0.745
V3_HIDDEN_0158,HIDDEN_SEMANTIC,H8,POWERTRAIN,B5_AURA_Hybrid,LOW,0.1429,0.0,0.0,0.0,1.0,0.0,0.8625,1.0,0.775
V3_HIDDEN_0159,HIDDEN_SEMANTIC,H9,ADAS,B0_Full_Suite,LOW,0.0952,1.0,0.0023,0.0045,1.0,0.0,0.0,1.0,0.1
V3_HIDDEN_0159,HIDDEN_SEMANTIC,H9,ADAS,B1_Keyword,LOW,0.0952,0.0,0.0,0.0,0.19999999999999996,0.8,0.9647,1.0,0.428
V3_HIDDEN_0159,HIDDEN_SEMANTIC,H9,ADAS,B2_Raw_Embedding,LOW,0.0952,0.0,0.0,0.0,1.0,0.0,0.8824,1.0,0.609
V3_HIDDEN_0159,HIDDEN_SEMANTIC,H9,ADAS,B3_Graph_Only,LOW,0.0952,0.0,0.0,0.0,0.0,1.0,0.9882,1.0,0.002
V3_HIDDEN_0159,HIDDEN_SEMANTIC,H9,ADAS,B4_Contextual_Embedding,LOW,0.0952,0.0,0.0,0.0,1.0,0.0,0.8706,1.0,0.813
V3_HIDDEN_0159,HIDDEN_SEMANTIC,H9,ADAS,B5_AURA_Hybrid,LOW,0.0952,0.0,0.0,0.0,1.0,0.0,0.8706,1.0,0.831
V3_HIDDEN_0160,HIDDEN_SEMANTIC,H10,ADAS,B0_Full_Suite,LOW,0.0,1.0,0.0023,0.0045,1.0,0.0,0.0,1.0,0.1
V3_HIDDEN_0160,HIDDEN_SEMANTIC,H10,ADAS,B1_Keyword,LOW,0.0,0.0,0.0,0.0,0.09999999999999998,0.9,0.9765,1.0,0.399
V3_HIDDEN_0160,HIDDEN_SEMANTIC,H10,ADAS,B2_Raw_Embedding,LOW,0.0,0.0,0.0,0.0,1.0,0.0,0.8824,1.0,0.556
V3_HIDDEN_0160,HIDDEN_SEMANTIC,H10,ADAS,B3_Graph_Only,LOW,0.0,0.0,0.0,0.0,0.0,1.0,0.9882,1.0,0.002
V3_HIDDEN_0160,HIDDEN_SEMANTIC,H10,ADAS,B4_Contextual_Embedding,LOW,0.0,0.0,0.0,0.0,1.0,0.0,0.8706,1.0,0.731
V3_HIDDEN_0160,HIDDEN_SEMANTIC,H10,ADAS,B5_AURA_Hybrid,LOW,0.0,0.0,0.0,0.0,1.0,0.0,0.8706,1.0,0.775
V3_HIDDEN_0161,HIDDEN_SEMANTIC,H1,ADAS,B0_Full_Suite,LOW,0.0,1.0,0.0023,0.0045,1.0,0.0,0.0,1.0,0.1
V3_HIDDEN_0161,HIDDEN_SEMANTIC,H1,ADAS,B1_Keyword,LOW,0.0,0.0,0.0,0.0,0.0,1.0,0.9882,1.0,0.408
V3_HIDDEN_0161,HIDDEN_SEMANTIC,H1,ADAS,B2_Raw_Embedding,LOW,0.0,0.0,0.0,0.0,1.0,0.0,0.8706,1.0,0.692
V3_HIDDEN_0161,HIDDEN_SEMANTIC,H1,ADAS,B3_Graph_Only,LOW,0.0,0.0,0.0,0.0,0.0,1.0,0.9882,1.0,0.002
V3_HIDDEN_0161,HIDDEN_SEMANTIC,H1,ADAS,B4_Contextual_Embedding,LOW,0.0,0.0,0.0,0.0,1.0,0.0,0.8706,1.0,0.877
V3_HIDDEN_0161,HIDDEN_SEMANTIC,H1,ADAS,B5_AURA_Hybrid,LOW,0.0,0.0,0.0,0.0,1.0,0.0,0.8706,1.0,0.934
V3_HIDDEN_0162,HIDDEN_SEMANTIC,H2,POWERTRAIN,B0_Full_Suite,LOW,0.0909,1.0,0.0031,0.0062,1.0,0.0,0.0,1.0,0.1
V3_HIDDEN_0162,HIDDEN_SEMANTIC,H2,POWERTRAIN,B1_Keyword,LOW,0.0909,1.0,0.0526,0.1,1.0,0.0,0.85,1.0,0.407
V3_HIDDEN_0162,HIDDEN_SEMANTIC,H2,POWERTRAIN,B2_Raw_Embedding,LOW,0.0909,1.0,0.1,0.1818,0.9,0.1,0.875,1.0,0.69
V3_HIDDEN_0162,HIDDEN_SEMANTIC,H2,POWERTRAIN,B3_Graph_Only,LOW,0.0909,0.0,0.0,0.0,0.0,1.0,0.9875,1.0,0.003
V3_HIDDEN_0162,HIDDEN_SEMANTIC,H2,POWERTRAIN,B4_Contextual_Embedding,LOW,0.0909,1.0,0.1,0.1818,0.9,0.1,0.875,1.0,0.822
V3_HIDDEN_0162,HIDDEN_SEMANTIC,H2,POWERTRAIN,B5_AURA_Hybrid,LOW,0.0909,1.0,0.1,0.1818,0.9,0.1,0.875,1.0,0.865
V3_HIDDEN_0163,HIDDEN_SEMANTIC,H3,ADAS,B0_Full_Suite,LOW,0.0476,1.0,0.0023,0.0045,1.0,0.0,0.0,1.0,0.1
V3_HIDDEN_0163,HIDDEN_SEMANTIC,H3,ADAS,B1_Keyword,LOW,0.0476,0.0,0.0,0.0,0.09999999999999998,0.9,0.9765,1.0,0.441
V3_HIDDEN_0163,HIDDEN_SEMANTIC,H3,ADAS,B2_Raw_Embedding,LOW,0.0476,1.0,0.1,0.1818,0.9,0.1,0.8824,1.0,0.621
V3_HIDDEN_0163,HIDDEN_SEMANTIC,H3,ADAS,B3_Graph_Only,LOW,0.0476,0.0,0.0,0.0,0.0,1.0,0.9882,1.0,0.002
V3_HIDDEN_0163,HIDDEN_SEMANTIC,H3,ADAS,B4_Contextual_Embedding,LOW,0.0476,1.0,0.1,0.1818,0.9,0.1,0.8824,1.0,0.803
V3_HIDDEN_0163,HIDDEN_SEMANTIC,H3,ADAS,B5_AURA_Hybrid,LOW,0.0476,1.0,0.1,0.1818,0.9,0.1,0.8824,1.0,0.859
V3_HIDDEN_0164,HIDDEN_SEMANTIC,H4,ADAS,B0_Full_Suite,LOW,0.1,1.0,0.0023,0.0045,1.0,0.0,0.0,1.0,0.1
V3_HIDDEN_0164,HIDDEN_SEMANTIC,H4,ADAS,B1_Keyword,LOW,0.1,0.0,0.0,0.0,0.0,1.0,0.9882,1.0,0.387
V3_HIDDEN_0164,HIDDEN_SEMANTIC,H4,ADAS,B2_Raw_Embedding,LOW,0.1,0.0,0.0,0.0,1.0,0.0,0.8706,1.0,0.618
V3_HIDDEN_0164,HIDDEN_SEMANTIC,H4,ADAS,B3_Graph_Only,LOW,0.1,0.0,0.0,0.0,0.0,1.0,0.9882,1.0,0.002
V3_HIDDEN_0164,HIDDEN_SEMANTIC,H4,ADAS,B4_Contextual_Embedding,LOW,0.1,1.0,0.1,0.1818,0.9,0.1,0.8824,1.0,0.836
V3_HIDDEN_0164,HIDDEN_SEMANTIC,H4,ADAS,B5_AURA_Hybrid,LOW,0.1,1.0,0.1,0.1818,0.9,0.1,0.8824,1.0,0.822
V3_HIDDEN_0165,HIDDEN_SEMANTIC,H5,BATTERY_EV,B0_Full_Suite,LOW,0.1429,1.0,0.0031,0.0062,1.0,0.0,0.0,1.0,0.1
V3_HIDDEN_0165,HIDDEN_SEMANTIC,H5,BATTERY_EV,B1_Keyword,LOW,0.1429,0.0,0.0,0.0,1.0,0.0,0.825,1.0,0.428
V3_HIDDEN_0165,HIDDEN_SEMANTIC,H5,BATTERY_EV,B2_Raw_Embedding,LOW,0.1429,0.0,0.0,0.0,1.0,0.0,0.9,1.0,0.574
V3_HIDDEN_0165,HIDDEN_SEMANTIC,H5,BATTERY_EV,B3_Graph_Only,LOW,0.1429,0.0,0.0,0.0,0.0,1.0,0.9875,1.0,0.002
V3_HIDDEN_0165,HIDDEN_SEMANTIC,H5,BATTERY_EV,B4_Contextual_Embedding,LOW,0.1429,0.0,0.0,0.0,1.0,0.0,0.8625,1.0,0.726
V3_HIDDEN_0165,HIDDEN_SEMANTIC,H5,BATTERY_EV,B5_AURA_Hybrid,LOW,0.1429,0.0,0.0,0.0,1.0,0.0,0.8625,1.0,0.803
V3_HIDDEN_0166,HIDDEN_SEMANTIC,H6,BODY_ELECTRONICS,B0_Full_Suite,LOW,0.0588,1.0,0.0063,0.0126,1.0,0.0,0.0,1.0,0.1
V3_HIDDEN_0166,HIDDEN_SEMANTIC,H6,BODY_ELECTRONICS,B1_Keyword,LOW,0.0588,0.0,0.0,0.0,0.8,0.2,0.8125,1.0,0.353
V3_HIDDEN_0166,HIDDEN_SEMANTIC,H6,BODY_ELECTRONICS,B2_Raw_Embedding,LOW,0.0588,0.0,0.0,0.0,1.0,0.0,0.7708,1.0,0.454
V3_HIDDEN_0166,HIDDEN_SEMANTIC,H6,BODY_ELECTRONICS,B3_Graph_Only,LOW,0.0588,0.0,0.0,0.0,0.0,1.0,0.9792,1.0,0.002
V3_HIDDEN_0166,HIDDEN_SEMANTIC,H6,BODY_ELECTRONICS,B4_Contextual_Embedding,LOW,0.0588,0.0,0.0,0.0,1.0,0.0,0.7917,1.0,0.675
V3_HIDDEN_0166,HIDDEN_SEMANTIC,H6,BODY_ELECTRONICS,B5_AURA_Hybrid,LOW,0.0588,0.0,0.0,0.0,1.0,0.0,0.7917,1.0,0.675
V3_HIDDEN_0167,HIDDEN_SEMANTIC,H7,BATTERY_EV,B0_Full_Suite,MEDIUM,0.25,1.0,0.0031,0.0062,1.0,0.0,0.0,1.0,0.1
V3_HIDDEN_0167,HIDDEN_SEMANTIC,H7,BATTERY_EV,B1_Keyword,MEDIUM,0.25,1.0,0.0435,0.0833,1.0,0.0,0.825,1.0,0.406
V3_HIDDEN_0167,HIDDEN_SEMANTIC,H7,BATTERY_EV,B2_Raw_Embedding,MEDIUM,0.25,0.0,0.0,0.0,1.0,0.0,0.8875,1.0,0.549
V3_HIDDEN_0167,HIDDEN_SEMANTIC,H7,BATTERY_EV,B3_Graph_Only,MEDIUM,0.25,0.0,0.0,0.0,0.0,1.0,0.9875,1.0,0.002
V3_HIDDEN_0167,HIDDEN_SEMANTIC,H7,BATTERY_EV,B4_Contextual_Embedding,MEDIUM,0.25,1.0,0.1,0.1818,0.9,0.1,0.875,1.0,0.699
V3_HIDDEN_0167,HIDDEN_SEMANTIC,H7,BATTERY_EV,B5_AURA_Hybrid,MEDIUM,0.25,1.0,0.1,0.1818,0.9,0.1,0.875,1.0,0.759
V3_HIDDEN_0168,HIDDEN_SEMANTIC,H8,POWERTRAIN,B0_Full_Suite,LOW,0.1429,1.0,0.0031,0.0062,1.0,0.0,0.0,1.0,0.1
V3_HIDDEN_0168,HIDDEN_SEMANTIC,H8,POWERTRAIN,B1_Keyword,LOW,0.1429,1.0,0.0256,0.05,1.0,0.0,0.7,1.0,0.821
V3_HIDDEN_0168,HIDDEN_SEMANTIC,H8,POWERTRAIN,B2_Raw_Embedding,LOW,0.1429,0.0,0.0,0.0,1.0,0.0,0.8875,1.0,0.752
V3_HIDDEN_0168,HIDDEN_SEMANTIC,H8,POWERTRAIN,B3_Graph_Only,LOW,0.1429,0.0,0.0,0.0,0.0,1.0,0.9875,1.0,0.004
V3_HIDDEN_0168,HIDDEN_SEMANTIC,H8,POWERTRAIN,B4_Contextual_Embedding,LOW,0.1429,0.0,0.0,0.0,1.0,0.0,0.8625,1.0,0.756
V3_HIDDEN_0168,HIDDEN_SEMANTIC,H8,POWERTRAIN,B5_AURA_Hybrid,LOW,0.1429,0.0,0.0,0.0,1.0,0.0,0.8625,1.0,0.969
V3_HIDDEN_0169,HIDDEN_SEMANTIC,H9,ADAS,B0_Full_Suite,LOW,0.0952,1.0,0.0023,0.0045,1.0,0.0,0.0,1.0,0.1
V3_HIDDEN_0169,HIDDEN_SEMANTIC,H9,ADAS,B1_Keyword,LOW,0.0952,0.0,0.0,0.0,0.19999999999999996,0.8,0.9765,1.0,0.459
V3_HIDDEN_0169,HIDDEN_SEMANTIC,H9,ADAS,B2_Raw_Embedding,LOW,0.0952,0.0,0.0,0.0,1.0,0.0,0.8824,1.0,0.615
V3_HIDDEN_0169,HIDDEN_SEMANTIC,H9,ADAS,B3_Graph_Only,LOW,0.0952,0.0,0.0,0.0,0.0,1.0,0.9882,1.0,0.002
V3_HIDDEN_0169,HIDDEN_SEMANTIC,H9,ADAS,B4_Contextual_Embedding,LOW,0.0952,0.0,0.0,0.0,1.0,0.0,0.8706,1.0,0.789
V3_HIDDEN_0169,HIDDEN_SEMANTIC,H9,ADAS,B5_AURA_Hybrid,LOW,0.0952,0.0,0.0,0.0,1.0,0.0,0.8706,1.0,0.813
V3_HIDDEN_0170,HIDDEN_SEMANTIC,H10,ADAS,B0_Full_Suite,LOW,0.0,1.0,0.0023,0.0045,1.0,0.0,0.0,1.0,0.1
V3_HIDDEN_0170,HIDDEN_SEMANTIC,H10,ADAS,B1_Keyword,LOW,0.0,0.0,0.0,0.0,0.09999999999999998,0.9,0.9765,1.0,0.4
V3_HIDDEN_0170,HIDDEN_SEMANTIC,H10,ADAS,B2_Raw_Embedding,LOW,0.0,0.0,0.0,0.0,1.0,0.0,0.8824,1.0,0.547
V3_HIDDEN_0170,HIDDEN_SEMANTIC,H10,ADAS,B3_Graph_Only,LOW,0.0,0.0,0.0,0.0,0.0,1.0,0.9882,1.0,0.002
V3_HIDDEN_0170,HIDDEN_SEMANTIC,H10,ADAS,B4_Contextual_Embedding,LOW,0.0,0.0,0.0,0.0,1.0,0.0,0.8706,1.0,0.719
V3_HIDDEN_0170,HIDDEN_SEMANTIC,H10,ADAS,B5_AURA_Hybrid,LOW,0.0,0.0,0.0,0.0,1.0,0.0,0.8706,1.0,0.795
V3_HIDDEN_0171,HIDDEN_SEMANTIC,H1,ADAS,B0_Full_Suite,LOW,0.0,1.0,0.0023,0.0045,1.0,0.0,0.0,1.0,0.1
V3_HIDDEN_0171,HIDDEN_SEMANTIC,H1,ADAS,B1_Keyword,LOW,0.0,0.0,0.0,0.0,0.0,1.0,0.9882,1.0,0.387
V3_HIDDEN_0171,HIDDEN_SEMANTIC,H1,ADAS,B2_Raw_Embedding,LOW,0.0,0.0,0.0,0.0,1.0,0.0,0.8706,1.0,0.674
V3_HIDDEN_0171,HIDDEN_SEMANTIC,H1,ADAS,B3_Graph_Only,LOW,0.0,0.0,0.0,0.0,0.0,1.0,0.9882,1.0,0.002
V3_HIDDEN_0171,HIDDEN_SEMANTIC,H1,ADAS,B4_Contextual_Embedding,LOW,0.0,0.0,0.0,0.0,1.0,0.0,0.8706,1.0,0.851
V3_HIDDEN_0171,HIDDEN_SEMANTIC,H1,ADAS,B5_AURA_Hybrid,LOW,0.0,0.0,0.0,0.0,1.0,0.0,0.8706,1.0,0.892
V3_HIDDEN_0172,HIDDEN_SEMANTIC,H2,POWERTRAIN,B0_Full_Suite,LOW,0.0909,1.0,0.0031,0.0062,1.0,0.0,0.0,1.0,0.1
V3_HIDDEN_0172,HIDDEN_SEMANTIC,H2,POWERTRAIN,B1_Keyword,LOW,0.0909,1.0,0.05,0.0952,1.0,0.0,0.8375,1.0,0.431
V3_HIDDEN_0172,HIDDEN_SEMANTIC,H2,POWERTRAIN,B2_Raw_Embedding,LOW,0.0909,1.0,0.1,0.1818,0.9,0.1,0.875,1.0,0.641
V3_HIDDEN_0172,HIDDEN_SEMANTIC,H2,POWERTRAIN,B3_Graph_Only,LOW,0.0909,0.0,0.0,0.0,0.0,1.0,0.9875,1.0,0.002
V3_HIDDEN_0172,HIDDEN_SEMANTIC,H2,POWERTRAIN,B4_Contextual_Embedding,LOW,0.0909,1.0,0.1,0.1818,0.9,0.1,0.875,1.0,0.786
V3_HIDDEN_0172,HIDDEN_SEMANTIC,H2,POWERTRAIN,B5_AURA_Hybrid,LOW,0.0909,1.0,0.1,0.1818,0.9,0.1,0.875,1.0,0.818
V3_HIDDEN_0173,HIDDEN_SEMANTIC,H3,ADAS,B0_Full_Suite,LOW,0.0476,1.0,0.0023,0.0045,1.0,0.0,0.0,1.0,0.1
V3_HIDDEN_0173,HIDDEN_SEMANTIC,H3,ADAS,B1_Keyword,LOW,0.0476,0.0,0.0,0.0,0.09999999999999998,0.9,0.9765,1.0,0.4
V3_HIDDEN_0173,HIDDEN_SEMANTIC,H3,ADAS,B2_Raw_Embedding,LOW,0.0476,1.0,0.1,0.1818,0.9,0.1,0.8824,1.0,0.595
V3_HIDDEN_0173,HIDDEN_SEMANTIC,H3,ADAS,B3_Graph_Only,LOW,0.0476,0.0,0.0,0.0,0.0,1.0,0.9882,1.0,0.002
V3_HIDDEN_0173,HIDDEN_SEMANTIC,H3,ADAS,B4_Contextual_Embedding,LOW,0.0476,1.0,0.1,0.1818,0.9,0.1,0.8824,1.0,0.811
V3_HIDDEN_0173,HIDDEN_SEMANTIC,H3,ADAS,B5_AURA_Hybrid,LOW,0.0476,1.0,0.1,0.1818,0.9,0.1,0.8824,1.0,0.94
V3_HIDDEN_0174,HIDDEN_SEMANTIC,H4,ADAS,B0_Full_Suite,LOW,0.1,1.0,0.0023,0.0045,1.0,0.0,0.0,1.0,0.1
V3_HIDDEN_0174,HIDDEN_SEMANTIC,H4,ADAS,B1_Keyword,LOW,0.1,0.0,0.0,0.0,0.0,1.0,0.9882,1.0,0.409
V3_HIDDEN_0174,HIDDEN_SEMANTIC,H4,ADAS,B2_Raw_Embedding,LOW,0.1,0.0,0.0,0.0,1.0,0.0,0.8706,1.0,0.624
V3_HIDDEN_0174,HIDDEN_SEMANTIC,H4,ADAS,B3_Graph_Only,LOW,0.1,0.0,0.0,0.0,0.0,1.0,0.9882,1.0,0.002
V3_HIDDEN_0174,HIDDEN_SEMANTIC,H4,ADAS,B4_Contextual_Embedding,LOW,0.1,1.0,0.1,0.1818,0.9,0.1,0.8824,1.0,0.8
V3_HIDDEN_0174,HIDDEN_SEMANTIC,H4,ADAS,B5_AURA_Hybrid,LOW,0.1,1.0,0.1,0.1818,0.9,0.1,0.8824,1.0,0.87
V3_HIDDEN_0175,HIDDEN_SEMANTIC,H5,BATTERY_EV,B0_Full_Suite,LOW,0.1429,1.0,0.0031,0.0062,1.0,0.0,0.0,1.0,0.1
V3_HIDDEN_0175,HIDDEN_SEMANTIC,H5,BATTERY_EV,B1_Keyword,LOW,0.1429,0.0,0.0,0.0,1.0,0.0,0.825,1.0,0.416
V3_HIDDEN_0175,HIDDEN_SEMANTIC,H5,BATTERY_EV,B2_Raw_Embedding,LOW,0.1429,0.0,0.0,0.0,1.0,0.0,0.9,1.0,0.61
V3_HIDDEN_0175,HIDDEN_SEMANTIC,H5,BATTERY_EV,B3_Graph_Only,LOW,0.1429,0.0,0.0,0.0,0.0,1.0,0.9875,1.0,0.003
V3_HIDDEN_0175,HIDDEN_SEMANTIC,H5,BATTERY_EV,B4_Contextual_Embedding,LOW,0.1429,0.0,0.0,0.0,1.0,0.0,0.8625,1.0,0.766
V3_HIDDEN_0175,HIDDEN_SEMANTIC,H5,BATTERY_EV,B5_AURA_Hybrid,LOW,0.1429,0.0,0.0,0.0,1.0,0.0,0.8625,1.0,0.833
V3_HIDDEN_0176,HIDDEN_SEMANTIC,H6,BODY_ELECTRONICS,B0_Full_Suite,LOW,0.0588,1.0,0.0063,0.0126,1.0,0.0,0.0,1.0,0.1
V3_HIDDEN_0176,HIDDEN_SEMANTIC,H6,BODY_ELECTRONICS,B1_Keyword,LOW,0.0588,0.0,0.0,0.0,0.8,0.2,0.8125,1.0,0.381
V3_HIDDEN_0176,HIDDEN_SEMANTIC,H6,BODY_ELECTRONICS,B2_Raw_Embedding,LOW,0.0588,0.0,0.0,0.0,1.0,0.0,0.7708,1.0,0.464
V3_HIDDEN_0176,HIDDEN_SEMANTIC,H6,BODY_ELECTRONICS,B3_Graph_Only,LOW,0.0588,0.0,0.0,0.0,0.0,1.0,0.9792,1.0,0.002
V3_HIDDEN_0176,HIDDEN_SEMANTIC,H6,BODY_ELECTRONICS,B4_Contextual_Embedding,LOW,0.0588,0.0,0.0,0.0,1.0,0.0,0.7917,1.0,0.626
V3_HIDDEN_0176,HIDDEN_SEMANTIC,H6,BODY_ELECTRONICS,B5_AURA_Hybrid,LOW,0.0588,0.0,0.0,0.0,1.0,0.0,0.7917,1.0,0.661
V3_HIDDEN_0177,HIDDEN_SEMANTIC,H7,BATTERY_EV,B0_Full_Suite,MEDIUM,0.25,1.0,0.0031,0.0062,1.0,0.0,0.0,1.0,0.1
V3_HIDDEN_0177,HIDDEN_SEMANTIC,H7,BATTERY_EV,B1_Keyword,MEDIUM,0.25,1.0,0.0435,0.0833,1.0,0.0,0.825,1.0,0.407
V3_HIDDEN_0177,HIDDEN_SEMANTIC,H7,BATTERY_EV,B2_Raw_Embedding,MEDIUM,0.25,0.0,0.0,0.0,1.0,0.0,0.8875,1.0,0.56
V3_HIDDEN_0177,HIDDEN_SEMANTIC,H7,BATTERY_EV,B3_Graph_Only,MEDIUM,0.25,0.0,0.0,0.0,0.0,1.0,0.9875,1.0,0.002
V3_HIDDEN_0177,HIDDEN_SEMANTIC,H7,BATTERY_EV,B4_Contextual_Embedding,MEDIUM,0.25,1.0,0.1,0.1818,0.9,0.1,0.875,1.0,0.711
V3_HIDDEN_0177,HIDDEN_SEMANTIC,H7,BATTERY_EV,B5_AURA_Hybrid,MEDIUM,0.25,1.0,0.1,0.1818,0.9,0.1,0.875,1.0,0.773
V3_HIDDEN_0178,HIDDEN_SEMANTIC,H8,POWERTRAIN,B0_Full_Suite,LOW,0.1429,1.0,0.0031,0.0062,1.0,0.0,0.0,1.0,0.1
V3_HIDDEN_0178,HIDDEN_SEMANTIC,H8,POWERTRAIN,B1_Keyword,LOW,0.1429,1.0,0.0256,0.05,1.0,0.0,0.7,1.0,0.417
V3_HIDDEN_0178,HIDDEN_SEMANTIC,H8,POWERTRAIN,B2_Raw_Embedding,LOW,0.1429,0.0,0.0,0.0,1.0,0.0,0.8875,1.0,0.571
V3_HIDDEN_0178,HIDDEN_SEMANTIC,H8,POWERTRAIN,B3_Graph_Only,LOW,0.1429,0.0,0.0,0.0,0.0,1.0,0.9875,1.0,0.002
V3_HIDDEN_0178,HIDDEN_SEMANTIC,H8,POWERTRAIN,B4_Contextual_Embedding,LOW,0.1429,0.0,0.0,0.0,1.0,0.0,0.8625,1.0,0.735
V3_HIDDEN_0178,HIDDEN_SEMANTIC,H8,POWERTRAIN,B5_AURA_Hybrid,LOW,0.1429,0.0,0.0,0.0,1.0,0.0,0.8625,1.0,0.78
V3_HIDDEN_0179,HIDDEN_SEMANTIC,H9,ADAS,B0_Full_Suite,LOW,0.0952,1.0,0.0023,0.0045,1.0,0.0,0.0,1.0,0.1
V3_HIDDEN_0179,HIDDEN_SEMANTIC,H9,ADAS,B1_Keyword,LOW,0.0952,0.0,0.0,0.0,0.19999999999999996,0.8,0.9647,1.0,0.419
V3_HIDDEN_0179,HIDDEN_SEMANTIC,H9,ADAS,B2_Raw_Embedding,LOW,0.0952,0.0,0.0,0.0,1.0,0.0,0.8824,1.0,0.597
V3_HIDDEN_0179,HIDDEN_SEMANTIC,H9,ADAS,B3_Graph_Only,LOW,0.0952,0.0,0.0,0.0,0.0,1.0,0.9882,1.0,0.003
V3_HIDDEN_0179,HIDDEN_SEMANTIC,H9,ADAS,B4_Contextual_Embedding,LOW,0.0952,0.0,0.0,0.0,1.0,0.0,0.8706,1.0,0.79
V3_HIDDEN_0179,HIDDEN_SEMANTIC,H9,ADAS,B5_AURA_Hybrid,LOW,0.0952,0.0,0.0,0.0,1.0,0.0,0.8706,1.0,0.849
V3_HIDDEN_0180,HIDDEN_SEMANTIC,H10,ADAS,B0_Full_Suite,LOW,0.0,1.0,0.0023,0.0045,1.0,0.0,0.0,1.0,0.1
V3_HIDDEN_0180,HIDDEN_SEMANTIC,H10,ADAS,B1_Keyword,LOW,0.0,0.0,0.0,0.0,0.09999999999999998,0.9,0.9765,1.0,0.424
V3_HIDDEN_0180,HIDDEN_SEMANTIC,H10,ADAS,B2_Raw_Embedding,LOW,0.0,0.0,0.0,0.0,1.0,0.0,0.8824,1.0,0.568
V3_HIDDEN_0180,HIDDEN_SEMANTIC,H10,ADAS,B3_Graph_Only,LOW,0.0,0.0,0.0,0.0,0.0,1.0,0.9882,1.0,0.002
V3_HIDDEN_0180,HIDDEN_SEMANTIC,H10,ADAS,B4_Contextual_Embedding,LOW,0.0,0.0,0.0,0.0,1.0,0.0,0.8706,1.0,0.908
V3_HIDDEN_0180,HIDDEN_SEMANTIC,H10,ADAS,B5_AURA_Hybrid,LOW,0.0,0.0,0.0,0.0,1.0,0.0,0.8706,1.0,0.868
V3_HIDDEN_0181,HIDDEN_SEMANTIC,H1,ADAS,B0_Full_Suite,LOW,0.0,1.0,0.0023,0.0045,1.0,0.0,0.0,1.0,0.1
V3_HIDDEN_0181,HIDDEN_SEMANTIC,H1,ADAS,B1_Keyword,LOW,0.0,0.0,0.0,0.0,0.0,1.0,0.9882,1.0,0.451
V3_HIDDEN_0181,HIDDEN_SEMANTIC,H1,ADAS,B2_Raw_Embedding,LOW,0.0,0.0,0.0,0.0,1.0,0.0,0.8706,1.0,0.733
V3_HIDDEN_0181,HIDDEN_SEMANTIC,H1,ADAS,B3_Graph_Only,LOW,0.0,0.0,0.0,0.0,0.0,1.0,0.9882,1.0,0.002
V3_HIDDEN_0181,HIDDEN_SEMANTIC,H1,ADAS,B4_Contextual_Embedding,LOW,0.0,0.0,0.0,0.0,1.0,0.0,0.8706,1.0,0.879
V3_HIDDEN_0181,HIDDEN_SEMANTIC,H1,ADAS,B5_AURA_Hybrid,LOW,0.0,0.0,0.0,0.0,1.0,0.0,0.8706,1.0,0.951
V3_HIDDEN_0182,HIDDEN_SEMANTIC,H2,POWERTRAIN,B0_Full_Suite,LOW,0.0909,1.0,0.0031,0.0062,1.0,0.0,0.0,1.0,0.1
V3_HIDDEN_0182,HIDDEN_SEMANTIC,H2,POWERTRAIN,B1_Keyword,LOW,0.0909,1.0,0.05,0.0952,1.0,0.0,0.8375,1.0,0.417
V3_HIDDEN_0182,HIDDEN_SEMANTIC,H2,POWERTRAIN,B2_Raw_Embedding,LOW,0.0909,1.0,0.1,0.1818,0.9,0.1,0.875,1.0,0.652
V3_HIDDEN_0182,HIDDEN_SEMANTIC,H2,POWERTRAIN,B3_Graph_Only,LOW,0.0909,0.0,0.0,0.0,0.0,1.0,0.9875,1.0,0.002
V3_HIDDEN_0182,HIDDEN_SEMANTIC,H2,POWERTRAIN,B4_Contextual_Embedding,LOW,0.0909,1.0,0.1,0.1818,0.9,0.1,0.875,1.0,0.802
V3_HIDDEN_0182,HIDDEN_SEMANTIC,H2,POWERTRAIN,B5_AURA_Hybrid,LOW,0.0909,1.0,0.1,0.1818,0.9,0.1,0.875,1.0,0.834
V3_HIDDEN_0183,HIDDEN_SEMANTIC,H3,ADAS,B0_Full_Suite,LOW,0.0476,1.0,0.0023,0.0045,1.0,0.0,0.0,1.0,0.1
V3_HIDDEN_0183,HIDDEN_SEMANTIC,H3,ADAS,B1_Keyword,LOW,0.0476,0.0,0.0,0.0,0.09999999999999998,0.9,0.9765,1.0,0.402
V3_HIDDEN_0183,HIDDEN_SEMANTIC,H3,ADAS,B2_Raw_Embedding,LOW,0.0476,1.0,0.1,0.1818,0.9,0.1,0.8824,1.0,0.616
V3_HIDDEN_0183,HIDDEN_SEMANTIC,H3,ADAS,B3_Graph_Only,LOW,0.0476,0.0,0.0,0.0,0.0,1.0,0.9882,1.0,0.003
V3_HIDDEN_0183,HIDDEN_SEMANTIC,H3,ADAS,B4_Contextual_Embedding,LOW,0.0476,1.0,0.1,0.1818,0.9,0.1,0.8824,1.0,0.772
V3_HIDDEN_0183,HIDDEN_SEMANTIC,H3,ADAS,B5_AURA_Hybrid,LOW,0.0476,1.0,0.1,0.1818,0.9,0.1,0.8824,1.0,0.856
V3_HIDDEN_0184,HIDDEN_SEMANTIC,H4,ADAS,B0_Full_Suite,LOW,0.1,1.0,0.0023,0.0045,1.0,0.0,0.0,1.0,0.1
V3_HIDDEN_0184,HIDDEN_SEMANTIC,H4,ADAS,B1_Keyword,LOW,0.1,0.0,0.0,0.0,0.0,1.0,0.9882,1.0,0.383
V3_HIDDEN_0184,HIDDEN_SEMANTIC,H4,ADAS,B2_Raw_Embedding,LOW,0.1,0.0,0.0,0.0,1.0,0.0,0.8706,1.0,0.6
V3_HIDDEN_0184,HIDDEN_SEMANTIC,H4,ADAS,B3_Graph_Only,LOW,0.1,0.0,0.0,0.0,0.0,1.0,0.9882,1.0,0.002
V3_HIDDEN_0184,HIDDEN_SEMANTIC,H4,ADAS,B4_Contextual_Embedding,LOW,0.1,1.0,0.1,0.1818,0.9,0.1,0.8824,1.0,0.775
V3_HIDDEN_0184,HIDDEN_SEMANTIC,H4,ADAS,B5_AURA_Hybrid,LOW,0.1,1.0,0.1,0.1818,0.9,0.1,0.8824,1.0,0.819
V3_HIDDEN_0185,HIDDEN_SEMANTIC,H5,BATTERY_EV,B0_Full_Suite,LOW,0.1429,1.0,0.0031,0.0062,1.0,0.0,0.0,1.0,0.1
V3_HIDDEN_0185,HIDDEN_SEMANTIC,H5,BATTERY_EV,B1_Keyword,LOW,0.1429,0.0,0.0,0.0,1.0,0.0,0.8125,1.0,0.414
V3_HIDDEN_0185,HIDDEN_SEMANTIC,H5,BATTERY_EV,B2_Raw_Embedding,LOW,0.1429,0.0,0.0,0.0,1.0,0.0,0.9,1.0,0.587
V3_HIDDEN_0185,HIDDEN_SEMANTIC,H5,BATTERY_EV,B3_Graph_Only,LOW,0.1429,0.0,0.0,0.0,0.0,1.0,0.9875,1.0,0.002
V3_HIDDEN_0185,HIDDEN_SEMANTIC,H5,BATTERY_EV,B4_Contextual_Embedding,LOW,0.1429,0.0,0.0,0.0,1.0,0.0,0.8625,1.0,0.742
V3_HIDDEN_0185,HIDDEN_SEMANTIC,H5,BATTERY_EV,B5_AURA_Hybrid,LOW,0.1429,0.0,0.0,0.0,1.0,0.0,0.8625,1.0,1.117
V3_HIDDEN_0186,HIDDEN_SEMANTIC,H6,BODY_ELECTRONICS,B0_Full_Suite,LOW,0.0588,1.0,0.0063,0.0126,1.0,0.0,0.0,1.0,0.1
V3_HIDDEN_0186,HIDDEN_SEMANTIC,H6,BODY_ELECTRONICS,B1_Keyword,LOW,0.0588,0.0,0.0,0.0,0.8,0.2,0.8125,1.0,0.383
V3_HIDDEN_0186,HIDDEN_SEMANTIC,H6,BODY_ELECTRONICS,B2_Raw_Embedding,LOW,0.0588,0.0,0.0,0.0,1.0,0.0,0.7708,1.0,0.457
V3_HIDDEN_0186,HIDDEN_SEMANTIC,H6,BODY_ELECTRONICS,B3_Graph_Only,LOW,0.0588,0.0,0.0,0.0,0.0,1.0,0.9792,1.0,0.002
V3_HIDDEN_0186,HIDDEN_SEMANTIC,H6,BODY_ELECTRONICS,B4_Contextual_Embedding,LOW,0.0588,0.0,0.0,0.0,1.0,0.0,0.7917,1.0,0.62
V3_HIDDEN_0186,HIDDEN_SEMANTIC,H6,BODY_ELECTRONICS,B5_AURA_Hybrid,LOW,0.0588,0.0,0.0,0.0,1.0,0.0,0.7917,1.0,0.676
V3_HIDDEN_0187,HIDDEN_SEMANTIC,H7,BATTERY_EV,B0_Full_Suite,MEDIUM,0.25,1.0,0.0031,0.0062,1.0,0.0,0.0,1.0,0.1
V3_HIDDEN_0187,HIDDEN_SEMANTIC,H7,BATTERY_EV,B1_Keyword,MEDIUM,0.25,1.0,0.0435,0.0833,1.0,0.0,0.825,1.0,0.396
V3_HIDDEN_0187,HIDDEN_SEMANTIC,H7,BATTERY_EV,B2_Raw_Embedding,MEDIUM,0.25,0.0,0.0,0.0,1.0,0.0,0.8875,1.0,0.548
V3_HIDDEN_0187,HIDDEN_SEMANTIC,H7,BATTERY_EV,B3_Graph_Only,MEDIUM,0.25,0.0,0.0,0.0,0.0,1.0,0.9875,1.0,0.002
V3_HIDDEN_0187,HIDDEN_SEMANTIC,H7,BATTERY_EV,B4_Contextual_Embedding,MEDIUM,0.25,1.0,0.1,0.1818,0.9,0.1,0.875,1.0,0.699
V3_HIDDEN_0187,HIDDEN_SEMANTIC,H7,BATTERY_EV,B5_AURA_Hybrid,MEDIUM,0.25,1.0,0.1,0.1818,0.9,0.1,0.875,1.0,0.75
V3_HIDDEN_0188,HIDDEN_SEMANTIC,H8,POWERTRAIN,B0_Full_Suite,LOW,0.1429,1.0,0.0031,0.0062,1.0,0.0,0.0,1.0,0.1
V3_HIDDEN_0188,HIDDEN_SEMANTIC,H8,POWERTRAIN,B1_Keyword,LOW,0.1429,1.0,0.0256,0.05,1.0,0.0,0.7,1.0,0.412
V3_HIDDEN_0188,HIDDEN_SEMANTIC,H8,POWERTRAIN,B2_Raw_Embedding,LOW,0.1429,0.0,0.0,0.0,1.0,0.0,0.8875,1.0,0.557
V3_HIDDEN_0188,HIDDEN_SEMANTIC,H8,POWERTRAIN,B3_Graph_Only,LOW,0.1429,0.0,0.0,0.0,0.0,1.0,0.9875,1.0,0.002
V3_HIDDEN_0188,HIDDEN_SEMANTIC,H8,POWERTRAIN,B4_Contextual_Embedding,LOW,0.1429,0.0,0.0,0.0,1.0,0.0,0.8625,1.0,0.738
V3_HIDDEN_0188,HIDDEN_SEMANTIC,H8,POWERTRAIN,B5_AURA_Hybrid,LOW,0.1429,0.0,0.0,0.0,1.0,0.0,0.8625,1.0,0.76
V3_HIDDEN_0189,HIDDEN_SEMANTIC,H9,ADAS,B0_Full_Suite,LOW,0.0952,1.0,0.0023,0.0045,1.0,0.0,0.0,1.0,0.1
V3_HIDDEN_0189,HIDDEN_SEMANTIC,H9,ADAS,B1_Keyword,LOW,0.0952,0.0,0.0,0.0,0.19999999999999996,0.8,0.9647,1.0,0.4
V3_HIDDEN_0189,HIDDEN_SEMANTIC,H9,ADAS,B2_Raw_Embedding,LOW,0.0952,0.0,0.0,0.0,1.0,0.0,0.8824,1.0,0.592
V3_HIDDEN_0189,HIDDEN_SEMANTIC,H9,ADAS,B3_Graph_Only,LOW,0.0952,0.0,0.0,0.0,0.0,1.0,0.9882,1.0,0.002
V3_HIDDEN_0189,HIDDEN_SEMANTIC,H9,ADAS,B4_Contextual_Embedding,LOW,0.0952,0.0,0.0,0.0,1.0,0.0,0.8706,1.0,0.758
V3_HIDDEN_0189,HIDDEN_SEMANTIC,H9,ADAS,B5_AURA_Hybrid,LOW,0.0952,0.0,0.0,0.0,1.0,0.0,0.8706,1.0,0.823
V3_HIDDEN_0190,HIDDEN_SEMANTIC,H10,ADAS,B0_Full_Suite,LOW,0.0,1.0,0.0023,0.0045,1.0,0.0,0.0,1.0,0.1
V3_HIDDEN_0190,HIDDEN_SEMANTIC,H10,ADAS,B1_Keyword,LOW,0.0,0.0,0.0,0.0,0.09999999999999998,0.9,0.9765,1.0,0.38
V3_HIDDEN_0190,HIDDEN_SEMANTIC,H10,ADAS,B2_Raw_Embedding,LOW,0.0,0.0,0.0,0.0,1.0,0.0,0.8824,1.0,0.553
V3_HIDDEN_0190,HIDDEN_SEMANTIC,H10,ADAS,B3_Graph_Only,LOW,0.0,0.0,0.0,0.0,0.0,1.0,0.9882,1.0,0.002
V3_HIDDEN_0190,HIDDEN_SEMANTIC,H10,ADAS,B4_Contextual_Embedding,LOW,0.0,0.0,0.0,0.0,1.0,0.0,0.8706,1.0,0.749
V3_HIDDEN_0190,HIDDEN_SEMANTIC,H10,ADAS,B5_AURA_Hybrid,LOW,0.0,0.0,0.0,0.0,1.0,0.0,0.8706,1.0,0.799
V3_HIDDEN_0191,HIDDEN_SEMANTIC,H1,ADAS,B0_Full_Suite,LOW,0.0,1.0,0.0023,0.0045,1.0,0.0,0.0,1.0,0.1
V3_HIDDEN_0191,HIDDEN_SEMANTIC,H1,ADAS,B1_Keyword,LOW,0.0,0.0,0.0,0.0,0.0,1.0,0.9882,1.0,0.407
V3_HIDDEN_0191,HIDDEN_SEMANTIC,H1,ADAS,B2_Raw_Embedding,LOW,0.0,0.0,0.0,0.0,1.0,0.0,0.8706,1.0,0.697
V3_HIDDEN_0191,HIDDEN_SEMANTIC,H1,ADAS,B3_Graph_Only,LOW,0.0,0.0,0.0,0.0,0.0,1.0,0.9882,1.0,0.002
V3_HIDDEN_0191,HIDDEN_SEMANTIC,H1,ADAS,B4_Contextual_Embedding,LOW,0.0,0.0,0.0,0.0,1.0,0.0,0.8706,1.0,0.861
V3_HIDDEN_0191,HIDDEN_SEMANTIC,H1,ADAS,B5_AURA_Hybrid,LOW,0.0,0.0,0.0,0.0,1.0,0.0,0.8706,1.0,0.957
V3_HIDDEN_0192,HIDDEN_SEMANTIC,H2,POWERTRAIN,B0_Full_Suite,LOW,0.0909,1.0,0.0031,0.0062,1.0,0.0,0.0,1.0,0.1
V3_HIDDEN_0192,HIDDEN_SEMANTIC,H2,POWERTRAIN,B1_Keyword,LOW,0.0909,1.0,0.05,0.0952,1.0,0.0,0.8375,1.0,0.42
V3_HIDDEN_0192,HIDDEN_SEMANTIC,H2,POWERTRAIN,B2_Raw_Embedding,LOW,0.0909,1.0,0.1,0.1818,0.9,0.1,0.875,1.0,0.65
V3_HIDDEN_0192,HIDDEN_SEMANTIC,H2,POWERTRAIN,B3_Graph_Only,LOW,0.0909,0.0,0.0,0.0,0.0,1.0,0.9875,1.0,0.002
V3_HIDDEN_0192,HIDDEN_SEMANTIC,H2,POWERTRAIN,B4_Contextual_Embedding,LOW,0.0909,1.0,0.1,0.1818,0.9,0.1,0.875,1.0,0.799
V3_HIDDEN_0192,HIDDEN_SEMANTIC,H2,POWERTRAIN,B5_AURA_Hybrid,LOW,0.0909,1.0,0.1,0.1818,0.9,0.1,0.875,1.0,0.842
V3_HIDDEN_0193,HIDDEN_SEMANTIC,H3,ADAS,B0_Full_Suite,LOW,0.0476,1.0,0.0023,0.0045,1.0,0.0,0.0,1.0,0.1
V3_HIDDEN_0193,HIDDEN_SEMANTIC,H3,ADAS,B1_Keyword,LOW,0.0476,0.0,0.0,0.0,0.09999999999999998,0.9,0.9765,1.0,0.401
V3_HIDDEN_0193,HIDDEN_SEMANTIC,H3,ADAS,B2_Raw_Embedding,LOW,0.0476,1.0,0.1,0.1818,0.9,0.1,0.8824,1.0,0.632
V3_HIDDEN_0193,HIDDEN_SEMANTIC,H3,ADAS,B3_Graph_Only,LOW,0.0476,0.0,0.0,0.0,0.0,1.0,0.9882,1.0,0.002
V3_HIDDEN_0193,HIDDEN_SEMANTIC,H3,ADAS,B4_Contextual_Embedding,LOW,0.0476,1.0,0.1,0.1818,0.9,0.1,0.8824,1.0,0.813
V3_HIDDEN_0193,HIDDEN_SEMANTIC,H3,ADAS,B5_AURA_Hybrid,LOW,0.0476,1.0,0.1,0.1818,0.9,0.1,0.8824,1.0,0.86
V3_HIDDEN_0194,HIDDEN_SEMANTIC,H4,ADAS,B0_Full_Suite,LOW,0.1,1.0,0.0023,0.0045,1.0,0.0,0.0,1.0,0.1
V3_HIDDEN_0194,HIDDEN_SEMANTIC,H4,ADAS,B1_Keyword,LOW,0.1,0.0,0.0,0.0,0.0,1.0,0.9882,1.0,0.392
V3_HIDDEN_0194,HIDDEN_SEMANTIC,H4,ADAS,B2_Raw_Embedding,LOW,0.1,0.0,0.0,0.0,1.0,0.0,0.8706,1.0,0.628
V3_HIDDEN_0194,HIDDEN_SEMANTIC,H4,ADAS,B3_Graph_Only,LOW,0.1,0.0,0.0,0.0,0.0,1.0,0.9882,1.0,0.002
V3_HIDDEN_0194,HIDDEN_SEMANTIC,H4,ADAS,B4_Contextual_Embedding,LOW,0.1,1.0,0.1,0.1818,0.9,0.1,0.8824,1.0,0.797
V3_HIDDEN_0194,HIDDEN_SEMANTIC,H4,ADAS,B5_AURA_Hybrid,LOW,0.1,1.0,0.1,0.1818,0.9,0.1,0.8824,1.0,0.844
V3_HIDDEN_0195,HIDDEN_SEMANTIC,H5,BATTERY_EV,B0_Full_Suite,LOW,0.1429,1.0,0.0031,0.0062,1.0,0.0,0.0,1.0,0.1
V3_HIDDEN_0195,HIDDEN_SEMANTIC,H5,BATTERY_EV,B1_Keyword,LOW,0.1429,0.0,0.0,0.0,1.0,0.0,0.825,1.0,0.418
V3_HIDDEN_0195,HIDDEN_SEMANTIC,H5,BATTERY_EV,B2_Raw_Embedding,LOW,0.1429,0.0,0.0,0.0,1.0,0.0,0.9,1.0,0.596
V3_HIDDEN_0195,HIDDEN_SEMANTIC,H5,BATTERY_EV,B3_Graph_Only,LOW,0.1429,0.0,0.0,0.0,0.0,1.0,0.9875,1.0,0.002
V3_HIDDEN_0195,HIDDEN_SEMANTIC,H5,BATTERY_EV,B4_Contextual_Embedding,LOW,0.1429,0.0,0.0,0.0,1.0,0.0,0.8625,1.0,0.744
V3_HIDDEN_0195,HIDDEN_SEMANTIC,H5,BATTERY_EV,B5_AURA_Hybrid,LOW,0.1429,0.0,0.0,0.0,1.0,0.0,0.8625,1.0,0.808
V3_HIDDEN_0196,HIDDEN_SEMANTIC,H6,BODY_ELECTRONICS,B0_Full_Suite,LOW,0.0588,1.0,0.0063,0.0126,1.0,0.0,0.0,1.0,0.1
V3_HIDDEN_0196,HIDDEN_SEMANTIC,H6,BODY_ELECTRONICS,B1_Keyword,LOW,0.0588,0.0,0.0,0.0,0.8,0.2,0.8125,1.0,0.374
V3_HIDDEN_0196,HIDDEN_SEMANTIC,H6,BODY_ELECTRONICS,B2_Raw_Embedding,LOW,0.0588,0.0,0.0,0.0,1.0,0.0,0.7708,1.0,0.46
V3_HIDDEN_0196,HIDDEN_SEMANTIC,H6,BODY_ELECTRONICS,B3_Graph_Only,LOW,0.0588,0.0,0.0,0.0,0.0,1.0,0.9792,1.0,0.002
V3_HIDDEN_0196,HIDDEN_SEMANTIC,H6,BODY_ELECTRONICS,B4_Contextual_Embedding,LOW,0.0588,0.0,0.0,0.0,1.0,0.0,0.7917,1.0,0.607
V3_HIDDEN_0196,HIDDEN_SEMANTIC,H6,BODY_ELECTRONICS,B5_AURA_Hybrid,LOW,0.0588,0.0,0.0,0.0,1.0,0.0,0.7917,1.0,0.674
V3_HIDDEN_0197,HIDDEN_SEMANTIC,H7,BATTERY_EV,B0_Full_Suite,MEDIUM,0.25,1.0,0.0031,0.0062,1.0,0.0,0.0,1.0,0.1
V3_HIDDEN_0197,HIDDEN_SEMANTIC,H7,BATTERY_EV,B1_Keyword,MEDIUM,0.25,1.0,0.0435,0.0833,1.0,0.0,0.825,1.0,0.412
V3_HIDDEN_0197,HIDDEN_SEMANTIC,H7,BATTERY_EV,B2_Raw_Embedding,MEDIUM,0.25,0.0,0.0,0.0,1.0,0.0,0.8875,1.0,0.565
V3_HIDDEN_0197,HIDDEN_SEMANTIC,H7,BATTERY_EV,B3_Graph_Only,MEDIUM,0.25,0.0,0.0,0.0,0.0,1.0,0.9875,1.0,0.002
V3_HIDDEN_0197,HIDDEN_SEMANTIC,H7,BATTERY_EV,B4_Contextual_Embedding,MEDIUM,0.25,1.0,0.1,0.1818,0.9,0.1,0.875,1.0,0.711
V3_HIDDEN_0197,HIDDEN_SEMANTIC,H7,BATTERY_EV,B5_AURA_Hybrid,MEDIUM,0.25,1.0,0.1,0.1818,0.9,0.1,0.875,1.0,0.778
V3_HIDDEN_0198,HIDDEN_SEMANTIC,H8,POWERTRAIN,B0_Full_Suite,LOW,0.1429,1.0,0.0031,0.0062,1.0,0.0,0.0,1.0,0.1
V3_HIDDEN_0198,HIDDEN_SEMANTIC,H8,POWERTRAIN,B1_Keyword,LOW,0.1429,1.0,0.0256,0.05,1.0,0.0,0.7,1.0,0.431
V3_HIDDEN_0198,HIDDEN_SEMANTIC,H8,POWERTRAIN,B2_Raw_Embedding,LOW,0.1429,0.0,0.0,0.0,1.0,0.0,0.8875,1.0,0.572
V3_HIDDEN_0198,HIDDEN_SEMANTIC,H8,POWERTRAIN,B3_Graph_Only,LOW,0.1429,0.0,0.0,0.0,0.0,1.0,0.9875,1.0,0.002
V3_HIDDEN_0198,HIDDEN_SEMANTIC,H8,POWERTRAIN,B4_Contextual_Embedding,LOW,0.1429,0.0,0.0,0.0,1.0,0.0,0.8625,1.0,0.728
V3_HIDDEN_0198,HIDDEN_SEMANTIC,H8,POWERTRAIN,B5_AURA_Hybrid,LOW,0.1429,0.0,0.0,0.0,1.0,0.0,0.8625,1.0,0.773
V3_HIDDEN_0199,HIDDEN_SEMANTIC,H9,ADAS,B0_Full_Suite,LOW,0.0952,1.0,0.0023,0.0045,1.0,0.0,0.0,1.0,0.1
V3_HIDDEN_0199,HIDDEN_SEMANTIC,H9,ADAS,B1_Keyword,LOW,0.0952,0.0,0.0,0.0,0.19999999999999996,0.8,0.9647,1.0,0.414
V3_HIDDEN_0199,HIDDEN_SEMANTIC,H9,ADAS,B2_Raw_Embedding,LOW,0.0952,0.0,0.0,0.0,1.0,0.0,0.8824,1.0,0.599
V3_HIDDEN_0199,HIDDEN_SEMANTIC,H9,ADAS,B3_Graph_Only,LOW,0.0952,0.0,0.0,0.0,0.0,1.0,0.9882,1.0,0.002
V3_HIDDEN_0199,HIDDEN_SEMANTIC,H9,ADAS,B4_Contextual_Embedding,LOW,0.0952,0.0,0.0,0.0,1.0,0.0,0.8706,1.0,0.784
V3_HIDDEN_0199,HIDDEN_SEMANTIC,H9,ADAS,B5_AURA_Hybrid,LOW,0.0952,0.0,0.0,0.0,1.0,0.0,0.8706,1.0,0.844
V3_HIDDEN_0200,HIDDEN_SEMANTIC,H10,ADAS,B0_Full_Suite,LOW,0.0,1.0,0.0023,0.0045,1.0,0.0,0.0,1.0,0.1
V3_HIDDEN_0200,HIDDEN_SEMANTIC,H10,ADAS,B1_Keyword,LOW,0.0,0.0,0.0,0.0,0.09999999999999998,0.9,0.9765,1.0,0.392
V3_HIDDEN_0200,HIDDEN_SEMANTIC,H10,ADAS,B2_Raw_Embedding,LOW,0.0,0.0,0.0,0.0,1.0,0.0,0.8824,1.0,0.571
V3_HIDDEN_0200,HIDDEN_SEMANTIC,H10,ADAS,B3_Graph_Only,LOW,0.0,0.0,0.0,0.0,0.0,1.0,0.9882,1.0,0.002
V3_HIDDEN_0200,HIDDEN_SEMANTIC,H10,ADAS,B4_Contextual_Embedding,LOW,0.0,0.0,0.0,0.0,1.0,0.0,0.8706,1.0,0.746
V3_HIDDEN_0200,HIDDEN_SEMANTIC,H10,ADAS,B5_AURA_Hybrid,LOW,0.0,0.0,0.0,0.0,1.0,0.0,0.8706,1.0,0.795
V3_HIDDEN_0201,HIDDEN_SEMANTIC,H1,ADAS,B0_Full_Suite,LOW,0.0,1.0,0.0023,0.0045,1.0,0.0,0.0,1.0,0.1
V3_HIDDEN_0201,HIDDEN_SEMANTIC,H1,ADAS,B1_Keyword,LOW,0.0,0.0,0.0,0.0,0.0,1.0,0.9882,1.0,0.391
V3_HIDDEN_0201,HIDDEN_SEMANTIC,H1,ADAS,B2_Raw_Embedding,LOW,0.0,0.0,0.0,0.0,1.0,0.0,0.8706,1.0,0.683
V3_HIDDEN_0201,HIDDEN_SEMANTIC,H1,ADAS,B3_Graph_Only,LOW,0.0,0.0,0.0,0.0,0.0,1.0,0.9882,1.0,0.002
V3_HIDDEN_0201,HIDDEN_SEMANTIC,H1,ADAS,B4_Contextual_Embedding,LOW,0.0,0.0,0.0,0.0,1.0,0.0,0.8706,1.0,0.865
V3_HIDDEN_0201,HIDDEN_SEMANTIC,H1,ADAS,B5_AURA_Hybrid,LOW,0.0,0.0,0.0,0.0,1.0,0.0,0.8706,1.0,0.944
V3_HIDDEN_0202,HIDDEN_SEMANTIC,H2,POWERTRAIN,B0_Full_Suite,LOW,0.0909,1.0,0.0031,0.0062,1.0,0.0,0.0,1.0,0.1
V3_HIDDEN_0202,HIDDEN_SEMANTIC,H2,POWERTRAIN,B1_Keyword,LOW,0.0909,1.0,0.0526,0.1,1.0,0.0,0.85,1.0,0.393
V3_HIDDEN_0202,HIDDEN_SEMANTIC,H2,POWERTRAIN,B2_Raw_Embedding,LOW,0.0909,1.0,0.1,0.1818,0.9,0.1,0.875,1.0,0.626
V3_HIDDEN_0202,HIDDEN_SEMANTIC,H2,POWERTRAIN,B3_Graph_Only,LOW,0.0909,0.0,0.0,0.0,0.0,1.0,0.9875,1.0,0.002
V3_HIDDEN_0202,HIDDEN_SEMANTIC,H2,POWERTRAIN,B4_Contextual_Embedding,LOW,0.0909,1.0,0.1,0.1818,0.9,0.1,0.875,1.0,0.769
V3_HIDDEN_0202,HIDDEN_SEMANTIC,H2,POWERTRAIN,B5_AURA_Hybrid,LOW,0.0909,1.0,0.1,0.1818,0.9,0.1,0.875,1.0,0.821
V3_HIDDEN_0203,HIDDEN_SEMANTIC,H3,ADAS,B0_Full_Suite,LOW,0.0476,1.0,0.0023,0.0045,1.0,0.0,0.0,1.0,0.1
V3_HIDDEN_0203,HIDDEN_SEMANTIC,H3,ADAS,B1_Keyword,LOW,0.0476,0.0,0.0,0.0,0.0,1.0,0.9882,1.0,0.445
V3_HIDDEN_0203,HIDDEN_SEMANTIC,H3,ADAS,B2_Raw_Embedding,LOW,0.0476,1.0,0.1,0.1818,0.9,0.1,0.8824,1.0,0.609
V3_HIDDEN_0203,HIDDEN_SEMANTIC,H3,ADAS,B3_Graph_Only,LOW,0.0476,0.0,0.0,0.0,0.0,1.0,0.9882,1.0,0.002
V3_HIDDEN_0203,HIDDEN_SEMANTIC,H3,ADAS,B4_Contextual_Embedding,LOW,0.0476,1.0,0.1,0.1818,0.9,0.1,0.8824,1.0,0.774
V3_HIDDEN_0203,HIDDEN_SEMANTIC,H3,ADAS,B5_AURA_Hybrid,LOW,0.0476,1.0,0.1,0.1818,0.9,0.1,0.8824,1.0,0.867
V3_HIDDEN_0204,HIDDEN_SEMANTIC,H4,ADAS,B0_Full_Suite,LOW,0.1,1.0,0.0023,0.0045,1.0,0.0,0.0,1.0,0.1
V3_HIDDEN_0204,HIDDEN_SEMANTIC,H4,ADAS,B1_Keyword,LOW,0.1,0.0,0.0,0.0,0.0,1.0,0.9882,1.0,0.381
V3_HIDDEN_0204,HIDDEN_SEMANTIC,H4,ADAS,B2_Raw_Embedding,LOW,0.1,0.0,0.0,0.0,1.0,0.0,0.8706,1.0,0.611
V3_HIDDEN_0204,HIDDEN_SEMANTIC,H4,ADAS,B3_Graph_Only,LOW,0.1,0.0,0.0,0.0,0.0,1.0,0.9882,1.0,0.002
V3_HIDDEN_0204,HIDDEN_SEMANTIC,H4,ADAS,B4_Contextual_Embedding,LOW,0.1,1.0,0.1,0.1818,0.9,0.1,0.8824,1.0,0.804
V3_HIDDEN_0204,HIDDEN_SEMANTIC,H4,ADAS,B5_AURA_Hybrid,LOW,0.1,1.0,0.1,0.1818,0.9,0.1,0.8824,1.0,0.863
V3_HIDDEN_0205,HIDDEN_SEMANTIC,H5,BATTERY_EV,B0_Full_Suite,LOW,0.1429,1.0,0.0031,0.0062,1.0,0.0,0.0,1.0,0.1
V3_HIDDEN_0205,HIDDEN_SEMANTIC,H5,BATTERY_EV,B1_Keyword,LOW,0.1429,0.0,0.0,0.0,1.0,0.0,0.825,1.0,0.409
V3_HIDDEN_0205,HIDDEN_SEMANTIC,H5,BATTERY_EV,B2_Raw_Embedding,LOW,0.1429,0.0,0.0,0.0,1.0,0.0,0.9,1.0,0.58
V3_HIDDEN_0205,HIDDEN_SEMANTIC,H5,BATTERY_EV,B3_Graph_Only,LOW,0.1429,0.0,0.0,0.0,0.0,1.0,0.9875,1.0,0.002
V3_HIDDEN_0205,HIDDEN_SEMANTIC,H5,BATTERY_EV,B4_Contextual_Embedding,LOW,0.1429,0.0,0.0,0.0,1.0,0.0,0.8625,1.0,0.739
V3_HIDDEN_0205,HIDDEN_SEMANTIC,H5,BATTERY_EV,B5_AURA_Hybrid,LOW,0.1429,0.0,0.0,0.0,1.0,0.0,0.8625,1.0,0.8
V3_HIDDEN_0206,HIDDEN_SEMANTIC,H6,BODY_ELECTRONICS,B0_Full_Suite,LOW,0.0588,1.0,0.0063,0.0126,1.0,0.0,0.0,1.0,0.1
V3_HIDDEN_0206,HIDDEN_SEMANTIC,H6,BODY_ELECTRONICS,B1_Keyword,LOW,0.0588,0.0,0.0,0.0,0.8,0.2,0.8125,1.0,0.369
V3_HIDDEN_0206,HIDDEN_SEMANTIC,H6,BODY_ELECTRONICS,B2_Raw_Embedding,LOW,0.0588,0.0,0.0,0.0,1.0,0.0,0.7708,1.0,0.455
V3_HIDDEN_0206,HIDDEN_SEMANTIC,H6,BODY_ELECTRONICS,B3_Graph_Only,LOW,0.0588,0.0,0.0,0.0,0.0,1.0,0.9792,1.0,0.003
V3_HIDDEN_0206,HIDDEN_SEMANTIC,H6,BODY_ELECTRONICS,B4_Contextual_Embedding,LOW,0.0588,0.0,0.0,0.0,1.0,0.0,0.7917,1.0,0.604
V3_HIDDEN_0206,HIDDEN_SEMANTIC,H6,BODY_ELECTRONICS,B5_AURA_Hybrid,LOW,0.0588,0.0,0.0,0.0,1.0,0.0,0.7917,1.0,0.639
V3_HIDDEN_0207,HIDDEN_SEMANTIC,H7,BATTERY_EV,B0_Full_Suite,MEDIUM,0.25,1.0,0.0031,0.0062,1.0,0.0,0.0,1.0,0.1
V3_HIDDEN_0207,HIDDEN_SEMANTIC,H7,BATTERY_EV,B1_Keyword,MEDIUM,0.25,1.0,0.0435,0.0833,1.0,0.0,0.825,1.0,0.41
V3_HIDDEN_0207,HIDDEN_SEMANTIC,H7,BATTERY_EV,B2_Raw_Embedding,MEDIUM,0.25,0.0,0.0,0.0,1.0,0.0,0.8875,1.0,0.565
V3_HIDDEN_0207,HIDDEN_SEMANTIC,H7,BATTERY_EV,B3_Graph_Only,MEDIUM,0.25,0.0,0.0,0.0,0.0,1.0,0.9875,1.0,0.002
V3_HIDDEN_0207,HIDDEN_SEMANTIC,H7,BATTERY_EV,B4_Contextual_Embedding,MEDIUM,0.25,1.0,0.1,0.1818,0.9,0.1,0.875,1.0,0.715
V3_HIDDEN_0207,HIDDEN_SEMANTIC,H7,BATTERY_EV,B5_AURA_Hybrid,MEDIUM,0.25,1.0,0.1,0.1818,0.9,0.1,0.875,1.0,0.822
V3_HIDDEN_0208,HIDDEN_SEMANTIC,H8,POWERTRAIN,B0_Full_Suite,LOW,0.1429,1.0,0.0031,0.0062,1.0,0.0,0.0,1.0,0.1
V3_HIDDEN_0208,HIDDEN_SEMANTIC,H8,POWERTRAIN,B1_Keyword,LOW,0.1429,1.0,0.0256,0.05,1.0,0.0,0.7,1.0,0.419
V3_HIDDEN_0208,HIDDEN_SEMANTIC,H8,POWERTRAIN,B2_Raw_Embedding,LOW,0.1429,0.0,0.0,0.0,1.0,0.0,0.8875,1.0,0.579
V3_HIDDEN_0208,HIDDEN_SEMANTIC,H8,POWERTRAIN,B3_Graph_Only,LOW,0.1429,0.0,0.0,0.0,0.0,1.0,0.9875,1.0,0.002
V3_HIDDEN_0208,HIDDEN_SEMANTIC,H8,POWERTRAIN,B4_Contextual_Embedding,LOW,0.1429,0.0,0.0,0.0,1.0,0.0,0.8625,1.0,0.733
V3_HIDDEN_0208,HIDDEN_SEMANTIC,H8,POWERTRAIN,B5_AURA_Hybrid,LOW,0.1429,0.0,0.0,0.0,1.0,0.0,0.8625,1.0,0.798
V3_HIDDEN_0209,HIDDEN_SEMANTIC,H9,ADAS,B0_Full_Suite,LOW,0.0952,1.0,0.0023,0.0045,1.0,0.0,0.0,1.0,0.1
V3_HIDDEN_0209,HIDDEN_SEMANTIC,H9,ADAS,B1_Keyword,LOW,0.0952,0.0,0.0,0.0,0.8,0.2,0.8941,1.0,0.415
V3_HIDDEN_0209,HIDDEN_SEMANTIC,H9,ADAS,B2_Raw_Embedding,LOW,0.0952,0.0,0.0,0.0,1.0,0.0,0.8824,1.0,0.598
V3_HIDDEN_0209,HIDDEN_SEMANTIC,H9,ADAS,B3_Graph_Only,LOW,0.0952,0.0,0.0,0.0,0.0,1.0,0.9882,1.0,0.002
V3_HIDDEN_0209,HIDDEN_SEMANTIC,H9,ADAS,B4_Contextual_Embedding,LOW,0.0952,0.0,0.0,0.0,1.0,0.0,0.8706,1.0,0.787
V3_HIDDEN_0209,HIDDEN_SEMANTIC,H9,ADAS,B5_AURA_Hybrid,LOW,0.0952,0.0,0.0,0.0,1.0,0.0,0.8706,1.0,0.853
V3_HIDDEN_0210,HIDDEN_SEMANTIC,H10,ADAS,B0_Full_Suite,LOW,0.0,1.0,0.0023,0.0045,1.0,0.0,0.0,1.0,0.1
V3_HIDDEN_0210,HIDDEN_SEMANTIC,H10,ADAS,B1_Keyword,LOW,0.0,0.0,0.0,0.0,0.7,0.3,0.3059,1.0,0.428
V3_HIDDEN_0210,HIDDEN_SEMANTIC,H10,ADAS,B2_Raw_Embedding,LOW,0.0,0.0,0.0,0.0,1.0,0.0,0.8824,1.0,0.571
V3_HIDDEN_0210,HIDDEN_SEMANTIC,H10,ADAS,B3_Graph_Only,LOW,0.0,0.0,0.0,0.0,0.0,1.0,0.9882,1.0,0.002
V3_HIDDEN_0210,HIDDEN_SEMANTIC,H10,ADAS,B4_Contextual_Embedding,LOW,0.0,0.0,0.0,0.0,1.0,0.0,0.8706,1.0,0.738
V3_HIDDEN_0210,HIDDEN_SEMANTIC,H10,ADAS,B5_AURA_Hybrid,LOW,0.0,0.0,0.0,0.0,1.0,0.0,0.8706,1.0,0.788
V3_HIDDEN_0211,HIDDEN_SEMANTIC,H1,ADAS,B0_Full_Suite,LOW,0.0,1.0,0.0023,0.0045,1.0,0.0,0.0,1.0,0.1
V3_HIDDEN_0211,HIDDEN_SEMANTIC,H1,ADAS,B1_Keyword,LOW,0.0,0.0,0.0,0.0,0.0,1.0,0.9882,1.0,0.409
V3_HIDDEN_0211,HIDDEN_SEMANTIC,H1,ADAS,B2_Raw_Embedding,LOW,0.0,0.0,0.0,0.0,1.0,0.0,0.8706,1.0,0.689
V3_HIDDEN_0211,HIDDEN_SEMANTIC,H1,ADAS,B3_Graph_Only,LOW,0.0,0.0,0.0,0.0,0.0,1.0,0.9882,1.0,0.002
V3_HIDDEN_0211,HIDDEN_SEMANTIC,H1,ADAS,B4_Contextual_Embedding,LOW,0.0,0.0,0.0,0.0,1.0,0.0,0.8706,1.0,0.867
V3_HIDDEN_0211,HIDDEN_SEMANTIC,H1,ADAS,B5_AURA_Hybrid,LOW,0.0,0.0,0.0,0.0,1.0,0.0,0.8706,1.0,0.941
V3_HIDDEN_0212,HIDDEN_SEMANTIC,H2,POWERTRAIN,B0_Full_Suite,LOW,0.0909,1.0,0.0031,0.0062,1.0,0.0,0.0,1.0,0.1
V3_HIDDEN_0212,HIDDEN_SEMANTIC,H2,POWERTRAIN,B1_Keyword,LOW,0.0909,1.0,0.05,0.0952,1.0,0.0,0.8375,1.0,0.423
V3_HIDDEN_0212,HIDDEN_SEMANTIC,H2,POWERTRAIN,B2_Raw_Embedding,LOW,0.0909,1.0,0.1,0.1818,0.9,0.1,0.875,1.0,0.643
V3_HIDDEN_0212,HIDDEN_SEMANTIC,H2,POWERTRAIN,B3_Graph_Only,LOW,0.0909,0.0,0.0,0.0,0.0,1.0,0.9875,1.0,0.002
V3_HIDDEN_0212,HIDDEN_SEMANTIC,H2,POWERTRAIN,B4_Contextual_Embedding,LOW,0.0909,1.0,0.1,0.1818,0.9,0.1,0.875,1.0,0.801
V3_HIDDEN_0212,HIDDEN_SEMANTIC,H2,POWERTRAIN,B5_AURA_Hybrid,LOW,0.0909,1.0,0.1,0.1818,0.9,0.1,0.875,1.0,0.853
V3_HIDDEN_0213,HIDDEN_SEMANTIC,H3,ADAS,B0_Full_Suite,LOW,0.0476,1.0,0.0023,0.0045,1.0,0.0,0.0,1.0,0.1
V3_HIDDEN_0213,HIDDEN_SEMANTIC,H3,ADAS,B1_Keyword,LOW,0.0476,0.0,0.0,0.0,0.0,1.0,0.9882,1.0,0.392
V3_HIDDEN_0213,HIDDEN_SEMANTIC,H3,ADAS,B2_Raw_Embedding,LOW,0.0476,1.0,0.1,0.1818,0.9,0.1,0.8824,1.0,0.608
V3_HIDDEN_0213,HIDDEN_SEMANTIC,H3,ADAS,B3_Graph_Only,LOW,0.0476,0.0,0.0,0.0,0.0,1.0,0.9882,1.0,0.002
V3_HIDDEN_0213,HIDDEN_SEMANTIC,H3,ADAS,B4_Contextual_Embedding,LOW,0.0476,1.0,0.1,0.1818,0.9,0.1,0.8824,1.0,0.783
V3_HIDDEN_0213,HIDDEN_SEMANTIC,H3,ADAS,B5_AURA_Hybrid,LOW,0.0476,1.0,0.1,0.1818,0.9,0.1,0.8824,1.0,0.833
V3_HIDDEN_0214,HIDDEN_SEMANTIC,H4,ADAS,B0_Full_Suite,LOW,0.1,1.0,0.0023,0.0045,1.0,0.0,0.0,1.0,0.1
V3_HIDDEN_0214,HIDDEN_SEMANTIC,H4,ADAS,B1_Keyword,LOW,0.1,0.0,0.0,0.0,0.0,1.0,0.9882,1.0,0.374
V3_HIDDEN_0214,HIDDEN_SEMANTIC,H4,ADAS,B2_Raw_Embedding,LOW,0.1,0.0,0.0,0.0,1.0,0.0,0.8706,1.0,0.599
V3_HIDDEN_0214,HIDDEN_SEMANTIC,H4,ADAS,B3_Graph_Only,LOW,0.1,0.0,0.0,0.0,0.0,1.0,0.9882,1.0,0.002
V3_HIDDEN_0214,HIDDEN_SEMANTIC,H4,ADAS,B4_Contextual_Embedding,LOW,0.1,1.0,0.1,0.1818,0.9,0.1,0.8824,1.0,0.776
V3_HIDDEN_0214,HIDDEN_SEMANTIC,H4,ADAS,B5_AURA_Hybrid,LOW,0.1,1.0,0.1,0.1818,0.9,0.1,0.8824,1.0,0.828
V3_HIDDEN_0215,HIDDEN_SEMANTIC,H5,BATTERY_EV,B0_Full_Suite,LOW,0.1429,1.0,0.0031,0.0062,1.0,0.0,0.0,1.0,0.1
V3_HIDDEN_0215,HIDDEN_SEMANTIC,H5,BATTERY_EV,B1_Keyword,LOW,0.1429,0.0,0.0,0.0,1.0,0.0,0.825,1.0,0.423
V3_HIDDEN_0215,HIDDEN_SEMANTIC,H5,BATTERY_EV,B2_Raw_Embedding,LOW,0.1429,0.0,0.0,0.0,1.0,0.0,0.8875,1.0,0.612
V3_HIDDEN_0215,HIDDEN_SEMANTIC,H5,BATTERY_EV,B3_Graph_Only,LOW,0.1429,0.0,0.0,0.0,0.0,1.0,0.9875,1.0,0.002
V3_HIDDEN_0215,HIDDEN_SEMANTIC,H5,BATTERY_EV,B4_Contextual_Embedding,LOW,0.1429,0.0,0.0,0.0,1.0,0.0,0.8625,1.0,0.741
V3_HIDDEN_0215,HIDDEN_SEMANTIC,H5,BATTERY_EV,B5_AURA_Hybrid,LOW,0.1429,0.0,0.0,0.0,1.0,0.0,0.8625,1.0,0.79
V3_HIDDEN_0216,HIDDEN_SEMANTIC,H6,BODY_ELECTRONICS,B0_Full_Suite,LOW,0.0588,1.0,0.0063,0.0126,1.0,0.0,0.0,1.0,0.1
V3_HIDDEN_0216,HIDDEN_SEMANTIC,H6,BODY_ELECTRONICS,B1_Keyword,LOW,0.0588,0.0,0.0,0.0,0.8,0.2,0.8125,1.0,0.416
V3_HIDDEN_0216,HIDDEN_SEMANTIC,H6,BODY_ELECTRONICS,B2_Raw_Embedding,LOW,0.0588,0.0,0.0,0.0,1.0,0.0,0.7708,1.0,0.452
V3_HIDDEN_0216,HIDDEN_SEMANTIC,H6,BODY_ELECTRONICS,B3_Graph_Only,LOW,0.0588,0.0,0.0,0.0,0.0,1.0,0.9792,1.0,0.002
V3_HIDDEN_0216,HIDDEN_SEMANTIC,H6,BODY_ELECTRONICS,B4_Contextual_Embedding,LOW,0.0588,0.0,0.0,0.0,1.0,0.0,0.7917,1.0,0.595
V3_HIDDEN_0216,HIDDEN_SEMANTIC,H6,BODY_ELECTRONICS,B5_AURA_Hybrid,LOW,0.0588,0.0,0.0,0.0,1.0,0.0,0.7917,1.0,0.649
V3_HIDDEN_0217,HIDDEN_SEMANTIC,H7,BATTERY_EV,B0_Full_Suite,MEDIUM,0.25,1.0,0.0031,0.0062,1.0,0.0,0.0,1.0,0.1
V3_HIDDEN_0217,HIDDEN_SEMANTIC,H7,BATTERY_EV,B1_Keyword,MEDIUM,0.25,1.0,0.0303,0.0588,1.0,0.0,0.4125,1.0,0.405
V3_HIDDEN_0217,HIDDEN_SEMANTIC,H7,BATTERY_EV,B2_Raw_Embedding,MEDIUM,0.25,0.0,0.0,0.0,1.0,0.0,0.9,1.0,0.534
V3_HIDDEN_0217,HIDDEN_SEMANTIC,H7,BATTERY_EV,B3_Graph_Only,MEDIUM,0.25,0.0,0.0,0.0,0.0,1.0,0.9875,1.0,0.002
V3_HIDDEN_0217,HIDDEN_SEMANTIC,H7,BATTERY_EV,B4_Contextual_Embedding,MEDIUM,0.25,1.0,0.1,0.1818,0.9,0.1,0.875,1.0,0.714
V3_HIDDEN_0217,HIDDEN_SEMANTIC,H7,BATTERY_EV,B5_AURA_Hybrid,MEDIUM,0.25,1.0,0.1,0.1818,0.9,0.1,0.875,1.0,0.753
V3_HIDDEN_0218,HIDDEN_SEMANTIC,H8,POWERTRAIN,B0_Full_Suite,LOW,0.1429,1.0,0.0031,0.0062,1.0,0.0,0.0,1.0,0.1
V3_HIDDEN_0218,HIDDEN_SEMANTIC,H8,POWERTRAIN,B1_Keyword,LOW,0.1429,1.0,0.0256,0.05,1.0,0.0,0.7,1.0,0.414
V3_HIDDEN_0218,HIDDEN_SEMANTIC,H8,POWERTRAIN,B2_Raw_Embedding,LOW,0.1429,0.0,0.0,0.0,1.0,0.0,0.8875,1.0,0.561
V3_HIDDEN_0218,HIDDEN_SEMANTIC,H8,POWERTRAIN,B3_Graph_Only,LOW,0.1429,0.0,0.0,0.0,0.0,1.0,0.9875,1.0,0.002
V3_HIDDEN_0218,HIDDEN_SEMANTIC,H8,POWERTRAIN,B4_Contextual_Embedding,LOW,0.1429,0.0,0.0,0.0,1.0,0.0,0.8625,1.0,0.706
V3_HIDDEN_0218,HIDDEN_SEMANTIC,H8,POWERTRAIN,B5_AURA_Hybrid,LOW,0.1429,0.0,0.0,0.0,1.0,0.0,0.8625,1.0,0.852
V3_HIDDEN_0219,HIDDEN_SEMANTIC,H9,ADAS,B0_Full_Suite,LOW,0.0952,1.0,0.0023,0.0045,1.0,0.0,0.0,1.0,0.1
V3_HIDDEN_0219,HIDDEN_SEMANTIC,H9,ADAS,B1_Keyword,LOW,0.0952,0.0,0.0,0.0,0.8,0.2,0.8941,1.0,0.426
V3_HIDDEN_0219,HIDDEN_SEMANTIC,H9,ADAS,B2_Raw_Embedding,LOW,0.0952,0.0,0.0,0.0,1.0,0.0,0.8824,1.0,0.622
V3_HIDDEN_0219,HIDDEN_SEMANTIC,H9,ADAS,B3_Graph_Only,LOW,0.0952,0.0,0.0,0.0,0.0,1.0,0.9882,1.0,0.002
V3_HIDDEN_0219,HIDDEN_SEMANTIC,H9,ADAS,B4_Contextual_Embedding,LOW,0.0952,0.0,0.0,0.0,1.0,0.0,0.8706,1.0,0.781
V3_HIDDEN_0219,HIDDEN_SEMANTIC,H9,ADAS,B5_AURA_Hybrid,LOW,0.0952,0.0,0.0,0.0,1.0,0.0,0.8706,1.0,0.815
V3_HIDDEN_0220,HIDDEN_SEMANTIC,H10,ADAS,B0_Full_Suite,LOW,0.0,1.0,0.0023,0.0045,1.0,0.0,0.0,1.0,0.1
V3_HIDDEN_0220,HIDDEN_SEMANTIC,H10,ADAS,B1_Keyword,LOW,0.0,0.0,0.0,0.0,0.7,0.3,0.3059,1.0,0.403
V3_HIDDEN_0220,HIDDEN_SEMANTIC,H10,ADAS,B2_Raw_Embedding,LOW,0.0,0.0,0.0,0.0,1.0,0.0,0.8824,1.0,0.554
V3_HIDDEN_0220,HIDDEN_SEMANTIC,H10,ADAS,B3_Graph_Only,LOW,0.0,0.0,0.0,0.0,0.0,1.0,0.9882,1.0,0.002
V3_HIDDEN_0220,HIDDEN_SEMANTIC,H10,ADAS,B4_Contextual_Embedding,LOW,0.0,0.0,0.0,0.0,1.0,0.0,0.8706,1.0,0.757
V3_HIDDEN_0220,HIDDEN_SEMANTIC,H10,ADAS,B5_AURA_Hybrid,LOW,0.0,0.0,0.0,0.0,1.0,0.0,0.8706,1.0,0.791
V3_HIDDEN_0221,HIDDEN_SEMANTIC,H1,ADAS,B0_Full_Suite,LOW,0.0,1.0,0.0023,0.0045,1.0,0.0,0.0,1.0,0.1
V3_HIDDEN_0221,HIDDEN_SEMANTIC,H1,ADAS,B1_Keyword,LOW,0.0,0.0,0.0,0.0,0.0,1.0,0.9882,1.0,0.384
V3_HIDDEN_0221,HIDDEN_SEMANTIC,H1,ADAS,B2_Raw_Embedding,LOW,0.0,0.0,0.0,0.0,1.0,0.0,0.8706,1.0,0.698
V3_HIDDEN_0221,HIDDEN_SEMANTIC,H1,ADAS,B3_Graph_Only,LOW,0.0,0.0,0.0,0.0,0.0,1.0,0.9882,1.0,0.002
V3_HIDDEN_0221,HIDDEN_SEMANTIC,H1,ADAS,B4_Contextual_Embedding,LOW,0.0,0.0,0.0,0.0,1.0,0.0,0.8706,1.0,0.863
V3_HIDDEN_0221,HIDDEN_SEMANTIC,H1,ADAS,B5_AURA_Hybrid,LOW,0.0,0.0,0.0,0.0,1.0,0.0,0.8706,1.0,0.905
V3_HIDDEN_0222,HIDDEN_SEMANTIC,H2,POWERTRAIN,B0_Full_Suite,LOW,0.0909,1.0,0.0031,0.0062,1.0,0.0,0.0,1.0,0.1
V3_HIDDEN_0222,HIDDEN_SEMANTIC,H2,POWERTRAIN,B1_Keyword,LOW,0.0909,1.0,0.05,0.0952,1.0,0.0,0.8375,1.0,0.436
V3_HIDDEN_0222,HIDDEN_SEMANTIC,H2,POWERTRAIN,B2_Raw_Embedding,LOW,0.0909,1.0,0.1,0.1818,0.9,0.1,0.875,1.0,0.659
V3_HIDDEN_0222,HIDDEN_SEMANTIC,H2,POWERTRAIN,B3_Graph_Only,LOW,0.0909,0.0,0.0,0.0,0.0,1.0,0.9875,1.0,0.002
V3_HIDDEN_0222,HIDDEN_SEMANTIC,H2,POWERTRAIN,B4_Contextual_Embedding,LOW,0.0909,1.0,0.1,0.1818,0.9,0.1,0.875,1.0,0.807
V3_HIDDEN_0222,HIDDEN_SEMANTIC,H2,POWERTRAIN,B5_AURA_Hybrid,LOW,0.0909,1.0,0.1,0.1818,0.9,0.1,0.875,1.0,0.852
V3_HIDDEN_0223,HIDDEN_SEMANTIC,H3,ADAS,B0_Full_Suite,LOW,0.0476,1.0,0.0023,0.0045,1.0,0.0,0.0,1.0,0.1
V3_HIDDEN_0223,HIDDEN_SEMANTIC,H3,ADAS,B1_Keyword,LOW,0.0476,0.0,0.0,0.0,0.0,1.0,0.9882,1.0,0.385
V3_HIDDEN_0223,HIDDEN_SEMANTIC,H3,ADAS,B2_Raw_Embedding,LOW,0.0476,1.0,0.1,0.1818,0.9,0.1,0.8824,1.0,0.622
V3_HIDDEN_0223,HIDDEN_SEMANTIC,H3,ADAS,B3_Graph_Only,LOW,0.0476,0.0,0.0,0.0,0.0,1.0,0.9882,1.0,0.002
V3_HIDDEN_0223,HIDDEN_SEMANTIC,H3,ADAS,B4_Contextual_Embedding,LOW,0.0476,1.0,0.1,0.1818,0.9,0.1,0.8824,1.0,0.793
V3_HIDDEN_0223,HIDDEN_SEMANTIC,H3,ADAS,B5_AURA_Hybrid,LOW,0.0476,1.0,0.1,0.1818,0.9,0.1,0.8824,1.0,0.843
V3_HIDDEN_0224,HIDDEN_SEMANTIC,H4,ADAS,B0_Full_Suite,LOW,0.1,1.0,0.0023,0.0045,1.0,0.0,0.0,1.0,0.1
V3_HIDDEN_0224,HIDDEN_SEMANTIC,H4,ADAS,B1_Keyword,LOW,0.1,0.0,0.0,0.0,0.0,1.0,0.9882,1.0,0.403
V3_HIDDEN_0224,HIDDEN_SEMANTIC,H4,ADAS,B2_Raw_Embedding,LOW,0.1,0.0,0.0,0.0,1.0,0.0,0.8706,1.0,0.608
V3_HIDDEN_0224,HIDDEN_SEMANTIC,H4,ADAS,B3_Graph_Only,LOW,0.1,0.0,0.0,0.0,0.0,1.0,0.9882,1.0,0.002
V3_HIDDEN_0224,HIDDEN_SEMANTIC,H4,ADAS,B4_Contextual_Embedding,LOW,0.1,1.0,0.1,0.1818,0.9,0.1,0.8824,1.0,0.818
V3_HIDDEN_0224,HIDDEN_SEMANTIC,H4,ADAS,B5_AURA_Hybrid,LOW,0.1,1.0,0.1,0.1818,0.9,0.1,0.8824,1.0,0.851
V3_HIDDEN_0225,HIDDEN_SEMANTIC,H5,BATTERY_EV,B0_Full_Suite,LOW,0.1429,1.0,0.0031,0.0062,1.0,0.0,0.0,1.0,0.1
V3_HIDDEN_0225,HIDDEN_SEMANTIC,H5,BATTERY_EV,B1_Keyword,LOW,0.1429,0.0,0.0,0.0,1.0,0.0,0.825,1.0,0.409
V3_HIDDEN_0225,HIDDEN_SEMANTIC,H5,BATTERY_EV,B2_Raw_Embedding,LOW,0.1429,0.0,0.0,0.0,1.0,0.0,0.8875,1.0,0.597
V3_HIDDEN_0225,HIDDEN_SEMANTIC,H5,BATTERY_EV,B3_Graph_Only,LOW,0.1429,0.0,0.0,0.0,0.0,1.0,0.9875,1.0,0.002
V3_HIDDEN_0225,HIDDEN_SEMANTIC,H5,BATTERY_EV,B4_Contextual_Embedding,LOW,0.1429,0.0,0.0,0.0,1.0,0.0,0.8625,1.0,0.719
V3_HIDDEN_0225,HIDDEN_SEMANTIC,H5,BATTERY_EV,B5_AURA_Hybrid,LOW,0.1429,0.0,0.0,0.0,1.0,0.0,0.8625,1.0,0.781
V3_HIDDEN_0226,HIDDEN_SEMANTIC,H6,BODY_ELECTRONICS,B0_Full_Suite,LOW,0.0588,1.0,0.0063,0.0126,1.0,0.0,0.0,1.0,0.1
V3_HIDDEN_0226,HIDDEN_SEMANTIC,H6,BODY_ELECTRONICS,B1_Keyword,LOW,0.0588,0.0,0.0,0.0,0.8,0.2,0.8125,1.0,0.351
V3_HIDDEN_0226,HIDDEN_SEMANTIC,H6,BODY_ELECTRONICS,B2_Raw_Embedding,LOW,0.0588,0.0,0.0,0.0,1.0,0.0,0.7708,1.0,0.468
V3_HIDDEN_0226,HIDDEN_SEMANTIC,H6,BODY_ELECTRONICS,B3_Graph_Only,LOW,0.0588,0.0,0.0,0.0,0.0,1.0,0.9792,1.0,0.002
V3_HIDDEN_0226,HIDDEN_SEMANTIC,H6,BODY_ELECTRONICS,B4_Contextual_Embedding,LOW,0.0588,0.0,0.0,0.0,1.0,0.0,0.7917,1.0,0.61
V3_HIDDEN_0226,HIDDEN_SEMANTIC,H6,BODY_ELECTRONICS,B5_AURA_Hybrid,LOW,0.0588,0.0,0.0,0.0,1.0,0.0,0.7917,1.0,0.655
V3_HIDDEN_0227,HIDDEN_SEMANTIC,H7,BATTERY_EV,B0_Full_Suite,MEDIUM,0.25,1.0,0.0031,0.0062,1.0,0.0,0.0,1.0,0.1
V3_HIDDEN_0227,HIDDEN_SEMANTIC,H7,BATTERY_EV,B1_Keyword,MEDIUM,0.25,1.0,0.0435,0.0833,1.0,0.0,0.825,1.0,0.394
V3_HIDDEN_0227,HIDDEN_SEMANTIC,H7,BATTERY_EV,B2_Raw_Embedding,MEDIUM,0.25,0.0,0.0,0.0,1.0,0.0,0.8875,1.0,0.535
V3_HIDDEN_0227,HIDDEN_SEMANTIC,H7,BATTERY_EV,B3_Graph_Only,MEDIUM,0.25,0.0,0.0,0.0,0.0,1.0,0.9875,1.0,0.002
V3_HIDDEN_0227,HIDDEN_SEMANTIC,H7,BATTERY_EV,B4_Contextual_Embedding,MEDIUM,0.25,1.0,0.1,0.1818,0.9,0.1,0.875,1.0,0.692
V3_HIDDEN_0227,HIDDEN_SEMANTIC,H7,BATTERY_EV,B5_AURA_Hybrid,MEDIUM,0.25,1.0,0.1,0.1818,0.9,0.1,0.875,1.0,0.779
V3_HIDDEN_0228,HIDDEN_SEMANTIC,H8,POWERTRAIN,B0_Full_Suite,LOW,0.1429,1.0,0.0031,0.0062,1.0,0.0,0.0,1.0,0.1
V3_HIDDEN_0228,HIDDEN_SEMANTIC,H8,POWERTRAIN,B1_Keyword,LOW,0.1429,1.0,0.0256,0.05,1.0,0.0,0.7,1.0,0.408
V3_HIDDEN_0228,HIDDEN_SEMANTIC,H8,POWERTRAIN,B2_Raw_Embedding,LOW,0.1429,0.0,0.0,0.0,1.0,0.0,0.8875,1.0,0.657
V3_HIDDEN_0228,HIDDEN_SEMANTIC,H8,POWERTRAIN,B3_Graph_Only,LOW,0.1429,0.0,0.0,0.0,0.0,1.0,0.9875,1.0,0.003
V3_HIDDEN_0228,HIDDEN_SEMANTIC,H8,POWERTRAIN,B4_Contextual_Embedding,LOW,0.1429,1.0,0.1,0.1818,0.9,0.1,0.875,1.0,0.726
V3_HIDDEN_0228,HIDDEN_SEMANTIC,H8,POWERTRAIN,B5_AURA_Hybrid,LOW,0.1429,1.0,0.1,0.1818,0.9,0.1,0.875,1.0,0.765
V3_HIDDEN_0229,HIDDEN_SEMANTIC,H9,ADAS,B0_Full_Suite,LOW,0.0952,1.0,0.0023,0.0045,1.0,0.0,0.0,1.0,0.1
V3_HIDDEN_0229,HIDDEN_SEMANTIC,H9,ADAS,B1_Keyword,LOW,0.0952,0.0,0.0,0.0,0.8,0.2,0.8941,1.0,0.418
V3_HIDDEN_0229,HIDDEN_SEMANTIC,H9,ADAS,B2_Raw_Embedding,LOW,0.0952,0.0,0.0,0.0,1.0,0.0,0.8824,1.0,0.663
V3_HIDDEN_0229,HIDDEN_SEMANTIC,H9,ADAS,B3_Graph_Only,LOW,0.0952,0.0,0.0,0.0,0.0,1.0,0.9882,1.0,0.002
V3_HIDDEN_0229,HIDDEN_SEMANTIC,H9,ADAS,B4_Contextual_Embedding,LOW,0.0952,0.0,0.0,0.0,1.0,0.0,0.8706,1.0,0.821
V3_HIDDEN_0229,HIDDEN_SEMANTIC,H9,ADAS,B5_AURA_Hybrid,LOW,0.0952,0.0,0.0,0.0,1.0,0.0,0.8706,1.0,0.832
V3_HIDDEN_0230,HIDDEN_SEMANTIC,H10,ADAS,B0_Full_Suite,LOW,0.0,1.0,0.0023,0.0045,1.0,0.0,0.0,1.0,0.1
V3_HIDDEN_0230,HIDDEN_SEMANTIC,H10,ADAS,B1_Keyword,LOW,0.0,0.0,0.0,0.0,0.7,0.3,0.3059,1.0,0.401
V3_HIDDEN_0230,HIDDEN_SEMANTIC,H10,ADAS,B2_Raw_Embedding,LOW,0.0,0.0,0.0,0.0,1.0,0.0,0.8824,1.0,0.55
V3_HIDDEN_0230,HIDDEN_SEMANTIC,H10,ADAS,B3_Graph_Only,LOW,0.0,0.0,0.0,0.0,0.0,1.0,0.9882,1.0,0.002
V3_HIDDEN_0230,HIDDEN_SEMANTIC,H10,ADAS,B4_Contextual_Embedding,LOW,0.0,0.0,0.0,0.0,1.0,0.0,0.8706,1.0,0.728
V3_HIDDEN_0230,HIDDEN_SEMANTIC,H10,ADAS,B5_AURA_Hybrid,LOW,0.0,0.0,0.0,0.0,1.0,0.0,0.8706,1.0,0.792
V3_HIDDEN_0231,HIDDEN_SEMANTIC,H1,ADAS,B0_Full_Suite,LOW,0.0,1.0,0.0023,0.0045,1.0,0.0,0.0,1.0,0.1
V3_HIDDEN_0231,HIDDEN_SEMANTIC,H1,ADAS,B1_Keyword,LOW,0.0,0.0,0.0,0.0,0.0,1.0,0.9882,1.0,0.419
V3_HIDDEN_0231,HIDDEN_SEMANTIC,H1,ADAS,B2_Raw_Embedding,LOW,0.0,0.0,0.0,0.0,1.0,0.0,0.8706,1.0,0.701
V3_HIDDEN_0231,HIDDEN_SEMANTIC,H1,ADAS,B3_Graph_Only,LOW,0.0,0.0,0.0,0.0,0.0,1.0,0.9882,1.0,0.002
V3_HIDDEN_0231,HIDDEN_SEMANTIC,H1,ADAS,B4_Contextual_Embedding,LOW,0.0,0.0,0.0,0.0,1.0,0.0,0.8706,1.0,0.863
V3_HIDDEN_0231,HIDDEN_SEMANTIC,H1,ADAS,B5_AURA_Hybrid,LOW,0.0,0.0,0.0,0.0,1.0,0.0,0.8706,1.0,0.904
V3_HIDDEN_0232,HIDDEN_SEMANTIC,H2,POWERTRAIN,B0_Full_Suite,LOW,0.0909,1.0,0.0031,0.0062,1.0,0.0,0.0,1.0,0.1
V3_HIDDEN_0232,HIDDEN_SEMANTIC,H2,POWERTRAIN,B1_Keyword,LOW,0.0909,1.0,0.0526,0.1,1.0,0.0,0.85,1.0,0.415
V3_HIDDEN_0232,HIDDEN_SEMANTIC,H2,POWERTRAIN,B2_Raw_Embedding,LOW,0.0909,1.0,0.1,0.1818,0.9,0.1,0.875,1.0,0.636
V3_HIDDEN_0232,HIDDEN_SEMANTIC,H2,POWERTRAIN,B3_Graph_Only,LOW,0.0909,0.0,0.0,0.0,0.0,1.0,0.9875,1.0,0.002
V3_HIDDEN_0232,HIDDEN_SEMANTIC,H2,POWERTRAIN,B4_Contextual_Embedding,LOW,0.0909,1.0,0.1,0.1818,0.9,0.1,0.875,1.0,0.777
V3_HIDDEN_0232,HIDDEN_SEMANTIC,H2,POWERTRAIN,B5_AURA_Hybrid,LOW,0.0909,1.0,0.1,0.1818,0.9,0.1,0.875,1.0,0.838
V3_HIDDEN_0233,HIDDEN_SEMANTIC,H3,ADAS,B0_Full_Suite,LOW,0.0476,1.0,0.0023,0.0045,1.0,0.0,0.0,1.0,0.1
V3_HIDDEN_0233,HIDDEN_SEMANTIC,H3,ADAS,B1_Keyword,LOW,0.0476,0.0,0.0,0.0,0.0,1.0,0.9882,1.0,0.382
V3_HIDDEN_0233,HIDDEN_SEMANTIC,H3,ADAS,B2_Raw_Embedding,LOW,0.0476,1.0,0.1,0.1818,0.9,0.1,0.8824,1.0,0.617
V3_HIDDEN_0233,HIDDEN_SEMANTIC,H3,ADAS,B3_Graph_Only,LOW,0.0476,0.0,0.0,0.0,0.0,1.0,0.9882,1.0,0.002
V3_HIDDEN_0233,HIDDEN_SEMANTIC,H3,ADAS,B4_Contextual_Embedding,LOW,0.0476,1.0,0.1,0.1818,0.9,0.1,0.8824,1.0,0.794
V3_HIDDEN_0233,HIDDEN_SEMANTIC,H3,ADAS,B5_AURA_Hybrid,LOW,0.0476,1.0,0.1,0.1818,0.9,0.1,0.8824,1.0,0.835
V3_HIDDEN_0234,HIDDEN_SEMANTIC,H4,ADAS,B0_Full_Suite,LOW,0.1,1.0,0.0023,0.0045,1.0,0.0,0.0,1.0,0.1
V3_HIDDEN_0234,HIDDEN_SEMANTIC,H4,ADAS,B1_Keyword,LOW,0.1,0.0,0.0,0.0,0.0,1.0,0.9882,1.0,0.43
V3_HIDDEN_0234,HIDDEN_SEMANTIC,H4,ADAS,B2_Raw_Embedding,LOW,0.1,0.0,0.0,0.0,1.0,0.0,0.8706,1.0,0.636
V3_HIDDEN_0234,HIDDEN_SEMANTIC,H4,ADAS,B3_Graph_Only,LOW,0.1,0.0,0.0,0.0,0.0,1.0,0.9882,1.0,0.002
V3_HIDDEN_0234,HIDDEN_SEMANTIC,H4,ADAS,B4_Contextual_Embedding,LOW,0.1,1.0,0.1,0.1818,0.9,0.1,0.8824,1.0,0.79
V3_HIDDEN_0234,HIDDEN_SEMANTIC,H4,ADAS,B5_AURA_Hybrid,LOW,0.1,1.0,0.1,0.1818,0.9,0.1,0.8824,1.0,0.861
V3_HIDDEN_0235,HIDDEN_SEMANTIC,H5,BATTERY_EV,B0_Full_Suite,LOW,0.1429,1.0,0.0031,0.0062,1.0,0.0,0.0,1.0,0.1
V3_HIDDEN_0235,HIDDEN_SEMANTIC,H5,BATTERY_EV,B1_Keyword,LOW,0.1429,0.0,0.0,0.0,1.0,0.0,0.825,1.0,0.414
V3_HIDDEN_0235,HIDDEN_SEMANTIC,H5,BATTERY_EV,B2_Raw_Embedding,LOW,0.1429,0.0,0.0,0.0,1.0,0.0,0.9,1.0,0.611
V3_HIDDEN_0235,HIDDEN_SEMANTIC,H5,BATTERY_EV,B3_Graph_Only,LOW,0.1429,0.0,0.0,0.0,0.0,1.0,0.9875,1.0,0.002
V3_HIDDEN_0235,HIDDEN_SEMANTIC,H5,BATTERY_EV,B4_Contextual_Embedding,LOW,0.1429,0.0,0.0,0.0,1.0,0.0,0.8625,1.0,0.745
V3_HIDDEN_0235,HIDDEN_SEMANTIC,H5,BATTERY_EV,B5_AURA_Hybrid,LOW,0.1429,0.0,0.0,0.0,1.0,0.0,0.8625,1.0,0.774
V3_HIDDEN_0236,HIDDEN_SEMANTIC,H6,BODY_ELECTRONICS,B0_Full_Suite,LOW,0.0588,1.0,0.0063,0.0126,1.0,0.0,0.0,1.0,0.1
V3_HIDDEN_0236,HIDDEN_SEMANTIC,H6,BODY_ELECTRONICS,B1_Keyword,LOW,0.0588,0.0,0.0,0.0,0.8,0.2,0.8125,1.0,0.381
V3_HIDDEN_0236,HIDDEN_SEMANTIC,H6,BODY_ELECTRONICS,B2_Raw_Embedding,LOW,0.0588,0.0,0.0,0.0,1.0,0.0,0.7708,1.0,0.449
V3_HIDDEN_0236,HIDDEN_SEMANTIC,H6,BODY_ELECTRONICS,B3_Graph_Only,LOW,0.0588,0.0,0.0,0.0,0.0,1.0,0.9792,1.0,0.002
V3_HIDDEN_0236,HIDDEN_SEMANTIC,H6,BODY_ELECTRONICS,B4_Contextual_Embedding,LOW,0.0588,0.0,0.0,0.0,1.0,0.0,0.7917,1.0,0.6
V3_HIDDEN_0236,HIDDEN_SEMANTIC,H6,BODY_ELECTRONICS,B5_AURA_Hybrid,LOW,0.0588,0.0,0.0,0.0,1.0,0.0,0.7917,1.0,0.662
V3_HIDDEN_0237,HIDDEN_SEMANTIC,H7,BATTERY_EV,B0_Full_Suite,MEDIUM,0.25,1.0,0.0031,0.0062,1.0,0.0,0.0,1.0,0.1
V3_HIDDEN_0237,HIDDEN_SEMANTIC,H7,BATTERY_EV,B1_Keyword,MEDIUM,0.25,1.0,0.0303,0.0588,1.0,0.0,0.7125,1.0,0.403
V3_HIDDEN_0237,HIDDEN_SEMANTIC,H7,BATTERY_EV,B2_Raw_Embedding,MEDIUM,0.25,0.0,0.0,0.0,1.0,0.0,0.8875,1.0,0.576
V3_HIDDEN_0237,HIDDEN_SEMANTIC,H7,BATTERY_EV,B3_Graph_Only,MEDIUM,0.25,0.0,0.0,0.0,0.0,1.0,0.9875,1.0,0.002
V3_HIDDEN_0237,HIDDEN_SEMANTIC,H7,BATTERY_EV,B4_Contextual_Embedding,MEDIUM,0.25,1.0,0.1,0.1818,0.9,0.1,0.875,1.0,0.714
V3_HIDDEN_0237,HIDDEN_SEMANTIC,H7,BATTERY_EV,B5_AURA_Hybrid,MEDIUM,0.25,1.0,0.1,0.1818,0.9,0.1,0.875,1.0,0.741
V3_HIDDEN_0238,HIDDEN_SEMANTIC,H8,POWERTRAIN,B0_Full_Suite,LOW,0.1429,1.0,0.0031,0.0062,1.0,0.0,0.0,1.0,0.1
V3_HIDDEN_0238,HIDDEN_SEMANTIC,H8,POWERTRAIN,B1_Keyword,LOW,0.1429,1.0,0.0256,0.05,1.0,0.0,0.7,1.0,0.47
V3_HIDDEN_0238,HIDDEN_SEMANTIC,H8,POWERTRAIN,B2_Raw_Embedding,LOW,0.1429,0.0,0.0,0.0,1.0,0.0,0.8875,1.0,0.573
V3_HIDDEN_0238,HIDDEN_SEMANTIC,H8,POWERTRAIN,B3_Graph_Only,LOW,0.1429,0.0,0.0,0.0,0.0,1.0,0.9875,1.0,0.002
V3_HIDDEN_0238,HIDDEN_SEMANTIC,H8,POWERTRAIN,B4_Contextual_Embedding,LOW,0.1429,0.0,0.0,0.0,1.0,0.0,0.8625,1.0,0.738
V3_HIDDEN_0238,HIDDEN_SEMANTIC,H8,POWERTRAIN,B5_AURA_Hybrid,LOW,0.1429,0.0,0.0,0.0,1.0,0.0,0.8625,1.0,0.791
V3_HIDDEN_0239,HIDDEN_SEMANTIC,H9,ADAS,B0_Full_Suite,LOW,0.0952,1.0,0.0023,0.0045,1.0,0.0,0.0,1.0,0.1
V3_HIDDEN_0239,HIDDEN_SEMANTIC,H9,ADAS,B1_Keyword,LOW,0.0952,0.0,0.0,0.0,0.8,0.2,0.8941,1.0,0.409
V3_HIDDEN_0239,HIDDEN_SEMANTIC,H9,ADAS,B2_Raw_Embedding,LOW,0.0952,0.0,0.0,0.0,1.0,0.0,0.8824,1.0,0.595
V3_HIDDEN_0239,HIDDEN_SEMANTIC,H9,ADAS,B3_Graph_Only,LOW,0.0952,0.0,0.0,0.0,0.0,1.0,0.9882,1.0,0.002
V3_HIDDEN_0239,HIDDEN_SEMANTIC,H9,ADAS,B4_Contextual_Embedding,LOW,0.0952,0.0,0.0,0.0,1.0,0.0,0.8706,1.0,0.778
V3_HIDDEN_0239,HIDDEN_SEMANTIC,H9,ADAS,B5_AURA_Hybrid,LOW,0.0952,0.0,0.0,0.0,1.0,0.0,0.8706,1.0,0.805
V3_HIDDEN_0240,HIDDEN_SEMANTIC,H10,ADAS,B0_Full_Suite,LOW,0.0,1.0,0.0023,0.0045,1.0,0.0,0.0,1.0,0.1
V3_HIDDEN_0240,HIDDEN_SEMANTIC,H10,ADAS,B1_Keyword,LOW,0.0,0.0,0.0,0.0,0.7,0.3,0.3059,1.0,0.446
V3_HIDDEN_0240,HIDDEN_SEMANTIC,H10,ADAS,B2_Raw_Embedding,LOW,0.0,0.0,0.0,0.0,1.0,0.0,0.8824,1.0,0.573
V3_HIDDEN_0240,HIDDEN_SEMANTIC,H10,ADAS,B3_Graph_Only,LOW,0.0,0.0,0.0,0.0,0.0,1.0,0.9882,1.0,0.002
V3_HIDDEN_0240,HIDDEN_SEMANTIC,H10,ADAS,B4_Contextual_Embedding,LOW,0.0,0.0,0.0,0.0,1.0,0.0,0.8706,1.0,0.792
V3_HIDDEN_0240,HIDDEN_SEMANTIC,H10,ADAS,B5_AURA_Hybrid,LOW,0.0,0.0,0.0,0.0,1.0,0.0,0.8706,1.0,0.843
V3_HIDDEN_0241,HIDDEN_SEMANTIC,H1,ADAS,B0_Full_Suite,LOW,0.0,1.0,0.0023,0.0045,1.0,0.0,0.0,1.0,0.1
V3_HIDDEN_0241,HIDDEN_SEMANTIC,H1,ADAS,B1_Keyword,LOW,0.0,0.0,0.0,0.0,0.0,1.0,0.9882,1.0,0.425
V3_HIDDEN_0241,HIDDEN_SEMANTIC,H1,ADAS,B2_Raw_Embedding,LOW,0.0,0.0,0.0,0.0,1.0,0.0,0.8706,1.0,0.701
V3_HIDDEN_0241,HIDDEN_SEMANTIC,H1,ADAS,B3_Graph_Only,LOW,0.0,0.0,0.0,0.0,0.0,1.0,0.9882,1.0,0.002
V3_HIDDEN_0241,HIDDEN_SEMANTIC,H1,ADAS,B4_Contextual_Embedding,LOW,0.0,0.0,0.0,0.0,1.0,0.0,0.8706,1.0,0.87
V3_HIDDEN_0241,HIDDEN_SEMANTIC,H1,ADAS,B5_AURA_Hybrid,LOW,0.0,0.0,0.0,0.0,1.0,0.0,0.8706,1.0,0.918
V3_HIDDEN_0242,HIDDEN_SEMANTIC,H2,POWERTRAIN,B0_Full_Suite,LOW,0.0909,1.0,0.0031,0.0062,1.0,0.0,0.0,1.0,0.1
V3_HIDDEN_0242,HIDDEN_SEMANTIC,H2,POWERTRAIN,B1_Keyword,LOW,0.0909,1.0,0.0526,0.1,1.0,0.0,0.85,1.0,0.426
V3_HIDDEN_0242,HIDDEN_SEMANTIC,H2,POWERTRAIN,B2_Raw_Embedding,LOW,0.0909,1.0,0.1,0.1818,0.9,0.1,0.875,1.0,0.658
V3_HIDDEN_0242,HIDDEN_SEMANTIC,H2,POWERTRAIN,B3_Graph_Only,LOW,0.0909,0.0,0.0,0.0,0.0,1.0,0.9875,1.0,0.002
V3_HIDDEN_0242,HIDDEN_SEMANTIC,H2,POWERTRAIN,B4_Contextual_Embedding,LOW,0.0909,1.0,0.1,0.1818,0.9,0.1,0.875,1.0,0.777
V3_HIDDEN_0242,HIDDEN_SEMANTIC,H2,POWERTRAIN,B5_AURA_Hybrid,LOW,0.0909,1.0,0.1,0.1818,0.9,0.1,0.875,1.0,0.827
V3_HIDDEN_0243,HIDDEN_SEMANTIC,H3,ADAS,B0_Full_Suite,LOW,0.0476,1.0,0.0023,0.0045,1.0,0.0,0.0,1.0,0.1
V3_HIDDEN_0243,HIDDEN_SEMANTIC,H3,ADAS,B1_Keyword,LOW,0.0476,0.0,0.0,0.0,0.0,1.0,0.9882,1.0,0.378
V3_HIDDEN_0243,HIDDEN_SEMANTIC,H3,ADAS,B2_Raw_Embedding,LOW,0.0476,1.0,0.1,0.1818,0.9,0.1,0.8824,1.0,0.599
V3_HIDDEN_0243,HIDDEN_SEMANTIC,H3,ADAS,B3_Graph_Only,LOW,0.0476,0.0,0.0,0.0,0.0,1.0,0.9882,1.0,0.002
V3_HIDDEN_0243,HIDDEN_SEMANTIC,H3,ADAS,B4_Contextual_Embedding,LOW,0.0476,1.0,0.1,0.1818,0.9,0.1,0.8824,1.0,0.769
V3_HIDDEN_0243,HIDDEN_SEMANTIC,H3,ADAS,B5_AURA_Hybrid,LOW,0.0476,1.0,0.1,0.1818,0.9,0.1,0.8824,1.0,0.838
V3_HIDDEN_0244,HIDDEN_SEMANTIC,H4,ADAS,B0_Full_Suite,LOW,0.1,1.0,0.0023,0.0045,1.0,0.0,0.0,1.0,0.1
V3_HIDDEN_0244,HIDDEN_SEMANTIC,H4,ADAS,B1_Keyword,LOW,0.1,0.0,0.0,0.0,0.0,1.0,0.9882,1.0,0.586
V3_HIDDEN_0244,HIDDEN_SEMANTIC,H4,ADAS,B2_Raw_Embedding,LOW,0.1,0.0,0.0,0.0,1.0,0.0,0.8706,1.0,0.626
V3_HIDDEN_0244,HIDDEN_SEMANTIC,H4,ADAS,B3_Graph_Only,LOW,0.1,0.0,0.0,0.0,0.0,1.0,0.9882,1.0,0.002
V3_HIDDEN_0244,HIDDEN_SEMANTIC,H4,ADAS,B4_Contextual_Embedding,LOW,0.1,1.0,0.1,0.1818,0.9,0.1,0.8824,1.0,0.793
V3_HIDDEN_0244,HIDDEN_SEMANTIC,H4,ADAS,B5_AURA_Hybrid,LOW,0.1,1.0,0.1,0.1818,0.9,0.1,0.8824,1.0,0.825
V3_HIDDEN_0245,HIDDEN_SEMANTIC,H5,BATTERY_EV,B0_Full_Suite,LOW,0.1429,1.0,0.0031,0.0062,1.0,0.0,0.0,1.0,0.1
V3_HIDDEN_0245,HIDDEN_SEMANTIC,H5,BATTERY_EV,B1_Keyword,LOW,0.1429,0.0,0.0,0.0,1.0,0.0,0.8125,1.0,0.424
V3_HIDDEN_0245,HIDDEN_SEMANTIC,H5,BATTERY_EV,B2_Raw_Embedding,LOW,0.1429,0.0,0.0,0.0,1.0,0.0,0.8875,1.0,0.59
V3_HIDDEN_0245,HIDDEN_SEMANTIC,H5,BATTERY_EV,B3_Graph_Only,LOW,0.1429,0.0,0.0,0.0,0.0,1.0,0.9875,1.0,0.002
V3_HIDDEN_0245,HIDDEN_SEMANTIC,H5,BATTERY_EV,B4_Contextual_Embedding,LOW,0.1429,0.0,0.0,0.0,1.0,0.0,0.8625,1.0,0.763
V3_HIDDEN_0245,HIDDEN_SEMANTIC,H5,BATTERY_EV,B5_AURA_Hybrid,LOW,0.1429,0.0,0.0,0.0,1.0,0.0,0.8625,1.0,0.782
V3_HIDDEN_0246,HIDDEN_SEMANTIC,H6,BODY_ELECTRONICS,B0_Full_Suite,LOW,0.0588,1.0,0.0063,0.0126,1.0,0.0,0.0,1.0,0.1
V3_HIDDEN_0246,HIDDEN_SEMANTIC,H6,BODY_ELECTRONICS,B1_Keyword,LOW,0.0588,0.0,0.0,0.0,0.8,0.2,0.8125,1.0,0.377
V3_HIDDEN_0246,HIDDEN_SEMANTIC,H6,BODY_ELECTRONICS,B2_Raw_Embedding,LOW,0.0588,0.0,0.0,0.0,1.0,0.0,0.7708,1.0,0.481
V3_HIDDEN_0246,HIDDEN_SEMANTIC,H6,BODY_ELECTRONICS,B3_Graph_Only,LOW,0.0588,0.0,0.0,0.0,0.0,1.0,0.9792,1.0,0.002
V3_HIDDEN_0246,HIDDEN_SEMANTIC,H6,BODY_ELECTRONICS,B4_Contextual_Embedding,LOW,0.0588,0.0,0.0,0.0,1.0,0.0,0.7917,1.0,0.597
V3_HIDDEN_0246,HIDDEN_SEMANTIC,H6,BODY_ELECTRONICS,B5_AURA_Hybrid,LOW,0.0588,0.0,0.0,0.0,1.0,0.0,0.7917,1.0,0.664
V3_HIDDEN_0247,HIDDEN_SEMANTIC,H7,BATTERY_EV,B0_Full_Suite,MEDIUM,0.25,1.0,0.0031,0.0062,1.0,0.0,0.0,1.0,0.1
V3_HIDDEN_0247,HIDDEN_SEMANTIC,H7,BATTERY_EV,B1_Keyword,MEDIUM,0.25,1.0,0.0435,0.0833,1.0,0.0,0.825,1.0,0.425
V3_HIDDEN_0247,HIDDEN_SEMANTIC,H7,BATTERY_EV,B2_Raw_Embedding,MEDIUM,0.25,0.0,0.0,0.0,1.0,0.0,0.8875,1.0,0.557
V3_HIDDEN_0247,HIDDEN_SEMANTIC,H7,BATTERY_EV,B3_Graph_Only,MEDIUM,0.25,0.0,0.0,0.0,0.0,1.0,0.9875,1.0,0.002
V3_HIDDEN_0247,HIDDEN_SEMANTIC,H7,BATTERY_EV,B4_Contextual_Embedding,MEDIUM,0.25,1.0,0.1,0.1818,0.9,0.1,0.875,1.0,0.701
V3_HIDDEN_0247,HIDDEN_SEMANTIC,H7,BATTERY_EV,B5_AURA_Hybrid,MEDIUM,0.25,1.0,0.1,0.1818,0.9,0.1,0.875,1.0,0.739
V3_HIDDEN_0248,HIDDEN_SEMANTIC,H8,POWERTRAIN,B0_Full_Suite,LOW,0.1429,1.0,0.0031,0.0062,1.0,0.0,0.0,1.0,0.1
V3_HIDDEN_0248,HIDDEN_SEMANTIC,H8,POWERTRAIN,B1_Keyword,LOW,0.1429,1.0,0.0256,0.05,1.0,0.0,0.7,1.0,0.424
V3_HIDDEN_0248,HIDDEN_SEMANTIC,H8,POWERTRAIN,B2_Raw_Embedding,LOW,0.1429,0.0,0.0,0.0,1.0,0.0,0.8875,1.0,0.586
V3_HIDDEN_0248,HIDDEN_SEMANTIC,H8,POWERTRAIN,B3_Graph_Only,LOW,0.1429,0.0,0.0,0.0,0.0,1.0,0.9875,1.0,0.003
V3_HIDDEN_0248,HIDDEN_SEMANTIC,H8,POWERTRAIN,B4_Contextual_Embedding,LOW,0.1429,0.0,0.0,0.0,1.0,0.0,0.8625,1.0,0.756
V3_HIDDEN_0248,HIDDEN_SEMANTIC,H8,POWERTRAIN,B5_AURA_Hybrid,LOW,0.1429,0.0,0.0,0.0,1.0,0.0,0.8625,1.0,0.792
V3_HIDDEN_0249,HIDDEN_SEMANTIC,H9,ADAS,B0_Full_Suite,LOW,0.0952,1.0,0.0023,0.0045,1.0,0.0,0.0,1.0,0.1
V3_HIDDEN_0249,HIDDEN_SEMANTIC,H9,ADAS,B1_Keyword,LOW,0.0952,0.0,0.0,0.0,0.8,0.2,0.8941,1.0,0.406
V3_HIDDEN_0249,HIDDEN_SEMANTIC,H9,ADAS,B2_Raw_Embedding,LOW,0.0952,0.0,0.0,0.0,1.0,0.0,0.8824,1.0,0.592
V3_HIDDEN_0249,HIDDEN_SEMANTIC,H9,ADAS,B3_Graph_Only,LOW,0.0952,0.0,0.0,0.0,0.0,1.0,0.9882,1.0,0.002
V3_HIDDEN_0249,HIDDEN_SEMANTIC,H9,ADAS,B4_Contextual_Embedding,LOW,0.0952,0.0,0.0,0.0,1.0,0.0,0.8706,1.0,0.786
V3_HIDDEN_0249,HIDDEN_SEMANTIC,H9,ADAS,B5_AURA_Hybrid,LOW,0.0952,0.0,0.0,0.0,1.0,0.0,0.8706,1.0,0.819
V3_HIDDEN_0250,HIDDEN_SEMANTIC,H10,ADAS,B0_Full_Suite,LOW,0.0,1.0,0.0023,0.0045,1.0,0.0,0.0,1.0,0.1
V3_HIDDEN_0250,HIDDEN_SEMANTIC,H10,ADAS,B1_Keyword,LOW,0.0,0.0,0.0,0.0,0.7,0.3,0.3059,1.0,0.397
V3_HIDDEN_0250,HIDDEN_SEMANTIC,H10,ADAS,B2_Raw_Embedding,LOW,0.0,0.0,0.0,0.0,1.0,0.0,0.8824,1.0,0.551
V3_HIDDEN_0250,HIDDEN_SEMANTIC,H10,ADAS,B3_Graph_Only,LOW,0.0,0.0,0.0,0.0,0.0,1.0,0.9882,1.0,0.002
V3_HIDDEN_0250,HIDDEN_SEMANTIC,H10,ADAS,B4_Contextual_Embedding,LOW,0.0,0.0,0.0,0.0,1.0,0.0,0.8706,1.0,0.72
V3_HIDDEN_0250,HIDDEN_SEMANTIC,H10,ADAS,B5_AURA_Hybrid,LOW,0.0,0.0,0.0,0.0,1.0,0.0,0.8706,1.0,0.764
V3_HIDDEN_0251,HIDDEN_SEMANTIC,H1,ADAS,B0_Full_Suite,LOW,0.0,1.0,0.0023,0.0045,1.0,0.0,0.0,1.0,0.1
V3_HIDDEN_0251,HIDDEN_SEMANTIC,H1,ADAS,B1_Keyword,LOW,0.0,0.0,0.0,0.0,0.0,1.0,0.9882,1.0,0.391
V3_HIDDEN_0251,HIDDEN_SEMANTIC,H1,ADAS,B2_Raw_Embedding,LOW,0.0,0.0,0.0,0.0,1.0,0.0,0.8706,1.0,0.679
V3_HIDDEN_0251,HIDDEN_SEMANTIC,H1,ADAS,B3_Graph_Only,LOW,0.0,0.0,0.0,0.0,0.0,1.0,0.9882,1.0,0.002
V3_HIDDEN_0251,HIDDEN_SEMANTIC,H1,ADAS,B4_Contextual_Embedding,LOW,0.0,0.0,0.0,0.0,1.0,0.0,0.8706,1.0,0.932
V3_HIDDEN_0251,HIDDEN_SEMANTIC,H1,ADAS,B5_AURA_Hybrid,LOW,0.0,0.0,0.0,0.0,1.0,0.0,0.8706,1.0,0.901
V3_HIDDEN_0252,HIDDEN_SEMANTIC,H2,POWERTRAIN,B0_Full_Suite,LOW,0.0909,1.0,0.0031,0.0062,1.0,0.0,0.0,1.0,0.1
V3_HIDDEN_0252,HIDDEN_SEMANTIC,H2,POWERTRAIN,B1_Keyword,LOW,0.0909,1.0,0.05,0.0952,1.0,0.0,0.8375,1.0,0.41
V3_HIDDEN_0252,HIDDEN_SEMANTIC,H2,POWERTRAIN,B2_Raw_Embedding,LOW,0.0909,1.0,0.1,0.1818,0.9,0.1,0.875,1.0,0.89
V3_HIDDEN_0252,HIDDEN_SEMANTIC,H2,POWERTRAIN,B3_Graph_Only,LOW,0.0909,0.0,0.0,0.0,0.0,1.0,0.9875,1.0,0.002
V3_HIDDEN_0252,HIDDEN_SEMANTIC,H2,POWERTRAIN,B4_Contextual_Embedding,LOW,0.0909,1.0,0.1,0.1818,0.9,0.1,0.875,1.0,0.772
V3_HIDDEN_0252,HIDDEN_SEMANTIC,H2,POWERTRAIN,B5_AURA_Hybrid,LOW,0.0909,1.0,0.1,0.1818,0.9,0.1,0.875,1.0,0.833
V3_HIDDEN_0253,HIDDEN_SEMANTIC,H3,ADAS,B0_Full_Suite,LOW,0.0476,1.0,0.0023,0.0045,1.0,0.0,0.0,1.0,0.1
V3_HIDDEN_0253,HIDDEN_SEMANTIC,H3,ADAS,B1_Keyword,LOW,0.0476,0.0,0.0,0.0,0.0,1.0,0.9882,1.0,0.417
V3_HIDDEN_0253,HIDDEN_SEMANTIC,H3,ADAS,B2_Raw_Embedding,LOW,0.0476,1.0,0.1,0.1818,0.9,0.1,0.8824,1.0,0.624
V3_HIDDEN_0253,HIDDEN_SEMANTIC,H3,ADAS,B3_Graph_Only,LOW,0.0476,0.0,0.0,0.0,0.0,1.0,0.9882,1.0,0.002
V3_HIDDEN_0253,HIDDEN_SEMANTIC,H3,ADAS,B4_Contextual_Embedding,LOW,0.0476,1.0,0.1,0.1818,0.9,0.1,0.8824,1.0,0.781
V3_HIDDEN_0253,HIDDEN_SEMANTIC,H3,ADAS,B5_AURA_Hybrid,LOW,0.0476,1.0,0.1,0.1818,0.9,0.1,0.8824,1.0,0.824
V3_HIDDEN_0254,HIDDEN_SEMANTIC,H4,ADAS,B0_Full_Suite,LOW,0.1,1.0,0.0023,0.0045,1.0,0.0,0.0,1.0,0.1
V3_HIDDEN_0254,HIDDEN_SEMANTIC,H4,ADAS,B1_Keyword,LOW,0.1,0.0,0.0,0.0,0.0,1.0,0.9882,1.0,0.374
V3_HIDDEN_0254,HIDDEN_SEMANTIC,H4,ADAS,B2_Raw_Embedding,LOW,0.1,0.0,0.0,0.0,1.0,0.0,0.8706,1.0,0.625
V3_HIDDEN_0254,HIDDEN_SEMANTIC,H4,ADAS,B3_Graph_Only,LOW,0.1,0.0,0.0,0.0,0.0,1.0,0.9882,1.0,0.002
V3_HIDDEN_0254,HIDDEN_SEMANTIC,H4,ADAS,B4_Contextual_Embedding,LOW,0.1,1.0,0.1,0.1818,0.9,0.1,0.8824,1.0,0.786
V3_HIDDEN_0254,HIDDEN_SEMANTIC,H4,ADAS,B5_AURA_Hybrid,LOW,0.1,1.0,0.1,0.1818,0.9,0.1,0.8824,1.0,0.816
V3_HIDDEN_0255,HIDDEN_SEMANTIC,H5,BATTERY_EV,B0_Full_Suite,LOW,0.1429,1.0,0.0031,0.0062,1.0,0.0,0.0,1.0,0.1
V3_HIDDEN_0255,HIDDEN_SEMANTIC,H5,BATTERY_EV,B1_Keyword,LOW,0.1429,0.0,0.0,0.0,1.0,0.0,0.825,1.0,0.417
V3_HIDDEN_0255,HIDDEN_SEMANTIC,H5,BATTERY_EV,B2_Raw_Embedding,LOW,0.1429,0.0,0.0,0.0,1.0,0.0,0.9,1.0,0.614
V3_HIDDEN_0255,HIDDEN_SEMANTIC,H5,BATTERY_EV,B3_Graph_Only,LOW,0.1429,0.0,0.0,0.0,0.0,1.0,0.9875,1.0,0.002
V3_HIDDEN_0255,HIDDEN_SEMANTIC,H5,BATTERY_EV,B4_Contextual_Embedding,LOW,0.1429,0.0,0.0,0.0,1.0,0.0,0.8625,1.0,0.751
V3_HIDDEN_0255,HIDDEN_SEMANTIC,H5,BATTERY_EV,B5_AURA_Hybrid,LOW,0.1429,0.0,0.0,0.0,1.0,0.0,0.8625,1.0,0.804
V3_HIDDEN_0256,HIDDEN_SEMANTIC,H6,BODY_ELECTRONICS,B0_Full_Suite,LOW,0.0588,1.0,0.0063,0.0126,1.0,0.0,0.0,1.0,0.1
V3_HIDDEN_0256,HIDDEN_SEMANTIC,H6,BODY_ELECTRONICS,B1_Keyword,LOW,0.0588,0.0,0.0,0.0,0.8,0.2,0.8125,1.0,0.371
V3_HIDDEN_0256,HIDDEN_SEMANTIC,H6,BODY_ELECTRONICS,B2_Raw_Embedding,LOW,0.0588,0.0,0.0,0.0,1.0,0.0,0.7708,1.0,0.464
V3_HIDDEN_0256,HIDDEN_SEMANTIC,H6,BODY_ELECTRONICS,B3_Graph_Only,LOW,0.0588,0.0,0.0,0.0,0.0,1.0,0.9792,1.0,0.002
V3_HIDDEN_0256,HIDDEN_SEMANTIC,H6,BODY_ELECTRONICS,B4_Contextual_Embedding,LOW,0.0588,0.0,0.0,0.0,1.0,0.0,0.7917,1.0,0.614
V3_HIDDEN_0256,HIDDEN_SEMANTIC,H6,BODY_ELECTRONICS,B5_AURA_Hybrid,LOW,0.0588,0.0,0.0,0.0,1.0,0.0,0.7917,1.0,0.651
V3_HIDDEN_0257,HIDDEN_SEMANTIC,H7,BATTERY_EV,B0_Full_Suite,MEDIUM,0.25,1.0,0.0031,0.0062,1.0,0.0,0.0,1.0,0.1
V3_HIDDEN_0257,HIDDEN_SEMANTIC,H7,BATTERY_EV,B1_Keyword,MEDIUM,0.25,1.0,0.0303,0.0588,1.0,0.0,0.725,1.0,0.403
V3_HIDDEN_0257,HIDDEN_SEMANTIC,H7,BATTERY_EV,B2_Raw_Embedding,MEDIUM,0.25,0.0,0.0,0.0,1.0,0.0,0.8875,1.0,0.542
V3_HIDDEN_0257,HIDDEN_SEMANTIC,H7,BATTERY_EV,B3_Graph_Only,MEDIUM,0.25,0.0,0.0,0.0,0.0,1.0,0.9875,1.0,0.002
V3_HIDDEN_0257,HIDDEN_SEMANTIC,H7,BATTERY_EV,B4_Contextual_Embedding,MEDIUM,0.25,1.0,0.1,0.1818,0.9,0.1,0.875,1.0,0.725
V3_HIDDEN_0257,HIDDEN_SEMANTIC,H7,BATTERY_EV,B5_AURA_Hybrid,MEDIUM,0.25,1.0,0.1,0.1818,0.9,0.1,0.875,1.0,0.754
V3_HIDDEN_0258,HIDDEN_SEMANTIC,H8,POWERTRAIN,B0_Full_Suite,LOW,0.1429,1.0,0.0031,0.0062,1.0,0.0,0.0,1.0,0.1
V3_HIDDEN_0258,HIDDEN_SEMANTIC,H8,POWERTRAIN,B1_Keyword,LOW,0.1429,1.0,0.0256,0.05,1.0,0.0,0.7,1.0,0.421
V3_HIDDEN_0258,HIDDEN_SEMANTIC,H8,POWERTRAIN,B2_Raw_Embedding,LOW,0.1429,0.0,0.0,0.0,1.0,0.0,0.8875,1.0,0.582
V3_HIDDEN_0258,HIDDEN_SEMANTIC,H8,POWERTRAIN,B3_Graph_Only,LOW,0.1429,0.0,0.0,0.0,0.0,1.0,0.9875,1.0,0.002
V3_HIDDEN_0258,HIDDEN_SEMANTIC,H8,POWERTRAIN,B4_Contextual_Embedding,LOW,0.1429,0.0,0.0,0.0,1.0,0.0,0.8625,1.0,0.943
V3_HIDDEN_0258,HIDDEN_SEMANTIC,H8,POWERTRAIN,B5_AURA_Hybrid,LOW,0.1429,0.0,0.0,0.0,1.0,0.0,0.8625,1.0,0.786
V3_HIDDEN_0259,HIDDEN_SEMANTIC,H9,ADAS,B0_Full_Suite,LOW,0.0952,1.0,0.0023,0.0045,1.0,0.0,0.0,1.0,0.1
V3_HIDDEN_0259,HIDDEN_SEMANTIC,H9,ADAS,B1_Keyword,LOW,0.0952,0.0,0.0,0.0,0.8,0.2,0.8941,1.0,0.418
V3_HIDDEN_0259,HIDDEN_SEMANTIC,H9,ADAS,B2_Raw_Embedding,LOW,0.0952,0.0,0.0,0.0,1.0,0.0,0.8824,1.0,0.649
V3_HIDDEN_0259,HIDDEN_SEMANTIC,H9,ADAS,B3_Graph_Only,LOW,0.0952,0.0,0.0,0.0,0.0,1.0,0.9882,1.0,0.002
V3_HIDDEN_0259,HIDDEN_SEMANTIC,H9,ADAS,B4_Contextual_Embedding,LOW,0.0952,0.0,0.0,0.0,1.0,0.0,0.8706,1.0,0.786
V3_HIDDEN_0259,HIDDEN_SEMANTIC,H9,ADAS,B5_AURA_Hybrid,LOW,0.0952,0.0,0.0,0.0,1.0,0.0,0.8706,1.0,0.805
V3_HIDDEN_0260,HIDDEN_SEMANTIC,H10,ADAS,B0_Full_Suite,LOW,0.0,1.0,0.0023,0.0045,1.0,0.0,0.0,1.0,0.1
V3_HIDDEN_0260,HIDDEN_SEMANTIC,H10,ADAS,B1_Keyword,LOW,0.0,0.0,0.0,0.0,0.7,0.3,0.3059,1.0,0.395
V3_HIDDEN_0260,HIDDEN_SEMANTIC,H10,ADAS,B2_Raw_Embedding,LOW,0.0,0.0,0.0,0.0,1.0,0.0,0.8824,1.0,0.547
V3_HIDDEN_0260,HIDDEN_SEMANTIC,H10,ADAS,B3_Graph_Only,LOW,0.0,0.0,0.0,0.0,0.0,1.0,0.9882,1.0,0.002
V3_HIDDEN_0260,HIDDEN_SEMANTIC,H10,ADAS,B4_Contextual_Embedding,LOW,0.0,0.0,0.0,0.0,1.0,0.0,0.8706,1.0,0.729
V3_HIDDEN_0260,HIDDEN_SEMANTIC,H10,ADAS,B5_AURA_Hybrid,LOW,0.0,0.0,0.0,0.0,1.0,0.0,0.8706,1.0,0.798
V3_HIDDEN_0261,HIDDEN_SEMANTIC,H1,ADAS,B0_Full_Suite,LOW,0.0,1.0,0.0023,0.0045,1.0,0.0,0.0,1.0,0.1
V3_HIDDEN_0261,HIDDEN_SEMANTIC,H1,ADAS,B1_Keyword,LOW,0.0,0.0,0.0,0.0,0.09999999999999998,0.9,0.9765,1.0,0.387
V3_HIDDEN_0261,HIDDEN_SEMANTIC,H1,ADAS,B2_Raw_Embedding,LOW,0.0,0.0,0.0,0.0,1.0,0.0,0.8706,1.0,0.67
V3_HIDDEN_0261,HIDDEN_SEMANTIC,H1,ADAS,B3_Graph_Only,LOW,0.0,0.0,0.0,0.0,0.0,1.0,0.9882,1.0,0.002
V3_HIDDEN_0261,HIDDEN_SEMANTIC,H1,ADAS,B4_Contextual_Embedding,LOW,0.0,0.0,0.0,0.0,1.0,0.0,0.8706,1.0,0.837
V3_HIDDEN_0261,HIDDEN_SEMANTIC,H1,ADAS,B5_AURA_Hybrid,LOW,0.0,0.0,0.0,0.0,1.0,0.0,0.8706,1.0,0.926
V3_HIDDEN_0262,HIDDEN_SEMANTIC,H2,POWERTRAIN,B0_Full_Suite,LOW,0.0909,1.0,0.0031,0.0062,1.0,0.0,0.0,1.0,0.1
V3_HIDDEN_0262,HIDDEN_SEMANTIC,H2,POWERTRAIN,B1_Keyword,LOW,0.0909,1.0,0.05,0.0952,1.0,0.0,0.8375,1.0,0.418
V3_HIDDEN_0262,HIDDEN_SEMANTIC,H2,POWERTRAIN,B2_Raw_Embedding,LOW,0.0909,1.0,0.1,0.1818,0.9,0.1,0.875,1.0,0.705
V3_HIDDEN_0262,HIDDEN_SEMANTIC,H2,POWERTRAIN,B3_Graph_Only,LOW,0.0909,0.0,0.0,0.0,0.0,1.0,0.9875,1.0,0.002
V3_HIDDEN_0262,HIDDEN_SEMANTIC,H2,POWERTRAIN,B4_Contextual_Embedding,LOW,0.0909,1.0,0.1,0.1818,0.9,0.1,0.875,1.0,0.791
V3_HIDDEN_0262,HIDDEN_SEMANTIC,H2,POWERTRAIN,B5_AURA_Hybrid,LOW,0.0909,1.0,0.1,0.1818,0.9,0.1,0.875,1.0,0.833
V3_HIDDEN_0263,HIDDEN_SEMANTIC,H3,ADAS,B0_Full_Suite,LOW,0.0476,1.0,0.0023,0.0045,1.0,0.0,0.0,1.0,0.1
V3_HIDDEN_0263,HIDDEN_SEMANTIC,H3,ADAS,B1_Keyword,LOW,0.0476,0.0,0.0,0.0,0.0,1.0,0.9882,1.0,0.4
V3_HIDDEN_0263,HIDDEN_SEMANTIC,H3,ADAS,B2_Raw_Embedding,LOW,0.0476,1.0,0.1,0.1818,0.9,0.1,0.8824,1.0,0.627
V3_HIDDEN_0263,HIDDEN_SEMANTIC,H3,ADAS,B3_Graph_Only,LOW,0.0476,0.0,0.0,0.0,0.0,1.0,0.9882,1.0,0.002
V3_HIDDEN_0263,HIDDEN_SEMANTIC,H3,ADAS,B4_Contextual_Embedding,LOW,0.0476,1.0,0.1,0.1818,0.9,0.1,0.8824,1.0,1.043
V3_HIDDEN_0263,HIDDEN_SEMANTIC,H3,ADAS,B5_AURA_Hybrid,LOW,0.0476,1.0,0.1,0.1818,0.9,0.1,0.8824,1.0,0.958
V3_HIDDEN_0264,HIDDEN_SEMANTIC,H4,ADAS,B0_Full_Suite,LOW,0.1,1.0,0.0023,0.0045,1.0,0.0,0.0,1.0,0.1
V3_HIDDEN_0264,HIDDEN_SEMANTIC,H4,ADAS,B1_Keyword,LOW,0.1,0.0,0.0,0.0,0.09999999999999998,0.9,0.9765,1.0,0.48
V3_HIDDEN_0264,HIDDEN_SEMANTIC,H4,ADAS,B2_Raw_Embedding,LOW,0.1,0.0,0.0,0.0,1.0,0.0,0.8706,1.0,0.647
V3_HIDDEN_0264,HIDDEN_SEMANTIC,H4,ADAS,B3_Graph_Only,LOW,0.1,0.0,0.0,0.0,0.0,1.0,0.9882,1.0,0.002
V3_HIDDEN_0264,HIDDEN_SEMANTIC,H4,ADAS,B4_Contextual_Embedding,LOW,0.1,1.0,0.1,0.1818,0.9,0.1,0.8824,1.0,0.778
V3_HIDDEN_0264,HIDDEN_SEMANTIC,H4,ADAS,B5_AURA_Hybrid,LOW,0.1,1.0,0.1,0.1818,0.9,0.1,0.8824,1.0,0.983
V3_HIDDEN_0265,HIDDEN_SEMANTIC,H5,BATTERY_EV,B0_Full_Suite,LOW,0.1429,1.0,0.0031,0.0062,1.0,0.0,0.0,1.0,0.1
V3_HIDDEN_0265,HIDDEN_SEMANTIC,H5,BATTERY_EV,B1_Keyword,LOW,0.1429,0.0,0.0,0.0,1.0,0.0,0.825,1.0,0.43
V3_HIDDEN_0265,HIDDEN_SEMANTIC,H5,BATTERY_EV,B2_Raw_Embedding,LOW,0.1429,0.0,0.0,0.0,1.0,0.0,0.8875,1.0,0.639
V3_HIDDEN_0265,HIDDEN_SEMANTIC,H5,BATTERY_EV,B3_Graph_Only,LOW,0.1429,0.0,0.0,0.0,0.0,1.0,0.9875,1.0,0.003
V3_HIDDEN_0265,HIDDEN_SEMANTIC,H5,BATTERY_EV,B4_Contextual_Embedding,LOW,0.1429,0.0,0.0,0.0,1.0,0.0,0.8625,1.0,0.774
V3_HIDDEN_0265,HIDDEN_SEMANTIC,H5,BATTERY_EV,B5_AURA_Hybrid,LOW,0.1429,0.0,0.0,0.0,1.0,0.0,0.8625,1.0,0.789
V3_HIDDEN_0266,HIDDEN_SEMANTIC,H6,BODY_ELECTRONICS,B0_Full_Suite,LOW,0.0588,1.0,0.0063,0.0126,1.0,0.0,0.0,1.0,0.1
V3_HIDDEN_0266,HIDDEN_SEMANTIC,H6,BODY_ELECTRONICS,B1_Keyword,LOW,0.0588,0.0,0.0,0.0,0.8,0.2,0.8125,1.0,0.367
V3_HIDDEN_0266,HIDDEN_SEMANTIC,H6,BODY_ELECTRONICS,B2_Raw_Embedding,LOW,0.0588,0.0,0.0,0.0,1.0,0.0,0.7708,1.0,0.436
V3_HIDDEN_0266,HIDDEN_SEMANTIC,H6,BODY_ELECTRONICS,B3_Graph_Only,LOW,0.0588,0.0,0.0,0.0,0.0,1.0,0.9792,1.0,0.002
V3_HIDDEN_0266,HIDDEN_SEMANTIC,H6,BODY_ELECTRONICS,B4_Contextual_Embedding,LOW,0.0588,0.0,0.0,0.0,1.0,0.0,0.7917,1.0,0.561
V3_HIDDEN_0266,HIDDEN_SEMANTIC,H6,BODY_ELECTRONICS,B5_AURA_Hybrid,LOW,0.0588,0.0,0.0,0.0,1.0,0.0,0.7917,1.0,0.616
V3_HIDDEN_0267,HIDDEN_SEMANTIC,H7,BATTERY_EV,B0_Full_Suite,MEDIUM,0.25,1.0,0.0031,0.0062,1.0,0.0,0.0,1.0,0.1
V3_HIDDEN_0267,HIDDEN_SEMANTIC,H7,BATTERY_EV,B1_Keyword,MEDIUM,0.25,1.0,0.0435,0.0833,1.0,0.0,0.825,1.0,0.369
V3_HIDDEN_0267,HIDDEN_SEMANTIC,H7,BATTERY_EV,B2_Raw_Embedding,MEDIUM,0.25,0.0,0.0,0.0,1.0,0.0,0.9,1.0,0.522
V3_HIDDEN_0267,HIDDEN_SEMANTIC,H7,BATTERY_EV,B3_Graph_Only,MEDIUM,0.25,0.0,0.0,0.0,0.0,1.0,0.9875,1.0,0.002
V3_HIDDEN_0267,HIDDEN_SEMANTIC,H7,BATTERY_EV,B4_Contextual_Embedding,MEDIUM,0.25,1.0,0.1,0.1818,0.9,0.1,0.875,1.0,0.613
V3_HIDDEN_0267,HIDDEN_SEMANTIC,H7,BATTERY_EV,B5_AURA_Hybrid,MEDIUM,0.25,1.0,0.1,0.1818,0.9,0.1,0.875,1.0,0.635
V3_HIDDEN_0268,HIDDEN_SEMANTIC,H8,POWERTRAIN,B0_Full_Suite,LOW,0.1429,1.0,0.0031,0.0062,1.0,0.0,0.0,1.0,0.1
V3_HIDDEN_0268,HIDDEN_SEMANTIC,H8,POWERTRAIN,B1_Keyword,LOW,0.1429,1.0,0.0256,0.05,1.0,0.0,0.7,1.0,0.36
V3_HIDDEN_0268,HIDDEN_SEMANTIC,H8,POWERTRAIN,B2_Raw_Embedding,LOW,0.1429,0.0,0.0,0.0,1.0,0.0,0.8875,1.0,0.47
V3_HIDDEN_0268,HIDDEN_SEMANTIC,H8,POWERTRAIN,B3_Graph_Only,LOW,0.1429,0.0,0.0,0.0,0.0,1.0,0.9875,1.0,0.002
V3_HIDDEN_0268,HIDDEN_SEMANTIC,H8,POWERTRAIN,B4_Contextual_Embedding,LOW,0.1429,0.0,0.0,0.0,1.0,0.0,0.8625,1.0,0.594
V3_HIDDEN_0268,HIDDEN_SEMANTIC,H8,POWERTRAIN,B5_AURA_Hybrid,LOW,0.1429,0.0,0.0,0.0,1.0,0.0,0.8625,1.0,0.644
V3_HIDDEN_0269,HIDDEN_SEMANTIC,H9,ADAS,B0_Full_Suite,LOW,0.0952,1.0,0.0023,0.0045,1.0,0.0,0.0,1.0,0.1
V3_HIDDEN_0269,HIDDEN_SEMANTIC,H9,ADAS,B1_Keyword,LOW,0.0952,0.0,0.0,0.0,0.0,1.0,0.9882,1.0,0.331
V3_HIDDEN_0269,HIDDEN_SEMANTIC,H9,ADAS,B2_Raw_Embedding,LOW,0.0952,0.0,0.0,0.0,1.0,0.0,0.8824,1.0,0.661
V3_HIDDEN_0269,HIDDEN_SEMANTIC,H9,ADAS,B3_Graph_Only,LOW,0.0952,0.0,0.0,0.0,0.0,1.0,0.9882,1.0,0.002
V3_HIDDEN_0269,HIDDEN_SEMANTIC,H9,ADAS,B4_Contextual_Embedding,LOW,0.0952,0.0,0.0,0.0,1.0,0.0,0.8706,1.0,0.781
V3_HIDDEN_0269,HIDDEN_SEMANTIC,H9,ADAS,B5_AURA_Hybrid,LOW,0.0952,0.0,0.0,0.0,1.0,0.0,0.8706,1.0,0.763
V3_HIDDEN_0270,HIDDEN_SEMANTIC,H10,ADAS,B0_Full_Suite,LOW,0.0,1.0,0.0023,0.0045,1.0,0.0,0.0,1.0,0.1
V3_HIDDEN_0270,HIDDEN_SEMANTIC,H10,ADAS,B1_Keyword,LOW,0.0,0.0,0.0,0.0,0.09999999999999998,0.9,0.9765,1.0,0.371
V3_HIDDEN_0270,HIDDEN_SEMANTIC,H10,ADAS,B2_Raw_Embedding,LOW,0.0,0.0,0.0,0.0,1.0,0.0,0.8824,1.0,0.449
V3_HIDDEN_0270,HIDDEN_SEMANTIC,H10,ADAS,B3_Graph_Only,LOW,0.0,0.0,0.0,0.0,0.0,1.0,0.9882,1.0,0.002
V3_HIDDEN_0270,HIDDEN_SEMANTIC,H10,ADAS,B4_Contextual_Embedding,LOW,0.0,0.0,0.0,0.0,1.0,0.0,0.8706,1.0,0.677
V3_HIDDEN_0270,HIDDEN_SEMANTIC,H10,ADAS,B5_AURA_Hybrid,LOW,0.0,0.0,0.0,0.0,1.0,0.0,0.8706,1.0,1.019
V3_DECOY_0271,SEMANTIC_DECOY,D1,BODY_ELECTRONICS,B0_Full_Suite,HIGH,0.6667,1.0,0.0,0.0,1.0,0.0,0.0,1.0,0.1
V3_DECOY_0271,SEMANTIC_DECOY,D1,BODY_ELECTRONICS,B1_Keyword,HIGH,0.6667,1.0,0.0,0.0,1.0,0.0,0.8333,1.0,0.304
V3_DECOY_0271,SEMANTIC_DECOY,D1,BODY_ELECTRONICS,B2_Raw_Embedding,HIGH,0.6667,1.0,0.0,0.0,1.0,0.0,0.8125,1.0,0.331
V3_DECOY_0271,SEMANTIC_DECOY,D1,BODY_ELECTRONICS,B3_Graph_Only,HIGH,0.6667,1.0,1.0,1.0,0.0,1.0,1.0,1.0,0.002
V3_DECOY_0271,SEMANTIC_DECOY,D1,BODY_ELECTRONICS,B4_Contextual_Embedding,HIGH,0.6667,1.0,0.0,0.0,1.0,0.0,0.8125,1.0,0.485
V3_DECOY_0271,SEMANTIC_DECOY,D1,BODY_ELECTRONICS,B5_AURA_Hybrid,HIGH,0.6667,1.0,1.0,1.0,0.0,1.0,1.0,1.0,0.005
V3_DECOY_0272,SEMANTIC_DECOY,D2,ADAS,B0_Full_Suite,HIGH,0.75,1.0,0.0,0.0,1.0,0.0,0.0,1.0,0.1
V3_DECOY_0272,SEMANTIC_DECOY,D2,ADAS,B1_Keyword,HIGH,0.75,1.0,0.0,0.0,1.0,0.0,0.9059,1.0,0.332
V3_DECOY_0272,SEMANTIC_DECOY,D2,ADAS,B2_Raw_Embedding,HIGH,0.75,1.0,0.0,0.0,1.0,0.0,0.8941,1.0,0.435
V3_DECOY_0272,SEMANTIC_DECOY,D2,ADAS,B3_Graph_Only,HIGH,0.75,1.0,1.0,1.0,0.0,1.0,1.0,1.0,0.002
V3_DECOY_0272,SEMANTIC_DECOY,D2,ADAS,B4_Contextual_Embedding,HIGH,0.75,1.0,0.0,0.0,1.0,0.0,0.8941,1.0,0.619
V3_DECOY_0272,SEMANTIC_DECOY,D2,ADAS,B5_AURA_Hybrid,HIGH,0.75,1.0,1.0,1.0,0.0,1.0,1.0,1.0,0.006
V3_DECOY_0273,SEMANTIC_DECOY,D3,POWERTRAIN,B0_Full_Suite,HIGH,0.75,1.0,0.0,0.0,1.0,0.0,0.0,1.0,0.1
V3_DECOY_0273,SEMANTIC_DECOY,D3,POWERTRAIN,B1_Keyword,HIGH,0.75,1.0,0.0,0.0,1.0,0.0,0.9875,1.0,0.329
V3_DECOY_0273,SEMANTIC_DECOY,D3,POWERTRAIN,B2_Raw_Embedding,HIGH,0.75,1.0,0.0,0.0,1.0,0.0,0.875,1.0,0.427
V3_DECOY_0273,SEMANTIC_DECOY,D3,POWERTRAIN,B3_Graph_Only,HIGH,0.75,1.0,1.0,1.0,0.0,1.0,1.0,1.0,0.002
V3_DECOY_0273,SEMANTIC_DECOY,D3,POWERTRAIN,B4_Contextual_Embedding,HIGH,0.75,1.0,0.0,0.0,1.0,0.0,0.875,1.0,0.668
V3_DECOY_0273,SEMANTIC_DECOY,D3,POWERTRAIN,B5_AURA_Hybrid,HIGH,0.75,1.0,1.0,1.0,0.0,1.0,1.0,1.0,0.005
V3_DECOY_0274,SEMANTIC_DECOY,D4,POWERTRAIN,B0_Full_Suite,HIGH,0.75,1.0,0.0,0.0,1.0,0.0,0.0,1.0,0.1
V3_DECOY_0274,SEMANTIC_DECOY,D4,POWERTRAIN,B1_Keyword,HIGH,0.75,1.0,0.0,0.0,1.0,0.0,0.9875,1.0,0.329
V3_DECOY_0274,SEMANTIC_DECOY,D4,POWERTRAIN,B2_Raw_Embedding,HIGH,0.75,1.0,0.0,0.0,1.0,0.0,0.875,1.0,0.387
V3_DECOY_0274,SEMANTIC_DECOY,D4,POWERTRAIN,B3_Graph_Only,HIGH,0.75,1.0,1.0,1.0,0.0,1.0,1.0,1.0,0.002
V3_DECOY_0274,SEMANTIC_DECOY,D4,POWERTRAIN,B4_Contextual_Embedding,HIGH,0.75,1.0,0.0,0.0,1.0,0.0,0.875,1.0,0.66
V3_DECOY_0274,SEMANTIC_DECOY,D4,POWERTRAIN,B5_AURA_Hybrid,HIGH,0.75,1.0,1.0,1.0,0.0,1.0,1.0,1.0,0.007
V3_DECOY_0275,SEMANTIC_DECOY,D5,ADAS,B0_Full_Suite,HIGH,0.7143,1.0,0.0,0.0,1.0,0.0,0.0,1.0,0.1
V3_DECOY_0275,SEMANTIC_DECOY,D5,ADAS,B1_Keyword,HIGH,0.7143,1.0,0.0,0.0,1.0,0.0,0.8941,1.0,0.383
V3_DECOY_0275,SEMANTIC_DECOY,D5,ADAS,B2_Raw_Embedding,HIGH,0.7143,1.0,0.0,0.0,1.0,0.0,0.8824,1.0,0.512
V3_DECOY_0275,SEMANTIC_DECOY,D5,ADAS,B3_Graph_Only,HIGH,0.7143,1.0,1.0,1.0,0.0,1.0,1.0,1.0,0.002
V3_DECOY_0275,SEMANTIC_DECOY,D5,ADAS,B4_Contextual_Embedding,HIGH,0.7143,1.0,0.0,0.0,1.0,0.0,0.8824,1.0,0.799
V3_DECOY_0275,SEMANTIC_DECOY,D5,ADAS,B5_AURA_Hybrid,HIGH,0.7143,1.0,1.0,1.0,0.0,1.0,1.0,1.0,0.01
V3_DECOY_0276,SEMANTIC_DECOY,D6,ADAS,B0_Full_Suite,HIGH,0.7778,1.0,0.0,0.0,1.0,0.0,0.0,1.0,0.1
V3_DECOY_0276,SEMANTIC_DECOY,D6,ADAS,B1_Keyword,HIGH,0.7778,1.0,0.0,0.0,1.0,0.0,0.9176,1.0,0.373
V3_DECOY_0276,SEMANTIC_DECOY,D6,ADAS,B2_Raw_Embedding,HIGH,0.7778,1.0,0.0,0.0,1.0,0.0,0.8824,1.0,0.421
V3_DECOY_0276,SEMANTIC_DECOY,D6,ADAS,B3_Graph_Only,HIGH,0.7778,1.0,1.0,1.0,0.0,1.0,1.0,1.0,0.002
V3_DECOY_0276,SEMANTIC_DECOY,D6,ADAS,B4_Contextual_Embedding,HIGH,0.7778,1.0,0.0,0.0,1.0,0.0,0.8824,1.0,0.599
V3_DECOY_0276,SEMANTIC_DECOY,D6,ADAS,B5_AURA_Hybrid,HIGH,0.7778,1.0,1.0,1.0,0.0,1.0,1.0,1.0,0.004
V3_DECOY_0277,SEMANTIC_DECOY,D7,POWERTRAIN,B0_Full_Suite,HIGH,0.7143,1.0,0.0,0.0,1.0,0.0,0.0,1.0,0.1
V3_DECOY_0277,SEMANTIC_DECOY,D7,POWERTRAIN,B1_Keyword,HIGH,0.7143,1.0,0.0,0.0,1.0,0.0,0.8625,1.0,0.319
V3_DECOY_0277,SEMANTIC_DECOY,D7,POWERTRAIN,B2_Raw_Embedding,HIGH,0.7143,1.0,0.0,0.0,1.0,0.0,0.8875,1.0,0.396
V3_DECOY_0277,SEMANTIC_DECOY,D7,POWERTRAIN,B3_Graph_Only,HIGH,0.7143,1.0,1.0,1.0,0.0,1.0,1.0,1.0,0.002
V3_DECOY_0277,SEMANTIC_DECOY,D7,POWERTRAIN,B4_Contextual_Embedding,HIGH,0.7143,1.0,0.0,0.0,1.0,0.0,0.875,1.0,0.575
V3_DECOY_0277,SEMANTIC_DECOY,D7,POWERTRAIN,B5_AURA_Hybrid,HIGH,0.7143,1.0,1.0,1.0,0.0,1.0,1.0,1.0,0.005
V3_DECOY_0278,SEMANTIC_DECOY,D8,BODY_ELECTRONICS,B0_Full_Suite,HIGH,0.75,1.0,0.0,0.0,1.0,0.0,0.0,1.0,0.1
V3_DECOY_0278,SEMANTIC_DECOY,D8,BODY_ELECTRONICS,B1_Keyword,HIGH,0.75,1.0,0.0,0.0,1.0,0.0,0.875,1.0,0.324
V3_DECOY_0278,SEMANTIC_DECOY,D8,BODY_ELECTRONICS,B2_Raw_Embedding,HIGH,0.75,1.0,0.0,0.0,1.0,0.0,0.7917,1.0,0.429
V3_DECOY_0278,SEMANTIC_DECOY,D8,BODY_ELECTRONICS,B3_Graph_Only,HIGH,0.75,1.0,1.0,1.0,0.0,1.0,1.0,1.0,0.002
V3_DECOY_0278,SEMANTIC_DECOY,D8,BODY_ELECTRONICS,B4_Contextual_Embedding,HIGH,0.75,1.0,0.0,0.0,1.0,0.0,0.7917,1.0,0.573
V3_DECOY_0278,SEMANTIC_DECOY,D8,BODY_ELECTRONICS,B5_AURA_Hybrid,HIGH,0.75,1.0,1.0,1.0,0.0,1.0,1.0,1.0,0.004
V3_DECOY_0279,SEMANTIC_DECOY,D9,ADAS,B0_Full_Suite,HIGH,0.75,1.0,0.0,0.0,1.0,0.0,0.0,1.0,0.1
V3_DECOY_0279,SEMANTIC_DECOY,D9,ADAS,B1_Keyword,HIGH,0.75,1.0,0.0,0.0,1.0,0.0,0.9294,1.0,0.347
V3_DECOY_0279,SEMANTIC_DECOY,D9,ADAS,B2_Raw_Embedding,HIGH,0.75,1.0,0.0,0.0,1.0,0.0,0.8824,1.0,0.534
V3_DECOY_0279,SEMANTIC_DECOY,D9,ADAS,B3_Graph_Only,HIGH,0.75,1.0,1.0,1.0,0.0,1.0,1.0,1.0,0.002
V3_DECOY_0279,SEMANTIC_DECOY,D9,ADAS,B4_Contextual_Embedding,HIGH,0.75,1.0,0.0,0.0,1.0,0.0,0.8824,1.0,0.684
V3_DECOY_0279,SEMANTIC_DECOY,D9,ADAS,B5_AURA_Hybrid,HIGH,0.75,1.0,1.0,1.0,0.0,1.0,1.0,1.0,0.005
V3_DECOY_0280,SEMANTIC_DECOY,D10,POWERTRAIN,B0_Full_Suite,HIGH,0.7143,1.0,0.0,0.0,1.0,0.0,0.0,1.0,0.1
V3_DECOY_0280,SEMANTIC_DECOY,D10,POWERTRAIN,B1_Keyword,HIGH,0.7143,1.0,0.0,0.0,1.0,0.0,0.9875,1.0,0.346
V3_DECOY_0280,SEMANTIC_DECOY,D10,POWERTRAIN,B2_Raw_Embedding,HIGH,0.7143,1.0,0.0,0.0,1.0,0.0,0.875,1.0,0.49
V3_DECOY_0280,SEMANTIC_DECOY,D10,POWERTRAIN,B3_Graph_Only,HIGH,0.7143,1.0,1.0,1.0,0.0,1.0,1.0,1.0,0.002
V3_DECOY_0280,SEMANTIC_DECOY,D10,POWERTRAIN,B4_Contextual_Embedding,HIGH,0.7143,1.0,0.0,0.0,1.0,0.0,0.875,1.0,0.681
V3_DECOY_0280,SEMANTIC_DECOY,D10,POWERTRAIN,B5_AURA_Hybrid,HIGH,0.7143,1.0,1.0,1.0,0.0,1.0,1.0,1.0,0.005
V3_DECOY_0281,SEMANTIC_DECOY,D1,BODY_ELECTRONICS,B0_Full_Suite,HIGH,0.6667,1.0,0.0,0.0,1.0,0.0,0.0,1.0,0.1
V3_DECOY_0281,SEMANTIC_DECOY,D1,BODY_ELECTRONICS,B1_Keyword,HIGH,0.6667,1.0,0.0,0.0,1.0,0.0,0.8333,1.0,0.37
V3_DECOY_0281,SEMANTIC_DECOY,D1,BODY_ELECTRONICS,B2_Raw_Embedding,HIGH,0.6667,1.0,0.0,0.0,1.0,0.0,0.8125,1.0,0.42
V3_DECOY_0281,SEMANTIC_DECOY,D1,BODY_ELECTRONICS,B3_Graph_Only,HIGH,0.6667,1.0,1.0,1.0,0.0,1.0,1.0,1.0,0.002
V3_DECOY_0281,SEMANTIC_DECOY,D1,BODY_ELECTRONICS,B4_Contextual_Embedding,HIGH,0.6667,1.0,0.0,0.0,1.0,0.0,0.8125,1.0,0.556
V3_DECOY_0281,SEMANTIC_DECOY,D1,BODY_ELECTRONICS,B5_AURA_Hybrid,HIGH,0.6667,1.0,1.0,1.0,0.0,1.0,1.0,1.0,0.005
V3_DECOY_0282,SEMANTIC_DECOY,D2,ADAS,B0_Full_Suite,HIGH,0.75,1.0,0.0,0.0,1.0,0.0,0.0,1.0,0.1
V3_DECOY_0282,SEMANTIC_DECOY,D2,ADAS,B1_Keyword,HIGH,0.75,1.0,0.0,0.0,1.0,0.0,0.9059,1.0,0.4
V3_DECOY_0282,SEMANTIC_DECOY,D2,ADAS,B2_Raw_Embedding,HIGH,0.75,1.0,0.0,0.0,1.0,0.0,0.8941,1.0,0.523
V3_DECOY_0282,SEMANTIC_DECOY,D2,ADAS,B3_Graph_Only,HIGH,0.75,1.0,1.0,1.0,0.0,1.0,1.0,1.0,0.002
V3_DECOY_0282,SEMANTIC_DECOY,D2,ADAS,B4_Contextual_Embedding,HIGH,0.75,1.0,0.0,0.0,1.0,0.0,0.8941,1.0,0.735
V3_DECOY_0282,SEMANTIC_DECOY,D2,ADAS,B5_AURA_Hybrid,HIGH,0.75,1.0,1.0,1.0,0.0,1.0,1.0,1.0,0.006
V3_DECOY_0283,SEMANTIC_DECOY,D3,POWERTRAIN,B0_Full_Suite,HIGH,0.75,1.0,0.0,0.0,1.0,0.0,0.0,1.0,0.1
V3_DECOY_0283,SEMANTIC_DECOY,D3,POWERTRAIN,B1_Keyword,HIGH,0.75,1.0,1.0,1.0,0.0,1.0,1.0,1.0,0.385
V3_DECOY_0283,SEMANTIC_DECOY,D3,POWERTRAIN,B2_Raw_Embedding,HIGH,0.75,1.0,0.0,0.0,1.0,0.0,0.875,1.0,0.505
V3_DECOY_0283,SEMANTIC_DECOY,D3,POWERTRAIN,B3_Graph_Only,HIGH,0.75,1.0,1.0,1.0,0.0,1.0,1.0,1.0,0.002
V3_DECOY_0283,SEMANTIC_DECOY,D3,POWERTRAIN,B4_Contextual_Embedding,HIGH,0.75,1.0,0.0,0.0,1.0,0.0,0.875,1.0,0.715
V3_DECOY_0283,SEMANTIC_DECOY,D3,POWERTRAIN,B5_AURA_Hybrid,HIGH,0.75,1.0,1.0,1.0,0.0,1.0,1.0,1.0,0.006
V3_DECOY_0284,SEMANTIC_DECOY,D4,POWERTRAIN,B0_Full_Suite,HIGH,0.75,1.0,0.0,0.0,1.0,0.0,0.0,1.0,0.1
V3_DECOY_0284,SEMANTIC_DECOY,D4,POWERTRAIN,B1_Keyword,HIGH,0.75,1.0,0.0,0.0,1.0,0.0,1.0,1.0,0.386
V3_DECOY_0284,SEMANTIC_DECOY,D4,POWERTRAIN,B2_Raw_Embedding,HIGH,0.75,1.0,0.0,0.0,1.0,0.0,0.875,1.0,0.431
V3_DECOY_0284,SEMANTIC_DECOY,D4,POWERTRAIN,B3_Graph_Only,HIGH,0.75,1.0,1.0,1.0,0.0,1.0,1.0,1.0,0.002
V3_DECOY_0284,SEMANTIC_DECOY,D4,POWERTRAIN,B4_Contextual_Embedding,HIGH,0.75,1.0,0.0,0.0,1.0,0.0,0.875,1.0,0.676
V3_DECOY_0284,SEMANTIC_DECOY,D4,POWERTRAIN,B5_AURA_Hybrid,HIGH,0.75,1.0,1.0,1.0,0.0,1.0,1.0,1.0,0.005
V3_DECOY_0285,SEMANTIC_DECOY,D5,ADAS,B0_Full_Suite,HIGH,0.7143,1.0,0.0,0.0,1.0,0.0,0.0,1.0,0.1
V3_DECOY_0285,SEMANTIC_DECOY,D5,ADAS,B1_Keyword,HIGH,0.7143,1.0,0.0,0.0,1.0,0.0,0.8941,1.0,0.385
V3_DECOY_0285,SEMANTIC_DECOY,D5,ADAS,B2_Raw_Embedding,HIGH,0.7143,1.0,0.0,0.0,1.0,0.0,0.8824,1.0,0.507
V3_DECOY_0285,SEMANTIC_DECOY,D5,ADAS,B3_Graph_Only,HIGH,0.7143,1.0,1.0,1.0,0.0,1.0,1.0,1.0,0.002
V3_DECOY_0285,SEMANTIC_DECOY,D5,ADAS,B4_Contextual_Embedding,HIGH,0.7143,1.0,0.0,0.0,1.0,0.0,0.8824,1.0,0.731
V3_DECOY_0285,SEMANTIC_DECOY,D5,ADAS,B5_AURA_Hybrid,HIGH,0.7143,1.0,1.0,1.0,0.0,1.0,1.0,1.0,0.006
V3_DECOY_0286,SEMANTIC_DECOY,D6,ADAS,B0_Full_Suite,HIGH,0.7778,1.0,0.0,0.0,1.0,0.0,0.0,1.0,0.1
V3_DECOY_0286,SEMANTIC_DECOY,D6,ADAS,B1_Keyword,HIGH,0.7778,1.0,0.0,0.0,1.0,0.0,0.9176,1.0,0.386
V3_DECOY_0286,SEMANTIC_DECOY,D6,ADAS,B2_Raw_Embedding,HIGH,0.7778,1.0,0.0,0.0,1.0,0.0,0.8824,1.0,0.542
V3_DECOY_0286,SEMANTIC_DECOY,D6,ADAS,B3_Graph_Only,HIGH,0.7778,1.0,1.0,1.0,0.0,1.0,1.0,1.0,0.002
V3_DECOY_0286,SEMANTIC_DECOY,D6,ADAS,B4_Contextual_Embedding,HIGH,0.7778,1.0,0.0,0.0,1.0,0.0,0.8824,1.0,0.736
V3_DECOY_0286,SEMANTIC_DECOY,D6,ADAS,B5_AURA_Hybrid,HIGH,0.7778,1.0,1.0,1.0,0.0,1.0,1.0,1.0,0.005
V3_DECOY_0287,SEMANTIC_DECOY,D7,POWERTRAIN,B0_Full_Suite,HIGH,0.7143,1.0,0.0,0.0,1.0,0.0,0.0,1.0,0.1
V3_DECOY_0287,SEMANTIC_DECOY,D7,POWERTRAIN,B1_Keyword,HIGH,0.7143,1.0,0.0,0.0,1.0,0.0,0.8625,1.0,0.383
V3_DECOY_0287,SEMANTIC_DECOY,D7,POWERTRAIN,B2_Raw_Embedding,HIGH,0.7143,1.0,0.0,0.0,1.0,0.0,0.8875,1.0,0.472
V3_DECOY_0287,SEMANTIC_DECOY,D7,POWERTRAIN,B3_Graph_Only,HIGH,0.7143,1.0,1.0,1.0,0.0,1.0,1.0,1.0,0.002
V3_DECOY_0287,SEMANTIC_DECOY,D7,POWERTRAIN,B4_Contextual_Embedding,HIGH,0.7143,1.0,0.0,0.0,1.0,0.0,0.875,1.0,0.655
V3_DECOY_0287,SEMANTIC_DECOY,D7,POWERTRAIN,B5_AURA_Hybrid,HIGH,0.7143,1.0,1.0,1.0,0.0,1.0,1.0,1.0,0.005
V3_DECOY_0288,SEMANTIC_DECOY,D8,BODY_ELECTRONICS,B0_Full_Suite,HIGH,0.75,1.0,0.0,0.0,1.0,0.0,0.0,1.0,0.1
V3_DECOY_0288,SEMANTIC_DECOY,D8,BODY_ELECTRONICS,B1_Keyword,HIGH,0.75,1.0,0.0,0.0,1.0,0.0,0.875,1.0,0.359
V3_DECOY_0288,SEMANTIC_DECOY,D8,BODY_ELECTRONICS,B2_Raw_Embedding,HIGH,0.75,1.0,0.0,0.0,1.0,0.0,0.7917,1.0,0.421
V3_DECOY_0288,SEMANTIC_DECOY,D8,BODY_ELECTRONICS,B3_Graph_Only,HIGH,0.75,1.0,1.0,1.0,0.0,1.0,1.0,1.0,0.002
V3_DECOY_0288,SEMANTIC_DECOY,D8,BODY_ELECTRONICS,B4_Contextual_Embedding,HIGH,0.75,1.0,0.0,0.0,1.0,0.0,0.7917,1.0,0.574
V3_DECOY_0288,SEMANTIC_DECOY,D8,BODY_ELECTRONICS,B5_AURA_Hybrid,HIGH,0.75,1.0,1.0,1.0,0.0,1.0,1.0,1.0,0.005
V3_DECOY_0289,SEMANTIC_DECOY,D9,ADAS,B0_Full_Suite,HIGH,0.75,1.0,0.0,0.0,1.0,0.0,0.0,1.0,0.1
V3_DECOY_0289,SEMANTIC_DECOY,D9,ADAS,B1_Keyword,HIGH,0.75,1.0,0.0,0.0,1.0,0.0,0.9294,1.0,0.391
V3_DECOY_0289,SEMANTIC_DECOY,D9,ADAS,B2_Raw_Embedding,HIGH,0.75,1.0,0.0,0.0,1.0,0.0,0.8824,1.0,0.57
V3_DECOY_0289,SEMANTIC_DECOY,D9,ADAS,B3_Graph_Only,HIGH,0.75,1.0,1.0,1.0,0.0,1.0,1.0,1.0,0.002
V3_DECOY_0289,SEMANTIC_DECOY,D9,ADAS,B4_Contextual_Embedding,HIGH,0.75,1.0,0.0,0.0,1.0,0.0,0.8824,1.0,0.741
V3_DECOY_0289,SEMANTIC_DECOY,D9,ADAS,B5_AURA_Hybrid,HIGH,0.75,1.0,1.0,1.0,0.0,1.0,1.0,1.0,0.005
V3_DECOY_0290,SEMANTIC_DECOY,D10,POWERTRAIN,B0_Full_Suite,HIGH,0.7143,1.0,0.0,0.0,1.0,0.0,0.0,1.0,0.1
V3_DECOY_0290,SEMANTIC_DECOY,D10,POWERTRAIN,B1_Keyword,HIGH,0.7143,1.0,0.0,0.0,1.0,0.0,0.725,1.0,0.39
V3_DECOY_0290,SEMANTIC_DECOY,D10,POWERTRAIN,B2_Raw_Embedding,HIGH,0.7143,1.0,0.0,0.0,1.0,0.0,0.875,1.0,0.564
V3_DECOY_0290,SEMANTIC_DECOY,D10,POWERTRAIN,B3_Graph_Only,HIGH,0.7143,1.0,1.0,1.0,0.0,1.0,1.0,1.0,0.002
V3_DECOY_0290,SEMANTIC_DECOY,D10,POWERTRAIN,B4_Contextual_Embedding,HIGH,0.7143,1.0,0.0,0.0,1.0,0.0,0.875,1.0,0.788
V3_DECOY_0290,SEMANTIC_DECOY,D10,POWERTRAIN,B5_AURA_Hybrid,HIGH,0.7143,1.0,1.0,1.0,0.0,1.0,1.0,1.0,0.007
V3_DECOY_0291,SEMANTIC_DECOY,D1,BODY_ELECTRONICS,B0_Full_Suite,HIGH,0.6667,1.0,0.0,0.0,1.0,0.0,0.0,1.0,0.1
V3_DECOY_0291,SEMANTIC_DECOY,D1,BODY_ELECTRONICS,B1_Keyword,HIGH,0.6667,1.0,0.0,0.0,1.0,0.0,0.8333,1.0,0.397
V3_DECOY_0291,SEMANTIC_DECOY,D1,BODY_ELECTRONICS,B2_Raw_Embedding,HIGH,0.6667,1.0,0.0,0.0,1.0,0.0,0.8125,1.0,0.388
V3_DECOY_0291,SEMANTIC_DECOY,D1,BODY_ELECTRONICS,B3_Graph_Only,HIGH,0.6667,1.0,1.0,1.0,0.0,1.0,1.0,1.0,0.002
V3_DECOY_0291,SEMANTIC_DECOY,D1,BODY_ELECTRONICS,B4_Contextual_Embedding,HIGH,0.6667,1.0,0.0,0.0,1.0,0.0,0.8125,1.0,0.555
V3_DECOY_0291,SEMANTIC_DECOY,D1,BODY_ELECTRONICS,B5_AURA_Hybrid,HIGH,0.6667,1.0,1.0,1.0,0.0,1.0,1.0,1.0,0.005
V3_DECOY_0292,SEMANTIC_DECOY,D2,ADAS,B0_Full_Suite,HIGH,0.75,1.0,0.0,0.0,1.0,0.0,0.0,1.0,0.1
V3_DECOY_0292,SEMANTIC_DECOY,D2,ADAS,B1_Keyword,HIGH,0.75,1.0,0.0,0.0,1.0,0.0,0.9059,1.0,0.392
V3_DECOY_0292,SEMANTIC_DECOY,D2,ADAS,B2_Raw_Embedding,HIGH,0.75,1.0,0.0,0.0,1.0,0.0,0.8941,1.0,0.508
V3_DECOY_0292,SEMANTIC_DECOY,D2,ADAS,B3_Graph_Only,HIGH,0.75,1.0,1.0,1.0,0.0,1.0,1.0,1.0,0.002
V3_DECOY_0292,SEMANTIC_DECOY,D2,ADAS,B4_Contextual_Embedding,HIGH,0.75,1.0,0.0,0.0,1.0,0.0,0.8941,1.0,0.725
V3_DECOY_0292,SEMANTIC_DECOY,D2,ADAS,B5_AURA_Hybrid,HIGH,0.75,1.0,1.0,1.0,0.0,1.0,1.0,1.0,0.005
V3_DECOY_0293,SEMANTIC_DECOY,D3,POWERTRAIN,B0_Full_Suite,HIGH,0.75,1.0,0.0,0.0,1.0,0.0,0.0,1.0,0.1
V3_DECOY_0293,SEMANTIC_DECOY,D3,POWERTRAIN,B1_Keyword,HIGH,0.75,1.0,1.0,1.0,0.0,1.0,1.0,1.0,0.411
V3_DECOY_0293,SEMANTIC_DECOY,D3,POWERTRAIN,B2_Raw_Embedding,HIGH,0.75,1.0,0.0,0.0,1.0,0.0,0.875,1.0,0.504
V3_DECOY_0293,SEMANTIC_DECOY,D3,POWERTRAIN,B3_Graph_Only,HIGH,0.75,1.0,1.0,1.0,0.0,1.0,1.0,1.0,0.002
V3_DECOY_0293,SEMANTIC_DECOY,D3,POWERTRAIN,B4_Contextual_Embedding,HIGH,0.75,1.0,0.0,0.0,1.0,0.0,0.875,1.0,0.693
V3_DECOY_0293,SEMANTIC_DECOY,D3,POWERTRAIN,B5_AURA_Hybrid,HIGH,0.75,1.0,1.0,1.0,0.0,1.0,1.0,1.0,0.005
V3_DECOY_0294,SEMANTIC_DECOY,D4,POWERTRAIN,B0_Full_Suite,HIGH,0.75,1.0,0.0,0.0,1.0,0.0,0.0,1.0,0.1
V3_DECOY_0294,SEMANTIC_DECOY,D4,POWERTRAIN,B1_Keyword,HIGH,0.75,1.0,0.0,0.0,1.0,0.0,1.0,1.0,0.366
V3_DECOY_0294,SEMANTIC_DECOY,D4,POWERTRAIN,B2_Raw_Embedding,HIGH,0.75,1.0,0.0,0.0,1.0,0.0,0.875,1.0,0.421
V3_DECOY_0294,SEMANTIC_DECOY,D4,POWERTRAIN,B3_Graph_Only,HIGH,0.75,1.0,1.0,1.0,0.0,1.0,1.0,1.0,0.002
V3_DECOY_0294,SEMANTIC_DECOY,D4,POWERTRAIN,B4_Contextual_Embedding,HIGH,0.75,1.0,0.0,0.0,1.0,0.0,0.875,1.0,0.666
V3_DECOY_0294,SEMANTIC_DECOY,D4,POWERTRAIN,B5_AURA_Hybrid,HIGH,0.75,1.0,1.0,1.0,0.0,1.0,1.0,1.0,0.005
V3_DECOY_0295,SEMANTIC_DECOY,D5,ADAS,B0_Full_Suite,HIGH,0.7143,1.0,0.0,0.0,1.0,0.0,0.0,1.0,0.1
V3_DECOY_0295,SEMANTIC_DECOY,D5,ADAS,B1_Keyword,HIGH,0.7143,1.0,0.0,0.0,1.0,0.0,0.8941,1.0,0.392
V3_DECOY_0295,SEMANTIC_DECOY,D5,ADAS,B2_Raw_Embedding,HIGH,0.7143,1.0,0.0,0.0,1.0,0.0,0.8824,1.0,0.494
V3_DECOY_0295,SEMANTIC_DECOY,D5,ADAS,B3_Graph_Only,HIGH,0.7143,1.0,1.0,1.0,0.0,1.0,1.0,1.0,0.002
V3_DECOY_0295,SEMANTIC_DECOY,D5,ADAS,B4_Contextual_Embedding,HIGH,0.7143,1.0,0.0,0.0,1.0,0.0,0.8824,1.0,0.738
V3_DECOY_0295,SEMANTIC_DECOY,D5,ADAS,B5_AURA_Hybrid,HIGH,0.7143,1.0,1.0,1.0,0.0,1.0,1.0,1.0,0.005
V3_DECOY_0296,SEMANTIC_DECOY,D6,ADAS,B0_Full_Suite,HIGH,0.7778,1.0,0.0,0.0,1.0,0.0,0.0,1.0,0.1
V3_DECOY_0296,SEMANTIC_DECOY,D6,ADAS,B1_Keyword,HIGH,0.7778,1.0,0.0,0.0,1.0,0.0,0.9176,1.0,0.391
V3_DECOY_0296,SEMANTIC_DECOY,D6,ADAS,B2_Raw_Embedding,HIGH,0.7778,1.0,0.0,0.0,1.0,0.0,0.8824,1.0,0.547
V3_DECOY_0296,SEMANTIC_DECOY,D6,ADAS,B3_Graph_Only,HIGH,0.7778,1.0,1.0,1.0,0.0,1.0,1.0,1.0,0.002
V3_DECOY_0296,SEMANTIC_DECOY,D6,ADAS,B4_Contextual_Embedding,HIGH,0.7778,1.0,0.0,0.0,1.0,0.0,0.8824,1.0,0.734
V3_DECOY_0296,SEMANTIC_DECOY,D6,ADAS,B5_AURA_Hybrid,HIGH,0.7778,1.0,1.0,1.0,0.0,1.0,1.0,1.0,0.005
V3_DECOY_0297,SEMANTIC_DECOY,D7,POWERTRAIN,B0_Full_Suite,HIGH,0.7143,1.0,0.0,0.0,1.0,0.0,0.0,1.0,0.1
V3_DECOY_0297,SEMANTIC_DECOY,D7,POWERTRAIN,B1_Keyword,HIGH,0.7143,1.0,0.0,0.0,1.0,0.0,0.8625,1.0,0.37
V3_DECOY_0297,SEMANTIC_DECOY,D7,POWERTRAIN,B2_Raw_Embedding,HIGH,0.7143,1.0,0.0,0.0,1.0,0.0,0.8875,1.0,0.483
V3_DECOY_0297,SEMANTIC_DECOY,D7,POWERTRAIN,B3_Graph_Only,HIGH,0.7143,1.0,1.0,1.0,0.0,1.0,1.0,1.0,0.002
V3_DECOY_0297,SEMANTIC_DECOY,D7,POWERTRAIN,B4_Contextual_Embedding,HIGH,0.7143,1.0,0.0,0.0,1.0,0.0,0.875,1.0,0.668
V3_DECOY_0297,SEMANTIC_DECOY,D7,POWERTRAIN,B5_AURA_Hybrid,HIGH,0.7143,1.0,1.0,1.0,0.0,1.0,1.0,1.0,0.006
V3_DECOY_0298,SEMANTIC_DECOY,D8,BODY_ELECTRONICS,B0_Full_Suite,HIGH,0.75,1.0,0.0,0.0,1.0,0.0,0.0,1.0,0.1
V3_DECOY_0298,SEMANTIC_DECOY,D8,BODY_ELECTRONICS,B1_Keyword,HIGH,0.75,1.0,0.0,0.0,1.0,0.0,0.875,1.0,0.347
V3_DECOY_0298,SEMANTIC_DECOY,D8,BODY_ELECTRONICS,B2_Raw_Embedding,HIGH,0.75,1.0,0.0,0.0,1.0,0.0,0.7917,1.0,0.428
V3_DECOY_0298,SEMANTIC_DECOY,D8,BODY_ELECTRONICS,B3_Graph_Only,HIGH,0.75,1.0,1.0,1.0,0.0,1.0,1.0,1.0,0.002
V3_DECOY_0298,SEMANTIC_DECOY,D8,BODY_ELECTRONICS,B4_Contextual_Embedding,HIGH,0.75,1.0,0.0,0.0,1.0,0.0,0.7917,1.0,0.576
V3_DECOY_0298,SEMANTIC_DECOY,D8,BODY_ELECTRONICS,B5_AURA_Hybrid,HIGH,0.75,1.0,1.0,1.0,0.0,1.0,1.0,1.0,0.005
V3_DECOY_0299,SEMANTIC_DECOY,D9,ADAS,B0_Full_Suite,HIGH,0.75,1.0,0.0,0.0,1.0,0.0,0.0,1.0,0.1
V3_DECOY_0299,SEMANTIC_DECOY,D9,ADAS,B1_Keyword,HIGH,0.75,1.0,0.0,0.0,1.0,0.0,0.9294,1.0,0.376
V3_DECOY_0299,SEMANTIC_DECOY,D9,ADAS,B2_Raw_Embedding,HIGH,0.75,1.0,0.0,0.0,1.0,0.0,0.8824,1.0,0.592
V3_DECOY_0299,SEMANTIC_DECOY,D9,ADAS,B3_Graph_Only,HIGH,0.75,1.0,1.0,1.0,0.0,1.0,1.0,1.0,0.002
V3_DECOY_0299,SEMANTIC_DECOY,D9,ADAS,B4_Contextual_Embedding,HIGH,0.75,1.0,0.0,0.0,1.0,0.0,0.8824,1.0,0.731
V3_DECOY_0299,SEMANTIC_DECOY,D9,ADAS,B5_AURA_Hybrid,HIGH,0.75,1.0,1.0,1.0,0.0,1.0,1.0,1.0,0.005
V3_DECOY_0300,SEMANTIC_DECOY,D10,POWERTRAIN,B0_Full_Suite,HIGH,0.7143,1.0,0.0,0.0,1.0,0.0,0.0,1.0,0.1
V3_DECOY_0300,SEMANTIC_DECOY,D10,POWERTRAIN,B1_Keyword,HIGH,0.7143,1.0,0.0,0.0,1.0,0.0,0.3875,1.0,0.363
V3_DECOY_0300,SEMANTIC_DECOY,D10,POWERTRAIN,B2_Raw_Embedding,HIGH,0.7143,1.0,0.0,0.0,1.0,0.0,0.875,1.0,0.511
V3_DECOY_0300,SEMANTIC_DECOY,D10,POWERTRAIN,B3_Graph_Only,HIGH,0.7143,1.0,1.0,1.0,0.0,1.0,1.0,1.0,0.002
V3_DECOY_0300,SEMANTIC_DECOY,D10,POWERTRAIN,B4_Contextual_Embedding,HIGH,0.7143,1.0,0.0,0.0,1.0,0.0,0.875,1.0,0.696
V3_DECOY_0300,SEMANTIC_DECOY,D10,POWERTRAIN,B5_AURA_Hybrid,HIGH,0.7143,1.0,1.0,1.0,0.0,1.0,1.0,1.0,0.005
V3_DECOY_0301,SEMANTIC_DECOY,D1,BODY_ELECTRONICS,B0_Full_Suite,HIGH,0.6667,1.0,0.0,0.0,1.0,0.0,0.0,1.0,0.1
V3_DECOY_0301,SEMANTIC_DECOY,D1,BODY_ELECTRONICS,B1_Keyword,HIGH,0.6667,1.0,0.0,0.0,1.0,0.0,0.8333,1.0,0.355
V3_DECOY_0301,SEMANTIC_DECOY,D1,BODY_ELECTRONICS,B2_Raw_Embedding,HIGH,0.6667,1.0,0.0,0.0,1.0,0.0,0.8125,1.0,0.381
V3_DECOY_0301,SEMANTIC_DECOY,D1,BODY_ELECTRONICS,B3_Graph_Only,HIGH,0.6667,1.0,1.0,1.0,0.0,1.0,1.0,1.0,0.002
V3_DECOY_0301,SEMANTIC_DECOY,D1,BODY_ELECTRONICS,B4_Contextual_Embedding,HIGH,0.6667,1.0,0.0,0.0,1.0,0.0,0.8125,1.0,0.545
V3_DECOY_0301,SEMANTIC_DECOY,D1,BODY_ELECTRONICS,B5_AURA_Hybrid,HIGH,0.6667,1.0,1.0,1.0,0.0,1.0,1.0,1.0,0.005
V3_DECOY_0302,SEMANTIC_DECOY,D2,ADAS,B0_Full_Suite,HIGH,0.75,1.0,0.0,0.0,1.0,0.0,0.0,1.0,0.1
V3_DECOY_0302,SEMANTIC_DECOY,D2,ADAS,B1_Keyword,HIGH,0.75,1.0,0.0,0.0,1.0,0.0,0.9059,1.0,0.392
V3_DECOY_0302,SEMANTIC_DECOY,D2,ADAS,B2_Raw_Embedding,HIGH,0.75,1.0,0.0,0.0,1.0,0.0,0.8941,1.0,0.524
V3_DECOY_0302,SEMANTIC_DECOY,D2,ADAS,B3_Graph_Only,HIGH,0.75,1.0,1.0,1.0,0.0,1.0,1.0,1.0,0.002
V3_DECOY_0302,SEMANTIC_DECOY,D2,ADAS,B4_Contextual_Embedding,HIGH,0.75,1.0,0.0,0.0,1.0,0.0,0.8941,1.0,0.725
V3_DECOY_0302,SEMANTIC_DECOY,D2,ADAS,B5_AURA_Hybrid,HIGH,0.75,1.0,1.0,1.0,0.0,1.0,1.0,1.0,0.005
V3_DECOY_0303,SEMANTIC_DECOY,D3,POWERTRAIN,B0_Full_Suite,HIGH,0.75,1.0,0.0,0.0,1.0,0.0,0.0,1.0,0.1
V3_DECOY_0303,SEMANTIC_DECOY,D3,POWERTRAIN,B1_Keyword,HIGH,0.75,1.0,1.0,1.0,0.0,1.0,1.0,1.0,0.383
V3_DECOY_0303,SEMANTIC_DECOY,D3,POWERTRAIN,B2_Raw_Embedding,HIGH,0.75,1.0,0.0,0.0,1.0,0.0,0.875,1.0,0.497
V3_DECOY_0303,SEMANTIC_DECOY,D3,POWERTRAIN,B3_Graph_Only,HIGH,0.75,1.0,1.0,1.0,0.0,1.0,1.0,1.0,0.002
V3_DECOY_0303,SEMANTIC_DECOY,D3,POWERTRAIN,B4_Contextual_Embedding,HIGH,0.75,1.0,0.0,0.0,1.0,0.0,0.875,1.0,0.687
V3_DECOY_0303,SEMANTIC_DECOY,D3,POWERTRAIN,B5_AURA_Hybrid,HIGH,0.75,1.0,1.0,1.0,0.0,1.0,1.0,1.0,0.005
V3_DECOY_0304,SEMANTIC_DECOY,D4,POWERTRAIN,B0_Full_Suite,HIGH,0.75,1.0,0.0,0.0,1.0,0.0,0.0,1.0,0.1
V3_DECOY_0304,SEMANTIC_DECOY,D4,POWERTRAIN,B1_Keyword,HIGH,0.75,1.0,0.0,0.0,1.0,0.0,1.0,1.0,0.371
V3_DECOY_0304,SEMANTIC_DECOY,D4,POWERTRAIN,B2_Raw_Embedding,HIGH,0.75,1.0,0.0,0.0,1.0,0.0,0.875,1.0,0.434
V3_DECOY_0304,SEMANTIC_DECOY,D4,POWERTRAIN,B3_Graph_Only,HIGH,0.75,1.0,1.0,1.0,0.0,1.0,1.0,1.0,0.002
V3_DECOY_0304,SEMANTIC_DECOY,D4,POWERTRAIN,B4_Contextual_Embedding,HIGH,0.75,1.0,0.0,0.0,1.0,0.0,0.875,1.0,0.664
V3_DECOY_0304,SEMANTIC_DECOY,D4,POWERTRAIN,B5_AURA_Hybrid,HIGH,0.75,1.0,1.0,1.0,0.0,1.0,1.0,1.0,0.005
V3_DECOY_0305,SEMANTIC_DECOY,D5,ADAS,B0_Full_Suite,HIGH,0.7143,1.0,0.0,0.0,1.0,0.0,0.0,1.0,0.1
V3_DECOY_0305,SEMANTIC_DECOY,D5,ADAS,B1_Keyword,HIGH,0.7143,1.0,0.0,0.0,1.0,0.0,0.8941,1.0,0.393
V3_DECOY_0305,SEMANTIC_DECOY,D5,ADAS,B2_Raw_Embedding,HIGH,0.7143,1.0,0.0,0.0,1.0,0.0,0.8824,1.0,0.502
V3_DECOY_0305,SEMANTIC_DECOY,D5,ADAS,B3_Graph_Only,HIGH,0.7143,1.0,1.0,1.0,0.0,1.0,1.0,1.0,0.002
V3_DECOY_0305,SEMANTIC_DECOY,D5,ADAS,B4_Contextual_Embedding,HIGH,0.7143,1.0,0.0,0.0,1.0,0.0,0.8824,1.0,0.743
V3_DECOY_0305,SEMANTIC_DECOY,D5,ADAS,B5_AURA_Hybrid,HIGH,0.7143,1.0,1.0,1.0,0.0,1.0,1.0,1.0,0.005
V3_DECOY_0306,SEMANTIC_DECOY,D6,ADAS,B0_Full_Suite,HIGH,0.7778,1.0,0.0,0.0,1.0,0.0,0.0,1.0,0.1
V3_DECOY_0306,SEMANTIC_DECOY,D6,ADAS,B1_Keyword,HIGH,0.7778,1.0,0.0,0.0,1.0,0.0,0.9176,1.0,0.384
V3_DECOY_0306,SEMANTIC_DECOY,D6,ADAS,B2_Raw_Embedding,HIGH,0.7778,1.0,0.0,0.0,1.0,0.0,0.8824,1.0,0.531
V3_DECOY_0306,SEMANTIC_DECOY,D6,ADAS,B3_Graph_Only,HIGH,0.7778,1.0,1.0,1.0,0.0,1.0,1.0,1.0,0.002
V3_DECOY_0306,SEMANTIC_DECOY,D6,ADAS,B4_Contextual_Embedding,HIGH,0.7778,1.0,0.0,0.0,1.0,0.0,0.8824,1.0,0.715
V3_DECOY_0306,SEMANTIC_DECOY,D6,ADAS,B5_AURA_Hybrid,HIGH,0.7778,1.0,1.0,1.0,0.0,1.0,1.0,1.0,0.005
V3_DECOY_0307,SEMANTIC_DECOY,D7,POWERTRAIN,B0_Full_Suite,HIGH,0.7143,1.0,0.0,0.0,1.0,0.0,0.0,1.0,0.1
V3_DECOY_0307,SEMANTIC_DECOY,D7,POWERTRAIN,B1_Keyword,HIGH,0.7143,1.0,0.0,0.0,1.0,0.0,0.8625,1.0,0.369
V3_DECOY_0307,SEMANTIC_DECOY,D7,POWERTRAIN,B2_Raw_Embedding,HIGH,0.7143,1.0,0.0,0.0,1.0,0.0,0.8875,1.0,0.465
V3_DECOY_0307,SEMANTIC_DECOY,D7,POWERTRAIN,B3_Graph_Only,HIGH,0.7143,1.0,1.0,1.0,0.0,1.0,1.0,1.0,0.002
V3_DECOY_0307,SEMANTIC_DECOY,D7,POWERTRAIN,B4_Contextual_Embedding,HIGH,0.7143,1.0,0.0,0.0,1.0,0.0,0.875,1.0,0.645
V3_DECOY_0307,SEMANTIC_DECOY,D7,POWERTRAIN,B5_AURA_Hybrid,HIGH,0.7143,1.0,1.0,1.0,0.0,1.0,1.0,1.0,0.005
V3_DECOY_0308,SEMANTIC_DECOY,D8,BODY_ELECTRONICS,B0_Full_Suite,HIGH,0.75,1.0,0.0,0.0,1.0,0.0,0.0,1.0,0.1
V3_DECOY_0308,SEMANTIC_DECOY,D8,BODY_ELECTRONICS,B1_Keyword,HIGH,0.75,1.0,0.0,0.0,1.0,0.0,0.875,1.0,0.334
V3_DECOY_0308,SEMANTIC_DECOY,D8,BODY_ELECTRONICS,B2_Raw_Embedding,HIGH,0.75,1.0,0.0,0.0,1.0,0.0,0.7917,1.0,0.428
V3_DECOY_0308,SEMANTIC_DECOY,D8,BODY_ELECTRONICS,B3_Graph_Only,HIGH,0.75,1.0,1.0,1.0,0.0,1.0,1.0,1.0,0.002
V3_DECOY_0308,SEMANTIC_DECOY,D8,BODY_ELECTRONICS,B4_Contextual_Embedding,HIGH,0.75,1.0,0.0,0.0,1.0,0.0,0.7917,1.0,0.563
V3_DECOY_0308,SEMANTIC_DECOY,D8,BODY_ELECTRONICS,B5_AURA_Hybrid,HIGH,0.75,1.0,1.0,1.0,0.0,1.0,1.0,1.0,0.005
V3_DECOY_0309,SEMANTIC_DECOY,D9,ADAS,B0_Full_Suite,HIGH,0.75,1.0,0.0,0.0,1.0,0.0,0.0,1.0,0.1
V3_DECOY_0309,SEMANTIC_DECOY,D9,ADAS,B1_Keyword,HIGH,0.75,1.0,0.0,0.0,1.0,0.0,0.9294,1.0,0.382
V3_DECOY_0309,SEMANTIC_DECOY,D9,ADAS,B2_Raw_Embedding,HIGH,0.75,1.0,0.0,0.0,1.0,0.0,0.8824,1.0,0.551
V3_DECOY_0309,SEMANTIC_DECOY,D9,ADAS,B3_Graph_Only,HIGH,0.75,1.0,1.0,1.0,0.0,1.0,1.0,1.0,0.002
V3_DECOY_0309,SEMANTIC_DECOY,D9,ADAS,B4_Contextual_Embedding,HIGH,0.75,1.0,0.0,0.0,1.0,0.0,0.8824,1.0,0.774
V3_DECOY_0309,SEMANTIC_DECOY,D9,ADAS,B5_AURA_Hybrid,HIGH,0.75,1.0,1.0,1.0,0.0,1.0,1.0,1.0,0.005
V3_DECOY_0310,SEMANTIC_DECOY,D10,POWERTRAIN,B0_Full_Suite,HIGH,0.7143,1.0,0.0,0.0,1.0,0.0,0.0,1.0,0.1
V3_DECOY_0310,SEMANTIC_DECOY,D10,POWERTRAIN,B1_Keyword,HIGH,0.7143,1.0,0.0,0.0,1.0,0.0,0.875,1.0,0.382
V3_DECOY_0310,SEMANTIC_DECOY,D10,POWERTRAIN,B2_Raw_Embedding,HIGH,0.7143,1.0,0.0,0.0,1.0,0.0,0.875,1.0,0.51
V3_DECOY_0310,SEMANTIC_DECOY,D10,POWERTRAIN,B3_Graph_Only,HIGH,0.7143,1.0,1.0,1.0,0.0,1.0,1.0,1.0,0.002
V3_DECOY_0310,SEMANTIC_DECOY,D10,POWERTRAIN,B4_Contextual_Embedding,HIGH,0.7143,1.0,0.0,0.0,1.0,0.0,0.875,1.0,0.781
V3_DECOY_0310,SEMANTIC_DECOY,D10,POWERTRAIN,B5_AURA_Hybrid,HIGH,0.7143,1.0,1.0,1.0,0.0,1.0,1.0,1.0,0.005
V3_DECOY_0311,SEMANTIC_DECOY,D1,BODY_ELECTRONICS,B0_Full_Suite,HIGH,0.6667,1.0,0.0,0.0,1.0,0.0,0.0,1.0,0.1
V3_DECOY_0311,SEMANTIC_DECOY,D1,BODY_ELECTRONICS,B1_Keyword,HIGH,0.6667,1.0,0.0,0.0,1.0,0.0,0.8333,1.0,0.349
V3_DECOY_0311,SEMANTIC_DECOY,D1,BODY_ELECTRONICS,B2_Raw_Embedding,HIGH,0.6667,1.0,0.0,0.0,1.0,0.0,0.8125,1.0,0.384
V3_DECOY_0311,SEMANTIC_DECOY,D1,BODY_ELECTRONICS,B3_Graph_Only,HIGH,0.6667,1.0,1.0,1.0,0.0,1.0,1.0,1.0,0.002
V3_DECOY_0311,SEMANTIC_DECOY,D1,BODY_ELECTRONICS,B4_Contextual_Embedding,HIGH,0.6667,1.0,0.0,0.0,1.0,0.0,0.8125,1.0,0.559
V3_DECOY_0311,SEMANTIC_DECOY,D1,BODY_ELECTRONICS,B5_AURA_Hybrid,HIGH,0.6667,1.0,1.0,1.0,0.0,1.0,1.0,1.0,0.005
V3_DECOY_0312,SEMANTIC_DECOY,D2,ADAS,B0_Full_Suite,HIGH,0.75,1.0,0.0,0.0,1.0,0.0,0.0,1.0,0.1
V3_DECOY_0312,SEMANTIC_DECOY,D2,ADAS,B1_Keyword,HIGH,0.75,1.0,0.0,0.0,1.0,0.0,0.9059,1.0,0.447
V3_DECOY_0312,SEMANTIC_DECOY,D2,ADAS,B2_Raw_Embedding,HIGH,0.75,1.0,0.0,0.0,1.0,0.0,0.8941,1.0,0.54
V3_DECOY_0312,SEMANTIC_DECOY,D2,ADAS,B3_Graph_Only,HIGH,0.75,1.0,1.0,1.0,0.0,1.0,1.0,1.0,0.002
V3_DECOY_0312,SEMANTIC_DECOY,D2,ADAS,B4_Contextual_Embedding,HIGH,0.75,1.0,0.0,0.0,1.0,0.0,0.8941,1.0,0.711
V3_DECOY_0312,SEMANTIC_DECOY,D2,ADAS,B5_AURA_Hybrid,HIGH,0.75,1.0,1.0,1.0,0.0,1.0,1.0,1.0,0.005
V3_DECOY_0313,SEMANTIC_DECOY,D3,POWERTRAIN,B0_Full_Suite,HIGH,0.75,1.0,0.0,0.0,1.0,0.0,0.0,1.0,0.1
V3_DECOY_0313,SEMANTIC_DECOY,D3,POWERTRAIN,B1_Keyword,HIGH,0.75,1.0,1.0,1.0,0.0,1.0,1.0,1.0,0.375
V3_DECOY_0313,SEMANTIC_DECOY,D3,POWERTRAIN,B2_Raw_Embedding,HIGH,0.75,1.0,0.0,0.0,1.0,0.0,0.875,1.0,0.482
V3_DECOY_0313,SEMANTIC_DECOY,D3,POWERTRAIN,B3_Graph_Only,HIGH,0.75,1.0,1.0,1.0,0.0,1.0,1.0,1.0,0.002
V3_DECOY_0313,SEMANTIC_DECOY,D3,POWERTRAIN,B4_Contextual_Embedding,HIGH,0.75,1.0,0.0,0.0,1.0,0.0,0.875,1.0,0.659
V3_DECOY_0313,SEMANTIC_DECOY,D3,POWERTRAIN,B5_AURA_Hybrid,HIGH,0.75,1.0,1.0,1.0,0.0,1.0,1.0,1.0,0.005
V3_DECOY_0314,SEMANTIC_DECOY,D4,POWERTRAIN,B0_Full_Suite,HIGH,0.75,1.0,0.0,0.0,1.0,0.0,0.0,1.0,0.1
V3_DECOY_0314,SEMANTIC_DECOY,D4,POWERTRAIN,B1_Keyword,HIGH,0.75,1.0,0.0,0.0,1.0,0.0,1.0,1.0,0.397
V3_DECOY_0314,SEMANTIC_DECOY,D4,POWERTRAIN,B2_Raw_Embedding,HIGH,0.75,1.0,0.0,0.0,1.0,0.0,0.875,1.0,0.441
V3_DECOY_0314,SEMANTIC_DECOY,D4,POWERTRAIN,B3_Graph_Only,HIGH,0.75,1.0,1.0,1.0,0.0,1.0,1.0,1.0,0.002
V3_DECOY_0314,SEMANTIC_DECOY,D4,POWERTRAIN,B4_Contextual_Embedding,HIGH,0.75,1.0,0.0,0.0,1.0,0.0,0.875,1.0,0.655
V3_DECOY_0314,SEMANTIC_DECOY,D4,POWERTRAIN,B5_AURA_Hybrid,HIGH,0.75,1.0,1.0,1.0,0.0,1.0,1.0,1.0,0.005
V3_DECOY_0315,SEMANTIC_DECOY,D5,ADAS,B0_Full_Suite,HIGH,0.7143,1.0,0.0,0.0,1.0,0.0,0.0,1.0,0.1
V3_DECOY_0315,SEMANTIC_DECOY,D5,ADAS,B1_Keyword,HIGH,0.7143,1.0,0.0,0.0,1.0,0.0,0.8941,1.0,0.389
V3_DECOY_0315,SEMANTIC_DECOY,D5,ADAS,B2_Raw_Embedding,HIGH,0.7143,1.0,0.0,0.0,1.0,0.0,0.8824,1.0,0.501
V3_DECOY_0315,SEMANTIC_DECOY,D5,ADAS,B3_Graph_Only,HIGH,0.7143,1.0,1.0,1.0,0.0,1.0,1.0,1.0,0.002
V3_DECOY_0315,SEMANTIC_DECOY,D5,ADAS,B4_Contextual_Embedding,HIGH,0.7143,1.0,0.0,0.0,1.0,0.0,0.8824,1.0,0.71
V3_DECOY_0315,SEMANTIC_DECOY,D5,ADAS,B5_AURA_Hybrid,HIGH,0.7143,1.0,1.0,1.0,0.0,1.0,1.0,1.0,0.005
V3_DECOY_0316,SEMANTIC_DECOY,D6,ADAS,B0_Full_Suite,HIGH,0.7778,1.0,0.0,0.0,1.0,0.0,0.0,1.0,0.1
V3_DECOY_0316,SEMANTIC_DECOY,D6,ADAS,B1_Keyword,HIGH,0.7778,1.0,0.0,0.0,1.0,0.0,0.9176,1.0,0.39
V3_DECOY_0316,SEMANTIC_DECOY,D6,ADAS,B2_Raw_Embedding,HIGH,0.7778,1.0,0.0,0.0,1.0,0.0,0.8824,1.0,0.529
V3_DECOY_0316,SEMANTIC_DECOY,D6,ADAS,B3_Graph_Only,HIGH,0.7778,1.0,1.0,1.0,0.0,1.0,1.0,1.0,0.002
V3_DECOY_0316,SEMANTIC_DECOY,D6,ADAS,B4_Contextual_Embedding,HIGH,0.7778,1.0,0.0,0.0,1.0,0.0,0.8824,1.0,0.712
V3_DECOY_0316,SEMANTIC_DECOY,D6,ADAS,B5_AURA_Hybrid,HIGH,0.7778,1.0,1.0,1.0,0.0,1.0,1.0,1.0,0.005
V3_DECOY_0317,SEMANTIC_DECOY,D7,POWERTRAIN,B0_Full_Suite,HIGH,0.7143,1.0,0.0,0.0,1.0,0.0,0.0,1.0,0.1
V3_DECOY_0317,SEMANTIC_DECOY,D7,POWERTRAIN,B1_Keyword,HIGH,0.7143,1.0,0.0,0.0,1.0,0.0,0.8625,1.0,0.379
V3_DECOY_0317,SEMANTIC_DECOY,D7,POWERTRAIN,B2_Raw_Embedding,HIGH,0.7143,1.0,0.0,0.0,1.0,0.0,0.8875,1.0,0.455
V3_DECOY_0317,SEMANTIC_DECOY,D7,POWERTRAIN,B3_Graph_Only,HIGH,0.7143,1.0,1.0,1.0,0.0,1.0,1.0,1.0,0.002
V3_DECOY_0317,SEMANTIC_DECOY,D7,POWERTRAIN,B4_Contextual_Embedding,HIGH,0.7143,1.0,0.0,0.0,1.0,0.0,0.875,1.0,0.654
V3_DECOY_0317,SEMANTIC_DECOY,D7,POWERTRAIN,B5_AURA_Hybrid,HIGH,0.7143,1.0,1.0,1.0,0.0,1.0,1.0,1.0,0.005
V3_DECOY_0318,SEMANTIC_DECOY,D8,BODY_ELECTRONICS,B0_Full_Suite,HIGH,0.75,1.0,0.0,0.0,1.0,0.0,0.0,1.0,0.1
V3_DECOY_0318,SEMANTIC_DECOY,D8,BODY_ELECTRONICS,B1_Keyword,HIGH,0.75,1.0,0.0,0.0,1.0,0.0,0.875,1.0,0.356
V3_DECOY_0318,SEMANTIC_DECOY,D8,BODY_ELECTRONICS,B2_Raw_Embedding,HIGH,0.75,1.0,0.0,0.0,1.0,0.0,0.7917,1.0,0.404
V3_DECOY_0318,SEMANTIC_DECOY,D8,BODY_ELECTRONICS,B3_Graph_Only,HIGH,0.75,1.0,1.0,1.0,0.0,1.0,1.0,1.0,0.002
V3_DECOY_0318,SEMANTIC_DECOY,D8,BODY_ELECTRONICS,B4_Contextual_Embedding,HIGH,0.75,1.0,0.0,0.0,1.0,0.0,0.7917,1.0,0.586
V3_DECOY_0318,SEMANTIC_DECOY,D8,BODY_ELECTRONICS,B5_AURA_Hybrid,HIGH,0.75,1.0,1.0,1.0,0.0,1.0,1.0,1.0,0.005
V3_DECOY_0319,SEMANTIC_DECOY,D9,ADAS,B0_Full_Suite,HIGH,0.75,1.0,0.0,0.0,1.0,0.0,0.0,1.0,0.1
V3_DECOY_0319,SEMANTIC_DECOY,D9,ADAS,B1_Keyword,HIGH,0.75,1.0,0.0,0.0,1.0,0.0,0.9294,1.0,0.387
V3_DECOY_0319,SEMANTIC_DECOY,D9,ADAS,B2_Raw_Embedding,HIGH,0.75,1.0,0.0,0.0,1.0,0.0,0.8824,1.0,0.597
V3_DECOY_0319,SEMANTIC_DECOY,D9,ADAS,B3_Graph_Only,HIGH,0.75,1.0,1.0,1.0,0.0,1.0,1.0,1.0,0.002
V3_DECOY_0319,SEMANTIC_DECOY,D9,ADAS,B4_Contextual_Embedding,HIGH,0.75,1.0,0.0,0.0,1.0,0.0,0.8824,1.0,0.79
V3_DECOY_0319,SEMANTIC_DECOY,D9,ADAS,B5_AURA_Hybrid,HIGH,0.75,1.0,1.0,1.0,0.0,1.0,1.0,1.0,0.006
V3_DECOY_0320,SEMANTIC_DECOY,D10,POWERTRAIN,B0_Full_Suite,HIGH,0.7143,1.0,0.0,0.0,1.0,0.0,0.0,1.0,0.1
V3_DECOY_0320,SEMANTIC_DECOY,D10,POWERTRAIN,B1_Keyword,HIGH,0.7143,1.0,0.0,0.0,1.0,0.0,0.7375,1.0,0.388
V3_DECOY_0320,SEMANTIC_DECOY,D10,POWERTRAIN,B2_Raw_Embedding,HIGH,0.7143,1.0,0.0,0.0,1.0,0.0,0.875,1.0,0.537
V3_DECOY_0320,SEMANTIC_DECOY,D10,POWERTRAIN,B3_Graph_Only,HIGH,0.7143,1.0,1.0,1.0,0.0,1.0,1.0,1.0,0.002
V3_DECOY_0320,SEMANTIC_DECOY,D10,POWERTRAIN,B4_Contextual_Embedding,HIGH,0.7143,1.0,0.0,0.0,1.0,0.0,0.875,1.0,0.686
V3_DECOY_0320,SEMANTIC_DECOY,D10,POWERTRAIN,B5_AURA_Hybrid,HIGH,0.7143,1.0,1.0,1.0,0.0,1.0,1.0,1.0,0.005
V3_DECOY_0321,SEMANTIC_DECOY,D1,BODY_ELECTRONICS,B0_Full_Suite,HIGH,0.6667,1.0,0.0,0.0,1.0,0.0,0.0,1.0,0.1
V3_DECOY_0321,SEMANTIC_DECOY,D1,BODY_ELECTRONICS,B1_Keyword,HIGH,0.6667,1.0,0.0,0.0,1.0,0.0,0.8333,1.0,0.349
V3_DECOY_0321,SEMANTIC_DECOY,D1,BODY_ELECTRONICS,B2_Raw_Embedding,HIGH,0.6667,1.0,0.0,0.0,1.0,0.0,0.8125,1.0,0.419
V3_DECOY_0321,SEMANTIC_DECOY,D1,BODY_ELECTRONICS,B3_Graph_Only,HIGH,0.6667,1.0,1.0,1.0,0.0,1.0,1.0,1.0,0.002
V3_DECOY_0321,SEMANTIC_DECOY,D1,BODY_ELECTRONICS,B4_Contextual_Embedding,HIGH,0.6667,1.0,0.0,0.0,1.0,0.0,0.8125,1.0,0.583
V3_DECOY_0321,SEMANTIC_DECOY,D1,BODY_ELECTRONICS,B5_AURA_Hybrid,HIGH,0.6667,1.0,1.0,1.0,0.0,1.0,1.0,1.0,0.005
V3_DECOY_0322,SEMANTIC_DECOY,D2,ADAS,B0_Full_Suite,HIGH,0.75,1.0,0.0,0.0,1.0,0.0,0.0,1.0,0.1
V3_DECOY_0322,SEMANTIC_DECOY,D2,ADAS,B1_Keyword,HIGH,0.75,1.0,0.0,0.0,1.0,0.0,0.9059,1.0,0.382
V3_DECOY_0322,SEMANTIC_DECOY,D2,ADAS,B2_Raw_Embedding,HIGH,0.75,1.0,0.0,0.0,1.0,0.0,0.8941,1.0,0.51
V3_DECOY_0322,SEMANTIC_DECOY,D2,ADAS,B3_Graph_Only,HIGH,0.75,1.0,1.0,1.0,0.0,1.0,1.0,1.0,0.002
V3_DECOY_0322,SEMANTIC_DECOY,D2,ADAS,B4_Contextual_Embedding,HIGH,0.75,1.0,0.0,0.0,1.0,0.0,0.8941,1.0,0.721
V3_DECOY_0322,SEMANTIC_DECOY,D2,ADAS,B5_AURA_Hybrid,HIGH,0.75,1.0,1.0,1.0,0.0,1.0,1.0,1.0,0.006
V3_DECOY_0323,SEMANTIC_DECOY,D3,POWERTRAIN,B0_Full_Suite,HIGH,0.75,1.0,0.0,0.0,1.0,0.0,0.0,1.0,0.1
V3_DECOY_0323,SEMANTIC_DECOY,D3,POWERTRAIN,B1_Keyword,HIGH,0.75,1.0,0.0,0.0,1.0,0.0,0.9875,1.0,0.372
V3_DECOY_0323,SEMANTIC_DECOY,D3,POWERTRAIN,B2_Raw_Embedding,HIGH,0.75,1.0,0.0,0.0,1.0,0.0,0.875,1.0,0.49
V3_DECOY_0323,SEMANTIC_DECOY,D3,POWERTRAIN,B3_Graph_Only,HIGH,0.75,1.0,1.0,1.0,0.0,1.0,1.0,1.0,0.002
V3_DECOY_0323,SEMANTIC_DECOY,D3,POWERTRAIN,B4_Contextual_Embedding,HIGH,0.75,1.0,0.0,0.0,1.0,0.0,0.875,1.0,0.673
V3_DECOY_0323,SEMANTIC_DECOY,D3,POWERTRAIN,B5_AURA_Hybrid,HIGH,0.75,1.0,1.0,1.0,0.0,1.0,1.0,1.0,0.006
V3_DECOY_0324,SEMANTIC_DECOY,D4,POWERTRAIN,B0_Full_Suite,HIGH,0.75,1.0,0.0,0.0,1.0,0.0,0.0,1.0,0.1
V3_DECOY_0324,SEMANTIC_DECOY,D4,POWERTRAIN,B1_Keyword,HIGH,0.75,1.0,0.0,0.0,1.0,0.0,0.9875,1.0,0.358
V3_DECOY_0324,SEMANTIC_DECOY,D4,POWERTRAIN,B2_Raw_Embedding,HIGH,0.75,1.0,0.0,0.0,1.0,0.0,0.875,1.0,0.423
V3_DECOY_0324,SEMANTIC_DECOY,D4,POWERTRAIN,B3_Graph_Only,HIGH,0.75,1.0,1.0,1.0,0.0,1.0,1.0,1.0,0.002
V3_DECOY_0324,SEMANTIC_DECOY,D4,POWERTRAIN,B4_Contextual_Embedding,HIGH,0.75,1.0,0.0,0.0,1.0,0.0,0.875,1.0,0.646
V3_DECOY_0324,SEMANTIC_DECOY,D4,POWERTRAIN,B5_AURA_Hybrid,HIGH,0.75,1.0,1.0,1.0,0.0,1.0,1.0,1.0,0.005
V3_DECOY_0325,SEMANTIC_DECOY,D5,ADAS,B0_Full_Suite,HIGH,0.7143,1.0,0.0,0.0,1.0,0.0,0.0,1.0,0.1
V3_DECOY_0325,SEMANTIC_DECOY,D5,ADAS,B1_Keyword,HIGH,0.7143,1.0,0.0,0.0,1.0,0.0,0.8941,1.0,0.387
V3_DECOY_0325,SEMANTIC_DECOY,D5,ADAS,B2_Raw_Embedding,HIGH,0.7143,1.0,0.0,0.0,1.0,0.0,0.8824,1.0,0.497
V3_DECOY_0325,SEMANTIC_DECOY,D5,ADAS,B3_Graph_Only,HIGH,0.7143,1.0,1.0,1.0,0.0,1.0,1.0,1.0,0.002
V3_DECOY_0325,SEMANTIC_DECOY,D5,ADAS,B4_Contextual_Embedding,HIGH,0.7143,1.0,0.0,0.0,1.0,0.0,0.8824,1.0,0.723
V3_DECOY_0325,SEMANTIC_DECOY,D5,ADAS,B5_AURA_Hybrid,HIGH,0.7143,1.0,1.0,1.0,0.0,1.0,1.0,1.0,0.005
V3_DECOY_0326,SEMANTIC_DECOY,D6,ADAS,B0_Full_Suite,HIGH,0.7778,1.0,0.0,0.0,1.0,0.0,0.0,1.0,0.1
V3_DECOY_0326,SEMANTIC_DECOY,D6,ADAS,B1_Keyword,HIGH,0.7778,1.0,0.0,0.0,1.0,0.0,0.9176,1.0,0.4
V3_DECOY_0326,SEMANTIC_DECOY,D6,ADAS,B2_Raw_Embedding,HIGH,0.7778,1.0,0.0,0.0,1.0,0.0,0.8824,1.0,0.525
V3_DECOY_0326,SEMANTIC_DECOY,D6,ADAS,B3_Graph_Only,HIGH,0.7778,1.0,1.0,1.0,0.0,1.0,1.0,1.0,0.002
V3_DECOY_0326,SEMANTIC_DECOY,D6,ADAS,B4_Contextual_Embedding,HIGH,0.7778,1.0,0.0,0.0,1.0,0.0,0.8824,1.0,0.709
V3_DECOY_0326,SEMANTIC_DECOY,D6,ADAS,B5_AURA_Hybrid,HIGH,0.7778,1.0,1.0,1.0,0.0,1.0,1.0,1.0,0.005
V3_DECOY_0327,SEMANTIC_DECOY,D7,POWERTRAIN,B0_Full_Suite,HIGH,0.7143,1.0,0.0,0.0,1.0,0.0,0.0,1.0,0.1
V3_DECOY_0327,SEMANTIC_DECOY,D7,POWERTRAIN,B1_Keyword,HIGH,0.7143,1.0,0.0,0.0,1.0,0.0,0.8625,1.0,0.387
V3_DECOY_0327,SEMANTIC_DECOY,D7,POWERTRAIN,B2_Raw_Embedding,HIGH,0.7143,1.0,0.0,0.0,1.0,0.0,0.8875,1.0,0.463
V3_DECOY_0327,SEMANTIC_DECOY,D7,POWERTRAIN,B3_Graph_Only,HIGH,0.7143,1.0,1.0,1.0,0.0,1.0,1.0,1.0,0.002
V3_DECOY_0327,SEMANTIC_DECOY,D7,POWERTRAIN,B4_Contextual_Embedding,HIGH,0.7143,1.0,0.0,0.0,1.0,0.0,0.875,1.0,0.638
V3_DECOY_0327,SEMANTIC_DECOY,D7,POWERTRAIN,B5_AURA_Hybrid,HIGH,0.7143,1.0,1.0,1.0,0.0,1.0,1.0,1.0,0.005
V3_DECOY_0328,SEMANTIC_DECOY,D8,BODY_ELECTRONICS,B0_Full_Suite,HIGH,0.75,1.0,0.0,0.0,1.0,0.0,0.0,1.0,0.1
V3_DECOY_0328,SEMANTIC_DECOY,D8,BODY_ELECTRONICS,B1_Keyword,HIGH,0.75,1.0,0.0,0.0,1.0,0.0,0.875,1.0,0.347
V3_DECOY_0328,SEMANTIC_DECOY,D8,BODY_ELECTRONICS,B2_Raw_Embedding,HIGH,0.75,1.0,0.0,0.0,1.0,0.0,0.7917,1.0,0.409
V3_DECOY_0328,SEMANTIC_DECOY,D8,BODY_ELECTRONICS,B3_Graph_Only,HIGH,0.75,1.0,1.0,1.0,0.0,1.0,1.0,1.0,0.002
V3_DECOY_0328,SEMANTIC_DECOY,D8,BODY_ELECTRONICS,B4_Contextual_Embedding,HIGH,0.75,1.0,0.0,0.0,1.0,0.0,0.7917,1.0,0.629
V3_DECOY_0328,SEMANTIC_DECOY,D8,BODY_ELECTRONICS,B5_AURA_Hybrid,HIGH,0.75,1.0,1.0,1.0,0.0,1.0,1.0,1.0,0.006
V3_DECOY_0329,SEMANTIC_DECOY,D9,ADAS,B0_Full_Suite,HIGH,0.75,1.0,0.0,0.0,1.0,0.0,0.0,1.0,0.1
V3_DECOY_0329,SEMANTIC_DECOY,D9,ADAS,B1_Keyword,HIGH,0.75,1.0,0.0,0.0,1.0,0.0,0.9294,1.0,0.412
V3_DECOY_0329,SEMANTIC_DECOY,D9,ADAS,B2_Raw_Embedding,HIGH,0.75,1.0,0.0,0.0,1.0,0.0,0.8824,1.0,0.58
V3_DECOY_0329,SEMANTIC_DECOY,D9,ADAS,B3_Graph_Only,HIGH,0.75,1.0,1.0,1.0,0.0,1.0,1.0,1.0,0.002
V3_DECOY_0329,SEMANTIC_DECOY,D9,ADAS,B4_Contextual_Embedding,HIGH,0.75,1.0,0.0,0.0,1.0,0.0,0.8824,1.0,0.742
V3_DECOY_0329,SEMANTIC_DECOY,D9,ADAS,B5_AURA_Hybrid,HIGH,0.75,1.0,1.0,1.0,0.0,1.0,1.0,1.0,0.005
V3_DECOY_0330,SEMANTIC_DECOY,D10,POWERTRAIN,B0_Full_Suite,HIGH,0.7143,1.0,0.0,0.0,1.0,0.0,0.0,1.0,0.1
V3_DECOY_0330,SEMANTIC_DECOY,D10,POWERTRAIN,B1_Keyword,HIGH,0.7143,1.0,0.0,0.0,1.0,0.0,0.9875,1.0,0.351
V3_DECOY_0330,SEMANTIC_DECOY,D10,POWERTRAIN,B2_Raw_Embedding,HIGH,0.7143,1.0,0.0,0.0,1.0,0.0,0.875,1.0,0.505
V3_DECOY_0330,SEMANTIC_DECOY,D10,POWERTRAIN,B3_Graph_Only,HIGH,0.7143,1.0,1.0,1.0,0.0,1.0,1.0,1.0,0.002
V3_DECOY_0330,SEMANTIC_DECOY,D10,POWERTRAIN,B4_Contextual_Embedding,HIGH,0.7143,1.0,0.0,0.0,1.0,0.0,0.875,1.0,0.712
V3_DECOY_0330,SEMANTIC_DECOY,D10,POWERTRAIN,B5_AURA_Hybrid,HIGH,0.7143,1.0,1.0,1.0,0.0,1.0,1.0,1.0,0.005
V3_DECOY_0331,SEMANTIC_DECOY,D1,BODY_ELECTRONICS,B0_Full_Suite,HIGH,0.6667,1.0,0.0,0.0,1.0,0.0,0.0,1.0,0.1
V3_DECOY_0331,SEMANTIC_DECOY,D1,BODY_ELECTRONICS,B1_Keyword,HIGH,0.6667,1.0,0.0,0.0,1.0,0.0,0.8333,1.0,0.336
V3_DECOY_0331,SEMANTIC_DECOY,D1,BODY_ELECTRONICS,B2_Raw_Embedding,HIGH,0.6667,1.0,0.0,0.0,1.0,0.0,0.8125,1.0,0.382
V3_DECOY_0331,SEMANTIC_DECOY,D1,BODY_ELECTRONICS,B3_Graph_Only,HIGH,0.6667,1.0,1.0,1.0,0.0,1.0,1.0,1.0,0.002
V3_DECOY_0331,SEMANTIC_DECOY,D1,BODY_ELECTRONICS,B4_Contextual_Embedding,HIGH,0.6667,1.0,0.0,0.0,1.0,0.0,0.8125,1.0,0.549
V3_DECOY_0331,SEMANTIC_DECOY,D1,BODY_ELECTRONICS,B5_AURA_Hybrid,HIGH,0.6667,1.0,1.0,1.0,0.0,1.0,1.0,1.0,0.005
V3_DECOY_0332,SEMANTIC_DECOY,D2,ADAS,B0_Full_Suite,HIGH,0.75,1.0,0.0,0.0,1.0,0.0,0.0,1.0,0.1
V3_DECOY_0332,SEMANTIC_DECOY,D2,ADAS,B1_Keyword,HIGH,0.75,1.0,0.0,0.0,1.0,0.0,0.9059,1.0,0.376
V3_DECOY_0332,SEMANTIC_DECOY,D2,ADAS,B2_Raw_Embedding,HIGH,0.75,1.0,0.0,0.0,1.0,0.0,0.8941,1.0,0.553
V3_DECOY_0332,SEMANTIC_DECOY,D2,ADAS,B3_Graph_Only,HIGH,0.75,1.0,1.0,1.0,0.0,1.0,1.0,1.0,0.002
V3_DECOY_0332,SEMANTIC_DECOY,D2,ADAS,B4_Contextual_Embedding,HIGH,0.75,1.0,0.0,0.0,1.0,0.0,0.8941,1.0,0.716
V3_DECOY_0332,SEMANTIC_DECOY,D2,ADAS,B5_AURA_Hybrid,HIGH,0.75,1.0,1.0,1.0,0.0,1.0,1.0,1.0,0.005
V3_DECOY_0333,SEMANTIC_DECOY,D3,POWERTRAIN,B0_Full_Suite,HIGH,0.75,1.0,0.0,0.0,1.0,0.0,0.0,1.0,0.1
V3_DECOY_0333,SEMANTIC_DECOY,D3,POWERTRAIN,B1_Keyword,HIGH,0.75,1.0,0.0,0.0,1.0,0.0,0.9875,1.0,0.342
V3_DECOY_0333,SEMANTIC_DECOY,D3,POWERTRAIN,B2_Raw_Embedding,HIGH,0.75,1.0,0.0,0.0,1.0,0.0,0.875,1.0,0.492
V3_DECOY_0333,SEMANTIC_DECOY,D3,POWERTRAIN,B3_Graph_Only,HIGH,0.75,1.0,1.0,1.0,0.0,1.0,1.0,1.0,0.002
V3_DECOY_0333,SEMANTIC_DECOY,D3,POWERTRAIN,B4_Contextual_Embedding,HIGH,0.75,1.0,0.0,0.0,1.0,0.0,0.875,1.0,0.673
V3_DECOY_0333,SEMANTIC_DECOY,D3,POWERTRAIN,B5_AURA_Hybrid,HIGH,0.75,1.0,1.0,1.0,0.0,1.0,1.0,1.0,0.005
V3_DECOY_0334,SEMANTIC_DECOY,D4,POWERTRAIN,B0_Full_Suite,HIGH,0.75,1.0,0.0,0.0,1.0,0.0,0.0,1.0,0.1
V3_DECOY_0334,SEMANTIC_DECOY,D4,POWERTRAIN,B1_Keyword,HIGH,0.75,1.0,0.0,0.0,1.0,0.0,0.9875,1.0,0.38
V3_DECOY_0334,SEMANTIC_DECOY,D4,POWERTRAIN,B2_Raw_Embedding,HIGH,0.75,1.0,0.0,0.0,1.0,0.0,0.875,1.0,0.438
V3_DECOY_0334,SEMANTIC_DECOY,D4,POWERTRAIN,B3_Graph_Only,HIGH,0.75,1.0,1.0,1.0,0.0,1.0,1.0,1.0,0.002
V3_DECOY_0334,SEMANTIC_DECOY,D4,POWERTRAIN,B4_Contextual_Embedding,HIGH,0.75,1.0,0.0,0.0,1.0,0.0,0.875,1.0,0.649
V3_DECOY_0334,SEMANTIC_DECOY,D4,POWERTRAIN,B5_AURA_Hybrid,HIGH,0.75,1.0,1.0,1.0,0.0,1.0,1.0,1.0,0.006
V3_DECOY_0335,SEMANTIC_DECOY,D5,ADAS,B0_Full_Suite,HIGH,0.7143,1.0,0.0,0.0,1.0,0.0,0.0,1.0,0.1
V3_DECOY_0335,SEMANTIC_DECOY,D5,ADAS,B1_Keyword,HIGH,0.7143,1.0,0.0,0.0,1.0,0.0,0.8941,1.0,0.376
V3_DECOY_0335,SEMANTIC_DECOY,D5,ADAS,B2_Raw_Embedding,HIGH,0.7143,1.0,0.0,0.0,1.0,0.0,0.8824,1.0,0.5
V3_DECOY_0335,SEMANTIC_DECOY,D5,ADAS,B3_Graph_Only,HIGH,0.7143,1.0,1.0,1.0,0.0,1.0,1.0,1.0,0.002
V3_DECOY_0335,SEMANTIC_DECOY,D5,ADAS,B4_Contextual_Embedding,HIGH,0.7143,1.0,0.0,0.0,1.0,0.0,0.8824,1.0,0.716
V3_DECOY_0335,SEMANTIC_DECOY,D5,ADAS,B5_AURA_Hybrid,HIGH,0.7143,1.0,1.0,1.0,0.0,1.0,1.0,1.0,0.006
V3_DECOY_0336,SEMANTIC_DECOY,D6,ADAS,B0_Full_Suite,HIGH,0.7778,1.0,0.0,0.0,1.0,0.0,0.0,1.0,0.1
V3_DECOY_0336,SEMANTIC_DECOY,D6,ADAS,B1_Keyword,HIGH,0.7778,1.0,0.0,0.0,1.0,0.0,0.9176,1.0,0.371
V3_DECOY_0336,SEMANTIC_DECOY,D6,ADAS,B2_Raw_Embedding,HIGH,0.7778,1.0,0.0,0.0,1.0,0.0,0.8824,1.0,0.535
V3_DECOY_0336,SEMANTIC_DECOY,D6,ADAS,B3_Graph_Only,HIGH,0.7778,1.0,1.0,1.0,0.0,1.0,1.0,1.0,0.002
V3_DECOY_0336,SEMANTIC_DECOY,D6,ADAS,B4_Contextual_Embedding,HIGH,0.7778,1.0,0.0,0.0,1.0,0.0,0.8824,1.0,0.732
V3_DECOY_0336,SEMANTIC_DECOY,D6,ADAS,B5_AURA_Hybrid,HIGH,0.7778,1.0,1.0,1.0,0.0,1.0,1.0,1.0,0.006
V3_DECOY_0337,SEMANTIC_DECOY,D7,POWERTRAIN,B0_Full_Suite,HIGH,0.7143,1.0,0.0,0.0,1.0,0.0,0.0,1.0,0.1
V3_DECOY_0337,SEMANTIC_DECOY,D7,POWERTRAIN,B1_Keyword,HIGH,0.7143,1.0,0.0,0.0,1.0,0.0,0.85,1.0,0.392
V3_DECOY_0337,SEMANTIC_DECOY,D7,POWERTRAIN,B2_Raw_Embedding,HIGH,0.7143,1.0,0.0,0.0,1.0,0.0,0.8875,1.0,0.463
V3_DECOY_0337,SEMANTIC_DECOY,D7,POWERTRAIN,B3_Graph_Only,HIGH,0.7143,1.0,1.0,1.0,0.0,1.0,1.0,1.0,0.002
V3_DECOY_0337,SEMANTIC_DECOY,D7,POWERTRAIN,B4_Contextual_Embedding,HIGH,0.7143,1.0,0.0,0.0,1.0,0.0,0.875,1.0,0.642
V3_DECOY_0337,SEMANTIC_DECOY,D7,POWERTRAIN,B5_AURA_Hybrid,HIGH,0.7143,1.0,1.0,1.0,0.0,1.0,1.0,1.0,0.005
V3_DECOY_0338,SEMANTIC_DECOY,D8,BODY_ELECTRONICS,B0_Full_Suite,HIGH,0.75,1.0,0.0,0.0,1.0,0.0,0.0,1.0,0.1
V3_DECOY_0338,SEMANTIC_DECOY,D8,BODY_ELECTRONICS,B1_Keyword,HIGH,0.75,1.0,0.0,0.0,1.0,0.0,0.875,1.0,0.355
V3_DECOY_0338,SEMANTIC_DECOY,D8,BODY_ELECTRONICS,B2_Raw_Embedding,HIGH,0.75,1.0,0.0,0.0,1.0,0.0,0.7917,1.0,0.548
V3_DECOY_0338,SEMANTIC_DECOY,D8,BODY_ELECTRONICS,B3_Graph_Only,HIGH,0.75,1.0,1.0,1.0,0.0,1.0,1.0,1.0,0.002
V3_DECOY_0338,SEMANTIC_DECOY,D8,BODY_ELECTRONICS,B4_Contextual_Embedding,HIGH,0.75,1.0,0.0,0.0,1.0,0.0,0.7917,1.0,0.576
V3_DECOY_0338,SEMANTIC_DECOY,D8,BODY_ELECTRONICS,B5_AURA_Hybrid,HIGH,0.75,1.0,1.0,1.0,0.0,1.0,1.0,1.0,0.006
V3_DECOY_0339,SEMANTIC_DECOY,D9,ADAS,B0_Full_Suite,HIGH,0.75,1.0,0.0,0.0,1.0,0.0,0.0,1.0,0.1
V3_DECOY_0339,SEMANTIC_DECOY,D9,ADAS,B1_Keyword,HIGH,0.75,1.0,0.0,0.0,1.0,0.0,0.9294,1.0,0.382
V3_DECOY_0339,SEMANTIC_DECOY,D9,ADAS,B2_Raw_Embedding,HIGH,0.75,1.0,0.0,0.0,1.0,0.0,0.8824,1.0,0.546
V3_DECOY_0339,SEMANTIC_DECOY,D9,ADAS,B3_Graph_Only,HIGH,0.75,1.0,1.0,1.0,0.0,1.0,1.0,1.0,0.002
V3_DECOY_0339,SEMANTIC_DECOY,D9,ADAS,B4_Contextual_Embedding,HIGH,0.75,1.0,0.0,0.0,1.0,0.0,0.8824,1.0,0.716
V3_DECOY_0339,SEMANTIC_DECOY,D9,ADAS,B5_AURA_Hybrid,HIGH,0.75,1.0,1.0,1.0,0.0,1.0,1.0,1.0,0.006
V3_DECOY_0340,SEMANTIC_DECOY,D10,POWERTRAIN,B0_Full_Suite,HIGH,0.7143,1.0,0.0,0.0,1.0,0.0,0.0,1.0,0.1
V3_DECOY_0340,SEMANTIC_DECOY,D10,POWERTRAIN,B1_Keyword,HIGH,0.7143,1.0,0.0,0.0,1.0,0.0,0.9875,1.0,0.37
V3_DECOY_0340,SEMANTIC_DECOY,D10,POWERTRAIN,B2_Raw_Embedding,HIGH,0.7143,1.0,0.0,0.0,1.0,0.0,0.875,1.0,0.493
V3_DECOY_0340,SEMANTIC_DECOY,D10,POWERTRAIN,B3_Graph_Only,HIGH,0.7143,1.0,1.0,1.0,0.0,1.0,1.0,1.0,0.002
V3_DECOY_0340,SEMANTIC_DECOY,D10,POWERTRAIN,B4_Contextual_Embedding,HIGH,0.7143,1.0,0.0,0.0,1.0,0.0,0.875,1.0,0.718
V3_DECOY_0340,SEMANTIC_DECOY,D10,POWERTRAIN,B5_AURA_Hybrid,HIGH,0.7143,1.0,1.0,1.0,0.0,1.0,1.0,1.0,0.005
V3_DECOY_0341,SEMANTIC_DECOY,D1,BODY_ELECTRONICS,B0_Full_Suite,HIGH,0.6667,1.0,0.0,0.0,1.0,0.0,0.0,1.0,0.1
V3_DECOY_0341,SEMANTIC_DECOY,D1,BODY_ELECTRONICS,B1_Keyword,HIGH,0.6667,1.0,0.0,0.0,1.0,0.0,0.8333,1.0,0.359
V3_DECOY_0341,SEMANTIC_DECOY,D1,BODY_ELECTRONICS,B2_Raw_Embedding,HIGH,0.6667,1.0,0.0,0.0,1.0,0.0,0.8125,1.0,0.381
V3_DECOY_0341,SEMANTIC_DECOY,D1,BODY_ELECTRONICS,B3_Graph_Only,HIGH,0.6667,1.0,1.0,1.0,0.0,1.0,1.0,1.0,0.002
V3_DECOY_0341,SEMANTIC_DECOY,D1,BODY_ELECTRONICS,B4_Contextual_Embedding,HIGH,0.6667,1.0,0.0,0.0,1.0,0.0,0.8125,1.0,0.544
V3_DECOY_0341,SEMANTIC_DECOY,D1,BODY_ELECTRONICS,B5_AURA_Hybrid,HIGH,0.6667,1.0,1.0,1.0,0.0,1.0,1.0,1.0,0.005
V3_DECOY_0342,SEMANTIC_DECOY,D2,ADAS,B0_Full_Suite,HIGH,0.75,1.0,0.0,0.0,1.0,0.0,0.0,1.0,0.1
V3_DECOY_0342,SEMANTIC_DECOY,D2,ADAS,B1_Keyword,HIGH,0.75,1.0,0.0,0.0,1.0,0.0,0.9059,1.0,0.42
V3_DECOY_0342,SEMANTIC_DECOY,D2,ADAS,B2_Raw_Embedding,HIGH,0.75,1.0,0.0,0.0,1.0,0.0,0.8941,1.0,0.555
V3_DECOY_0342,SEMANTIC_DECOY,D2,ADAS,B3_Graph_Only,HIGH,0.75,1.0,1.0,1.0,0.0,1.0,1.0,1.0,0.002
V3_DECOY_0342,SEMANTIC_DECOY,D2,ADAS,B4_Contextual_Embedding,HIGH,0.75,1.0,0.0,0.0,1.0,0.0,0.8941,1.0,0.722
V3_DECOY_0342,SEMANTIC_DECOY,D2,ADAS,B5_AURA_Hybrid,HIGH,0.75,1.0,1.0,1.0,0.0,1.0,1.0,1.0,0.005
V3_DECOY_0343,SEMANTIC_DECOY,D3,POWERTRAIN,B0_Full_Suite,HIGH,0.75,1.0,0.0,0.0,1.0,0.0,0.0,1.0,0.1
V3_DECOY_0343,SEMANTIC_DECOY,D3,POWERTRAIN,B1_Keyword,HIGH,0.75,1.0,0.0,0.0,1.0,0.0,0.9875,1.0,0.367
V3_DECOY_0343,SEMANTIC_DECOY,D3,POWERTRAIN,B2_Raw_Embedding,HIGH,0.75,1.0,0.0,0.0,1.0,0.0,0.875,1.0,0.479
V3_DECOY_0343,SEMANTIC_DECOY,D3,POWERTRAIN,B3_Graph_Only,HIGH,0.75,1.0,1.0,1.0,0.0,1.0,1.0,1.0,0.002
V3_DECOY_0343,SEMANTIC_DECOY,D3,POWERTRAIN,B4_Contextual_Embedding,HIGH,0.75,1.0,0.0,0.0,1.0,0.0,0.875,1.0,0.669
V3_DECOY_0343,SEMANTIC_DECOY,D3,POWERTRAIN,B5_AURA_Hybrid,HIGH,0.75,1.0,1.0,1.0,0.0,1.0,1.0,1.0,0.005
V3_DECOY_0344,SEMANTIC_DECOY,D4,POWERTRAIN,B0_Full_Suite,HIGH,0.75,1.0,0.0,0.0,1.0,0.0,0.0,1.0,0.1
V3_DECOY_0344,SEMANTIC_DECOY,D4,POWERTRAIN,B1_Keyword,HIGH,0.75,1.0,0.0,0.0,1.0,0.0,0.9875,1.0,0.357
V3_DECOY_0344,SEMANTIC_DECOY,D4,POWERTRAIN,B2_Raw_Embedding,HIGH,0.75,1.0,0.0,0.0,1.0,0.0,0.875,1.0,0.44
V3_DECOY_0344,SEMANTIC_DECOY,D4,POWERTRAIN,B3_Graph_Only,HIGH,0.75,1.0,1.0,1.0,0.0,1.0,1.0,1.0,0.002
V3_DECOY_0344,SEMANTIC_DECOY,D4,POWERTRAIN,B4_Contextual_Embedding,HIGH,0.75,1.0,0.0,0.0,1.0,0.0,0.875,1.0,0.646
V3_DECOY_0344,SEMANTIC_DECOY,D4,POWERTRAIN,B5_AURA_Hybrid,HIGH,0.75,1.0,1.0,1.0,0.0,1.0,1.0,1.0,0.005
V3_DECOY_0345,SEMANTIC_DECOY,D5,ADAS,B0_Full_Suite,HIGH,0.7143,1.0,0.0,0.0,1.0,0.0,0.0,1.0,0.1
V3_DECOY_0345,SEMANTIC_DECOY,D5,ADAS,B1_Keyword,HIGH,0.7143,1.0,0.0,0.0,1.0,0.0,0.8941,1.0,0.367
V3_DECOY_0345,SEMANTIC_DECOY,D5,ADAS,B2_Raw_Embedding,HIGH,0.7143,1.0,0.0,0.0,1.0,0.0,0.8824,1.0,0.495
V3_DECOY_0345,SEMANTIC_DECOY,D5,ADAS,B3_Graph_Only,HIGH,0.7143,1.0,1.0,1.0,0.0,1.0,1.0,1.0,0.002
V3_DECOY_0345,SEMANTIC_DECOY,D5,ADAS,B4_Contextual_Embedding,HIGH,0.7143,1.0,0.0,0.0,1.0,0.0,0.8824,1.0,0.702
V3_DECOY_0345,SEMANTIC_DECOY,D5,ADAS,B5_AURA_Hybrid,HIGH,0.7143,1.0,1.0,1.0,0.0,1.0,1.0,1.0,0.005
V3_DECOY_0346,SEMANTIC_DECOY,D6,ADAS,B0_Full_Suite,HIGH,0.7778,1.0,0.0,0.0,1.0,0.0,0.0,1.0,0.1
V3_DECOY_0346,SEMANTIC_DECOY,D6,ADAS,B1_Keyword,HIGH,0.7778,1.0,0.0,0.0,1.0,0.0,0.9176,1.0,0.372
V3_DECOY_0346,SEMANTIC_DECOY,D6,ADAS,B2_Raw_Embedding,HIGH,0.7778,1.0,0.0,0.0,1.0,0.0,0.8824,1.0,0.53
V3_DECOY_0346,SEMANTIC_DECOY,D6,ADAS,B3_Graph_Only,HIGH,0.7778,1.0,1.0,1.0,0.0,1.0,1.0,1.0,0.002
V3_DECOY_0346,SEMANTIC_DECOY,D6,ADAS,B4_Contextual_Embedding,HIGH,0.7778,1.0,0.0,0.0,1.0,0.0,0.8824,1.0,0.708
V3_DECOY_0346,SEMANTIC_DECOY,D6,ADAS,B5_AURA_Hybrid,HIGH,0.7778,1.0,1.0,1.0,0.0,1.0,1.0,1.0,0.005
V3_DECOY_0347,SEMANTIC_DECOY,D7,POWERTRAIN,B0_Full_Suite,HIGH,0.7143,1.0,0.0,0.0,1.0,0.0,0.0,1.0,0.1
V3_DECOY_0347,SEMANTIC_DECOY,D7,POWERTRAIN,B1_Keyword,HIGH,0.7143,1.0,0.0,0.0,1.0,0.0,0.8625,1.0,0.446
V3_DECOY_0347,SEMANTIC_DECOY,D7,POWERTRAIN,B2_Raw_Embedding,HIGH,0.7143,1.0,0.0,0.0,1.0,0.0,0.8875,1.0,0.471
V3_DECOY_0347,SEMANTIC_DECOY,D7,POWERTRAIN,B3_Graph_Only,HIGH,0.7143,1.0,1.0,1.0,0.0,1.0,1.0,1.0,0.002
V3_DECOY_0347,SEMANTIC_DECOY,D7,POWERTRAIN,B4_Contextual_Embedding,HIGH,0.7143,1.0,0.0,0.0,1.0,0.0,0.875,1.0,0.757
V3_DECOY_0347,SEMANTIC_DECOY,D7,POWERTRAIN,B5_AURA_Hybrid,HIGH,0.7143,1.0,1.0,1.0,0.0,1.0,1.0,1.0,0.006
V3_DECOY_0348,SEMANTIC_DECOY,D8,BODY_ELECTRONICS,B0_Full_Suite,HIGH,0.75,1.0,0.0,0.0,1.0,0.0,0.0,1.0,0.1
V3_DECOY_0348,SEMANTIC_DECOY,D8,BODY_ELECTRONICS,B1_Keyword,HIGH,0.75,1.0,0.0,0.0,1.0,0.0,0.875,1.0,0.394
V3_DECOY_0348,SEMANTIC_DECOY,D8,BODY_ELECTRONICS,B2_Raw_Embedding,HIGH,0.75,1.0,0.0,0.0,1.0,0.0,0.7917,1.0,0.428
V3_DECOY_0348,SEMANTIC_DECOY,D8,BODY_ELECTRONICS,B3_Graph_Only,HIGH,0.75,1.0,1.0,1.0,0.0,1.0,1.0,1.0,0.002
V3_DECOY_0348,SEMANTIC_DECOY,D8,BODY_ELECTRONICS,B4_Contextual_Embedding,HIGH,0.75,1.0,0.0,0.0,1.0,0.0,0.7917,1.0,0.577
V3_DECOY_0348,SEMANTIC_DECOY,D8,BODY_ELECTRONICS,B5_AURA_Hybrid,HIGH,0.75,1.0,1.0,1.0,0.0,1.0,1.0,1.0,0.005
V3_DECOY_0349,SEMANTIC_DECOY,D9,ADAS,B0_Full_Suite,HIGH,0.75,1.0,0.0,0.0,1.0,0.0,0.0,1.0,0.1
V3_DECOY_0349,SEMANTIC_DECOY,D9,ADAS,B1_Keyword,HIGH,0.75,1.0,0.0,0.0,1.0,0.0,0.9294,1.0,0.378
V3_DECOY_0349,SEMANTIC_DECOY,D9,ADAS,B2_Raw_Embedding,HIGH,0.75,1.0,0.0,0.0,1.0,0.0,0.8824,1.0,0.567
V3_DECOY_0349,SEMANTIC_DECOY,D9,ADAS,B3_Graph_Only,HIGH,0.75,1.0,1.0,1.0,0.0,1.0,1.0,1.0,0.002
V3_DECOY_0349,SEMANTIC_DECOY,D9,ADAS,B4_Contextual_Embedding,HIGH,0.75,1.0,0.0,0.0,1.0,0.0,0.8824,1.0,0.734
V3_DECOY_0349,SEMANTIC_DECOY,D9,ADAS,B5_AURA_Hybrid,HIGH,0.75,1.0,1.0,1.0,0.0,1.0,1.0,1.0,0.005
V3_DECOY_0350,SEMANTIC_DECOY,D10,POWERTRAIN,B0_Full_Suite,HIGH,0.7143,1.0,0.0,0.0,1.0,0.0,0.0,1.0,0.1
V3_DECOY_0350,SEMANTIC_DECOY,D10,POWERTRAIN,B1_Keyword,HIGH,0.7143,1.0,0.0,0.0,1.0,0.0,0.9875,1.0,0.38
V3_DECOY_0350,SEMANTIC_DECOY,D10,POWERTRAIN,B2_Raw_Embedding,HIGH,0.7143,1.0,0.0,0.0,1.0,0.0,0.875,1.0,0.499
V3_DECOY_0350,SEMANTIC_DECOY,D10,POWERTRAIN,B3_Graph_Only,HIGH,0.7143,1.0,1.0,1.0,0.0,1.0,1.0,1.0,0.002
V3_DECOY_0350,SEMANTIC_DECOY,D10,POWERTRAIN,B4_Contextual_Embedding,HIGH,0.7143,1.0,0.0,0.0,1.0,0.0,0.875,1.0,0.936
V3_DECOY_0350,SEMANTIC_DECOY,D10,POWERTRAIN,B5_AURA_Hybrid,HIGH,0.7143,1.0,1.0,1.0,0.0,1.0,1.0,1.0,0.005
V3_DECOY_0351,SEMANTIC_DECOY,D1,BODY_ELECTRONICS,B0_Full_Suite,HIGH,0.6667,1.0,0.0,0.0,1.0,0.0,0.0,1.0,0.1
V3_DECOY_0351,SEMANTIC_DECOY,D1,BODY_ELECTRONICS,B1_Keyword,HIGH,0.6667,1.0,0.0,0.0,1.0,0.0,0.8333,1.0,0.361
V3_DECOY_0351,SEMANTIC_DECOY,D1,BODY_ELECTRONICS,B2_Raw_Embedding,HIGH,0.6667,1.0,0.0,0.0,1.0,0.0,0.8125,1.0,0.374
V3_DECOY_0351,SEMANTIC_DECOY,D1,BODY_ELECTRONICS,B3_Graph_Only,HIGH,0.6667,1.0,1.0,1.0,0.0,1.0,1.0,1.0,0.002
V3_DECOY_0351,SEMANTIC_DECOY,D1,BODY_ELECTRONICS,B4_Contextual_Embedding,HIGH,0.6667,1.0,0.0,0.0,1.0,0.0,0.8125,1.0,0.529
V3_DECOY_0351,SEMANTIC_DECOY,D1,BODY_ELECTRONICS,B5_AURA_Hybrid,HIGH,0.6667,1.0,1.0,1.0,0.0,1.0,1.0,1.0,0.005
V3_DECOY_0352,SEMANTIC_DECOY,D2,ADAS,B0_Full_Suite,HIGH,0.75,1.0,0.0,0.0,1.0,0.0,0.0,1.0,0.1
V3_DECOY_0352,SEMANTIC_DECOY,D2,ADAS,B1_Keyword,HIGH,0.75,1.0,0.0,0.0,1.0,0.0,0.9059,1.0,0.411
V3_DECOY_0352,SEMANTIC_DECOY,D2,ADAS,B2_Raw_Embedding,HIGH,0.75,1.0,0.0,0.0,1.0,0.0,0.8941,1.0,0.551
V3_DECOY_0352,SEMANTIC_DECOY,D2,ADAS,B3_Graph_Only,HIGH,0.75,1.0,1.0,1.0,0.0,1.0,1.0,1.0,0.002
V3_DECOY_0352,SEMANTIC_DECOY,D2,ADAS,B4_Contextual_Embedding,HIGH,0.75,1.0,0.0,0.0,1.0,0.0,0.8941,1.0,0.701
V3_DECOY_0352,SEMANTIC_DECOY,D2,ADAS,B5_AURA_Hybrid,HIGH,0.75,1.0,1.0,1.0,0.0,1.0,1.0,1.0,0.005
V3_DECOY_0353,SEMANTIC_DECOY,D3,POWERTRAIN,B0_Full_Suite,HIGH,0.75,1.0,0.0,0.0,1.0,0.0,0.0,1.0,0.1
V3_DECOY_0353,SEMANTIC_DECOY,D3,POWERTRAIN,B1_Keyword,HIGH,0.75,1.0,0.0,0.0,1.0,0.0,0.9875,1.0,0.364
V3_DECOY_0353,SEMANTIC_DECOY,D3,POWERTRAIN,B2_Raw_Embedding,HIGH,0.75,1.0,0.0,0.0,1.0,0.0,0.875,1.0,0.473
V3_DECOY_0353,SEMANTIC_DECOY,D3,POWERTRAIN,B3_Graph_Only,HIGH,0.75,1.0,1.0,1.0,0.0,1.0,1.0,1.0,0.002
V3_DECOY_0353,SEMANTIC_DECOY,D3,POWERTRAIN,B4_Contextual_Embedding,HIGH,0.75,1.0,0.0,0.0,1.0,0.0,0.875,1.0,0.696
V3_DECOY_0353,SEMANTIC_DECOY,D3,POWERTRAIN,B5_AURA_Hybrid,HIGH,0.75,1.0,1.0,1.0,0.0,1.0,1.0,1.0,0.005
V3_DECOY_0354,SEMANTIC_DECOY,D4,POWERTRAIN,B0_Full_Suite,HIGH,0.75,1.0,0.0,0.0,1.0,0.0,0.0,1.0,0.1
V3_DECOY_0354,SEMANTIC_DECOY,D4,POWERTRAIN,B1_Keyword,HIGH,0.75,1.0,0.0,0.0,1.0,0.0,0.9875,1.0,0.37
V3_DECOY_0354,SEMANTIC_DECOY,D4,POWERTRAIN,B2_Raw_Embedding,HIGH,0.75,1.0,0.0,0.0,1.0,0.0,0.8875,1.0,0.426
V3_DECOY_0354,SEMANTIC_DECOY,D4,POWERTRAIN,B3_Graph_Only,HIGH,0.75,1.0,1.0,1.0,0.0,1.0,1.0,1.0,0.002
V3_DECOY_0354,SEMANTIC_DECOY,D4,POWERTRAIN,B4_Contextual_Embedding,HIGH,0.75,1.0,0.0,0.0,1.0,0.0,0.875,1.0,0.636
V3_DECOY_0354,SEMANTIC_DECOY,D4,POWERTRAIN,B5_AURA_Hybrid,HIGH,0.75,1.0,1.0,1.0,0.0,1.0,1.0,1.0,0.005
V3_DECOY_0355,SEMANTIC_DECOY,D5,ADAS,B0_Full_Suite,HIGH,0.7143,1.0,0.0,0.0,1.0,0.0,0.0,1.0,0.1
V3_DECOY_0355,SEMANTIC_DECOY,D5,ADAS,B1_Keyword,HIGH,0.7143,1.0,0.0,0.0,1.0,0.0,0.9059,1.0,0.373
V3_DECOY_0355,SEMANTIC_DECOY,D5,ADAS,B2_Raw_Embedding,HIGH,0.7143,1.0,0.0,0.0,1.0,0.0,0.8824,1.0,0.484
V3_DECOY_0355,SEMANTIC_DECOY,D5,ADAS,B3_Graph_Only,HIGH,0.7143,1.0,1.0,1.0,0.0,1.0,1.0,1.0,0.002
V3_DECOY_0355,SEMANTIC_DECOY,D5,ADAS,B4_Contextual_Embedding,HIGH,0.7143,1.0,0.0,0.0,1.0,0.0,0.8824,1.0,0.686
V3_DECOY_0355,SEMANTIC_DECOY,D5,ADAS,B5_AURA_Hybrid,HIGH,0.7143,1.0,1.0,1.0,0.0,1.0,1.0,1.0,0.005
V3_DECOY_0356,SEMANTIC_DECOY,D6,ADAS,B0_Full_Suite,HIGH,0.7778,1.0,0.0,0.0,1.0,0.0,0.0,1.0,0.1
V3_DECOY_0356,SEMANTIC_DECOY,D6,ADAS,B1_Keyword,HIGH,0.7778,1.0,1.0,1.0,0.0,1.0,1.0,1.0,0.391
V3_DECOY_0356,SEMANTIC_DECOY,D6,ADAS,B2_Raw_Embedding,HIGH,0.7778,1.0,0.0,0.0,1.0,0.0,0.8824,1.0,0.518
V3_DECOY_0356,SEMANTIC_DECOY,D6,ADAS,B3_Graph_Only,HIGH,0.7778,1.0,1.0,1.0,0.0,1.0,1.0,1.0,0.002
V3_DECOY_0356,SEMANTIC_DECOY,D6,ADAS,B4_Contextual_Embedding,HIGH,0.7778,1.0,0.0,0.0,1.0,0.0,0.8824,1.0,0.719
V3_DECOY_0356,SEMANTIC_DECOY,D6,ADAS,B5_AURA_Hybrid,HIGH,0.7778,1.0,1.0,1.0,0.0,1.0,1.0,1.0,0.005
V3_DECOY_0357,SEMANTIC_DECOY,D7,POWERTRAIN,B0_Full_Suite,HIGH,0.7143,1.0,0.0,0.0,1.0,0.0,0.0,1.0,0.1
V3_DECOY_0357,SEMANTIC_DECOY,D7,POWERTRAIN,B1_Keyword,HIGH,0.7143,1.0,0.0,0.0,1.0,0.0,0.8625,1.0,0.421
V3_DECOY_0357,SEMANTIC_DECOY,D7,POWERTRAIN,B2_Raw_Embedding,HIGH,0.7143,1.0,0.0,0.0,1.0,0.0,0.8875,1.0,0.487
V3_DECOY_0357,SEMANTIC_DECOY,D7,POWERTRAIN,B3_Graph_Only,HIGH,0.7143,1.0,1.0,1.0,0.0,1.0,1.0,1.0,0.002
V3_DECOY_0357,SEMANTIC_DECOY,D7,POWERTRAIN,B4_Contextual_Embedding,HIGH,0.7143,1.0,0.0,0.0,1.0,0.0,0.875,1.0,0.649
V3_DECOY_0357,SEMANTIC_DECOY,D7,POWERTRAIN,B5_AURA_Hybrid,HIGH,0.7143,1.0,1.0,1.0,0.0,1.0,1.0,1.0,0.005
V3_DECOY_0358,SEMANTIC_DECOY,D8,BODY_ELECTRONICS,B0_Full_Suite,HIGH,0.75,1.0,0.0,0.0,1.0,0.0,0.0,1.0,0.1
V3_DECOY_0358,SEMANTIC_DECOY,D8,BODY_ELECTRONICS,B1_Keyword,HIGH,0.75,1.0,1.0,1.0,0.0,1.0,1.0,1.0,0.34
V3_DECOY_0358,SEMANTIC_DECOY,D8,BODY_ELECTRONICS,B2_Raw_Embedding,HIGH,0.75,1.0,0.0,0.0,1.0,0.0,0.7917,1.0,0.435
V3_DECOY_0358,SEMANTIC_DECOY,D8,BODY_ELECTRONICS,B3_Graph_Only,HIGH,0.75,1.0,1.0,1.0,0.0,1.0,1.0,1.0,0.002
V3_DECOY_0358,SEMANTIC_DECOY,D8,BODY_ELECTRONICS,B4_Contextual_Embedding,HIGH,0.75,1.0,0.0,0.0,1.0,0.0,0.7917,1.0,0.562
V3_DECOY_0358,SEMANTIC_DECOY,D8,BODY_ELECTRONICS,B5_AURA_Hybrid,HIGH,0.75,1.0,1.0,1.0,0.0,1.0,1.0,1.0,0.005
V3_DECOY_0359,SEMANTIC_DECOY,D9,ADAS,B0_Full_Suite,HIGH,0.75,1.0,0.0,0.0,1.0,0.0,0.0,1.0,0.1
V3_DECOY_0359,SEMANTIC_DECOY,D9,ADAS,B1_Keyword,HIGH,0.75,1.0,0.0,0.0,1.0,0.0,0.7059,1.0,0.384
V3_DECOY_0359,SEMANTIC_DECOY,D9,ADAS,B2_Raw_Embedding,HIGH,0.75,1.0,0.0,0.0,1.0,0.0,0.8824,1.0,0.546
V3_DECOY_0359,SEMANTIC_DECOY,D9,ADAS,B3_Graph_Only,HIGH,0.75,1.0,1.0,1.0,0.0,1.0,1.0,1.0,0.002
V3_DECOY_0359,SEMANTIC_DECOY,D9,ADAS,B4_Contextual_Embedding,HIGH,0.75,1.0,0.0,0.0,1.0,0.0,0.8824,1.0,0.728
V3_DECOY_0359,SEMANTIC_DECOY,D9,ADAS,B5_AURA_Hybrid,HIGH,0.75,1.0,1.0,1.0,0.0,1.0,1.0,1.0,0.006
V3_DECOY_0360,SEMANTIC_DECOY,D10,POWERTRAIN,B0_Full_Suite,HIGH,0.7143,1.0,0.0,0.0,1.0,0.0,0.0,1.0,0.1
V3_DECOY_0360,SEMANTIC_DECOY,D10,POWERTRAIN,B1_Keyword,HIGH,0.7143,1.0,0.0,0.0,1.0,0.0,0.9875,1.0,0.383
V3_DECOY_0360,SEMANTIC_DECOY,D10,POWERTRAIN,B2_Raw_Embedding,HIGH,0.7143,1.0,0.0,0.0,1.0,0.0,0.875,1.0,0.524
V3_DECOY_0360,SEMANTIC_DECOY,D10,POWERTRAIN,B3_Graph_Only,HIGH,0.7143,1.0,1.0,1.0,0.0,1.0,1.0,1.0,0.002
V3_DECOY_0360,SEMANTIC_DECOY,D10,POWERTRAIN,B4_Contextual_Embedding,HIGH,0.7143,1.0,0.0,0.0,1.0,0.0,0.875,1.0,0.7
V3_DECOY_0360,SEMANTIC_DECOY,D10,POWERTRAIN,B5_AURA_Hybrid,HIGH,0.7143,1.0,1.0,1.0,0.0,1.0,1.0,1.0,0.006
V3_DECOY_0361,SEMANTIC_DECOY,D1,BODY_ELECTRONICS,B0_Full_Suite,HIGH,0.6667,1.0,0.0,0.0,1.0,0.0,0.0,1.0,0.1
V3_DECOY_0361,SEMANTIC_DECOY,D1,BODY_ELECTRONICS,B1_Keyword,HIGH,0.6667,1.0,0.0,0.0,1.0,0.0,0.8333,1.0,0.356
V3_DECOY_0361,SEMANTIC_DECOY,D1,BODY_ELECTRONICS,B2_Raw_Embedding,HIGH,0.6667,1.0,0.0,0.0,1.0,0.0,0.8125,1.0,0.373
V3_DECOY_0361,SEMANTIC_DECOY,D1,BODY_ELECTRONICS,B3_Graph_Only,HIGH,0.6667,1.0,1.0,1.0,0.0,1.0,1.0,1.0,0.002
V3_DECOY_0361,SEMANTIC_DECOY,D1,BODY_ELECTRONICS,B4_Contextual_Embedding,HIGH,0.6667,1.0,0.0,0.0,1.0,0.0,0.8125,1.0,0.543
V3_DECOY_0361,SEMANTIC_DECOY,D1,BODY_ELECTRONICS,B5_AURA_Hybrid,HIGH,0.6667,1.0,1.0,1.0,0.0,1.0,1.0,1.0,0.005
V3_DECOY_0362,SEMANTIC_DECOY,D2,ADAS,B0_Full_Suite,HIGH,0.75,1.0,0.0,0.0,1.0,0.0,0.0,1.0,0.1
V3_DECOY_0362,SEMANTIC_DECOY,D2,ADAS,B1_Keyword,HIGH,0.75,1.0,0.0,0.0,1.0,0.0,0.9059,1.0,0.377
V3_DECOY_0362,SEMANTIC_DECOY,D2,ADAS,B2_Raw_Embedding,HIGH,0.75,1.0,0.0,0.0,1.0,0.0,0.8941,1.0,0.524
V3_DECOY_0362,SEMANTIC_DECOY,D2,ADAS,B3_Graph_Only,HIGH,0.75,1.0,1.0,1.0,0.0,1.0,1.0,1.0,0.002
V3_DECOY_0362,SEMANTIC_DECOY,D2,ADAS,B4_Contextual_Embedding,HIGH,0.75,1.0,0.0,0.0,1.0,0.0,0.8941,1.0,0.735
V3_DECOY_0362,SEMANTIC_DECOY,D2,ADAS,B5_AURA_Hybrid,HIGH,0.75,1.0,1.0,1.0,0.0,1.0,1.0,1.0,0.005
V3_DECOY_0363,SEMANTIC_DECOY,D3,POWERTRAIN,B0_Full_Suite,HIGH,0.75,1.0,0.0,0.0,1.0,0.0,0.0,1.0,0.1
V3_DECOY_0363,SEMANTIC_DECOY,D3,POWERTRAIN,B1_Keyword,HIGH,0.75,1.0,0.0,0.0,1.0,0.0,0.9875,1.0,0.382
V3_DECOY_0363,SEMANTIC_DECOY,D3,POWERTRAIN,B2_Raw_Embedding,HIGH,0.75,1.0,0.0,0.0,1.0,0.0,0.875,1.0,0.499
V3_DECOY_0363,SEMANTIC_DECOY,D3,POWERTRAIN,B3_Graph_Only,HIGH,0.75,1.0,1.0,1.0,0.0,1.0,1.0,1.0,0.002
V3_DECOY_0363,SEMANTIC_DECOY,D3,POWERTRAIN,B4_Contextual_Embedding,HIGH,0.75,1.0,0.0,0.0,1.0,0.0,0.875,1.0,0.681
V3_DECOY_0363,SEMANTIC_DECOY,D3,POWERTRAIN,B5_AURA_Hybrid,HIGH,0.75,1.0,1.0,1.0,0.0,1.0,1.0,1.0,0.006
V3_DECOY_0364,SEMANTIC_DECOY,D4,POWERTRAIN,B0_Full_Suite,HIGH,0.75,1.0,0.0,0.0,1.0,0.0,0.0,1.0,0.1
V3_DECOY_0364,SEMANTIC_DECOY,D4,POWERTRAIN,B1_Keyword,HIGH,0.75,1.0,0.0,0.0,1.0,0.0,0.9875,1.0,0.386
V3_DECOY_0364,SEMANTIC_DECOY,D4,POWERTRAIN,B2_Raw_Embedding,HIGH,0.75,1.0,0.0,0.0,1.0,0.0,0.875,1.0,0.442
V3_DECOY_0364,SEMANTIC_DECOY,D4,POWERTRAIN,B3_Graph_Only,HIGH,0.75,1.0,1.0,1.0,0.0,1.0,1.0,1.0,0.002
V3_DECOY_0364,SEMANTIC_DECOY,D4,POWERTRAIN,B4_Contextual_Embedding,HIGH,0.75,1.0,0.0,0.0,1.0,0.0,0.875,1.0,0.678
V3_DECOY_0364,SEMANTIC_DECOY,D4,POWERTRAIN,B5_AURA_Hybrid,HIGH,0.75,1.0,1.0,1.0,0.0,1.0,1.0,1.0,0.005
V3_DECOY_0365,SEMANTIC_DECOY,D5,ADAS,B0_Full_Suite,HIGH,0.7143,1.0,0.0,0.0,1.0,0.0,0.0,1.0,0.1
V3_DECOY_0365,SEMANTIC_DECOY,D5,ADAS,B1_Keyword,HIGH,0.7143,1.0,0.0,0.0,1.0,0.0,0.9059,1.0,0.422
V3_DECOY_0365,SEMANTIC_DECOY,D5,ADAS,B2_Raw_Embedding,HIGH,0.7143,1.0,0.0,0.0,1.0,0.0,0.8824,1.0,0.513
V3_DECOY_0365,SEMANTIC_DECOY,D5,ADAS,B3_Graph_Only,HIGH,0.7143,1.0,1.0,1.0,0.0,1.0,1.0,1.0,0.002
V3_DECOY_0365,SEMANTIC_DECOY,D5,ADAS,B4_Contextual_Embedding,HIGH,0.7143,1.0,0.0,0.0,1.0,0.0,0.8824,1.0,0.721
V3_DECOY_0365,SEMANTIC_DECOY,D5,ADAS,B5_AURA_Hybrid,HIGH,0.7143,1.0,1.0,1.0,0.0,1.0,1.0,1.0,0.005
V3_DECOY_0366,SEMANTIC_DECOY,D6,ADAS,B0_Full_Suite,HIGH,0.7778,1.0,0.0,0.0,1.0,0.0,0.0,1.0,0.1
V3_DECOY_0366,SEMANTIC_DECOY,D6,ADAS,B1_Keyword,HIGH,0.7778,1.0,1.0,1.0,0.0,1.0,1.0,1.0,0.36
V3_DECOY_0366,SEMANTIC_DECOY,D6,ADAS,B2_Raw_Embedding,HIGH,0.7778,1.0,0.0,0.0,1.0,0.0,0.8824,1.0,0.521
V3_DECOY_0366,SEMANTIC_DECOY,D6,ADAS,B3_Graph_Only,HIGH,0.7778,1.0,1.0,1.0,0.0,1.0,1.0,1.0,0.002
V3_DECOY_0366,SEMANTIC_DECOY,D6,ADAS,B4_Contextual_Embedding,HIGH,0.7778,1.0,0.0,0.0,1.0,0.0,0.8824,1.0,0.736
V3_DECOY_0366,SEMANTIC_DECOY,D6,ADAS,B5_AURA_Hybrid,HIGH,0.7778,1.0,1.0,1.0,0.0,1.0,1.0,1.0,0.005
V3_DECOY_0367,SEMANTIC_DECOY,D7,POWERTRAIN,B0_Full_Suite,HIGH,0.7143,1.0,0.0,0.0,1.0,0.0,0.0,1.0,0.1
V3_DECOY_0367,SEMANTIC_DECOY,D7,POWERTRAIN,B1_Keyword,HIGH,0.7143,1.0,0.0,0.0,1.0,0.0,0.8625,1.0,0.384
V3_DECOY_0367,SEMANTIC_DECOY,D7,POWERTRAIN,B2_Raw_Embedding,HIGH,0.7143,1.0,0.0,0.0,1.0,0.0,0.9,1.0,0.47
V3_DECOY_0367,SEMANTIC_DECOY,D7,POWERTRAIN,B3_Graph_Only,HIGH,0.7143,1.0,1.0,1.0,0.0,1.0,1.0,1.0,0.002
V3_DECOY_0367,SEMANTIC_DECOY,D7,POWERTRAIN,B4_Contextual_Embedding,HIGH,0.7143,1.0,0.0,0.0,1.0,0.0,0.875,1.0,0.644
V3_DECOY_0367,SEMANTIC_DECOY,D7,POWERTRAIN,B5_AURA_Hybrid,HIGH,0.7143,1.0,1.0,1.0,0.0,1.0,1.0,1.0,0.005
V3_DECOY_0368,SEMANTIC_DECOY,D8,BODY_ELECTRONICS,B0_Full_Suite,HIGH,0.75,1.0,0.0,0.0,1.0,0.0,0.0,1.0,0.1
V3_DECOY_0368,SEMANTIC_DECOY,D8,BODY_ELECTRONICS,B1_Keyword,HIGH,0.75,1.0,1.0,1.0,0.0,1.0,1.0,1.0,0.343
V3_DECOY_0368,SEMANTIC_DECOY,D8,BODY_ELECTRONICS,B2_Raw_Embedding,HIGH,0.75,1.0,0.0,0.0,1.0,0.0,0.7917,1.0,0.41
V3_DECOY_0368,SEMANTIC_DECOY,D8,BODY_ELECTRONICS,B3_Graph_Only,HIGH,0.75,1.0,1.0,1.0,0.0,1.0,1.0,1.0,0.002
V3_DECOY_0368,SEMANTIC_DECOY,D8,BODY_ELECTRONICS,B4_Contextual_Embedding,HIGH,0.75,1.0,0.0,0.0,1.0,0.0,0.7917,1.0,0.562
V3_DECOY_0368,SEMANTIC_DECOY,D8,BODY_ELECTRONICS,B5_AURA_Hybrid,HIGH,0.75,1.0,1.0,1.0,0.0,1.0,1.0,1.0,0.005
V3_DECOY_0369,SEMANTIC_DECOY,D9,ADAS,B0_Full_Suite,HIGH,0.75,1.0,0.0,0.0,1.0,0.0,0.0,1.0,0.1
V3_DECOY_0369,SEMANTIC_DECOY,D9,ADAS,B1_Keyword,HIGH,0.75,1.0,0.0,0.0,1.0,0.0,0.7059,1.0,0.384
V3_DECOY_0369,SEMANTIC_DECOY,D9,ADAS,B2_Raw_Embedding,HIGH,0.75,1.0,0.0,0.0,1.0,0.0,0.8824,1.0,0.751
V3_DECOY_0369,SEMANTIC_DECOY,D9,ADAS,B3_Graph_Only,HIGH,0.75,1.0,1.0,1.0,0.0,1.0,1.0,1.0,0.002
V3_DECOY_0369,SEMANTIC_DECOY,D9,ADAS,B4_Contextual_Embedding,HIGH,0.75,1.0,0.0,0.0,1.0,0.0,0.8824,1.0,0.975
V3_DECOY_0369,SEMANTIC_DECOY,D9,ADAS,B5_AURA_Hybrid,HIGH,0.75,1.0,1.0,1.0,0.0,1.0,1.0,1.0,0.006
V3_DECOY_0370,SEMANTIC_DECOY,D10,POWERTRAIN,B0_Full_Suite,HIGH,0.7143,1.0,0.0,0.0,1.0,0.0,0.0,1.0,0.1
V3_DECOY_0370,SEMANTIC_DECOY,D10,POWERTRAIN,B1_Keyword,HIGH,0.7143,1.0,0.0,0.0,1.0,0.0,0.9875,1.0,0.434
V3_DECOY_0370,SEMANTIC_DECOY,D10,POWERTRAIN,B2_Raw_Embedding,HIGH,0.7143,1.0,0.0,0.0,1.0,0.0,0.875,1.0,0.595
V3_DECOY_0370,SEMANTIC_DECOY,D10,POWERTRAIN,B3_Graph_Only,HIGH,0.7143,1.0,1.0,1.0,0.0,1.0,1.0,1.0,0.002
V3_DECOY_0370,SEMANTIC_DECOY,D10,POWERTRAIN,B4_Contextual_Embedding,HIGH,0.7143,1.0,0.0,0.0,1.0,0.0,0.875,1.0,0.65
V3_DECOY_0370,SEMANTIC_DECOY,D10,POWERTRAIN,B5_AURA_Hybrid,HIGH,0.7143,1.0,1.0,1.0,0.0,1.0,1.0,1.0,0.006
V3_DECOY_0371,SEMANTIC_DECOY,D1,BODY_ELECTRONICS,B0_Full_Suite,HIGH,0.6667,1.0,0.0,0.0,1.0,0.0,0.0,1.0,0.1
V3_DECOY_0371,SEMANTIC_DECOY,D1,BODY_ELECTRONICS,B1_Keyword,HIGH,0.6667,1.0,0.0,0.0,1.0,0.0,0.8333,1.0,0.362
V3_DECOY_0371,SEMANTIC_DECOY,D1,BODY_ELECTRONICS,B2_Raw_Embedding,HIGH,0.6667,1.0,0.0,0.0,1.0,0.0,0.8125,1.0,0.387
V3_DECOY_0371,SEMANTIC_DECOY,D1,BODY_ELECTRONICS,B3_Graph_Only,HIGH,0.6667,1.0,1.0,1.0,0.0,1.0,1.0,1.0,0.002
V3_DECOY_0371,SEMANTIC_DECOY,D1,BODY_ELECTRONICS,B4_Contextual_Embedding,HIGH,0.6667,1.0,0.0,0.0,1.0,0.0,0.8125,1.0,0.573
V3_DECOY_0371,SEMANTIC_DECOY,D1,BODY_ELECTRONICS,B5_AURA_Hybrid,HIGH,0.6667,1.0,1.0,1.0,0.0,1.0,1.0,1.0,0.006
V3_DECOY_0372,SEMANTIC_DECOY,D2,ADAS,B0_Full_Suite,HIGH,0.75,1.0,0.0,0.0,1.0,0.0,0.0,1.0,0.1
V3_DECOY_0372,SEMANTIC_DECOY,D2,ADAS,B1_Keyword,HIGH,0.75,1.0,0.0,0.0,1.0,0.0,0.9059,1.0,0.394
V3_DECOY_0372,SEMANTIC_DECOY,D2,ADAS,B2_Raw_Embedding,HIGH,0.75,1.0,0.0,0.0,1.0,0.0,0.8941,1.0,0.505
V3_DECOY_0372,SEMANTIC_DECOY,D2,ADAS,B3_Graph_Only,HIGH,0.75,1.0,1.0,1.0,0.0,1.0,1.0,1.0,0.002
V3_DECOY_0372,SEMANTIC_DECOY,D2,ADAS,B4_Contextual_Embedding,HIGH,0.75,1.0,0.0,0.0,1.0,0.0,0.8941,1.0,0.707
V3_DECOY_0372,SEMANTIC_DECOY,D2,ADAS,B5_AURA_Hybrid,HIGH,0.75,1.0,1.0,1.0,0.0,1.0,1.0,1.0,0.005
V3_DECOY_0373,SEMANTIC_DECOY,D3,POWERTRAIN,B0_Full_Suite,HIGH,0.75,1.0,0.0,0.0,1.0,0.0,0.0,1.0,0.1
V3_DECOY_0373,SEMANTIC_DECOY,D3,POWERTRAIN,B1_Keyword,HIGH,0.75,1.0,0.0,0.0,1.0,0.0,0.9875,1.0,0.337
V3_DECOY_0373,SEMANTIC_DECOY,D3,POWERTRAIN,B2_Raw_Embedding,HIGH,0.75,1.0,0.0,0.0,1.0,0.0,0.875,1.0,0.463
V3_DECOY_0373,SEMANTIC_DECOY,D3,POWERTRAIN,B3_Graph_Only,HIGH,0.75,1.0,1.0,1.0,0.0,1.0,1.0,1.0,0.002
V3_DECOY_0373,SEMANTIC_DECOY,D3,POWERTRAIN,B4_Contextual_Embedding,HIGH,0.75,1.0,0.0,0.0,1.0,0.0,0.875,1.0,0.622
V3_DECOY_0373,SEMANTIC_DECOY,D3,POWERTRAIN,B5_AURA_Hybrid,HIGH,0.75,1.0,1.0,1.0,0.0,1.0,1.0,1.0,0.005
V3_DECOY_0374,SEMANTIC_DECOY,D4,POWERTRAIN,B0_Full_Suite,HIGH,0.75,1.0,0.0,0.0,1.0,0.0,0.0,1.0,0.1
V3_DECOY_0374,SEMANTIC_DECOY,D4,POWERTRAIN,B1_Keyword,HIGH,0.75,1.0,0.0,0.0,1.0,0.0,0.9875,1.0,0.35
V3_DECOY_0374,SEMANTIC_DECOY,D4,POWERTRAIN,B2_Raw_Embedding,HIGH,0.75,1.0,0.0,0.0,1.0,0.0,0.875,1.0,0.403
V3_DECOY_0374,SEMANTIC_DECOY,D4,POWERTRAIN,B3_Graph_Only,HIGH,0.75,1.0,1.0,1.0,0.0,1.0,1.0,1.0,0.002
V3_DECOY_0374,SEMANTIC_DECOY,D4,POWERTRAIN,B4_Contextual_Embedding,HIGH,0.75,1.0,0.0,0.0,1.0,0.0,0.875,1.0,0.599
V3_DECOY_0374,SEMANTIC_DECOY,D4,POWERTRAIN,B5_AURA_Hybrid,HIGH,0.75,1.0,1.0,1.0,0.0,1.0,1.0,1.0,0.005
V3_DECOY_0375,SEMANTIC_DECOY,D5,ADAS,B0_Full_Suite,HIGH,0.7143,1.0,0.0,0.0,1.0,0.0,0.0,1.0,0.1
V3_DECOY_0375,SEMANTIC_DECOY,D5,ADAS,B1_Keyword,HIGH,0.7143,1.0,0.0,0.0,1.0,0.0,0.9059,1.0,0.358
V3_DECOY_0375,SEMANTIC_DECOY,D5,ADAS,B2_Raw_Embedding,HIGH,0.7143,1.0,0.0,0.0,1.0,0.0,0.8824,1.0,0.467
V3_DECOY_0375,SEMANTIC_DECOY,D5,ADAS,B3_Graph_Only,HIGH,0.7143,1.0,1.0,1.0,0.0,1.0,1.0,1.0,0.002
V3_DECOY_0375,SEMANTIC_DECOY,D5,ADAS,B4_Contextual_Embedding,HIGH,0.7143,1.0,0.0,0.0,1.0,0.0,0.8824,1.0,0.663
V3_DECOY_0375,SEMANTIC_DECOY,D5,ADAS,B5_AURA_Hybrid,HIGH,0.7143,1.0,1.0,1.0,0.0,1.0,1.0,1.0,0.005
V3_DECOY_0376,SEMANTIC_DECOY,D6,ADAS,B0_Full_Suite,HIGH,0.7778,1.0,0.0,0.0,1.0,0.0,0.0,1.0,0.1
V3_DECOY_0376,SEMANTIC_DECOY,D6,ADAS,B1_Keyword,HIGH,0.7778,1.0,1.0,1.0,0.0,1.0,1.0,1.0,0.361
V3_DECOY_0376,SEMANTIC_DECOY,D6,ADAS,B2_Raw_Embedding,HIGH,0.7778,1.0,0.0,0.0,1.0,0.0,0.8824,1.0,0.493
V3_DECOY_0376,SEMANTIC_DECOY,D6,ADAS,B3_Graph_Only,HIGH,0.7778,1.0,1.0,1.0,0.0,1.0,1.0,1.0,0.002
V3_DECOY_0376,SEMANTIC_DECOY,D6,ADAS,B4_Contextual_Embedding,HIGH,0.7778,1.0,0.0,0.0,1.0,0.0,0.8824,1.0,0.701
V3_DECOY_0376,SEMANTIC_DECOY,D6,ADAS,B5_AURA_Hybrid,HIGH,0.7778,1.0,1.0,1.0,0.0,1.0,1.0,1.0,0.005
V3_DECOY_0377,SEMANTIC_DECOY,D7,POWERTRAIN,B0_Full_Suite,HIGH,0.7143,1.0,0.0,0.0,1.0,0.0,0.0,1.0,0.1
V3_DECOY_0377,SEMANTIC_DECOY,D7,POWERTRAIN,B1_Keyword,HIGH,0.7143,1.0,0.0,0.0,1.0,0.0,0.8625,1.0,0.378
V3_DECOY_0377,SEMANTIC_DECOY,D7,POWERTRAIN,B2_Raw_Embedding,HIGH,0.7143,1.0,0.0,0.0,1.0,0.0,0.8875,1.0,0.459
V3_DECOY_0377,SEMANTIC_DECOY,D7,POWERTRAIN,B3_Graph_Only,HIGH,0.7143,1.0,1.0,1.0,0.0,1.0,1.0,1.0,0.002
V3_DECOY_0377,SEMANTIC_DECOY,D7,POWERTRAIN,B4_Contextual_Embedding,HIGH,0.7143,1.0,0.0,0.0,1.0,0.0,0.875,1.0,0.658
V3_DECOY_0377,SEMANTIC_DECOY,D7,POWERTRAIN,B5_AURA_Hybrid,HIGH,0.7143,1.0,1.0,1.0,0.0,1.0,1.0,1.0,0.005
V3_DECOY_0378,SEMANTIC_DECOY,D8,BODY_ELECTRONICS,B0_Full_Suite,HIGH,0.75,1.0,0.0,0.0,1.0,0.0,0.0,1.0,0.1
V3_DECOY_0378,SEMANTIC_DECOY,D8,BODY_ELECTRONICS,B1_Keyword,HIGH,0.75,1.0,1.0,1.0,0.0,1.0,1.0,1.0,0.341
V3_DECOY_0378,SEMANTIC_DECOY,D8,BODY_ELECTRONICS,B2_Raw_Embedding,HIGH,0.75,1.0,0.0,0.0,1.0,0.0,0.7917,1.0,0.419
V3_DECOY_0378,SEMANTIC_DECOY,D8,BODY_ELECTRONICS,B3_Graph_Only,HIGH,0.75,1.0,1.0,1.0,0.0,1.0,1.0,1.0,0.002
V3_DECOY_0378,SEMANTIC_DECOY,D8,BODY_ELECTRONICS,B4_Contextual_Embedding,HIGH,0.75,1.0,0.0,0.0,1.0,0.0,0.7917,1.0,0.569
V3_DECOY_0378,SEMANTIC_DECOY,D8,BODY_ELECTRONICS,B5_AURA_Hybrid,HIGH,0.75,1.0,1.0,1.0,0.0,1.0,1.0,1.0,0.005
V3_DECOY_0379,SEMANTIC_DECOY,D9,ADAS,B0_Full_Suite,HIGH,0.75,1.0,0.0,0.0,1.0,0.0,0.0,1.0,0.1
V3_DECOY_0379,SEMANTIC_DECOY,D9,ADAS,B1_Keyword,HIGH,0.75,1.0,0.0,0.0,1.0,0.0,0.7059,1.0,0.377
V3_DECOY_0379,SEMANTIC_DECOY,D9,ADAS,B2_Raw_Embedding,HIGH,0.75,1.0,0.0,0.0,1.0,0.0,0.8824,1.0,0.551
V3_DECOY_0379,SEMANTIC_DECOY,D9,ADAS,B3_Graph_Only,HIGH,0.75,1.0,1.0,1.0,0.0,1.0,1.0,1.0,0.002
V3_DECOY_0379,SEMANTIC_DECOY,D9,ADAS,B4_Contextual_Embedding,HIGH,0.75,1.0,0.0,0.0,1.0,0.0,0.8824,1.0,0.735
V3_DECOY_0379,SEMANTIC_DECOY,D9,ADAS,B5_AURA_Hybrid,HIGH,0.75,1.0,1.0,1.0,0.0,1.0,1.0,1.0,0.005
V3_DECOY_0380,SEMANTIC_DECOY,D10,POWERTRAIN,B0_Full_Suite,HIGH,0.7143,1.0,0.0,0.0,1.0,0.0,0.0,1.0,0.1
V3_DECOY_0380,SEMANTIC_DECOY,D10,POWERTRAIN,B1_Keyword,HIGH,0.7143,1.0,0.0,0.0,1.0,0.0,0.9875,1.0,0.351
V3_DECOY_0380,SEMANTIC_DECOY,D10,POWERTRAIN,B2_Raw_Embedding,HIGH,0.7143,1.0,0.0,0.0,1.0,0.0,0.875,1.0,0.485
V3_DECOY_0380,SEMANTIC_DECOY,D10,POWERTRAIN,B3_Graph_Only,HIGH,0.7143,1.0,1.0,1.0,0.0,1.0,1.0,1.0,0.002
V3_DECOY_0380,SEMANTIC_DECOY,D10,POWERTRAIN,B4_Contextual_Embedding,HIGH,0.7143,1.0,0.0,0.0,1.0,0.0,0.875,1.0,0.784
V3_DECOY_0380,SEMANTIC_DECOY,D10,POWERTRAIN,B5_AURA_Hybrid,HIGH,0.7143,1.0,1.0,1.0,0.0,1.0,1.0,1.0,0.006
V3_DECOY_0381,SEMANTIC_DECOY,D1,BODY_ELECTRONICS,B0_Full_Suite,HIGH,0.6667,1.0,0.0,0.0,1.0,0.0,0.0,1.0,0.1
V3_DECOY_0381,SEMANTIC_DECOY,D1,BODY_ELECTRONICS,B1_Keyword,HIGH,0.6667,1.0,0.0,0.0,1.0,0.0,0.8333,1.0,0.383
V3_DECOY_0381,SEMANTIC_DECOY,D1,BODY_ELECTRONICS,B2_Raw_Embedding,HIGH,0.6667,1.0,0.0,0.0,1.0,0.0,0.8125,1.0,0.582
V3_DECOY_0381,SEMANTIC_DECOY,D1,BODY_ELECTRONICS,B3_Graph_Only,HIGH,0.6667,1.0,1.0,1.0,0.0,1.0,1.0,1.0,0.002
V3_DECOY_0381,SEMANTIC_DECOY,D1,BODY_ELECTRONICS,B4_Contextual_Embedding,HIGH,0.6667,1.0,0.0,0.0,1.0,0.0,0.8125,1.0,0.536
V3_DECOY_0381,SEMANTIC_DECOY,D1,BODY_ELECTRONICS,B5_AURA_Hybrid,HIGH,0.6667,1.0,1.0,1.0,0.0,1.0,1.0,1.0,0.009
V3_DECOY_0382,SEMANTIC_DECOY,D2,ADAS,B0_Full_Suite,HIGH,0.75,1.0,0.0,0.0,1.0,0.0,0.0,1.0,0.1
V3_DECOY_0382,SEMANTIC_DECOY,D2,ADAS,B1_Keyword,HIGH,0.75,1.0,0.0,0.0,1.0,0.0,0.9059,1.0,0.386
V3_DECOY_0382,SEMANTIC_DECOY,D2,ADAS,B2_Raw_Embedding,HIGH,0.75,1.0,0.0,0.0,1.0,0.0,0.8941,1.0,0.522
V3_DECOY_0382,SEMANTIC_DECOY,D2,ADAS,B3_Graph_Only,HIGH,0.75,1.0,1.0,1.0,0.0,1.0,1.0,1.0,0.002
V3_DECOY_0382,SEMANTIC_DECOY,D2,ADAS,B4_Contextual_Embedding,HIGH,0.75,1.0,0.0,0.0,1.0,0.0,0.8941,1.0,0.687
V3_DECOY_0382,SEMANTIC_DECOY,D2,ADAS,B5_AURA_Hybrid,HIGH,0.75,1.0,1.0,1.0,0.0,1.0,1.0,1.0,0.005
V3_DECOY_0383,SEMANTIC_DECOY,D3,POWERTRAIN,B0_Full_Suite,HIGH,0.75,1.0,0.0,0.0,1.0,0.0,0.0,1.0,0.1
V3_DECOY_0383,SEMANTIC_DECOY,D3,POWERTRAIN,B1_Keyword,HIGH,0.75,1.0,0.0,0.0,1.0,0.0,0.9875,1.0,0.355
V3_DECOY_0383,SEMANTIC_DECOY,D3,POWERTRAIN,B2_Raw_Embedding,HIGH,0.75,1.0,0.0,0.0,1.0,0.0,0.8875,1.0,0.464
V3_DECOY_0383,SEMANTIC_DECOY,D3,POWERTRAIN,B3_Graph_Only,HIGH,0.75,1.0,1.0,1.0,0.0,1.0,1.0,1.0,0.002
V3_DECOY_0383,SEMANTIC_DECOY,D3,POWERTRAIN,B4_Contextual_Embedding,HIGH,0.75,1.0,0.0,0.0,1.0,0.0,0.875,1.0,0.679
V3_DECOY_0383,SEMANTIC_DECOY,D3,POWERTRAIN,B5_AURA_Hybrid,HIGH,0.75,1.0,1.0,1.0,0.0,1.0,1.0,1.0,0.005
V3_DECOY_0384,SEMANTIC_DECOY,D4,POWERTRAIN,B0_Full_Suite,HIGH,0.75,1.0,0.0,0.0,1.0,0.0,0.0,1.0,0.1
V3_DECOY_0384,SEMANTIC_DECOY,D4,POWERTRAIN,B1_Keyword,HIGH,0.75,1.0,0.0,0.0,1.0,0.0,0.9875,1.0,0.361
V3_DECOY_0384,SEMANTIC_DECOY,D4,POWERTRAIN,B2_Raw_Embedding,HIGH,0.75,1.0,0.0,0.0,1.0,0.0,0.875,1.0,0.416
V3_DECOY_0384,SEMANTIC_DECOY,D4,POWERTRAIN,B3_Graph_Only,HIGH,0.75,1.0,1.0,1.0,0.0,1.0,1.0,1.0,0.002
V3_DECOY_0384,SEMANTIC_DECOY,D4,POWERTRAIN,B4_Contextual_Embedding,HIGH,0.75,1.0,0.0,0.0,1.0,0.0,0.875,1.0,0.632
V3_DECOY_0384,SEMANTIC_DECOY,D4,POWERTRAIN,B5_AURA_Hybrid,HIGH,0.75,1.0,1.0,1.0,0.0,1.0,1.0,1.0,0.005
V3_DECOY_0385,SEMANTIC_DECOY,D5,ADAS,B0_Full_Suite,HIGH,0.7143,1.0,0.0,0.0,1.0,0.0,0.0,1.0,0.1
V3_DECOY_0385,SEMANTIC_DECOY,D5,ADAS,B1_Keyword,HIGH,0.7143,1.0,0.0,0.0,1.0,0.0,0.9059,1.0,0.368
V3_DECOY_0385,SEMANTIC_DECOY,D5,ADAS,B2_Raw_Embedding,HIGH,0.7143,1.0,0.0,0.0,1.0,0.0,0.8824,1.0,0.485
V3_DECOY_0385,SEMANTIC_DECOY,D5,ADAS,B3_Graph_Only,HIGH,0.7143,1.0,1.0,1.0,0.0,1.0,1.0,1.0,0.002
V3_DECOY_0385,SEMANTIC_DECOY,D5,ADAS,B4_Contextual_Embedding,HIGH,0.7143,1.0,0.0,0.0,1.0,0.0,0.8824,1.0,0.713
V3_DECOY_0385,SEMANTIC_DECOY,D5,ADAS,B5_AURA_Hybrid,HIGH,0.7143,1.0,1.0,1.0,0.0,1.0,1.0,1.0,0.005
V3_DECOY_0386,SEMANTIC_DECOY,D6,ADAS,B0_Full_Suite,HIGH,0.7778,1.0,0.0,0.0,1.0,0.0,0.0,1.0,0.1
V3_DECOY_0386,SEMANTIC_DECOY,D6,ADAS,B1_Keyword,HIGH,0.7778,1.0,1.0,1.0,0.0,1.0,1.0,1.0,0.365
V3_DECOY_0386,SEMANTIC_DECOY,D6,ADAS,B2_Raw_Embedding,HIGH,0.7778,1.0,0.0,0.0,1.0,0.0,0.8824,1.0,0.521
V3_DECOY_0386,SEMANTIC_DECOY,D6,ADAS,B3_Graph_Only,HIGH,0.7778,1.0,1.0,1.0,0.0,1.0,1.0,1.0,0.002
V3_DECOY_0386,SEMANTIC_DECOY,D6,ADAS,B4_Contextual_Embedding,HIGH,0.7778,1.0,0.0,0.0,1.0,0.0,0.8824,1.0,0.706
V3_DECOY_0386,SEMANTIC_DECOY,D6,ADAS,B5_AURA_Hybrid,HIGH,0.7778,1.0,1.0,1.0,0.0,1.0,1.0,1.0,0.005
V3_DECOY_0387,SEMANTIC_DECOY,D7,POWERTRAIN,B0_Full_Suite,HIGH,0.7143,1.0,0.0,0.0,1.0,0.0,0.0,1.0,0.1
V3_DECOY_0387,SEMANTIC_DECOY,D7,POWERTRAIN,B1_Keyword,HIGH,0.7143,1.0,0.0,0.0,1.0,0.0,0.8625,1.0,0.364
V3_DECOY_0387,SEMANTIC_DECOY,D7,POWERTRAIN,B2_Raw_Embedding,HIGH,0.7143,1.0,0.0,0.0,1.0,0.0,0.8875,1.0,0.467
V3_DECOY_0387,SEMANTIC_DECOY,D7,POWERTRAIN,B3_Graph_Only,HIGH,0.7143,1.0,1.0,1.0,0.0,1.0,1.0,1.0,0.002
V3_DECOY_0387,SEMANTIC_DECOY,D7,POWERTRAIN,B4_Contextual_Embedding,HIGH,0.7143,1.0,0.0,0.0,1.0,0.0,0.875,1.0,0.646
V3_DECOY_0387,SEMANTIC_DECOY,D7,POWERTRAIN,B5_AURA_Hybrid,HIGH,0.7143,1.0,1.0,1.0,0.0,1.0,1.0,1.0,0.005
V3_DECOY_0388,SEMANTIC_DECOY,D8,BODY_ELECTRONICS,B0_Full_Suite,HIGH,0.75,1.0,0.0,0.0,1.0,0.0,0.0,1.0,0.1
V3_DECOY_0388,SEMANTIC_DECOY,D8,BODY_ELECTRONICS,B1_Keyword,HIGH,0.75,1.0,1.0,1.0,0.0,1.0,1.0,1.0,0.322
V3_DECOY_0388,SEMANTIC_DECOY,D8,BODY_ELECTRONICS,B2_Raw_Embedding,HIGH,0.75,1.0,0.0,0.0,1.0,0.0,0.7917,1.0,0.418
V3_DECOY_0388,SEMANTIC_DECOY,D8,BODY_ELECTRONICS,B3_Graph_Only,HIGH,0.75,1.0,1.0,1.0,0.0,1.0,1.0,1.0,0.002
V3_DECOY_0388,SEMANTIC_DECOY,D8,BODY_ELECTRONICS,B4_Contextual_Embedding,HIGH,0.75,1.0,0.0,0.0,1.0,0.0,0.7917,1.0,0.559
V3_DECOY_0388,SEMANTIC_DECOY,D8,BODY_ELECTRONICS,B5_AURA_Hybrid,HIGH,0.75,1.0,1.0,1.0,0.0,1.0,1.0,1.0,0.005
V3_DECOY_0389,SEMANTIC_DECOY,D9,ADAS,B0_Full_Suite,HIGH,0.75,1.0,0.0,0.0,1.0,0.0,0.0,1.0,0.1
V3_DECOY_0389,SEMANTIC_DECOY,D9,ADAS,B1_Keyword,HIGH,0.75,1.0,0.0,0.0,1.0,0.0,0.7059,1.0,0.36
V3_DECOY_0389,SEMANTIC_DECOY,D9,ADAS,B2_Raw_Embedding,HIGH,0.75,1.0,0.0,0.0,1.0,0.0,0.8824,1.0,0.551
V3_DECOY_0389,SEMANTIC_DECOY,D9,ADAS,B3_Graph_Only,HIGH,0.75,1.0,1.0,1.0,0.0,1.0,1.0,1.0,0.002
V3_DECOY_0389,SEMANTIC_DECOY,D9,ADAS,B4_Contextual_Embedding,HIGH,0.75,1.0,0.0,0.0,1.0,0.0,0.8824,1.0,0.714
V3_DECOY_0389,SEMANTIC_DECOY,D9,ADAS,B5_AURA_Hybrid,HIGH,0.75,1.0,1.0,1.0,0.0,1.0,1.0,1.0,0.005
V3_DECOY_0390,SEMANTIC_DECOY,D10,POWERTRAIN,B0_Full_Suite,HIGH,0.7143,1.0,0.0,0.0,1.0,0.0,0.0,1.0,0.1
V3_DECOY_0390,SEMANTIC_DECOY,D10,POWERTRAIN,B1_Keyword,HIGH,0.7143,1.0,0.0,0.0,1.0,0.0,0.9875,1.0,0.342
V3_DECOY_0390,SEMANTIC_DECOY,D10,POWERTRAIN,B2_Raw_Embedding,HIGH,0.7143,1.0,0.0,0.0,1.0,0.0,0.875,1.0,0.499
V3_DECOY_0390,SEMANTIC_DECOY,D10,POWERTRAIN,B3_Graph_Only,HIGH,0.7143,1.0,1.0,1.0,0.0,1.0,1.0,1.0,0.002
V3_DECOY_0390,SEMANTIC_DECOY,D10,POWERTRAIN,B4_Contextual_Embedding,HIGH,0.7143,1.0,0.0,0.0,1.0,0.0,0.875,1.0,0.671
V3_DECOY_0390,SEMANTIC_DECOY,D10,POWERTRAIN,B5_AURA_Hybrid,HIGH,0.7143,1.0,1.0,1.0,0.0,1.0,1.0,1.0,0.005
V3_AMB_0391,AMBIGUOUS,A1,ADAS,B0_Full_Suite,LOW,0.0,0.0,0.0,0.0,1.0,0.0,0.0,1.0,0.1
V3_AMB_0391,AMBIGUOUS,A1,ADAS,B1_Keyword,LOW,0.0,0.0,0.0,0.0,1.0,0.0,0.9176,1.0,0.376
V3_AMB_0391,AMBIGUOUS,A1,ADAS,B2_Raw_Embedding,LOW,0.0,0.0,0.0,0.0,1.0,0.0,0.8824,1.0,0.626
V3_AMB_0391,AMBIGUOUS,A1,ADAS,B3_Graph_Only,LOW,0.0,1.0,1.0,1.0,0.0,1.0,1.0,1.0,0.002
V3_AMB_0391,AMBIGUOUS,A1,ADAS,B4_Contextual_Embedding,LOW,0.0,0.0,0.0,0.0,1.0,0.0,0.8824,1.0,0.818
V3_AMB_0391,AMBIGUOUS,A1,ADAS,B5_AURA_Hybrid,LOW,0.0,1.0,1.0,1.0,0.0,1.0,0.8824,1.0,0.847
V3_AMB_0392,AMBIGUOUS,A2,ADAS,B0_Full_Suite,LOW,0.0,0.0,0.0,0.0,1.0,0.0,0.0,1.0,0.1
V3_AMB_0392,AMBIGUOUS,A2,ADAS,B1_Keyword,LOW,0.0,0.0,0.0,0.0,1.0,0.0,0.9176,1.0,0.418
V3_AMB_0392,AMBIGUOUS,A2,ADAS,B2_Raw_Embedding,LOW,0.0,0.0,0.0,0.0,1.0,0.0,0.8824,1.0,0.601
V3_AMB_0392,AMBIGUOUS,A2,ADAS,B3_Graph_Only,LOW,0.0,1.0,1.0,1.0,0.0,1.0,1.0,1.0,0.002
V3_AMB_0392,AMBIGUOUS,A2,ADAS,B4_Contextual_Embedding,LOW,0.0,0.0,0.0,0.0,1.0,0.0,0.8824,1.0,0.757
V3_AMB_0392,AMBIGUOUS,A2,ADAS,B5_AURA_Hybrid,LOW,0.0,1.0,1.0,1.0,0.0,1.0,0.8824,1.0,0.821
V3_AMB_0393,AMBIGUOUS,A3,ADAS,B0_Full_Suite,LOW,0.0,0.0,0.0,0.0,1.0,0.0,0.0,1.0,0.1
V3_AMB_0393,AMBIGUOUS,A3,ADAS,B1_Keyword,LOW,0.0,0.0,0.0,0.0,1.0,0.0,0.9176,1.0,0.402
V3_AMB_0393,AMBIGUOUS,A3,ADAS,B2_Raw_Embedding,LOW,0.0,0.0,0.0,0.0,1.0,0.0,0.8824,1.0,0.585
V3_AMB_0393,AMBIGUOUS,A3,ADAS,B3_Graph_Only,LOW,0.0,1.0,1.0,1.0,0.0,1.0,1.0,1.0,0.002
V3_AMB_0393,AMBIGUOUS,A3,ADAS,B4_Contextual_Embedding,LOW,0.0,0.0,0.0,0.0,1.0,0.0,0.8824,1.0,0.775
V3_AMB_0393,AMBIGUOUS,A3,ADAS,B5_AURA_Hybrid,LOW,0.0,1.0,1.0,1.0,0.0,1.0,0.8824,1.0,0.835
V3_AMB_0394,AMBIGUOUS,A4,ADAS,B0_Full_Suite,LOW,0.0,0.0,0.0,0.0,1.0,0.0,0.0,1.0,0.1
V3_AMB_0394,AMBIGUOUS,A4,ADAS,B1_Keyword,LOW,0.0,0.0,0.0,0.0,1.0,0.0,0.9176,1.0,0.424
V3_AMB_0394,AMBIGUOUS,A4,ADAS,B2_Raw_Embedding,LOW,0.0,0.0,0.0,0.0,1.0,0.0,0.8824,1.0,0.566
V3_AMB_0394,AMBIGUOUS,A4,ADAS,B3_Graph_Only,LOW,0.0,1.0,1.0,1.0,0.0,1.0,1.0,1.0,0.002
V3_AMB_0394,AMBIGUOUS,A4,ADAS,B4_Contextual_Embedding,LOW,0.0,0.0,0.0,0.0,1.0,0.0,0.8824,1.0,0.77
V3_AMB_0394,AMBIGUOUS,A4,ADAS,B5_AURA_Hybrid,LOW,0.0,1.0,1.0,1.0,0.0,1.0,0.8824,1.0,0.849
V3_AMB_0395,AMBIGUOUS,A5,ADAS,B0_Full_Suite,LOW,0.0,0.0,0.0,0.0,1.0,0.0,0.0,1.0,0.1
V3_AMB_0395,AMBIGUOUS,A5,ADAS,B1_Keyword,LOW,0.0,0.0,0.0,0.0,1.0,0.0,0.9176,1.0,0.405
V3_AMB_0395,AMBIGUOUS,A5,ADAS,B2_Raw_Embedding,LOW,0.0,0.0,0.0,0.0,1.0,0.0,0.8941,1.0,0.581
V3_AMB_0395,AMBIGUOUS,A5,ADAS,B3_Graph_Only,LOW,0.0,1.0,1.0,1.0,0.0,1.0,1.0,1.0,0.002
V3_AMB_0395,AMBIGUOUS,A5,ADAS,B4_Contextual_Embedding,LOW,0.0,0.0,0.0,0.0,1.0,0.0,0.8824,1.0,0.799
V3_AMB_0395,AMBIGUOUS,A5,ADAS,B5_AURA_Hybrid,LOW,0.0,1.0,1.0,1.0,0.0,1.0,0.8824,1.0,0.827
V3_AMB_0396,AMBIGUOUS,A1,POWERTRAIN,B0_Full_Suite,LOW,0.0,0.0,0.0,0.0,1.0,0.0,0.0,1.0,0.1
V3_AMB_0396,AMBIGUOUS,A1,POWERTRAIN,B1_Keyword,LOW,0.0,0.0,0.0,0.0,1.0,0.0,0.9875,1.0,0.419
V3_AMB_0396,AMBIGUOUS,A1,POWERTRAIN,B2_Raw_Embedding,LOW,0.0,0.0,0.0,0.0,1.0,0.0,0.9,1.0,0.628
V3_AMB_0396,AMBIGUOUS,A1,POWERTRAIN,B3_Graph_Only,LOW,0.0,1.0,1.0,1.0,0.0,1.0,1.0,1.0,0.002
V3_AMB_0396,AMBIGUOUS,A1,POWERTRAIN,B4_Contextual_Embedding,LOW,0.0,0.0,0.0,0.0,1.0,0.0,0.875,1.0,0.766
V3_AMB_0396,AMBIGUOUS,A1,POWERTRAIN,B5_AURA_Hybrid,LOW,0.0,1.0,1.0,1.0,0.0,1.0,0.875,1.0,0.839
V3_AMB_0397,AMBIGUOUS,A2,POWERTRAIN,B0_Full_Suite,LOW,0.0,0.0,0.0,0.0,1.0,0.0,0.0,1.0,0.1
V3_AMB_0397,AMBIGUOUS,A2,POWERTRAIN,B1_Keyword,LOW,0.0,0.0,0.0,0.0,1.0,0.0,0.85,1.0,0.404
V3_AMB_0397,AMBIGUOUS,A2,POWERTRAIN,B2_Raw_Embedding,LOW,0.0,0.0,0.0,0.0,1.0,0.0,0.875,1.0,0.517
V3_AMB_0397,AMBIGUOUS,A2,POWERTRAIN,B3_Graph_Only,LOW,0.0,1.0,1.0,1.0,0.0,1.0,1.0,1.0,0.002
V3_AMB_0397,AMBIGUOUS,A2,POWERTRAIN,B4_Contextual_Embedding,LOW,0.0,0.0,0.0,0.0,1.0,0.0,0.8875,1.0,0.712
V3_AMB_0397,AMBIGUOUS,A2,POWERTRAIN,B5_AURA_Hybrid,LOW,0.0,1.0,1.0,1.0,0.0,1.0,0.8875,1.0,0.744
V3_AMB_0398,AMBIGUOUS,A3,POWERTRAIN,B0_Full_Suite,LOW,0.0,0.0,0.0,0.0,1.0,0.0,0.0,1.0,0.1
V3_AMB_0398,AMBIGUOUS,A3,POWERTRAIN,B1_Keyword,LOW,0.0,0.0,0.0,0.0,1.0,0.0,0.9625,1.0,0.384
V3_AMB_0398,AMBIGUOUS,A3,POWERTRAIN,B2_Raw_Embedding,LOW,0.0,0.0,0.0,0.0,1.0,0.0,0.875,1.0,0.53
V3_AMB_0398,AMBIGUOUS,A3,POWERTRAIN,B3_Graph_Only,LOW,0.0,1.0,1.0,1.0,0.0,1.0,1.0,1.0,0.002
V3_AMB_0398,AMBIGUOUS,A3,POWERTRAIN,B4_Contextual_Embedding,LOW,0.0,0.0,0.0,0.0,1.0,0.0,0.9125,1.0,0.695
V3_AMB_0398,AMBIGUOUS,A3,POWERTRAIN,B5_AURA_Hybrid,LOW,0.0,1.0,1.0,1.0,0.0,1.0,0.9125,1.0,0.736
V3_AMB_0399,AMBIGUOUS,A4,POWERTRAIN,B0_Full_Suite,LOW,0.0,0.0,0.0,0.0,1.0,0.0,0.0,1.0,0.1
V3_AMB_0399,AMBIGUOUS,A4,POWERTRAIN,B1_Keyword,LOW,0.0,0.0,0.0,0.0,1.0,0.0,0.9875,1.0,0.4
V3_AMB_0399,AMBIGUOUS,A4,POWERTRAIN,B2_Raw_Embedding,LOW,0.0,0.0,0.0,0.0,1.0,0.0,0.875,1.0,0.519
V3_AMB_0399,AMBIGUOUS,A4,POWERTRAIN,B3_Graph_Only,LOW,0.0,1.0,1.0,1.0,0.0,1.0,1.0,1.0,0.002
V3_AMB_0399,AMBIGUOUS,A4,POWERTRAIN,B4_Contextual_Embedding,LOW,0.0,0.0,0.0,0.0,1.0,0.0,0.8,1.0,0.666
V3_AMB_0399,AMBIGUOUS,A4,POWERTRAIN,B5_AURA_Hybrid,LOW,0.0,1.0,1.0,1.0,0.0,1.0,0.8,1.0,0.726
V3_AMB_0400,AMBIGUOUS,A5,POWERTRAIN,B0_Full_Suite,LOW,0.0,0.0,0.0,0.0,1.0,0.0,0.0,1.0,0.1
V3_AMB_0400,AMBIGUOUS,A5,POWERTRAIN,B1_Keyword,LOW,0.0,0.0,0.0,0.0,1.0,0.0,0.9875,1.0,0.363
V3_AMB_0400,AMBIGUOUS,A5,POWERTRAIN,B2_Raw_Embedding,LOW,0.0,0.0,0.0,0.0,1.0,0.0,0.8875,1.0,0.502
V3_AMB_0400,AMBIGUOUS,A5,POWERTRAIN,B3_Graph_Only,LOW,0.0,1.0,1.0,1.0,0.0,1.0,1.0,1.0,0.002
V3_AMB_0400,AMBIGUOUS,A5,POWERTRAIN,B4_Contextual_Embedding,LOW,0.0,0.0,0.0,0.0,1.0,0.0,0.875,1.0,0.671
V3_AMB_0400,AMBIGUOUS,A5,POWERTRAIN,B5_AURA_Hybrid,LOW,0.0,1.0,1.0,1.0,0.0,1.0,0.875,1.0,0.711
V3_AMB_0401,AMBIGUOUS,A1,BATTERY_EV,B0_Full_Suite,LOW,0.0,0.0,0.0,0.0,1.0,0.0,0.0,1.0,0.1
V3_AMB_0401,AMBIGUOUS,A1,BATTERY_EV,B1_Keyword,LOW,0.0,0.0,0.0,0.0,1.0,0.0,0.975,1.0,0.387
V3_AMB_0401,AMBIGUOUS,A1,BATTERY_EV,B2_Raw_Embedding,LOW,0.0,0.0,0.0,0.0,1.0,0.0,0.875,1.0,0.557
V3_AMB_0401,AMBIGUOUS,A1,BATTERY_EV,B3_Graph_Only,LOW,0.0,1.0,1.0,1.0,0.0,1.0,1.0,1.0,0.002
V3_AMB_0401,AMBIGUOUS,A1,BATTERY_EV,B4_Contextual_Embedding,LOW,0.0,0.0,0.0,0.0,1.0,0.0,0.875,1.0,0.723
V3_AMB_0401,AMBIGUOUS,A1,BATTERY_EV,B5_AURA_Hybrid,LOW,0.0,1.0,1.0,1.0,0.0,1.0,0.875,1.0,0.776
V3_AMB_0402,AMBIGUOUS,A2,BATTERY_EV,B0_Full_Suite,LOW,0.0,0.0,0.0,0.0,1.0,0.0,0.0,1.0,0.1
V3_AMB_0402,AMBIGUOUS,A2,BATTERY_EV,B1_Keyword,LOW,0.0,0.0,0.0,0.0,1.0,0.0,0.975,1.0,0.372
V3_AMB_0402,AMBIGUOUS,A2,BATTERY_EV,B2_Raw_Embedding,LOW,0.0,0.0,0.0,0.0,1.0,0.0,0.8875,1.0,0.523
V3_AMB_0402,AMBIGUOUS,A2,BATTERY_EV,B3_Graph_Only,LOW,0.0,1.0,1.0,1.0,0.0,1.0,1.0,1.0,0.002
V3_AMB_0402,AMBIGUOUS,A2,BATTERY_EV,B4_Contextual_Embedding,LOW,0.0,0.0,0.0,0.0,1.0,0.0,0.875,1.0,0.756
V3_AMB_0402,AMBIGUOUS,A2,BATTERY_EV,B5_AURA_Hybrid,LOW,0.0,1.0,1.0,1.0,0.0,1.0,0.875,1.0,0.961
V3_AMB_0403,AMBIGUOUS,A3,BATTERY_EV,B0_Full_Suite,LOW,0.0,0.0,0.0,0.0,1.0,0.0,0.0,1.0,0.1
V3_AMB_0403,AMBIGUOUS,A3,BATTERY_EV,B1_Keyword,LOW,0.0,0.0,0.0,0.0,1.0,0.0,0.975,1.0,0.381
V3_AMB_0403,AMBIGUOUS,A3,BATTERY_EV,B2_Raw_Embedding,LOW,0.0,0.0,0.0,0.0,1.0,0.0,0.875,1.0,0.496
V3_AMB_0403,AMBIGUOUS,A3,BATTERY_EV,B3_Graph_Only,LOW,0.0,1.0,1.0,1.0,0.0,1.0,1.0,1.0,0.002
V3_AMB_0403,AMBIGUOUS,A3,BATTERY_EV,B4_Contextual_Embedding,LOW,0.0,0.0,0.0,0.0,1.0,0.0,0.875,1.0,0.703
V3_AMB_0403,AMBIGUOUS,A3,BATTERY_EV,B5_AURA_Hybrid,LOW,0.0,1.0,1.0,1.0,0.0,1.0,0.875,1.0,0.725
V3_AMB_0404,AMBIGUOUS,A4,BATTERY_EV,B0_Full_Suite,LOW,0.0,0.0,0.0,0.0,1.0,0.0,0.0,1.0,0.1
V3_AMB_0404,AMBIGUOUS,A4,BATTERY_EV,B1_Keyword,LOW,0.0,0.0,0.0,0.0,1.0,0.0,0.975,1.0,0.631
V3_AMB_0404,AMBIGUOUS,A4,BATTERY_EV,B2_Raw_Embedding,LOW,0.0,0.0,0.0,0.0,1.0,0.0,0.875,1.0,0.656
V3_AMB_0404,AMBIGUOUS,A4,BATTERY_EV,B3_Graph_Only,LOW,0.0,1.0,1.0,1.0,0.0,1.0,1.0,1.0,0.002
V3_AMB_0404,AMBIGUOUS,A4,BATTERY_EV,B4_Contextual_Embedding,LOW,0.0,0.0,0.0,0.0,1.0,0.0,0.875,1.0,0.71
V3_AMB_0404,AMBIGUOUS,A4,BATTERY_EV,B5_AURA_Hybrid,LOW,0.0,1.0,1.0,1.0,0.0,1.0,0.875,1.0,0.699
V3_AMB_0405,AMBIGUOUS,A5,BATTERY_EV,B0_Full_Suite,LOW,0.0,0.0,0.0,0.0,1.0,0.0,0.0,1.0,0.1
V3_AMB_0405,AMBIGUOUS,A5,BATTERY_EV,B1_Keyword,LOW,0.0,0.0,0.0,0.0,1.0,0.0,0.975,1.0,0.386
V3_AMB_0405,AMBIGUOUS,A5,BATTERY_EV,B2_Raw_Embedding,LOW,0.0,0.0,0.0,0.0,1.0,0.0,0.8875,1.0,0.498
V3_AMB_0405,AMBIGUOUS,A5,BATTERY_EV,B3_Graph_Only,LOW,0.0,1.0,1.0,1.0,0.0,1.0,1.0,1.0,0.002
V3_AMB_0405,AMBIGUOUS,A5,BATTERY_EV,B4_Contextual_Embedding,LOW,0.0,0.0,0.0,0.0,1.0,0.0,0.875,1.0,0.696
V3_AMB_0405,AMBIGUOUS,A5,BATTERY_EV,B5_AURA_Hybrid,LOW,0.0,1.0,1.0,1.0,0.0,1.0,0.875,1.0,0.728
V3_AMB_0406,AMBIGUOUS,A1,BODY_ELECTRONICS,B0_Full_Suite,LOW,0.0,0.0,0.0,0.0,1.0,0.0,0.0,1.0,0.1
V3_AMB_0406,AMBIGUOUS,A1,BODY_ELECTRONICS,B1_Keyword,LOW,0.0,0.0,0.0,0.0,1.0,0.0,0.875,1.0,0.345
V3_AMB_0406,AMBIGUOUS,A1,BODY_ELECTRONICS,B2_Raw_Embedding,LOW,0.0,0.0,0.0,0.0,1.0,0.0,0.7917,1.0,0.44
V3_AMB_0406,AMBIGUOUS,A1,BODY_ELECTRONICS,B3_Graph_Only,LOW,0.0,1.0,1.0,1.0,0.0,1.0,1.0,1.0,0.002
V3_AMB_0406,AMBIGUOUS,A1,BODY_ELECTRONICS,B4_Contextual_Embedding,LOW,0.0,0.0,0.0,0.0,1.0,0.0,0.7917,1.0,0.587
V3_AMB_0406,AMBIGUOUS,A1,BODY_ELECTRONICS,B5_AURA_Hybrid,LOW,0.0,1.0,1.0,1.0,0.0,1.0,0.7917,1.0,0.637
V3_AMB_0407,AMBIGUOUS,A2,BODY_ELECTRONICS,B0_Full_Suite,LOW,0.0,0.0,0.0,0.0,1.0,0.0,0.0,1.0,0.1
V3_AMB_0407,AMBIGUOUS,A2,BODY_ELECTRONICS,B1_Keyword,LOW,0.0,0.0,0.0,0.0,1.0,0.0,0.875,1.0,0.362
V3_AMB_0407,AMBIGUOUS,A2,BODY_ELECTRONICS,B2_Raw_Embedding,LOW,0.0,0.0,0.0,0.0,1.0,0.0,0.7917,1.0,0.409
V3_AMB_0407,AMBIGUOUS,A2,BODY_ELECTRONICS,B3_Graph_Only,LOW,0.0,1.0,1.0,1.0,0.0,1.0,1.0,1.0,0.002
V3_AMB_0407,AMBIGUOUS,A2,BODY_ELECTRONICS,B4_Contextual_Embedding,LOW,0.0,0.0,0.0,0.0,1.0,0.0,0.8333,1.0,0.558
V3_AMB_0407,AMBIGUOUS,A2,BODY_ELECTRONICS,B5_AURA_Hybrid,LOW,0.0,1.0,1.0,1.0,0.0,1.0,0.8333,1.0,0.599
V3_AMB_0408,AMBIGUOUS,A3,BODY_ELECTRONICS,B0_Full_Suite,LOW,0.0,0.0,0.0,0.0,1.0,0.0,0.0,1.0,0.1
V3_AMB_0408,AMBIGUOUS,A3,BODY_ELECTRONICS,B1_Keyword,LOW,0.0,0.0,0.0,0.0,1.0,0.0,0.875,1.0,0.361
V3_AMB_0408,AMBIGUOUS,A3,BODY_ELECTRONICS,B2_Raw_Embedding,LOW,0.0,0.0,0.0,0.0,1.0,0.0,0.7917,1.0,0.4
V3_AMB_0408,AMBIGUOUS,A3,BODY_ELECTRONICS,B3_Graph_Only,LOW,0.0,1.0,1.0,1.0,0.0,1.0,1.0,1.0,0.002
V3_AMB_0408,AMBIGUOUS,A3,BODY_ELECTRONICS,B4_Contextual_Embedding,LOW,0.0,0.0,0.0,0.0,1.0,0.0,0.7917,1.0,0.574
V3_AMB_0408,AMBIGUOUS,A3,BODY_ELECTRONICS,B5_AURA_Hybrid,LOW,0.0,1.0,1.0,1.0,0.0,1.0,0.7917,1.0,0.603
V3_AMB_0409,AMBIGUOUS,A4,BODY_ELECTRONICS,B0_Full_Suite,LOW,0.0,0.0,0.0,0.0,1.0,0.0,0.0,1.0,0.1
V3_AMB_0409,AMBIGUOUS,A4,BODY_ELECTRONICS,B1_Keyword,LOW,0.0,0.0,0.0,0.0,1.0,0.0,0.875,1.0,0.435
V3_AMB_0409,AMBIGUOUS,A4,BODY_ELECTRONICS,B2_Raw_Embedding,LOW,0.0,0.0,0.0,0.0,1.0,0.0,0.7917,1.0,0.415
V3_AMB_0409,AMBIGUOUS,A4,BODY_ELECTRONICS,B3_Graph_Only,LOW,0.0,1.0,1.0,1.0,0.0,1.0,1.0,1.0,0.002
V3_AMB_0409,AMBIGUOUS,A4,BODY_ELECTRONICS,B4_Contextual_Embedding,LOW,0.0,0.0,0.0,0.0,1.0,0.0,0.8333,1.0,0.552
V3_AMB_0409,AMBIGUOUS,A4,BODY_ELECTRONICS,B5_AURA_Hybrid,LOW,0.0,1.0,1.0,1.0,0.0,1.0,0.8333,1.0,0.591
V3_AMB_0410,AMBIGUOUS,A5,BODY_ELECTRONICS,B0_Full_Suite,LOW,0.0,0.0,0.0,0.0,1.0,0.0,0.0,1.0,0.1
V3_AMB_0410,AMBIGUOUS,A5,BODY_ELECTRONICS,B1_Keyword,LOW,0.0,0.0,0.0,0.0,1.0,0.0,0.875,1.0,0.358
V3_AMB_0410,AMBIGUOUS,A5,BODY_ELECTRONICS,B2_Raw_Embedding,LOW,0.0,0.0,0.0,0.0,1.0,0.0,0.7917,1.0,0.401
V3_AMB_0410,AMBIGUOUS,A5,BODY_ELECTRONICS,B3_Graph_Only,LOW,0.0,1.0,1.0,1.0,0.0,1.0,1.0,1.0,0.002
V3_AMB_0410,AMBIGUOUS,A5,BODY_ELECTRONICS,B4_Contextual_Embedding,LOW,0.0,0.0,0.0,0.0,1.0,0.0,0.7917,1.0,0.552
V3_AMB_0410,AMBIGUOUS,A5,BODY_ELECTRONICS,B5_AURA_Hybrid,LOW,0.0,1.0,1.0,1.0,0.0,1.0,0.7917,1.0,0.637
V3_AMB_0411,AMBIGUOUS,A1,ADAS,B0_Full_Suite,LOW,0.0,0.0,0.0,0.0,1.0,0.0,0.0,1.0,0.1
V3_AMB_0411,AMBIGUOUS,A1,ADAS,B1_Keyword,LOW,0.0,0.0,0.0,0.0,1.0,0.0,0.9176,1.0,0.398
V3_AMB_0411,AMBIGUOUS,A1,ADAS,B2_Raw_Embedding,LOW,0.0,0.0,0.0,0.0,1.0,0.0,0.8824,1.0,0.639
V3_AMB_0411,AMBIGUOUS,A1,ADAS,B3_Graph_Only,LOW,0.0,1.0,1.0,1.0,0.0,1.0,1.0,1.0,0.002
V3_AMB_0411,AMBIGUOUS,A1,ADAS,B4_Contextual_Embedding,LOW,0.0,0.0,0.0,0.0,1.0,0.0,0.8824,1.0,0.821
V3_AMB_0411,AMBIGUOUS,A1,ADAS,B5_AURA_Hybrid,LOW,0.0,1.0,1.0,1.0,0.0,1.0,0.8824,1.0,0.852
V3_AMB_0412,AMBIGUOUS,A2,ADAS,B0_Full_Suite,LOW,0.0,0.0,0.0,0.0,1.0,0.0,0.0,1.0,0.1
V3_AMB_0412,AMBIGUOUS,A2,ADAS,B1_Keyword,LOW,0.0,0.0,0.0,0.0,1.0,0.0,0.9176,1.0,0.412
V3_AMB_0412,AMBIGUOUS,A2,ADAS,B2_Raw_Embedding,LOW,0.0,0.0,0.0,0.0,1.0,0.0,0.8824,1.0,0.566
V3_AMB_0412,AMBIGUOUS,A2,ADAS,B3_Graph_Only,LOW,0.0,1.0,1.0,1.0,0.0,1.0,1.0,1.0,0.002
V3_AMB_0412,AMBIGUOUS,A2,ADAS,B4_Contextual_Embedding,LOW,0.0,0.0,0.0,0.0,1.0,0.0,0.8824,1.0,0.782
V3_AMB_0412,AMBIGUOUS,A2,ADAS,B5_AURA_Hybrid,LOW,0.0,1.0,1.0,1.0,0.0,1.0,0.8824,1.0,0.824
V3_AMB_0413,AMBIGUOUS,A3,ADAS,B0_Full_Suite,LOW,0.0,0.0,0.0,0.0,1.0,0.0,0.0,1.0,0.1
V3_AMB_0413,AMBIGUOUS,A3,ADAS,B1_Keyword,LOW,0.0,0.0,0.0,0.0,1.0,0.0,0.9176,1.0,0.385
V3_AMB_0413,AMBIGUOUS,A3,ADAS,B2_Raw_Embedding,LOW,0.0,0.0,0.0,0.0,1.0,0.0,0.8824,1.0,0.577
V3_AMB_0413,AMBIGUOUS,A3,ADAS,B3_Graph_Only,LOW,0.0,1.0,1.0,1.0,0.0,1.0,1.0,1.0,0.002
V3_AMB_0413,AMBIGUOUS,A3,ADAS,B4_Contextual_Embedding,LOW,0.0,0.0,0.0,0.0,1.0,0.0,0.8824,1.0,0.76
V3_AMB_0413,AMBIGUOUS,A3,ADAS,B5_AURA_Hybrid,LOW,0.0,1.0,1.0,1.0,0.0,1.0,0.8824,1.0,0.792
V3_AMB_0414,AMBIGUOUS,A4,ADAS,B0_Full_Suite,LOW,0.0,0.0,0.0,0.0,1.0,0.0,0.0,1.0,0.1
V3_AMB_0414,AMBIGUOUS,A4,ADAS,B1_Keyword,LOW,0.0,0.0,0.0,0.0,1.0,0.0,0.9176,1.0,0.395
V3_AMB_0414,AMBIGUOUS,A4,ADAS,B2_Raw_Embedding,LOW,0.0,0.0,0.0,0.0,1.0,0.0,0.8824,1.0,0.552
V3_AMB_0414,AMBIGUOUS,A4,ADAS,B3_Graph_Only,LOW,0.0,1.0,1.0,1.0,0.0,1.0,1.0,1.0,0.002
V3_AMB_0414,AMBIGUOUS,A4,ADAS,B4_Contextual_Embedding,LOW,0.0,0.0,0.0,0.0,1.0,0.0,0.8824,1.0,0.741
V3_AMB_0414,AMBIGUOUS,A4,ADAS,B5_AURA_Hybrid,LOW,0.0,1.0,1.0,1.0,0.0,1.0,0.8824,1.0,0.815
V3_AMB_0415,AMBIGUOUS,A5,ADAS,B0_Full_Suite,LOW,0.0,0.0,0.0,0.0,1.0,0.0,0.0,1.0,0.1
V3_AMB_0415,AMBIGUOUS,A5,ADAS,B1_Keyword,LOW,0.0,0.0,0.0,0.0,1.0,0.0,0.9176,1.0,0.381
V3_AMB_0415,AMBIGUOUS,A5,ADAS,B2_Raw_Embedding,LOW,0.0,0.0,0.0,0.0,1.0,0.0,0.8941,1.0,0.542
V3_AMB_0415,AMBIGUOUS,A5,ADAS,B3_Graph_Only,LOW,0.0,1.0,1.0,1.0,0.0,1.0,1.0,1.0,0.002
V3_AMB_0415,AMBIGUOUS,A5,ADAS,B4_Contextual_Embedding,LOW,0.0,0.0,0.0,0.0,1.0,0.0,0.8824,1.0,0.786
V3_AMB_0415,AMBIGUOUS,A5,ADAS,B5_AURA_Hybrid,LOW,0.0,1.0,1.0,1.0,0.0,1.0,0.8824,1.0,0.808
V3_AMB_0416,AMBIGUOUS,A1,POWERTRAIN,B0_Full_Suite,LOW,0.0,0.0,0.0,0.0,1.0,0.0,0.0,1.0,0.1
V3_AMB_0416,AMBIGUOUS,A1,POWERTRAIN,B1_Keyword,LOW,0.0,0.0,0.0,0.0,1.0,0.0,0.9875,1.0,0.38
V3_AMB_0416,AMBIGUOUS,A1,POWERTRAIN,B2_Raw_Embedding,LOW,0.0,0.0,0.0,0.0,1.0,0.0,0.9,1.0,0.578
V3_AMB_0416,AMBIGUOUS,A1,POWERTRAIN,B3_Graph_Only,LOW,0.0,1.0,1.0,1.0,0.0,1.0,1.0,1.0,0.002
V3_AMB_0416,AMBIGUOUS,A1,POWERTRAIN,B4_Contextual_Embedding,LOW,0.0,0.0,0.0,0.0,1.0,0.0,0.875,1.0,0.727
V3_AMB_0416,AMBIGUOUS,A1,POWERTRAIN,B5_AURA_Hybrid,LOW,0.0,1.0,1.0,1.0,0.0,1.0,0.875,1.0,0.766
V3_AMB_0417,AMBIGUOUS,A2,POWERTRAIN,B0_Full_Suite,LOW,0.0,0.0,0.0,0.0,1.0,0.0,0.0,1.0,0.1
V3_AMB_0417,AMBIGUOUS,A2,POWERTRAIN,B1_Keyword,LOW,0.0,0.0,0.0,0.0,1.0,0.0,0.9,1.0,0.424
V3_AMB_0417,AMBIGUOUS,A2,POWERTRAIN,B2_Raw_Embedding,LOW,0.0,0.0,0.0,0.0,1.0,0.0,0.875,1.0,0.55
V3_AMB_0417,AMBIGUOUS,A2,POWERTRAIN,B3_Graph_Only,LOW,0.0,1.0,1.0,1.0,0.0,1.0,1.0,1.0,0.002
V3_AMB_0417,AMBIGUOUS,A2,POWERTRAIN,B4_Contextual_Embedding,LOW,0.0,0.0,0.0,0.0,1.0,0.0,0.8875,1.0,0.7
V3_AMB_0417,AMBIGUOUS,A2,POWERTRAIN,B5_AURA_Hybrid,LOW,0.0,1.0,1.0,1.0,0.0,1.0,0.8875,1.0,0.765
V3_AMB_0418,AMBIGUOUS,A3,POWERTRAIN,B0_Full_Suite,LOW,0.0,0.0,0.0,0.0,1.0,0.0,0.0,1.0,0.1
V3_AMB_0418,AMBIGUOUS,A3,POWERTRAIN,B1_Keyword,LOW,0.0,0.0,0.0,0.0,1.0,0.0,0.9875,1.0,0.384
V3_AMB_0418,AMBIGUOUS,A3,POWERTRAIN,B2_Raw_Embedding,LOW,0.0,0.0,0.0,0.0,1.0,0.0,0.875,1.0,0.521
V3_AMB_0418,AMBIGUOUS,A3,POWERTRAIN,B3_Graph_Only,LOW,0.0,1.0,1.0,1.0,0.0,1.0,1.0,1.0,0.002
V3_AMB_0418,AMBIGUOUS,A3,POWERTRAIN,B4_Contextual_Embedding,LOW,0.0,0.0,0.0,0.0,1.0,0.0,0.8875,1.0,0.697
V3_AMB_0418,AMBIGUOUS,A3,POWERTRAIN,B5_AURA_Hybrid,LOW,0.0,1.0,1.0,1.0,0.0,1.0,0.8875,1.0,0.738
V3_AMB_0419,AMBIGUOUS,A4,POWERTRAIN,B0_Full_Suite,LOW,0.0,0.0,0.0,0.0,1.0,0.0,0.0,1.0,0.1
V3_AMB_0419,AMBIGUOUS,A4,POWERTRAIN,B1_Keyword,LOW,0.0,0.0,0.0,0.0,1.0,0.0,0.9875,1.0,0.385
V3_AMB_0419,AMBIGUOUS,A4,POWERTRAIN,B2_Raw_Embedding,LOW,0.0,0.0,0.0,0.0,1.0,0.0,0.875,1.0,0.498
V3_AMB_0419,AMBIGUOUS,A4,POWERTRAIN,B3_Graph_Only,LOW,0.0,1.0,1.0,1.0,0.0,1.0,1.0,1.0,0.002
V3_AMB_0419,AMBIGUOUS,A4,POWERTRAIN,B4_Contextual_Embedding,LOW,0.0,0.0,0.0,0.0,1.0,0.0,0.8,1.0,0.658
V3_AMB_0419,AMBIGUOUS,A4,POWERTRAIN,B5_AURA_Hybrid,LOW,0.0,1.0,1.0,1.0,0.0,1.0,0.8,1.0,0.728
V3_AMB_0420,AMBIGUOUS,A5,POWERTRAIN,B0_Full_Suite,LOW,0.0,0.0,0.0,0.0,1.0,0.0,0.0,1.0,0.1
V3_AMB_0420,AMBIGUOUS,A5,POWERTRAIN,B1_Keyword,LOW,0.0,0.0,0.0,0.0,1.0,0.0,0.9875,1.0,0.364
V3_AMB_0420,AMBIGUOUS,A5,POWERTRAIN,B2_Raw_Embedding,LOW,0.0,0.0,0.0,0.0,1.0,0.0,0.875,1.0,0.494
V3_AMB_0420,AMBIGUOUS,A5,POWERTRAIN,B3_Graph_Only,LOW,0.0,1.0,1.0,1.0,0.0,1.0,1.0,1.0,0.002
V3_AMB_0420,AMBIGUOUS,A5,POWERTRAIN,B4_Contextual_Embedding,LOW,0.0,0.0,0.0,0.0,1.0,0.0,0.875,1.0,0.683
V3_AMB_0420,AMBIGUOUS,A5,POWERTRAIN,B5_AURA_Hybrid,LOW,0.0,1.0,1.0,1.0,0.0,1.0,0.875,1.0,0.72
V3_AMB_0421,AMBIGUOUS,A1,BATTERY_EV,B0_Full_Suite,LOW,0.0,0.0,0.0,0.0,1.0,0.0,0.0,1.0,0.1
V3_AMB_0421,AMBIGUOUS,A1,BATTERY_EV,B1_Keyword,LOW,0.0,0.0,0.0,0.0,1.0,0.0,0.9875,1.0,0.379
V3_AMB_0421,AMBIGUOUS,A1,BATTERY_EV,B2_Raw_Embedding,LOW,0.0,0.0,0.0,0.0,1.0,0.0,0.875,1.0,0.568
V3_AMB_0421,AMBIGUOUS,A1,BATTERY_EV,B3_Graph_Only,LOW,0.0,1.0,1.0,1.0,0.0,1.0,1.0,1.0,0.002
V3_AMB_0421,AMBIGUOUS,A1,BATTERY_EV,B4_Contextual_Embedding,LOW,0.0,0.0,0.0,0.0,1.0,0.0,0.875,1.0,0.776
V3_AMB_0421,AMBIGUOUS,A1,BATTERY_EV,B5_AURA_Hybrid,LOW,0.0,1.0,1.0,1.0,0.0,1.0,0.875,1.0,0.774
V3_AMB_0422,AMBIGUOUS,A2,BATTERY_EV,B0_Full_Suite,LOW,0.0,0.0,0.0,0.0,1.0,0.0,0.0,1.0,0.1
V3_AMB_0422,AMBIGUOUS,A2,BATTERY_EV,B1_Keyword,LOW,0.0,0.0,0.0,0.0,1.0,0.0,0.9875,1.0,0.385
V3_AMB_0422,AMBIGUOUS,A2,BATTERY_EV,B2_Raw_Embedding,LOW,0.0,0.0,0.0,0.0,1.0,0.0,0.8875,1.0,0.513
V3_AMB_0422,AMBIGUOUS,A2,BATTERY_EV,B3_Graph_Only,LOW,0.0,1.0,1.0,1.0,0.0,1.0,1.0,1.0,0.002
V3_AMB_0422,AMBIGUOUS,A2,BATTERY_EV,B4_Contextual_Embedding,LOW,0.0,0.0,0.0,0.0,1.0,0.0,0.875,1.0,0.701
V3_AMB_0422,AMBIGUOUS,A2,BATTERY_EV,B5_AURA_Hybrid,LOW,0.0,1.0,1.0,1.0,0.0,1.0,0.875,1.0,0.739
V3_AMB_0423,AMBIGUOUS,A3,BATTERY_EV,B0_Full_Suite,LOW,0.0,0.0,0.0,0.0,1.0,0.0,0.0,1.0,0.1
V3_AMB_0423,AMBIGUOUS,A3,BATTERY_EV,B1_Keyword,LOW,0.0,0.0,0.0,0.0,1.0,0.0,0.9875,1.0,0.369
V3_AMB_0423,AMBIGUOUS,A3,BATTERY_EV,B2_Raw_Embedding,LOW,0.0,0.0,0.0,0.0,1.0,0.0,0.875,1.0,0.506
V3_AMB_0423,AMBIGUOUS,A3,BATTERY_EV,B3_Graph_Only,LOW,0.0,1.0,1.0,1.0,0.0,1.0,1.0,1.0,0.002
V3_AMB_0423,AMBIGUOUS,A3,BATTERY_EV,B4_Contextual_Embedding,LOW,0.0,0.0,0.0,0.0,1.0,0.0,0.875,1.0,0.669
V3_AMB_0423,AMBIGUOUS,A3,BATTERY_EV,B5_AURA_Hybrid,LOW,0.0,1.0,1.0,1.0,0.0,1.0,0.875,1.0,0.77
V3_AMB_0424,AMBIGUOUS,A4,BATTERY_EV,B0_Full_Suite,LOW,0.0,0.0,0.0,0.0,1.0,0.0,0.0,1.0,0.1
V3_AMB_0424,AMBIGUOUS,A4,BATTERY_EV,B1_Keyword,LOW,0.0,0.0,0.0,0.0,1.0,0.0,0.9875,1.0,0.388
V3_AMB_0424,AMBIGUOUS,A4,BATTERY_EV,B2_Raw_Embedding,LOW,0.0,0.0,0.0,0.0,1.0,0.0,0.875,1.0,0.516
V3_AMB_0424,AMBIGUOUS,A4,BATTERY_EV,B3_Graph_Only,LOW,0.0,1.0,1.0,1.0,0.0,1.0,1.0,1.0,0.002
V3_AMB_0424,AMBIGUOUS,A4,BATTERY_EV,B4_Contextual_Embedding,LOW,0.0,0.0,0.0,0.0,1.0,0.0,0.875,1.0,0.691
V3_AMB_0424,AMBIGUOUS,A4,BATTERY_EV,B5_AURA_Hybrid,LOW,0.0,1.0,1.0,1.0,0.0,1.0,0.875,1.0,0.758
V3_AMB_0425,AMBIGUOUS,A5,BATTERY_EV,B0_Full_Suite,LOW,0.0,0.0,0.0,0.0,1.0,0.0,0.0,1.0,0.1
V3_AMB_0425,AMBIGUOUS,A5,BATTERY_EV,B1_Keyword,LOW,0.0,0.0,0.0,0.0,1.0,0.0,0.9875,1.0,0.373
V3_AMB_0425,AMBIGUOUS,A5,BATTERY_EV,B2_Raw_Embedding,LOW,0.0,0.0,0.0,0.0,1.0,0.0,0.8875,1.0,0.495
V3_AMB_0425,AMBIGUOUS,A5,BATTERY_EV,B3_Graph_Only,LOW,0.0,1.0,1.0,1.0,0.0,1.0,1.0,1.0,0.002
V3_AMB_0425,AMBIGUOUS,A5,BATTERY_EV,B4_Contextual_Embedding,LOW,0.0,0.0,0.0,0.0,1.0,0.0,0.875,1.0,0.663
V3_AMB_0425,AMBIGUOUS,A5,BATTERY_EV,B5_AURA_Hybrid,LOW,0.0,1.0,1.0,1.0,0.0,1.0,0.875,1.0,0.715
V3_AMB_0426,AMBIGUOUS,A1,BODY_ELECTRONICS,B0_Full_Suite,LOW,0.0,0.0,0.0,0.0,1.0,0.0,0.0,1.0,0.1
V3_AMB_0426,AMBIGUOUS,A1,BODY_ELECTRONICS,B1_Keyword,LOW,0.0,0.0,0.0,0.0,1.0,0.0,0.875,1.0,0.387
V3_AMB_0426,AMBIGUOUS,A1,BODY_ELECTRONICS,B2_Raw_Embedding,LOW,0.0,0.0,0.0,0.0,1.0,0.0,0.7917,1.0,0.439
V3_AMB_0426,AMBIGUOUS,A1,BODY_ELECTRONICS,B3_Graph_Only,LOW,0.0,1.0,1.0,1.0,0.0,1.0,1.0,1.0,0.002
V3_AMB_0426,AMBIGUOUS,A1,BODY_ELECTRONICS,B4_Contextual_Embedding,LOW,0.0,0.0,0.0,0.0,1.0,0.0,0.7917,1.0,0.603
V3_AMB_0426,AMBIGUOUS,A1,BODY_ELECTRONICS,B5_AURA_Hybrid,LOW,0.0,1.0,1.0,1.0,0.0,1.0,0.7917,1.0,0.644
V3_AMB_0427,AMBIGUOUS,A2,BODY_ELECTRONICS,B0_Full_Suite,LOW,0.0,0.0,0.0,0.0,1.0,0.0,0.0,1.0,0.1
V3_AMB_0427,AMBIGUOUS,A2,BODY_ELECTRONICS,B1_Keyword,LOW,0.0,0.0,0.0,0.0,1.0,0.0,0.875,1.0,0.352
V3_AMB_0427,AMBIGUOUS,A2,BODY_ELECTRONICS,B2_Raw_Embedding,LOW,0.0,0.0,0.0,0.0,1.0,0.0,0.7917,1.0,0.418
V3_AMB_0427,AMBIGUOUS,A2,BODY_ELECTRONICS,B3_Graph_Only,LOW,0.0,1.0,1.0,1.0,0.0,1.0,1.0,1.0,0.002
V3_AMB_0427,AMBIGUOUS,A2,BODY_ELECTRONICS,B4_Contextual_Embedding,LOW,0.0,0.0,0.0,0.0,1.0,0.0,0.8333,1.0,0.559
V3_AMB_0427,AMBIGUOUS,A2,BODY_ELECTRONICS,B5_AURA_Hybrid,LOW,0.0,1.0,1.0,1.0,0.0,1.0,0.8333,1.0,0.606
V3_AMB_0428,AMBIGUOUS,A3,BODY_ELECTRONICS,B0_Full_Suite,LOW,0.0,0.0,0.0,0.0,1.0,0.0,0.0,1.0,0.1
V3_AMB_0428,AMBIGUOUS,A3,BODY_ELECTRONICS,B1_Keyword,LOW,0.0,0.0,0.0,0.0,1.0,0.0,0.875,1.0,0.363
V3_AMB_0428,AMBIGUOUS,A3,BODY_ELECTRONICS,B2_Raw_Embedding,LOW,0.0,0.0,0.0,0.0,1.0,0.0,0.7917,1.0,0.408
V3_AMB_0428,AMBIGUOUS,A3,BODY_ELECTRONICS,B3_Graph_Only,LOW,0.0,1.0,1.0,1.0,0.0,1.0,1.0,1.0,0.002
V3_AMB_0428,AMBIGUOUS,A3,BODY_ELECTRONICS,B4_Contextual_Embedding,LOW,0.0,0.0,0.0,0.0,1.0,0.0,0.7917,1.0,0.569
V3_AMB_0428,AMBIGUOUS,A3,BODY_ELECTRONICS,B5_AURA_Hybrid,LOW,0.0,1.0,1.0,1.0,0.0,1.0,0.7917,1.0,0.605
V3_AMB_0429,AMBIGUOUS,A4,BODY_ELECTRONICS,B0_Full_Suite,LOW,0.0,0.0,0.0,0.0,1.0,0.0,0.0,1.0,0.1
V3_AMB_0429,AMBIGUOUS,A4,BODY_ELECTRONICS,B1_Keyword,LOW,0.0,0.0,0.0,0.0,1.0,0.0,0.875,1.0,0.367
V3_AMB_0429,AMBIGUOUS,A4,BODY_ELECTRONICS,B2_Raw_Embedding,LOW,0.0,0.0,0.0,0.0,1.0,0.0,0.7917,1.0,0.402
V3_AMB_0429,AMBIGUOUS,A4,BODY_ELECTRONICS,B3_Graph_Only,LOW,0.0,1.0,1.0,1.0,0.0,1.0,1.0,1.0,0.002
V3_AMB_0429,AMBIGUOUS,A4,BODY_ELECTRONICS,B4_Contextual_Embedding,LOW,0.0,0.0,0.0,0.0,1.0,0.0,0.8333,1.0,0.56
V3_AMB_0429,AMBIGUOUS,A4,BODY_ELECTRONICS,B5_AURA_Hybrid,LOW,0.0,1.0,1.0,1.0,0.0,1.0,0.8333,1.0,0.623
V3_AMB_0430,AMBIGUOUS,A5,BODY_ELECTRONICS,B0_Full_Suite,LOW,0.0,0.0,0.0,0.0,1.0,0.0,0.0,1.0,0.1
V3_AMB_0430,AMBIGUOUS,A5,BODY_ELECTRONICS,B1_Keyword,LOW,0.0,0.0,0.0,0.0,1.0,0.0,0.875,1.0,0.348
V3_AMB_0430,AMBIGUOUS,A5,BODY_ELECTRONICS,B2_Raw_Embedding,LOW,0.0,0.0,0.0,0.0,1.0,0.0,0.7917,1.0,0.393
V3_AMB_0430,AMBIGUOUS,A5,BODY_ELECTRONICS,B3_Graph_Only,LOW,0.0,1.0,1.0,1.0,0.0,1.0,1.0,1.0,0.002
V3_AMB_0430,AMBIGUOUS,A5,BODY_ELECTRONICS,B4_Contextual_Embedding,LOW,0.0,0.0,0.0,0.0,1.0,0.0,0.7917,1.0,0.637
V3_AMB_0430,AMBIGUOUS,A5,BODY_ELECTRONICS,B5_AURA_Hybrid,LOW,0.0,1.0,1.0,1.0,0.0,1.0,0.7917,1.0,0.723
V3_AMB_0431,AMBIGUOUS,A1,ADAS,B0_Full_Suite,LOW,0.0,0.0,0.0,0.0,1.0,0.0,0.0,1.0,0.1
V3_AMB_0431,AMBIGUOUS,A1,ADAS,B1_Keyword,LOW,0.0,0.0,0.0,0.0,1.0,0.0,0.9059,1.0,0.42
V3_AMB_0431,AMBIGUOUS,A1,ADAS,B2_Raw_Embedding,LOW,0.0,0.0,0.0,0.0,1.0,0.0,0.8824,1.0,0.798
V3_AMB_0431,AMBIGUOUS,A1,ADAS,B3_Graph_Only,LOW,0.0,1.0,1.0,1.0,0.0,1.0,1.0,1.0,0.002
V3_AMB_0431,AMBIGUOUS,A1,ADAS,B4_Contextual_Embedding,LOW,0.0,0.0,0.0,0.0,1.0,0.0,0.8824,1.0,0.817
V3_AMB_0431,AMBIGUOUS,A1,ADAS,B5_AURA_Hybrid,LOW,0.0,1.0,1.0,1.0,0.0,1.0,0.8824,1.0,0.868
V3_AMB_0432,AMBIGUOUS,A2,ADAS,B0_Full_Suite,LOW,0.0,0.0,0.0,0.0,1.0,0.0,0.0,1.0,0.1
V3_AMB_0432,AMBIGUOUS,A2,ADAS,B1_Keyword,LOW,0.0,1.0,1.0,1.0,0.0,1.0,1.0,1.0,0.413
V3_AMB_0432,AMBIGUOUS,A2,ADAS,B2_Raw_Embedding,LOW,0.0,0.0,0.0,0.0,1.0,0.0,0.8824,1.0,0.554
V3_AMB_0432,AMBIGUOUS,A2,ADAS,B3_Graph_Only,LOW,0.0,1.0,1.0,1.0,0.0,1.0,1.0,1.0,0.002
V3_AMB_0432,AMBIGUOUS,A2,ADAS,B4_Contextual_Embedding,LOW,0.0,0.0,0.0,0.0,1.0,0.0,0.8824,1.0,0.739
V3_AMB_0432,AMBIGUOUS,A2,ADAS,B5_AURA_Hybrid,LOW,0.0,1.0,1.0,1.0,0.0,1.0,0.8824,1.0,0.774
V3_AMB_0433,AMBIGUOUS,A3,ADAS,B0_Full_Suite,LOW,0.0,0.0,0.0,0.0,1.0,0.0,0.0,1.0,0.1
V3_AMB_0433,AMBIGUOUS,A3,ADAS,B1_Keyword,LOW,0.0,1.0,1.0,1.0,0.0,1.0,1.0,1.0,0.361
V3_AMB_0433,AMBIGUOUS,A3,ADAS,B2_Raw_Embedding,LOW,0.0,0.0,0.0,0.0,1.0,0.0,0.8824,1.0,0.546
V3_AMB_0433,AMBIGUOUS,A3,ADAS,B3_Graph_Only,LOW,0.0,1.0,1.0,1.0,0.0,1.0,1.0,1.0,0.002
V3_AMB_0433,AMBIGUOUS,A3,ADAS,B4_Contextual_Embedding,LOW,0.0,0.0,0.0,0.0,1.0,0.0,0.8824,1.0,0.714
V3_AMB_0433,AMBIGUOUS,A3,ADAS,B5_AURA_Hybrid,LOW,0.0,1.0,1.0,1.0,0.0,1.0,0.8824,1.0,0.752
V3_AMB_0434,AMBIGUOUS,A4,ADAS,B0_Full_Suite,LOW,0.0,0.0,0.0,0.0,1.0,0.0,0.0,1.0,0.1
V3_AMB_0434,AMBIGUOUS,A4,ADAS,B1_Keyword,LOW,0.0,0.0,0.0,0.0,1.0,0.0,0.3176,1.0,0.448
V3_AMB_0434,AMBIGUOUS,A4,ADAS,B2_Raw_Embedding,LOW,0.0,0.0,0.0,0.0,1.0,0.0,0.8824,1.0,0.535
V3_AMB_0434,AMBIGUOUS,A4,ADAS,B3_Graph_Only,LOW,0.0,1.0,1.0,1.0,0.0,1.0,1.0,1.0,0.002
V3_AMB_0434,AMBIGUOUS,A4,ADAS,B4_Contextual_Embedding,LOW,0.0,0.0,0.0,0.0,1.0,0.0,0.8824,1.0,0.749
V3_AMB_0434,AMBIGUOUS,A4,ADAS,B5_AURA_Hybrid,LOW,0.0,1.0,1.0,1.0,0.0,1.0,0.8824,1.0,0.785
V3_AMB_0435,AMBIGUOUS,A5,ADAS,B0_Full_Suite,LOW,0.0,0.0,0.0,0.0,1.0,0.0,0.0,1.0,0.1
V3_AMB_0435,AMBIGUOUS,A5,ADAS,B1_Keyword,LOW,0.0,1.0,1.0,1.0,0.0,1.0,1.0,1.0,0.368
V3_AMB_0435,AMBIGUOUS,A5,ADAS,B2_Raw_Embedding,LOW,0.0,0.0,0.0,0.0,1.0,0.0,0.8941,1.0,0.852
V3_AMB_0435,AMBIGUOUS,A5,ADAS,B3_Graph_Only,LOW,0.0,1.0,1.0,1.0,0.0,1.0,1.0,1.0,0.002
V3_AMB_0435,AMBIGUOUS,A5,ADAS,B4_Contextual_Embedding,LOW,0.0,0.0,0.0,0.0,1.0,0.0,0.8824,1.0,0.843
V3_AMB_0435,AMBIGUOUS,A5,ADAS,B5_AURA_Hybrid,LOW,0.0,1.0,1.0,1.0,0.0,1.0,0.8824,1.0,0.796
V3_AMB_0436,AMBIGUOUS,A1,POWERTRAIN,B0_Full_Suite,LOW,0.0,0.0,0.0,0.0,1.0,0.0,0.0,1.0,0.1
V3_AMB_0436,AMBIGUOUS,A1,POWERTRAIN,B1_Keyword,LOW,0.0,0.0,0.0,0.0,1.0,0.0,0.9875,1.0,0.394
V3_AMB_0436,AMBIGUOUS,A1,POWERTRAIN,B2_Raw_Embedding,LOW,0.0,0.0,0.0,0.0,1.0,0.0,0.9,1.0,0.541
V3_AMB_0436,AMBIGUOUS,A1,POWERTRAIN,B3_Graph_Only,LOW,0.0,1.0,1.0,1.0,0.0,1.0,1.0,1.0,0.002
V3_AMB_0436,AMBIGUOUS,A1,POWERTRAIN,B4_Contextual_Embedding,LOW,0.0,0.0,0.0,0.0,1.0,0.0,0.875,1.0,0.673
V3_AMB_0436,AMBIGUOUS,A1,POWERTRAIN,B5_AURA_Hybrid,LOW,0.0,1.0,1.0,1.0,0.0,1.0,0.875,1.0,0.712
V3_AMB_0437,AMBIGUOUS,A2,POWERTRAIN,B0_Full_Suite,LOW,0.0,0.0,0.0,0.0,1.0,0.0,0.0,1.0,0.1
V3_AMB_0437,AMBIGUOUS,A2,POWERTRAIN,B1_Keyword,LOW,0.0,0.0,0.0,0.0,1.0,0.0,0.9,1.0,0.342
V3_AMB_0437,AMBIGUOUS,A2,POWERTRAIN,B2_Raw_Embedding,LOW,0.0,0.0,0.0,0.0,1.0,0.0,0.875,1.0,0.447
V3_AMB_0437,AMBIGUOUS,A2,POWERTRAIN,B3_Graph_Only,LOW,0.0,1.0,1.0,1.0,0.0,1.0,1.0,1.0,0.002
V3_AMB_0437,AMBIGUOUS,A2,POWERTRAIN,B4_Contextual_Embedding,LOW,0.0,0.0,0.0,0.0,1.0,0.0,0.875,1.0,0.761
V3_AMB_0437,AMBIGUOUS,A2,POWERTRAIN,B5_AURA_Hybrid,LOW,0.0,1.0,1.0,1.0,0.0,1.0,0.875,1.0,0.687
V3_AMB_0438,AMBIGUOUS,A3,POWERTRAIN,B0_Full_Suite,LOW,0.0,0.0,0.0,0.0,1.0,0.0,0.0,1.0,0.1
V3_AMB_0438,AMBIGUOUS,A3,POWERTRAIN,B1_Keyword,LOW,0.0,0.0,0.0,0.0,1.0,0.0,0.9875,1.0,0.35
V3_AMB_0438,AMBIGUOUS,A3,POWERTRAIN,B2_Raw_Embedding,LOW,0.0,0.0,0.0,0.0,1.0,0.0,0.875,1.0,0.612
V3_AMB_0438,AMBIGUOUS,A3,POWERTRAIN,B3_Graph_Only,LOW,0.0,1.0,1.0,1.0,0.0,1.0,1.0,1.0,0.002
V3_AMB_0438,AMBIGUOUS,A3,POWERTRAIN,B4_Contextual_Embedding,LOW,0.0,0.0,0.0,0.0,1.0,0.0,0.9125,1.0,0.747
V3_AMB_0438,AMBIGUOUS,A3,POWERTRAIN,B5_AURA_Hybrid,LOW,0.0,1.0,1.0,1.0,0.0,1.0,0.9125,1.0,0.614
V3_AMB_0439,AMBIGUOUS,A4,POWERTRAIN,B0_Full_Suite,LOW,0.0,0.0,0.0,0.0,1.0,0.0,0.0,1.0,0.1
V3_AMB_0439,AMBIGUOUS,A4,POWERTRAIN,B1_Keyword,LOW,0.0,0.0,0.0,0.0,1.0,0.0,0.9875,1.0,0.322
V3_AMB_0439,AMBIGUOUS,A4,POWERTRAIN,B2_Raw_Embedding,LOW,0.0,0.0,0.0,0.0,1.0,0.0,0.875,1.0,0.413
V3_AMB_0439,AMBIGUOUS,A4,POWERTRAIN,B3_Graph_Only,LOW,0.0,1.0,1.0,1.0,0.0,1.0,1.0,1.0,0.002
V3_AMB_0439,AMBIGUOUS,A4,POWERTRAIN,B4_Contextual_Embedding,LOW,0.0,0.0,0.0,0.0,1.0,0.0,0.875,1.0,0.551
V3_AMB_0439,AMBIGUOUS,A4,POWERTRAIN,B5_AURA_Hybrid,LOW,0.0,1.0,1.0,1.0,0.0,1.0,0.875,1.0,0.604
V3_AMB_0440,AMBIGUOUS,A5,POWERTRAIN,B0_Full_Suite,LOW,0.0,0.0,0.0,0.0,1.0,0.0,0.0,1.0,0.1
V3_AMB_0440,AMBIGUOUS,A5,POWERTRAIN,B1_Keyword,LOW,0.0,0.0,0.0,0.0,1.0,0.0,0.9875,1.0,0.326
V3_AMB_0440,AMBIGUOUS,A5,POWERTRAIN,B2_Raw_Embedding,LOW,0.0,0.0,0.0,0.0,1.0,0.0,0.875,1.0,0.427
V3_AMB_0440,AMBIGUOUS,A5,POWERTRAIN,B3_Graph_Only,LOW,0.0,1.0,1.0,1.0,0.0,1.0,1.0,1.0,0.002
V3_AMB_0440,AMBIGUOUS,A5,POWERTRAIN,B4_Contextual_Embedding,LOW,0.0,0.0,0.0,0.0,1.0,0.0,0.875,1.0,0.557
V3_AMB_0440,AMBIGUOUS,A5,POWERTRAIN,B5_AURA_Hybrid,LOW,0.0,1.0,1.0,1.0,0.0,1.0,0.875,1.0,0.628
V3_AMB_0441,AMBIGUOUS,A1,BATTERY_EV,B0_Full_Suite,LOW,0.0,0.0,0.0,0.0,1.0,0.0,0.0,1.0,0.1
V3_AMB_0441,AMBIGUOUS,A1,BATTERY_EV,B1_Keyword,LOW,0.0,0.0,0.0,0.0,1.0,0.0,0.9875,1.0,0.392
V3_AMB_0441,AMBIGUOUS,A1,BATTERY_EV,B2_Raw_Embedding,LOW,0.0,0.0,0.0,0.0,1.0,0.0,0.875,1.0,0.555
V3_AMB_0441,AMBIGUOUS,A1,BATTERY_EV,B3_Graph_Only,LOW,0.0,1.0,1.0,1.0,0.0,1.0,1.0,1.0,0.002
V3_AMB_0441,AMBIGUOUS,A1,BATTERY_EV,B4_Contextual_Embedding,LOW,0.0,0.0,0.0,0.0,1.0,0.0,0.875,1.0,0.658
V3_AMB_0441,AMBIGUOUS,A1,BATTERY_EV,B5_AURA_Hybrid,LOW,0.0,1.0,1.0,1.0,0.0,1.0,0.875,1.0,0.723
V3_AMB_0442,AMBIGUOUS,A2,BATTERY_EV,B0_Full_Suite,LOW,0.0,0.0,0.0,0.0,1.0,0.0,0.0,1.0,0.1
V3_AMB_0442,AMBIGUOUS,A2,BATTERY_EV,B1_Keyword,LOW,0.0,0.0,0.0,0.0,1.0,0.0,0.9875,1.0,0.412
V3_AMB_0442,AMBIGUOUS,A2,BATTERY_EV,B2_Raw_Embedding,LOW,0.0,0.0,0.0,0.0,1.0,0.0,0.8875,1.0,0.487
V3_AMB_0442,AMBIGUOUS,A2,BATTERY_EV,B3_Graph_Only,LOW,0.0,1.0,1.0,1.0,0.0,1.0,1.0,1.0,0.002
V3_AMB_0442,AMBIGUOUS,A2,BATTERY_EV,B4_Contextual_Embedding,LOW,0.0,0.0,0.0,0.0,1.0,0.0,0.875,1.0,0.672
V3_AMB_0442,AMBIGUOUS,A2,BATTERY_EV,B5_AURA_Hybrid,LOW,0.0,1.0,1.0,1.0,0.0,1.0,0.875,1.0,0.721
V3_AMB_0443,AMBIGUOUS,A3,BATTERY_EV,B0_Full_Suite,LOW,0.0,0.0,0.0,0.0,1.0,0.0,0.0,1.0,0.1
V3_AMB_0443,AMBIGUOUS,A3,BATTERY_EV,B1_Keyword,LOW,0.0,0.0,0.0,0.0,1.0,0.0,0.9875,1.0,0.372
V3_AMB_0443,AMBIGUOUS,A3,BATTERY_EV,B2_Raw_Embedding,LOW,0.0,0.0,0.0,0.0,1.0,0.0,0.875,1.0,0.507
V3_AMB_0443,AMBIGUOUS,A3,BATTERY_EV,B3_Graph_Only,LOW,0.0,1.0,1.0,1.0,0.0,1.0,1.0,1.0,0.002
V3_AMB_0443,AMBIGUOUS,A3,BATTERY_EV,B4_Contextual_Embedding,LOW,0.0,0.0,0.0,0.0,1.0,0.0,0.875,1.0,0.658
V3_AMB_0443,AMBIGUOUS,A3,BATTERY_EV,B5_AURA_Hybrid,LOW,0.0,1.0,1.0,1.0,0.0,1.0,0.875,1.0,0.708
V3_AMB_0444,AMBIGUOUS,A4,BATTERY_EV,B0_Full_Suite,LOW,0.0,0.0,0.0,0.0,1.0,0.0,0.0,1.0,0.1
V3_AMB_0444,AMBIGUOUS,A4,BATTERY_EV,B1_Keyword,LOW,0.0,0.0,0.0,0.0,1.0,0.0,0.9875,1.0,0.383
V3_AMB_0444,AMBIGUOUS,A4,BATTERY_EV,B2_Raw_Embedding,LOW,0.0,0.0,0.0,0.0,1.0,0.0,0.875,1.0,0.51
V3_AMB_0444,AMBIGUOUS,A4,BATTERY_EV,B3_Graph_Only,LOW,0.0,1.0,1.0,1.0,0.0,1.0,1.0,1.0,0.002
V3_AMB_0444,AMBIGUOUS,A4,BATTERY_EV,B4_Contextual_Embedding,LOW,0.0,0.0,0.0,0.0,1.0,0.0,0.875,1.0,0.729
V3_AMB_0444,AMBIGUOUS,A4,BATTERY_EV,B5_AURA_Hybrid,LOW,0.0,1.0,1.0,1.0,0.0,1.0,0.875,1.0,1.007
V3_AMB_0445,AMBIGUOUS,A5,BATTERY_EV,B0_Full_Suite,LOW,0.0,0.0,0.0,0.0,1.0,0.0,0.0,1.0,0.1
V3_AMB_0445,AMBIGUOUS,A5,BATTERY_EV,B1_Keyword,LOW,0.0,0.0,0.0,0.0,1.0,0.0,0.9875,1.0,0.375
V3_AMB_0445,AMBIGUOUS,A5,BATTERY_EV,B2_Raw_Embedding,LOW,0.0,0.0,0.0,0.0,1.0,0.0,0.875,1.0,0.557
V3_AMB_0445,AMBIGUOUS,A5,BATTERY_EV,B3_Graph_Only,LOW,0.0,1.0,1.0,1.0,0.0,1.0,1.0,1.0,0.002
V3_AMB_0445,AMBIGUOUS,A5,BATTERY_EV,B4_Contextual_Embedding,LOW,0.0,0.0,0.0,0.0,1.0,0.0,0.875,1.0,0.705
V3_AMB_0445,AMBIGUOUS,A5,BATTERY_EV,B5_AURA_Hybrid,LOW,0.0,1.0,1.0,1.0,0.0,1.0,0.875,1.0,0.753
V3_AMB_0446,AMBIGUOUS,A1,BODY_ELECTRONICS,B0_Full_Suite,LOW,0.0,0.0,0.0,0.0,1.0,0.0,0.0,1.0,0.1
V3_AMB_0446,AMBIGUOUS,A1,BODY_ELECTRONICS,B1_Keyword,LOW,0.0,0.0,0.0,0.0,1.0,0.0,0.8333,1.0,0.353
V3_AMB_0446,AMBIGUOUS,A1,BODY_ELECTRONICS,B2_Raw_Embedding,LOW,0.0,0.0,0.0,0.0,1.0,0.0,0.7917,1.0,0.439
V3_AMB_0446,AMBIGUOUS,A1,BODY_ELECTRONICS,B3_Graph_Only,LOW,0.0,1.0,1.0,1.0,0.0,1.0,1.0,1.0,0.002
V3_AMB_0446,AMBIGUOUS,A1,BODY_ELECTRONICS,B4_Contextual_Embedding,LOW,0.0,0.0,0.0,0.0,1.0,0.0,0.7917,1.0,0.592
V3_AMB_0446,AMBIGUOUS,A1,BODY_ELECTRONICS,B5_AURA_Hybrid,LOW,0.0,1.0,1.0,1.0,0.0,1.0,0.7917,1.0,0.69
V3_AMB_0447,AMBIGUOUS,A2,BODY_ELECTRONICS,B0_Full_Suite,LOW,0.0,0.0,0.0,0.0,1.0,0.0,0.0,1.0,0.1
V3_AMB_0447,AMBIGUOUS,A2,BODY_ELECTRONICS,B1_Keyword,LOW,0.0,0.0,0.0,0.0,1.0,0.0,0.8333,1.0,0.35
V3_AMB_0447,AMBIGUOUS,A2,BODY_ELECTRONICS,B2_Raw_Embedding,LOW,0.0,0.0,0.0,0.0,1.0,0.0,0.7917,1.0,0.402
V3_AMB_0447,AMBIGUOUS,A2,BODY_ELECTRONICS,B3_Graph_Only,LOW,0.0,1.0,1.0,1.0,0.0,1.0,1.0,1.0,0.002
V3_AMB_0447,AMBIGUOUS,A2,BODY_ELECTRONICS,B4_Contextual_Embedding,LOW,0.0,0.0,0.0,0.0,1.0,0.0,0.8333,1.0,0.582
V3_AMB_0447,AMBIGUOUS,A2,BODY_ELECTRONICS,B5_AURA_Hybrid,LOW,0.0,1.0,1.0,1.0,0.0,1.0,0.8333,1.0,0.606
V3_AMB_0448,AMBIGUOUS,A3,BODY_ELECTRONICS,B0_Full_Suite,LOW,0.0,0.0,0.0,0.0,1.0,0.0,0.0,1.0,0.1
V3_AMB_0448,AMBIGUOUS,A3,BODY_ELECTRONICS,B1_Keyword,LOW,0.0,0.0,0.0,0.0,1.0,0.0,0.6667,1.0,0.345
V3_AMB_0448,AMBIGUOUS,A3,BODY_ELECTRONICS,B2_Raw_Embedding,LOW,0.0,0.0,0.0,0.0,1.0,0.0,0.7917,1.0,0.408
V3_AMB_0448,AMBIGUOUS,A3,BODY_ELECTRONICS,B3_Graph_Only,LOW,0.0,1.0,1.0,1.0,0.0,1.0,1.0,1.0,0.002
V3_AMB_0448,AMBIGUOUS,A3,BODY_ELECTRONICS,B4_Contextual_Embedding,LOW,0.0,0.0,0.0,0.0,1.0,0.0,0.7917,1.0,0.56
V3_AMB_0448,AMBIGUOUS,A3,BODY_ELECTRONICS,B5_AURA_Hybrid,LOW,0.0,1.0,1.0,1.0,0.0,1.0,0.7917,1.0,0.596
V3_AMB_0449,AMBIGUOUS,A4,BODY_ELECTRONICS,B0_Full_Suite,LOW,0.0,0.0,0.0,0.0,1.0,0.0,0.0,1.0,0.1
V3_AMB_0449,AMBIGUOUS,A4,BODY_ELECTRONICS,B1_Keyword,LOW,0.0,1.0,1.0,1.0,0.0,1.0,1.0,1.0,0.339
V3_AMB_0449,AMBIGUOUS,A4,BODY_ELECTRONICS,B2_Raw_Embedding,LOW,0.0,0.0,0.0,0.0,1.0,0.0,0.7917,1.0,0.391
V3_AMB_0449,AMBIGUOUS,A4,BODY_ELECTRONICS,B3_Graph_Only,LOW,0.0,1.0,1.0,1.0,0.0,1.0,1.0,1.0,0.002
V3_AMB_0449,AMBIGUOUS,A4,BODY_ELECTRONICS,B4_Contextual_Embedding,LOW,0.0,0.0,0.0,0.0,1.0,0.0,0.8333,1.0,0.539
V3_AMB_0449,AMBIGUOUS,A4,BODY_ELECTRONICS,B5_AURA_Hybrid,LOW,0.0,1.0,1.0,1.0,0.0,1.0,0.8333,1.0,0.586
V3_AMB_0450,AMBIGUOUS,A5,BODY_ELECTRONICS,B0_Full_Suite,LOW,0.0,0.0,0.0,0.0,1.0,0.0,0.0,1.0,0.1
V3_AMB_0450,AMBIGUOUS,A5,BODY_ELECTRONICS,B1_Keyword,LOW,0.0,1.0,1.0,1.0,0.0,1.0,1.0,1.0,0.352
V3_AMB_0450,AMBIGUOUS,A5,BODY_ELECTRONICS,B2_Raw_Embedding,LOW,0.0,0.0,0.0,0.0,1.0,0.0,0.7917,1.0,0.398
V3_AMB_0450,AMBIGUOUS,A5,BODY_ELECTRONICS,B3_Graph_Only,LOW,0.0,1.0,1.0,1.0,0.0,1.0,1.0,1.0,0.002
V3_AMB_0450,AMBIGUOUS,A5,BODY_ELECTRONICS,B4_Contextual_Embedding,LOW,0.0,0.0,0.0,0.0,1.0,0.0,0.7917,1.0,0.547
V3_AMB_0450,AMBIGUOUS,A5,BODY_ELECTRONICS,B5_AURA_Hybrid,LOW,0.0,1.0,1.0,1.0,0.0,1.0,0.7917,1.0,0.633
